sentence_id,concept_id,lang_code,lang_name,sentence,romanization,pinyin,transliteration,level
1,1,en,English,I woke up early this morning,,,,,A
2,1,es,Spanish,Me desperté temprano esta mañana,,,,,A
3,1,fr,French,Je me suis réveillé tôt ce matin,,,,,A
4,1,pt,Portuguese,Acordei cedo esta manhã,,,,,A
5,1,de,German,Ich bin heute früh aufgewacht,,,,,A
6,1,it,Italian,Mi sono svegliato presto questa mattina,,,,,A
7,1,ru,Russian,Я проснулся рано сегодня утром,,,,,A
8,1,ar,Arabic,استيقظت مبكراً هذا الصباح,Istayaqaztu mubakkiran hadha as-sabah,,,,A
9,1,hi,Hindi,मैं आज सुबह जल्दी उठा,Main aaj subah jaldi utha,,,,A
10,1,bn,Bengali,আমি আজ সকালে তাড়াতাড়ি উঠেছি,Ami aj sokale taratari uthechi,,,,A
11,1,ur,Urdu,میں آج صبح جلدی اٹھا,Main aaj subah jaldi utha,,,,A
12,1,fa,Persian,امروز صبح زود از خواب بیدار شدم,Emruz sobh zud az khâb bidâr shodam,,,,A
13,1,tr,Turkish,Bu sabah erken uyandım,,,,,A
14,1,ja,Japanese,今朝は早く起きました,Kesa wa hayaki okimashita,,,,A
15,1,ko,Korean,오늘 아침 일찍 일어났어요,Oneul achim iljjik ireonasseoyo,,,,A
16,1,zh-cn,Mandarin (Simplified),我今天早上醒得早,,wǒ jīntiān zǎoshang xǐng dé zǎo,,A
17,1,zh-tw,Mandarin (Traditional),我今天早上醒得早,,wǒ jīntiān zǎoshang xǐng dé zǎo,,A
18,1,vi,Vietnamese,Tôi thức dậy sớm sáng nay,,,,,A
19,1,th,Thai,ฉันตื่นเช้าวันนี้,Chăn dtèun cháo wan ní,,,,A
20,1,id,Indonesian,Saya bangun pagi-pagi sekali hari ini,,,,,A
21,1,sw,Swahili,Niliamka mapema asubuhi hii,,,,,A
22,1,nl,Dutch,Ik ben vroeg wakker geworden vanmorgen,,,,,A
23,1,pl,Polish,Obudziłem się wcześnie dziś rano,,,,,A
24,1,uk,Ukrainian,Я прокинувся рано сьогодні вранці,,,,,A
25,1,el,Greek,Ξύπνησα νωρίς σήμερα το πρωί,Xypnisa noris simera to proi,,,,A
26,1,sv,Swedish,Jag vaknade tidigt i morse,,,,,A
27,1,no,Norwegian,Jeg våknet tidlig i morges,,,,,A
28,1,da,Danish,Jeg vågnede tidligt her til morgen,,,,,A
29,1,fi,Finnish,Heräsin aikaisin tänä aamuna,,,,,A
30,1,cs,Czech,Vzbudil jsem se dnes brzy ráno,,,,,A
31,1,hu,Hungarian,Korán keltem fel ma reggel,,,,,A
32,1,ro,Romanian,M-am trezit devreme în această dimineață,,,,,A
33,1,bg,Bulgarian,Събудих се рано тази сутрин,Sabudih se rano tazi sutrin,,,,A
34,1,sr,Serbian,Пробудио сам се рано јутрос,Probudio sam se rano jutros,,,,A
35,1,sk,Slovak,Zobudil som sa dnes skoro ráno,,,,,A
36,1,sl,Slovenian,Zbudil sem se zgodaj zjutraj,,,,,A
37,1,lt,Lithuanian,Atsikėliau anksti šį rytą,,,,,A
38,1,lv,Latvian,Es šorīt agri pamodos,,,,,A
39,1,et,Estonian,Ärkasin täna hommikul vara,,,,,A
40,1,he,Hebrew,התעוררתי מוקדם הבוקר,Hitorarti mukdam haboker,,,,A
41,1,ha,Hausa,Na farka da safe yau,,,,,A
42,1,yo,Yoruba,Mo ji ni kutukutu l'owuro yi,,,,,A
43,1,ig,Igbo,Etetara m n'isi ụtụtụ taa,,,,,A
44,1,am,Amharic,በዚህ ጠዋት ቀና ተነሳሁት,Bezih tewat qena tenesahut,,,,A
45,1,ti,Tigrinya,ሎሚ ንግሆ ኣጋኒኹ,Lomi nighe'o aganihu,,,,A
46,1,ne,Nepali,म आज बिहान चाँडै उठें,Ma aaj bihān chā̃ḍai uṭhẽ,,,,A
47,1,ta,Tamil,நான் இன்று காலை முன்பே எழுந்தேன்,Nāṉ iṉṟu kālai muṉpē eḻuntēṉ,,,,A
48,1,te,Telugu,నేను ఈ ఉదయం తొందరగా నిద్రలేవడం,Nēnu ī udayaṁ tondaragā nidralēvaḍaṁ,,,,A
49,1,ml,Malayalam,ഞാൻ ഇന്ന് രാവിലെ നേരത്തെ ഉണർന്നു,Ñān innu rāvile nēratte uṇarnnu,,,,A
50,1,mr,Marathi,मी आज सकाळी लवकर उठलो,Mī āja sakāḷī lavakar uṭhalo,,,,A
51,1,pa,Punjabi,ਮੈਂ ਅੱਜ ਸਵੇਰੇ ਜਲਦੀ ਉੱਠਿਆ,Main ajj savere jaldi utthia,,,,A
52,1,gu,Gujarati,હું આજે સવારે વહેલો ઊઠ્યો,Hun aaje savare vahelo uthyo,,,,A
53,1,si,Sinhala,මම අද උදේ නම් මළුවට පැමිණියෙමි,Mama ada ude nam maluwata pæminiye,,,,A
54,1,km,Khmer,ខ្ញុំបានភ្ញាក់ព្រឹកឆាប់ព្រលឹមនេះ,Khnhom ban phngak preuk chhap prelum nih,,,,A
55,1,is,Icelandic,Ég vaknaði snemma í morgun,,,,,A
56,1,tl,Tagalog / Filipino,Gumising ako ng maaga kaninang umaga,,,,,A
57,1,ms,Malay,Saya bangun awal pagi ini,,,,,A
58,1,jv,Javanese,Aku tangi esuk iki esuk,,,,,A
59,1,kk,Kazakh,Мен бүгін таңертең ерте төртім,Men bügin tañerteñ erte törtim,,,,A
60,1,uz,Uzbek,Bugun ertalab erta uyg'ondim,,,,,A
61,1,mn,Mongolian,Би өнөө өглөө эрт сэрлээ,Bi önöö öglöö ert serlee,,,,A
62,1,ka,Georgian,დილით ადრე გამეღვიძა,Dilit adre gameghviza,,,,A
63,1,hy,Armenian,Այսօր վաղ առավոտյան արթնացա,Aysor vagh aravotyan artnatsa,,,,A
64,1,eu,Basque,Goizean goiz esnatu nintzen,,,,,A
65,1,ca,Catalan,Em vaig despertar d'hora aquest matí,,,,,A
66,1,gl,Galician,Espertei cedo esta mañá,,,,,A
67,1,ga,Irish (Gaeilge),Dhúisigh mé go luath ar maidin,,,,,A
68,1,cy,Welsh,Deffrois i'n gynnar bore 'ma,,,,,A
69,1,gd,Scottish Gaelic,Dhùisg mi tràth sa mhadainn,,,,,A
70,1,lb,Luxembourgish,Ech si vu moies fréi opgestanen,,,,,A
71,1,eo,Esperanto,Mi vekiĝis frue ĉimatene,,,,,A
72,1,la,Latin,Hodie mane mature evigilavi,,,,,A
73,2,en,English,Can you pass me the salt, please?,,,,,A
74,2,es,Spanish,¿Me pasas la sal, por favor?,,,,,A
75,2,fr,French,Pouvez-vous me passer le sel, s'il vous plaît?,,,,,A
76,2,pt,Portuguese,Você pode me passar o sal, por favor?,,,,,A
77,2,de,German,Können Sie mir bitte das Salz reichen?,,,,,A
78,2,it,Italian,Potresti passarmi il sale, per favore?,,,,,A
79,2,ru,Russian,Можете передать мне соль, пожалуйста?,,,,,A
80,2,ar,Arabic,هل يمكنك أن تمرر لي الملح من فضلك؟,Hal yumkinuka an tumarrir li al-milh min fadlik?,,,,A
81,2,hi,Hindi,क्या आप मुझे नमक दे सकते हैं, कृपया?,Kya aap mujhe namak de sakte hain, kripaya?,,,,A
82,2,bn,Bengali,আপনি কি আমাকে নমকটা দিতে পারেন, দয়া করে?,Apni ki amake nombokta dite paren, doya kore?,,,,A
83,2,ur,Urdu,کیا آپ مجھے نمک دے سکتے ہیں، برائے مہربانی؟,Kya aap mujhe namak de sakte hain, baraaye meharbani?,,,,A
84,2,fa,Persian,میشه نمک رو بهم بدی، لطفاً؟,Mishe namak ro behem bedi, lotfan?,,,,A
85,2,tr,Turkish,Bana tuzu uzatır mısınız, lütfen?,,,,,A
86,2,ja,Japanese,塩を取っていただけますか？,Shio o totte itadakemasu ka?,,,,A
87,2,ko,Korean,소금 좀 건네주실 수 있나요?,Sogeum jom geonnejusil su innayo?,,,,A
88,2,zh-cn,Mandarin (Simplified),你能把盐递给我吗？,,nǐ néng bǎ yán dì gěi wǒ ma?,,A
89,2,zh-tw,Mandarin (Traditional),你能把鹽遞給我嗎？,,nǐ néng bǎ yán dì gěi wǒ ma?,,A
90,2,vi,Vietnamese,Bạn có thể đưa cho tôi muối được không?,,,,,A
91,2,th,Thai,ช่วยส่งเกลือให้ฉันหน่อยได้ไหม?,Chûay s̄ng kelūx h̄ı̂ c̄hạn h̄nxy dı̂ h̄ịm?,,,,A
92,2,id,Indonesian,Bisakah kamu memberikan garam kepadaku?,,,,,A
93,2,sw,Swahili,Unaweza kunipitisha chumvi, tafadhali?,,,,,A
94,2,nl,Dutch,Kun je me het zout aangeven, alsjeblieft?,,,,,A
95,2,pl,Polish,Czy możesz podać mi sól, proszę?,,,,,A
96,2,uk,Ukrainian,Чи можете ви передати мені сіль, будь ласка?,,,,,A
97,2,el,Greek,Μπορείς να μου δώσεις το αλάτι, παρακαλώ;,Boreis na mou doseis to alati, parakalo?,,,,A
98,2,sv,Swedish,Kan du skicka saltet till mig, tack?,,,,,A
99,2,no,Norwegian,Kan du sende meg saltet, vær så snill?,,,,,A
100,2,da,Danish,Kan du give mig saltet, tak?,,,,,A
101,2,fi,Finnish,Voitsko antaa minulle suolan, kiitos?,,,,,A
102,2,cs,Czech,Můžete mi podat sůl, prosím?,,,,,A
103,2,hu,Hungarian,Átadnád nekem a sót, kérlek?,,,,,A
104,2,ro,Romanian,Poți să-mi pasezi sarea, te rog?,,,,,A
105,2,bg,Bulgarian,Може ли да ми подадете солта, моля?,Mozhe li da mi podadete solta, molya?,,,,A
106,2,sr,Serbian,Можете ли да ми подате со, молим вас?,Mozhete li da mi podate so, molim vas?,,,,A
107,2,sk,Slovak,Môžete mi podať soľ, prosím?,,,,,A
108,2,sl,Slovenian,Mi lahko daste sol, prosim?,,,,,A
109,2,lt,Lithuanian,Ar galite mane paduoti druskos, prašau?,,,,,A
110,2,lv,Latvian,Vai jūs varat man pasniegt sāli, lūdzu?,,,,,A
111,2,et,Estonian,Kas saaksite mulle soola anda, palun?,,,,,A
112,2,he,Hebrew,אתה יכול להעביר לי את המלח, בבקשה?,Ata yachol leha'avir li et hamelach, bevakasha?,,,,A
113,2,ha,Hausa,Za ka iya ba ni gishiri, don Allah?,,,,,A
114,2,yo,Yoruba,Ṣe o le fun mi ni iyọ, jọwọ?,,,,,A
115,2,ig,Igbo,Ị nwere ike inye m nnu, biko?,,,,,A
116,2,am,Amharic,ጨው ልትሰጠኝ ትችላለህ, እባክህ?,Chew litseṭeny tichilaleh, ibakh?,,,,A
117,2,ti,Tigrinya,ክረምቲ ክትህበኒ ትኽእል ኢኻ፧,Kremti ktihbeni tikh'il ika?,,,,A
118,2,ne,Nepali,के तपाईं मलाई नुन दिन सक्नुहुन्छ, कृपया?,Ke tapāīṁ malā'ī nuna dina saknuhuncha, kr̥payā?,,,,A
119,2,ta,Tamil,தயவு செய்து உப்பை என்னிடம் தர முடியுமா?,Thayavu seythu uppai enniḍam thara muḍiyumā?,,,,A
120,2,te,Telugu,దయచేసి మీరు నాకు ఉప్పు ఇవ్వగలరా?,Dayachēsi mīru nāku uppu ivvagalarā?,,,,A
121,2,ml,Malayalam,ദയവായി എനിക്ക് ഉപ്പ് തരാമോ?,Dayavāyi enikku uppu tharāmō?,,,,A
122,2,mr,Marathi,कृपया मला मीठ देऊ शकता का?,Krupayā malā mīth deū śaktā kā?,,,,A
123,2,pa,Punjabi,ਕੀ ਤੁਸੀਂ ਮੈਨੂੰ ਨਮਕ ਦੇ ਸਕਦੇ ਹੋ, ਕ੍ਰਿਪਾ ਕਰਕੇ?,Kī tusīṁ mainū namaka dē sakadē hō, kripā karkē?,,,,A
124,2,gu,Gujarati,કૃપા કરીને શું તમે મને મીઠું આપી શકો છો?,Kr̥pā karīnē śuṁ tamē manē mīṭhuṁ āpī śakō chō?,,,,A
125,2,si,Sinhala,කරුණාකර ඔබට මට ලුණු දිය හැකිද?,Karuṇākara obaṭa maṭa luṇu diya hækida?,,,,A
126,2,km,Khmer,តើអ្នកអាចឲ្យអំបិលមកខ្ញុំបានទេ សូម?,Taè anak ach aoy ambel mok khnhom ban te som?,,,,A
127,2,is,Icelandic,Geturðu sent mér saltið, vinsamlegast?,,,,,A
128,2,tl,Tagalog / Filipino,Pwede mo bang ipasa sa akin ang asin, pakiusap?,,,,,A
129,2,ms,Malay,Boleh awak hantarkan garam kepada saya, tolong?,,,,,A
130,2,jv,Javanese,Apa sampeyan bisa nglakokake uyah marang aku, tulung?,,,,,A
131,2,kk,Kazakh,Тұзды маған бере аласыз ба, өтінемін?,Tuzdı mağan bere alasız ba, ötinemin?,,,,A
132,2,uz,Uzbek,Tuzni menga uzata olasizmi, iltimos?,,,,,A
133,2,mn,Mongolian,Та надад давсыг өгч болох уу, гуйя?,Ta nadad davsyg ögch bolokh uu, guiya?,,,,A
134,2,ka,Georgian,შეგიძლიათ მომაწოდოთ მარილი, გთხოვთ?,Shegidzliat momats'odot marili, gtkhovt?,,,,A
135,2,hy,Armenian,Կարո՞ղ եք աղը ինձ տալ, խնդրեմ?,Karoğh eq aghy indz tal, khndrem?,,,,A
136,2,eu,Basque,Gatza eman diezadakezu, mesedez?,,,,,A
137,2,ca,Catalan,Pots passar-me la sal, si us plau?,,,,,A
138,2,gl,Galician,Podes pasarme o sal, por favor?,,,,,A
139,2,ga,Irish (Gaeilge),An bhféadfá an salann a thabhairt dom, le do thoil?,,,,,A
140,2,cy,Welsh,Allwch chi basio'r halen i mi, os gwelwch yn dda?,,,,,A
141,2,gd,Scottish Gaelic,An toir thu an salann thugam, mas e do thoil e?,,,,,A
142,2,lb,Luxembourgish,Kënnt Dir mir d'Salz ginn, wann ech glift?,,,,,A
143,2,eo,Esperanto,Ĉu vi povas al mi transdoni la salon, bonvolu?,,,,,A
144,2,la,Latin,Potesne mihi salem tradere, quaeso?,,,,,A
145,3,en,English,She has been working on that project for weeks now,,,,,B
146,3,es,Spanish,Ella ha estado trabajando en ese proyecto durante semanas,,,,,B
147,3,fr,French,Elle travaille sur ce projet depuis des semaines,,,,,B
148,3,pt,Portuguese,Ela tem trabalhado nesse projeto há semanas,,,,,B
149,3,de,German,Sie arbeitet schon seit Wochen an diesem Projekt,,,,,B
150,3,it,Italian,Lei sta lavorando a quel progetto da settimane,,,,,B
151,3,ru,Russian,Она работает над этим проектом уже несколько недель,,,,,B
152,3,ar,Arabic,إنها تعمل على هذا المشروع منذ أسابيع,Innaha ta'mal 'ala hadha al-mashru' mundhu asabi',,,,B
153,3,hi,Hindi,वह उस प्रोजेक्ट पर हफ्तों से काम कर रही है,Vah us project par hafton se kaam kar rahi hai,,,,B
154,3,bn,Bengali,সে সেই প্রকল্পে সপ্তাহ ধরে কাজ করছে,Se sei prokolpe shaptaho dhore kaj korche,,,,B
155,3,ur,Urdu,وہ اس پروجیکٹ پر ہفتوں سے کام کر رہی ہے,Woh is project par hafton se kaam kar rahi hai,,,,B
156,3,fa,Persian,او هفته‌هاست که روی آن پروژه کار می‌کند,Ou hafte-hast ke rooye ân projeh kâr mikonad,,,,B
157,3,tr,Turkish,O, o proje üzerinde haftalardır çalışıyor,,,,,B
158,3,ja,Japanese,彼女はそのプロジェクトに何週間も取り組んでいます,Kanojo wa sono purojekuto ni nanshūkan mo torikunde imasu,,,,B
159,3,ko,Korean,그녀는 그 프로젝트를 몇 주 동안 작업해 왔어요,Geunyeoneun geu peurojekteureul myeot ju dong-an jageopae wasseoyo,,,,B
160,3,zh-cn,Mandarin (Simplified),她已经在这个项目上工作了好几周了,,tā yǐjīng zài zhège xiàngmù shàng gōngzuò le hǎo jǐ zhōu le,,B
161,3,zh-tw,Mandarin (Traditional),她已經在這個項目上工作了好幾週了,,tā yǐjīng zài zhège xiàngmù shàng gōngzuò le hǎo jǐ zhōu le,,B
162,3,vi,Vietnamese,Cô ấy đã làm việc trên dự án đó nhiều tuần nay,,,,,B
163,3,th,Thai,เธอทำงานในโครงการนั้นมาเป็นสัปดาห์แล้ว,Thoe thảngngān nı khorngkār nận mā pĕn s̄p̣h̒dāh̒ læ̂w,,,,B
164,3,id,Indonesian,Dia telah mengerjakan proyek itu selama berminggu-minggu,,,,,B
165,3,sw,Swahili,Amekuwa akifanya kazi kwenye mradi huo kwa majuma sasa,,,,,B
166,3,nl,Dutch,Zij werkt al weken aan dat project,,,,,B
167,3,pl,Polish,Ona pracuje nad tym projektem od tygodni,,,,,B
168,3,uk,Ukrainian,Вона працює над цим проектом вже кілька тижнів,,,,,B
169,3,el,Greek,Δουλεύει σε αυτό το έργο εδώ και εβδομάδες,Doulevei se afto to ergo edo kai evdomades,,,,B
170,3,sv,Swedish,Hon har arbetat med det projektet i veckor nu,,,,,B
171,3,no,Norwegian,Hun har jobbet med det prosjektet i uker nå,,,,,B
172,3,da,Danish,Hun har arbejdet på det projekt i uger nu,,,,,B
173,3,fi,Finnish,Hän on työskennellyt tuossa projektissa viikkoja nyt,,,,,B
174,3,cs,Czech,Pracuje na tom projektu už týdny,,,,,B
175,3,hu,Hungarian,Már hetek óta dolgozik azon a projekten,,,,,B
176,3,ro,Romanian,Ea lucrează la acel proiect de săptămâni,,,,,B
177,3,bg,Bulgarian,Тя работи по този проект от седмици,Tya raboti po tozi proekt ot sedmitsi,,,,B
178,3,sr,Serbian,Она ради на том пројекту већ недељама,Ona radi na tom projektu već nedeljama,,,,B
179,3,sk,Slovak,Pracuje na tom projekte už týždne,,,,,B
180,3,sl,Slovenian,Že tedne dela na tem projektu,,,,,B
181,3,lt,Lithuanian,Ji jau kelias savaites dirba ties tuo projektu,,,,,B
182,3,lv,Latvian,Vina jau nedēļām strādā pie šī projekta,,,,,B
183,3,et,Estonian,Ta on selle projekti kallal juba nädalaid töötanud,,,,,B
184,3,he,Hebrew,היא עובדת על הפרויקט הזה כבר שבועות,Hi ovedet al haproyekt haze kvar shavu'ot,,,,B
185,3,ha,Hausa,Ta kasance tana aiki akan wannan aikin har makonni yanzu,,,,,B
186,3,yo,Yoruba,Ó ti ń ṣiṣẹ́ lórí iṣẹ́ náà fún ọ̀sẹ̀ báyìí,,,,B
187,3,ig,Igbo,Ọ nọ na-arụ ọrụ n'ọrụ ahụ kemgbe izu ole na ole ugbu a,,,,,B
188,3,am,Amharic,እሷ በዚያ ፕሮጀክት ላይ ለሳምንታት አሁን ትሰራለች,Esua beziya project layi lesamintat ahun tiseralech,,,,B
189,3,ti,Tigrinya,ንሳ ኣብታ ፕሮጀክት ንሰሙናት ሕጂ ትሰርሓሉ ኣላ,Nisa abta project nisemunat hji tiserhalu ala,,,,B
190,3,ne,Nepali,उनी हप्ताहरुदेखि त्यो परियोजनामा काम गर्दै छिन्,Unī haptāharudekhi tyo pariyojanāmā kāma gardai chin,,,,B
191,3,ta,Tamil,அவள் அந்த திட்டத்தில் வாரங்களாக வேலை செய்து வருகிறாள்,Avaḷ anta tiṭṭattil vāraṅkaḷāka vēlai seythu varukiṟāḷ,,,,B
192,3,te,Telugu,ఆమె ఆ ప్రాజెక్ట్‌పై వారాలుగా పని చేస్తోంది,Āme ā prājekṭ‌pai vārālugā pani cēstōndi,,,,B
193,3,ml,Malayalam,അവൾ ആ പ്രോജക്റ്റിൽ ആഴ്ച്ചകളായി ജോലി ചെയ്യുന്നു,Avaḷ ā prōjakṟṟil āḻccakaḷāyi jōli ceyyunnu,,,,B
194,3,mr,Marathi,ती आता आठवड्यांपासून त्या प्रकल्पावर काम करत आहे,Tī ātā āṭhavaḍyāmpāsūn tyā prakalpāvar kām karat āhe,,,,B
195,3,pa,Punjabi,ਉਹ ਹਫ਼ਤਿਆਂ ਤੋਂ ਉਸ ਪ੍ਰੋਜੈਕਟ 'ਤੇ ਕੰਮ ਕਰ ਰਹੀ ਹੈ,Uh haftiāṁ tōṁ us projeikaṭ 'tē kama kara rahī hai,,,,B
196,3,gu,Gujarati,તેણી અઠવાડિયાથી તે પ્રોજેક્ટ પર કામ કરી રહી છે,Tēṇī aṭhavāḍiyāthī tē prōjēkṭa para kāma karī rahī chē,,,,B
197,3,si,Sinhala,ඇය මාස කිහිපයක් තිස්සේ එම ව්‍යාපෘතිය මත වැඩ කරමින් සිටිමින්,Æya māsa kihipayak tissē ema vyāpṛtiya mata væḍa karamin siṭimin,,,,B
198,3,km,Khmer,នាងបានធ្វើការលើគម្រោងនោះរយៈពេលប៉ុន្មានសប្ដាហ៍ហើយ,Neang ban thveu kar leu komrong noh roy pel bonman sabdah haey,,,,B
199,3,is,Icelandic,Hún hefur verið að vinna að því verkefni í vikur núna,,,,,B
200,3,tl,Tagalog / Filipino,Ilang linggo na siyang nagtatrabaho sa proyektong iyon,,,,,B
201,3,ms,Malay,Dia telah bekerja pada projek itu selama berminggu-minggu sekarang,,,,,B
202,3,jv,Javanese,Dheweke wis kerja ing proyek kasebut pirang-pirang minggu saiki,,,,,B
203,3,kk,Kazakh,Ол бұл жоба бойынша апталар бойы жұмыс істеп келеді,Ol bul joba boyynsha aptalar boyy zhymys istep keledi,,,,B
204,3,uz,Uzbek,U haftalardan beri osha loyiha ustida ishlayapti,,,,,B
205,3,mn,Mongolian,Тэр тэр төсөл дээр хэдэн долоо хоногийн турш ажиллаж байна,Ter ter tösel deer kheden doloo khonogiin tursh ajillaj baina,,,,B
206,3,ka,Georgian,ის ამ პროექტზე რამდენიმე კვირაა მუშაობს,Is am p'roekt'ze ramdenime k'viraa mushaobs,,,,B
207,3,hy,Armenian,Նա արդեն շաբաթներ աշխատում է այդ նախագծի վրա,Na arden shabat'ner ashkhatum e ayd nakhagtsi vra,,,,B
208,3,eu,Basque,Asteetan proiektu horretan lanean ari da,,,,,B
209,3,ca,Catalan,Porta setmanes treballant en aquell projecte,,,,,B
210,3,gl,Galician,Leva semanas traballando nese proxecto,,,,,B
211,3,ga,Irish (Gaeilge),Tá sí ag obair ar an tionscadal sin le seachtainí anois,,,,,B
212,3,cy,Welsh,Mae hi wedi bod yn gweithio ar y prosiect hwnnw ers wythnosau nawr,,,,,B
213,3,gd,Scottish Gaelic,Tha i air a bhith ag obair air a' phròiseact sin airson seachdainean a-nis,,,,,B
214,3,lb,Luxembourgish,Si schafft schonn e puer Wochen un deem Projet,,,,,B
215,3,eo,Esperanto,Ŝi laboras pri tiu projekto jam dum semajnoj,,,,,B
216,3,la,Latin,Illa in hoc opere iam per hebdomades laborat,,,,,B
217,4,en,English,What time does the train arrive at the station?,,,,,A
218,4,es,Spanish,¿A qué hora llega el tren a la estación?,,,,,A
219,4,fr,French,À quelle heure le train arrive-t-il à la gare?,,,,,A
220,4,pt,Portuguese,A que horas o trem chega à estação?,,,,,A
221,4,de,German,Um wie viel Uhr kommt der Zug am Bahnhof an?,,,,,A
222,4,it,Italian,A che ora arriva il treno alla stazione?,,,,,A
223,4,ru,Russian,Во сколько прибывает поезд на станцию?,,,,,A
224,4,ar,Arabic,في أي وقت يصل القطار إلى المحطة؟,Fi ayy waqt yasil al-qitar ila al-mahatta?,,,,A
225,4,hi,Hindi,ट्रेन किस समय स्टेशन पर पहुंचती है?,Train kis samay station par pahunchti hai?,,,,A
226,4,bn,Bengali,ট্রেন স্টেশনে কখন পৌঁছায়?,Tren steshone kokhon pouchhay?,,,,A
227,4,ur,Urdu,ٹرین کس وقت اسٹیشن پر پہنچتی ہے?,Train kis waqt station par pahunchti hai?,,,,A
228,4,fa,Persian,قطار چه ساعتی به ایستگاه می‌رسد؟,Qatâr che sâ'ati be istgâh miresad?,,,,A
229,4,tr,Turkish,Tren istasyona saat kaçta varır?,,,,,A
230,4,ja,Japanese,電車は何時に駅に着きますか？,Densha wa nan-ji ni eki ni tsukimasu ka?,,,,A
231,4,ko,Korean,기차는 몇 시에 역에 도착하나요?,Gichaneun myeot sie yeoge dochakhanayo?,,,,A
232,4,zh-cn,Mandarin (Simplified),火车什么时候到站？,,huǒchē shénme shíhòu dào zhàn?,,A
233,4,zh-tw,Mandarin (Traditional),火車什麼時候到站？,,huǒchē shénme shíhòu dào zhàn?,,A
234,4,vi,Vietnamese,Mấy giờ thì tàu đến ga?,,,,,A
235,4,th,Thai,รถไฟมาถึงสถานีเวลาใด?,Rótfai mā t̄hụng s̄t̄hānī wela dı?,,,,A
236,4,id,Indonesian,Jam berapa kereta tiba di stasiun?,,,,,A
237,4,sw,Swahili,Treni inafika saa ngapi kituoni?,,,,,A
238,4,nl,Dutch,Hoe laat komt de trein aan op het station?,,,,,A
239,4,pl,Polish,O której godzinie pociąg przyjeżdża na stację?,,,,,A
240,4,uk,Ukrainian,О котрій годині потяг прибуває на станцію?,,,,,A
241,4,el,Greek,Τι ώρα φτάνει το τρένο στον σταθμό;,Ti ora ftanei to treno ston stathmo?,,,,A
242,4,sv,Swedish,Vilken tid ankommer tåget till stationen?,,,,,A
243,4,no,Norwegian,Når ankommer toget stasjonen?,,,,,A
244,4,da,Danish,Hvornår ankommer toget på stationen?,,,,,A
245,4,fi,Finnish,Mihin aikaan juna saapuu asemalle?,,,,,A
246,4,cs,Czech,V kolik hodin přijede vlak na nádraží?,,,,,A
247,4,hu,Hungarian,Mikor érkezik a vonat az állomásra?,,,,,A
248,4,ro,Romanian,La ce oră ajunge trenul în gară?,,,,,A
249,4,bg,Bulgarian,По колко часа пристига влакът на гарата?,Po kolko chasa prisiga vlakat na garata?,,,,A
250,4,sr,Serbian,У колико сати стиже воз на станицу?,U koliko sati stiže voz na stanicu?,,,,A
251,4,sk,Slovak,O koľkej príde vlak na stanicu?,,,,,A
252,4,sl,Slovenian,Ob kateri uri pride vlak na postajo?,,,,,A
253,4,lt,Lithuanian,Kuriuo laiku atvyksta traukinys į stotį?,,,,,A
254,4,lv,Latvian,Cikos pienāk vilciens stacijā?,,,,,A
255,4,et,Estonian,Mis kell saabub rong jaama?,,,,,A
256,4,he,Hebrew,באיזו שעה הרכבת מגיעה לתחנה?,Be'eizo sha'ah harakevet megia latachana?,,,,A
257,4,ha,Hausa,Ƙarfe nawa ne jirgin ƙasa zai isa tashar?,,,,,A
258,4,yo,Yoruba,Ìgbà wo ni ọkọ̀ òkùn máa dé ibùdó náà?,,,,,A
259,4,ig,Igbo,Oge ole ka ụgbọ okporo ígwè ga-abịa n'ọdụ ụgbọ?,,,,,A
260,4,am,Amharic,ባቡሩ ስንት ሰዓት ነው ወደ ጣቢያው የሚደርሰው?,Baburu sint se'at new wede tabiyaw yemiderse?,,,,A
261,4,ti,Tigrinya,ባብሩ ኣብ መጋዘን ክበጽሕ ሰዓት ክንደይ እዩ?,Babru ab megezen kibetsih se'at kindey iyu?,,,,A
262,4,ne,Nepali,रेल कतिबजे स्टेशनमा पुग्छ?,Rel katibaje steshanma pugchha?,,,,A
263,4,ta,Tamil,ரயில் எந்த நேரத்தில் நிலையத்திற்கு வரும்?,Rayil entha nerathil nilaiyathirku varum?,,,,A
264,4,te,Telugu,రైలు ఎప్పుడు స్టేషన్‌కి చేరుతుంది?,Railu eppudu stēṣan‌ki cērutundi?,,,,A
265,4,ml,Malayalam,റെയിൽവേ സ്റ്റേഷനിൽ എപ്പോഴാണ് എത്തുന്നത്?,Ṟeyilvē sṟṟēṣanil eppōḻāṇ etthunnat?,,,,A
266,4,mr,Marathi,गाडी किती वाजता स्टेशनवर येते?,Gāḍī kitī vājatā stēśanavar yētē?,,,,A
267,4,pa,Punjabi,ਰੇਲਗੱਡੀ ਸਟੇਸ਼ਨ 'ਤੇ ਕਿਸ ਸਮੇਂ ਪਹੁੰਚਦੀ ਹੈ?,Relgaddī saṭēśan 'tē kisa samēṁ pahuñchadī hai?,,,,A
268,4,gu,Gujarati,ટ્રેન સ્ટેશન પર ક્યારે આવે છે?,Ṭrēna sṭēśana para kyārē āvē chē?,,,,A
269,4,si,Sinhala,දුම්රිය ස්ථානයට පැමිණෙන්නේ කවදාද?,Dumriya sthānayaṭa pæmiṇennē kavadāda?,,,,A
270,4,km,Khmer,រថភ្លើងមកដល់ស្ថានីយនៅម៉ោងប៉ុន្មាន?,Rothphleung mok dal sthaniny nov maong bonman?,,,,A
271,4,is,Icelandic,Klukkan hvað kemur lestin á stöðina?,,,,,A
272,4,tl,Tagalog / Filipino,Anong oras darating ang tren sa istasyon?,,,,,A
273,4,ms,Malay,Pukul berapa kereta api tiba di stesen?,,,,,A
274,4,jv,Javanese,Jam pira sepur teka ing stasiun?,,,,,A
275,4,kk,Kazakh,Пойыз станцияға сағат қаншада келеді?,Poyız stantsiyagha saghat qanshada keledi?,,,,A
276,4,uz,Uzbek,Poyezd stansiyaga soat nechada keladi?,,,,,A
277,4,mn,Mongolian,Галт тэрэг цаг хэдэд буудалд ирдэг вэ?,Galt tereg tsag kheged buudald irdeg ve?,,,,A
278,4,ka,Georgian,რომელ საათზე მოდის მატარებელი სადგურზე?,Romel saatze modis matarebeli sadgurze?,,,,A
279,4,hy,Armenian,Ժամը քանիսի՞ն է գնացքը գալիս կայարան,Zhame qanisin e gnatske galis kayaran?,,,,A
280,4,eu,Basque,Zer orduetan iristen da trena geltokira?,,,,,A
281,4,ca,Catalan,A quina hora arriba el tren a l'estació?,,,,,A
282,4,gl,Galician,A que horas chega o tren á estación?,,,,,A
283,4,ga,Irish (Gaeilge),Cén uair a shroicheann an traein an stáisiún?,,,,,A
284,4,cy,Welsh,Faint o'r gloch y mae'r trên yn cyrraedd yr orsaf?,,,,,A
285,4,gd,Scottish Gaelic,Dè an uair a thig an trèana chun an stèisein?,,,,,A
286,4,lb,Luxembourgish,Wéini kënnt den Zuch op der Gare un?,,,,,A
287,4,eo,Esperanto,Je kioma horo alvenas la trajno ĉe la stacidomo?,,,,,A
288,4,la,Latin,Quota hora advenit tramen ad stationem?,,,,,A
289,5,en,English,I don't think that's a good idea right now,,,,,B
290,5,es,Spanish,No creo que sea una buena idea en este momento,,,,,B
291,5,fr,French,Je ne pense pas que ce soit une bonne idée pour le moment,,,,,B
292,5,pt,Portuguese,Não acho que seja uma boa ideia agora,,,,,B
293,5,de,German,Ich denke nicht, dass das jetzt eine gute Idee ist,,,,,B
294,5,it,Italian,Non credo che sia una buona idea al momento,,,,,B
295,5,ru,Russian,Я не думаю, что это хорошая идея сейчас,,,,,B
296,5,ar,Arabic,لا أعتقد أن هذه فكرة جيدة الآن,La a'taqid an hadhihi fikra jayyida al-aan,,,,B
297,5,hi,Hindi,मुझे नहीं लगता कि अभी यह एक अच्छा विचार है,Mujhe nahin lagta ki abhi yah ek achchha vichar hai,,,,B
298,5,bn,Bengali,আমি মনে করি না যে এখন এটা ভালো ধারণা,Ami mone kori na je ekhon eta bhalo dharona,,,,B
299,5,ur,Urdu,میرے خیال میں ابھی یہ اچھا خیال نہیں ہے,Mere khayal mein abhi yeh acha khayal nahin hai,,,,B
300,5,fa,Persian,فکر نمی‌کنم الان ایده خوبی باشد,Fekr nemikonam alan ide-ye khubi bashe,,,,B
301,5,tr,Turkish,Şu an bunun iyi bir fikir olduğunu düşünmüyorum,,,,,B
302,5,ja,Japanese,今はそれがいい考えだとは思いません,Ima wa sore ga ii kangae da to wa omoimasen,,,,B
303,5,ko,Korean,지금은 그것이 좋은 생각이라고 생각하지 않아요,Jigeumeun geugeosi joeun saenggagirago saenggakaji anayo,,,,B
304,5,zh-cn,Mandarin (Simplified),我觉得现在这不是个好主意,,wǒ juédé xiànzài zhè bù shì gè hǎo zhǔyì,,B
305,5,zh-tw,Mandarin (Traditional),我覺得現在這不是個好主意,,wǒ juédé xiànzài zhè bù shì gè hǎo zhǔyì,,B
306,5,vi,Vietnamese,Tôi không nghĩ đó là ý kiến hay lúc này,,,,,B
307,5,th,Thai,ฉันไม่คิดว่านั่นเป็นความคิดที่ดีในตอนนี้,Chản mị̀ khid ẁā nận pĕn khwām khid thī̀ dī nı txn nī̂,,,,B
308,5,id,Indonesian,Saya tidak berpikir itu ide yang bagus sekarang,,,,,B
309,5,sw,Swahili,Sidhani kwamba hilo ni wazo zuri sasa hivi,,,,,B
310,5,nl,Dutch,Ik denk niet dat dat nu een goed idee is,,,,,B
311,5,pl,Polish,Nie sądzę, żeby to był teraz dobry pomysł,,,,,B
312,5,uk,Ukrainian,Я не думаю, що це хороша ідея зараз,,,,,B
313,5,el,Greek,Δεν νομίζω ότι είναι καλή ιδέα τώρα,Den nomizo oti ine kali idea tora,,,,B
314,5,sv,Swedish,Jag tror inte att det är en bra idé just nu,,,,,B
315,5,no,Norwegian,Jeg tror ikke det er en god idé akkurat nå,,,,,B
316,5,da,Danish,Jeg tror ikke, det er en god idé lige nu,,,,,B
317,5,fi,Finnish,En usko, että se olisi hyvä idea juuri nyt,,,,,B
318,5,cs,Czech,Nemyslím si, že je to teď dobrý nápad,,,,,B
319,5,hu,Hungarian,Nem hiszem, hogy ez most jó ötlet lenne,,,,,B
320,5,ro,Romanian,Nu cred că asta e o idee bună acum,,,,,B
321,5,bg,Bulgarian,Не мисля, че това е добра идея в момента,Ne mislya, che tova e dobra ideya v momenta,,,,B
322,5,sr,Serbian,Не мислим да је то сада добра идеја,Ne mislim da je to sada dobra ideja,,,,B
323,5,sk,Slovak,Nemyslím si, že je to teraz dobrý nápad,,,,,B
324,5,sl,Slovenian,Ne mislim, da je to zdaj dobra ideja,,,,,B
325,5,lt,Lithuanian,Nemanau, kad tai dabar gera idėja,,,,,B
326,5,lv,Latvian,Es nedomāju, ka šobrīd tā ir laba ideja,,,,,B
327,5,et,Estonian,Ma ei arva, et see praegu hea mõte on,,,,,B
328,5,he,Hebrew,אני לא חושב שזה רעיון טוב עכשיו,Ani lo khoshev sheze ra'ayon tov achshav,,,,B
329,5,ha,Hausa,Ba na tunanin cewa wannan kyakkyawan ra'ayi ne a yanzu,,,,,B
330,5,yo,Yoruba,Emi ko ro pe iyẹn jẹ ero rere ni bayi,,,,,B
331,5,ig,Igbo,Echeghị m na nke ahụ bụ ezi echiche ugbu a,,,,,B
332,5,am,Amharic,አሁን ያ ጥሩ ሀሳብ ነው ብዬ አልቆጥርም,Ahun ya tru hasab new biye alkotrim,,,,B
333,5,ti,Tigrinya,ኣነ እዚ ኣብዚ ሕጂ ንጹር ሓሳብ ኮይኑ ኣይፈልጥን,Ana ezi abzi hji ntsur hasab koynu aifeltin,,,,B
334,5,ne,Nepali,मलाई लाग्दैन कि यो अहिले राम्रो विचार हो,Malā'ī lāgdaina ki yo ahile rāmrō vicāra ho,,,,B
335,5,ta,Tamil,அது இப்போது நல்ல யோசனை என்று நான் நினைக்கவில்லை,Adhu ippōthu nalla yōsanai eṉṟu nāṉ niṉaikkavillai,,,,B
336,5,te,Telugu,ఇది ప్రస్తుతం మంచి ఆలోచన అని నేను అనుకోవడం లేదు,Idi prastutaṁ mañci ālōcana ani nēnu anukōvaḍaṁ lēdu,,,,B
337,5,ml,Malayalam,ഇപ്പോൾ അതൊരു നല്ല ആശയമാണെന്ന് ഞാൻ കരുതുന്നില്ല,Ippōḻ atoru nalla āśayamāṇenn ñān karutunnilla,,,,B
338,5,mr,Marathi,मला वाटत नाही की ही आत्ता चांगली कल्पना आहे,Malā vāṭata nāhī kī hī āttā cāṅgalī kalpanā āhe,,,,B
339,5,pa,Punjabi,ਮੈਨੂੰ ਨਹੀਂ ਲੱਗਦਾ ਕਿ ਇਹ ਹੁਣ ਇੱਕ ਵਧੀਆ ਵਿਚਾਰ ਹੈ,Mainū nahīṁ lagadā ki ih huna ika vadhī'ā vicāra hai,,,,B
340,5,gu,Gujarati,મને નથી લાગતું કે આ હમણાં સારો વિચાર છે,Manē nathī lāgatūṁ kē ā hamaṇāṁ sārō vicāra chē,,,,B
341,5,si,Sinhala,මම හිතන්නේ නැහැ එතකොට ඒක හොඳ අදහසක් කියලා,Mama hitannē næhæ etakoṭa ēka hon̆da adahasak kiyalā,,,,B
342,5,km,Khmer,ខ្ញុំមិនគិតថានោះជាគំនិតដ៏ល្អនៅពេលនេះទេ,Khnhom min kit tha nuh chea komnit da la now pel nih te,,,,B
343,5,is,Icelandic,Ég held að það sé ekki góð hugmynd núna,,,,,B
344,5,tl,Tagalog / Filipino,Hindi ko akalaing magandang ideya iyon ngayon,,,,,B
345,5,ms,Malay,Saya tidak fikir itu idea yang baik sekarang,,,,,B
346,5,jv,Javanese,Aku ora mikir yen iku apik saiki,,,,,B
347,5,kk,Kazakh,Мен бұл қазір жақсы идея деп ойламаймын,Men bul qazir jaqsy ideya dep oilamaymyn,,,,B
348,5,uz,Uzbek,Men hozir bu yaxshi fikr deb o'ylamayman,,,,,B
349,5,mn,Mongolian,Би одоо энэ сайн санаа гэж бодохгүй байна,Bi odoo ene sain sanaa gej bodokhguй baina,,,,B
350,5,ka,Georgian,არ მგონია, რომ ეს ახლა კარგი იდეაა,Ar mgonia, rom es akhla kargi ideaa,,,,B
351,5,hy,Armenian,Չեմ կարծում, որ սա հիմա լավ գաղափար է,Chem kartsoum, vor sa hima lav gaghapar e,,,,B
352,5,eu,Basque,Ez dut uste orain hori ideia ona denik,,,,,B
353,5,ca,Catalan,No crec que sigui una bona idea ara,,,,,B
354,5,gl,Galician,Non creo que sexa unha boa idea agora,,,,,B
355,5,ga,Irish (Gaeilge),Ní dóigh liom gur smaoineamh maith é sin anois,,,,,B
356,5,cy,Welsh,Dwi ddim yn credu mai syniad da ydy hynny nawr,,,,,B
357,5,gd,Scottish Gaelic,Chan eil mi a' smaoineachadh gur e deagh bheachd a tha sin an-dràsta,,,,,B
358,5,lb,Luxembourgish,Ech mengen net, datt dat elo eng gutt Iddi ass,,,,,B
359,5,eo,Esperanto,Mi ne pensas, ke tio estas bona ideo nun,,,,,B
360,5,la,Latin,Non puto id nunc bonam esse sententiam,,,,,B
361,6,en,English,He always forgets to lock the door,,,,,A
362,6,es,Spanish,Él siempre se olvida de cerrar la puerta con llave,,,,,A
363,6,fr,French,Il oublie toujours de fermer la porte à clé,,,,,A
364,6,pt,Portuguese,Ele sempre esquece de trancar a porta,,,,,A
365,6,de,German,Er vergisst immer, die Tür abzuschließen,,,,,A
366,6,it,Italian,Lui dimentica sempre di chiudere la porta a chiave,,,,,A
367,6,ru,Russian,Он всегда забывает запереть дверь,,,,,A
368,6,ar,Arabic,دائماً ينسى أن يقفل الباب,Dāiman yansa an yuqfil al-bab,,,,A
369,6,hi,Hindi,वह हमेशा दरवाजा बंद करना भूल जाता है,Vah hamesha darwaza band karna bhool jata hai,,,,A
370,6,bn,Bengali,সে সবসময় দরজা তালা দিতে ভুলে যায়,Se shobshomoy dorja tala dite bhule jay,,,,A
371,6,ur,Urdu,وہ ہمیشہ دروازہ بند کرنا بھول جاتا ہے,Woh hamesha darwaza band karna bhool jata hai,,,,A
372,6,fa,Persian,او همیشه قفل در را فراموش می‌کند,U hamiše qofl-e dar râ farâmuš mikonad,,,,A
373,6,tr,Turkish,Her zaman kapıyı kilitlemeyi unutur,,,,,A
374,6,ja,Japanese,彼はいつもドアに鍵をかけるのを忘れます,Kare wa itsumo doa ni kagi o kakeru no o wasuremasu,,,,A
375,6,ko,Korean,그는 항상 문을 잠그는 것을 잊어요,Geuneun hangsang muneul jamgeuneun geoseul ijeoyo,,,,A
376,6,zh-cn,Mandarin (Simplified),他总是忘记锁门,,tā zǒng shì wàngjì suǒ mén,,A
377,6,zh-tw,Mandarin (Traditional),他總是忘記鎖門,,tā zǒng shì wàngjì suǒ mén,,A
378,6,vi,Vietnamese,Anh ấy luôn quên khóa cửa,,,,,A
379,6,th,Thai,เขามักจะลืมล็อคประตูเสมอ,Khā māk ca lụ̄x lxc pratū s̄emx,,,,A
380,6,id,Indonesian,Dia selalu lupa mengunci pintu,,,,,A
381,6,sw,Swahili,Yeye husahau kufunga mlango kila wakati,,,,,A
382,6,nl,Dutch,Hij vergeet altijd de deur op slot te doen,,,,,A
383,6,pl,Polish,Zawsze zapomina zamknąć drzwi na klucz,,,,,A
384,6,uk,Ukrainian,Він завжди забуває замкнути двері,,,,,A
385,6,el,Greek,Πάντα ξεχνά να κλειδώνει την πόρτα,Panta ksekhná na kleidónei tin pórta,,,,A
386,6,sv,Swedish,Han glömmer alltid att låsa dörren,,,,,A
387,6,no,Norwegian,Han glemmer alltid å låse døren,,,,,A
388,6,da,Danish,Han glemmer altid at låse døren,,,,,A
389,6,fi,Finnish,Hän unohtaa aina lukita oven,,,,,A
390,6,cs,Czech,Vždycky zapomene zamknout dveře,,,,,A
391,6,hu,Hungarian,Mindig elfelejti bezárni az ajtót,,,,,A
392,6,ro,Romanian,El uită mereu să încuie ușa,,,,,A
393,6,bg,Bulgarian,Той винаги забравя да заключи вратата,Toi vinagi zabravya da zaklyuchi vratata,,,,A
394,6,sr,Serbian,Он увек заборави да закључа врата,On uvek zaboravi da zaključa vrata,,,,A
395,6,sk,Slovak,Vždy zabudne zamknúť dvere,,,,,A
396,6,sl,Slovenian,Vedno pozabi zakleniti vrata,,,,,A
397,6,lt,Lithuanian,Jis visada pamiršta užrakinti duris,,,,,A
398,6,lv,Latvian,Vis vienmēr aizmirst aizslēgt durvis,,,,,A
399,6,et,Estonian,Ta unustab alati ukse lukustada,,,,,A
400,6,he,Hebrew,הוא תמיד שוכח לנעול את הדלת,Hu tamid shocheach linaol et hadlet,,,,A
401,6,ha,Hausa,Ya kan manta ya kulle ƙofa koyaushe,,,,,A
402,6,yo,Yoruba,Ó máa ń gbàgbé láti ti ilẹ̀kùn ní ìgbà gbogbo,,,,A
403,6,ig,Igbo,Ọ na-echezọ mgbe nile ịkpọchi ụzọ,,,,A
404,6,am,Amharic,እሱ ሁልጊዜ በሩን መቆለፍ ይርሳል,Esuhuligize berun mekolef yirsal,,,,A
405,6,ti,Tigrinya,ንሱ ኩሉ ግዜ ኣብ ደጊፉ ክዕጽው ይርስእ,Nisu kulu gize ab degifu ketsiw yirs'i,,,,A
406,6,ne,Nepali,उ सधैँ ढोका बन्द गर्न बिर्सन्छ,U sadhain dhoka band garna birsincha,,,,A
407,6,ta,Tamil,அவர் எப்போதும் கதவைப் பூட்ட மறந்துவிடுகிறார்,Avar eppōthum kathavaip pūṭṭa maṟantuviṭukiṟār,,,,A
408,6,te,Telugu,అతను ఎల్లప్పుడూ తలుపు బిగించడం మర్చిపోతాడు,Atanu ellappuḍū talupu bigin̄caḍaṁ marcipōtāḍu,,,,A
409,6,ml,Malayalam,അവൻ എപ്പോഴും വാതിൽ പൂട്ടാൻ മറക്കുന്നു,Avan eppōḻuṁ vātil pūṭṭān maṟakkunnu,,,,A
410,6,mr,Marathi,तो नेहमी दरवाजा लॉक करणे विसरतो,To nehamī daravājā lŏka karaṇē visaratō,,,,A
411,6,pa,Punjabi,ਉਹ ਹਮੇਸ਼ਾ ਦਰਵਾਜ਼ਾ ਬੰਦ ਕਰਨਾ ਭੁੱਲ ਜਾਂਦਾ ਹੈ,Uh hameśā daravāzā banda karanā bhula jāndā hai,,,,A
412,6,gu,Gujarati,તેઓ હંમેશાં દરવાજો લૉક કરવાનું ભૂલી જાય છે,Tēō hammēśāṁ daravājō lŏka karavānuṁ bhūlī jāya chē,,,,A
413,6,si,Sinhala,ඔහු සැමවිටම දොරටුව අගුළු දැමීමට අමතක වේ,Ohu sæmaviṭama doraṭuva aguḷu dæmīmaṭa amataka vē,,,,A
414,6,km,Khmer,គាត់តែងតែភ្លេចចាក់សោច្រកទ្វារ,Koat taengtae phlech chak sao chrak tver,,,,A
415,6,is,Icelandic,Hann gleymir alltaf að læsa hurðinni,,,,,A
416,6,tl,Tagalog / Filipino,Lagi niyang nakakalimutang i-lock ang pinto,,,,,A
417,6,ms,Malay,Dia sentiasa lupa mengunci pintu,,,,,A
418,6,jv,Javanese,Dheweke mesthi lali nutup lawang nganggo kunci,,,,,A
419,6,kk,Kazakh,Ол әрдайым есікті құлыптауды ұмытады,Ol ärdaiym esikti qulyptaýdy umytady,,,,A
420,6,uz,Uzbek,U har doim eshikni qulflashni unutadi,,,,,A
421,6,mn,Mongolian,Тэр үргэлж хаалгаа түгжихээ мартдаг,Ter ürgelj khaalgaa tugjikhee martdag,,,,A
422,6,ka,Georgian,ის ყოველთვის ავიწყდება კარის დაკეტვა,Is q'oveltavis avits'q'deba k'aris dak'et'va,,,,A
423,6,hy,Armenian,Նա միշտ մոռանում է դուռը փակել,Na misht moranum e durry p'akel,,,,A
424,6,eu,Basque,Beti ahazten du atea giltzaztatzea,,,,,A
425,6,ca,Catalan,Sempre s'oblida de tancar la porta amb clau,,,,,A
426,6,gl,Galician,Sempre esquece pechar a porta con chave,,,,,A
427,6,ga,Irish (Gaeilge),Déanann sé dearmad i gcónaí an doras a ghlasáil,,,,,A
428,6,cy,Welsh,Mae e bob amser yn anghofio cloi'r drws,,,,,A
429,6,gd,Scottish Gaelic,Bidh e an-còmhnaidh a' diochuimhneachadh an doras a ghlasadh,,,,,A
430,6,lb,Luxembourgish,Hien vergéisst ëmmer d'Dier ofzeschléissen,,,,,A
431,6,eo,Esperanto,Li ĉiam forgesas ŝlosi la pordon,,,,,A
432,6,la,Latin,Semper obliviscitur ostium obserare,,,,,A
433,7,en,English,Let's grab some coffee after the meeting.,,,,,A
434,7,es,Spanish,Vamos a tomar un café después de la reunión.,,,,,A
435,7,fr,French,Prenons un café après la réunion.,,,,,A
436,7,pt,Portuguese,Vamos tomar um café depois da reunião.,,,,,A
437,7,de,German,Lass uns nach dem Meeting einen Kaffee trinken.,,,,,A
438,7,it,Italian,Prendiamo un caffè dopo la riunione.,,,,,A
439,7,ru,Russian,Давай выпьем кофе после встречи.,,,,,A
440,7,ar,Arabic,لنتناول القهوة بعد الاجتماع.,Linatanawal al-qahwa ba'd al-ijtima'.,,,,A
441,7,hi,Hindi,आओ मीटिंग के बाद कॉफी पीते हैं.,Aao meeting ke baad coffee peete hain.,,,,A
442,7,bn,Bengali,মিটিংয়ের পরে একটু কফি খাই চলো.,Miting-er pore ektu coffee khai cholo.,,,,A
443,7,ur,Urdu,آؤ میٹنگ کے بعد کافی پیتے ہیں.,Aao meeting ke baad coffee peete hain.,,,,A
444,7,fa,Persian,بعد از جلسه بریم قهوه بخوریم.,Ba'd az jalse berim qahve bokhorim.,,,,A
445,7,tr,Turkish,Toplantıdan sonra bir kahve içelim.,,,,,A
446,7,ja,Japanese,会議の後、コーヒーを飲みましょう。,Kaigi no ato, kōhī o nomimashō.,,,,A
447,7,ko,Korean,회의 끝나고 커피 한잔 하자.,Hoeui kkeutnago keopi hanjan haja.,,,,A
448,7,zh-cn,Mandarin (Simplified),我们会议后喝点咖啡吧。,,wǒmen huìyì hòu hē diǎn kāfēi ba.,,A
449,7,zh-tw,Mandarin (Traditional),我們會議後喝點咖啡吧。,,wǒmen huìyì hòu hē diǎn kāfēi ba.,,A
450,7,vi,Vietnamese,Chúng ta đi uống cà phê sau cuộc họp nhé.,,,,,A
451,7,th,Thai,ไปหาอะไรดื่มกันหลังการประชุมเถอะ,Pị h̄ā xarị dụ̀m kạn h̄lạng kār prachum t̄hea,,,,A
452,7,id,Indonesian,Mari kita minum kopi setelah rapat.,,,,,A
453,7,sw,Swahili,Tunywe kahawa baada ya mkutano.,,,,,A
454,7,nl,Dutch,Laten we na de vergadering koffie drinken.,,,,,A
455,7,pl,Polish,Weźmy kawę po spotkaniu.,,,,,A
456,7,uk,Ukrainian,Давай вип'ємо кави після зустрічі.,,,,,A
457,7,el,Greek,Ας πιούμε καφέ μετά τη συνάντηση.,As pioume kafé metá ti synántisi.,,,,A
458,7,sv,Swedish,Vi tar en kaffe efter mötet.,,,,,A
459,7,no,Norwegian,La oss ta en kaffe etter møtet.,,,,,A
460,7,da,Danish,Lad os tage en kaffe efter mødet.,,,,,A
461,7,fi,Finnish,Otetaan kahvit tapaamisen jälkeen.,,,,,A
462,7,cs,Czech,Dáme si kávu po schůzce.,,,,,A
463,7,hu,Hungarian,Igyunk egy kávét a megbeszélés után.,,,,,A
464,7,ro,Romanian,Hai să luăm o cafea după ședință.,,,,,A
465,7,bg,Bulgarian,Хайде да изпием по едно кафе след срещата.,Hayde da izpiem po edno kafe sled sreshtata.,,,,A
466,7,sr,Serbian,Хајде да попијемо кафу после састанка.,Hajde da popijemo kafu posle sastanka.,,,,A
467,7,sk,Slovak,Dajme si kávu po stretnutí.,,,,,A
468,7,sl,Slovenian,Pijmo kavo po sestanku.,,,,,A
469,7,lt,Lithuanian,Paraginkime kavos po susitikimo.,,,,,A
470,7,lv,Latvian,Izdzeram kafiju pēc sapulces.,,,,,A
471,7,et,Estonian,Joomegi kohtumise järel kohvi.,,,,,A
472,7,he,Hebrew,בוא ניקח קפה אחרי הפגישה.,Bo nikach kafe acharei hapgisha.,,,,A
473,7,ha,Hausa,Mu sha kofi bayan taron.,,,,,A
474,7,yo,Yoruba,Jẹ́ ká mu kọfí lẹ́yìn ìpàdé.,,,,,A
475,7,ig,Igbo,Ka anyị ṅụọ kọfị mgbe nzukọ gasịrị.,,,,,A
476,7,am,Amharic,ከመወያየቱ በኋላ ቡና እንጠጣ.,Keme weyayetu behwala buna entet'a.,,,,A
477,7,ti,Tigrinya,ምድላይ ስራሕ ድሕሪ ቡን ንሰቲ.,Midlay srah d'hri bun nseti.,,,,A
478,7,ne,Nepali,बैठक पछि कफी खाऔं।,Baiṭhak pachi kaphī khāaun.,,,,A
479,7,ta,Tamil,கூட்டத்திற்குப் பிறகு காபி அருந்துவோம்.,Kūṭṭattiṟkup piṟaku kāpi aruntuvōm.,,,,A
480,7,te,Telugu,మీటింగ్ తర్వాత కాఫీ తాగుదాం.,Mīṭiṅg tarvāta kāphī tāgudāṁ.,,,,A
481,7,ml,Malayalam,മീറ്റിംഗിന് ശേഷം കാപ്പി കുടിക്കാം.,Mīṟṟiṅgin śēṣaṁ kāppi kuṭikkāṁ.,,,,A
482,7,mr,Marathi,चला, मीटिंगनंतर कॉफी घेऊया.,Calā, mīṭiṅganantara kŏphī ghēūyā.,,,,A
483,7,pa,Punjabi,ਚਲੋ ਮੀਟਿੰਗ ਤੋਂ ਬਾਅਦ ਕੌਫੀ ਪੀਏ।,Calō mīṭiṅa tōṁ bā'ada kauphī pī'ē.,,,,A
484,7,gu,Gujarati,ચાલો મીટિંગ પછી કોફી પીએ.,Cālō mīṭiṅga pachī kōphī pī'ē.,,,,A
485,7,si,Sinhala,පසුව රැස්වීමෙන් පසුව කෝපි ටිකක් බොමු.,Pasuv ræsvīmen pasuv kōpi ṭikak bomu.,,,,A
486,7,km,Khmer,តោះយើងទៅផឹកកាហ្វេបន្ទាប់ពីប្រជុំ។,Toh yeung tow phok kafee bontob pi prachom.,,,,A
487,7,is,Icelandic,Við tökum okkur kaffi eftir fundinn.,,,,,A
488,7,tl,Tagalog / Filipino,Magkape tayo pagkatapos ng meeting.,,,,,A
489,7,ms,Malay,Jom minum kopi selepas mesyuarat.,,,,,A
490,7,jv,Javanese,Ayo ngombe kopi sawise rapat.,,,,,A
491,7,kk,Kazakh,Кеңес қорытындысынан кейін кофе ішейік.,Keñes qorytyndysynan keıın kofe ııeıık.,,,,A
492,7,uz,Uzbek,Keling, yig'ilishdan keyin kofe ichamiz.,,,,,A
493,7,mn,Mongolian,Хурлын дараа кофе ууж явацгаая.,Khurliin daraa kofe uuj yavatsgaaya.,,,,A
494,7,ka,Georgian,აჰა, შეხვედრის შემდეგ ყავა დავლიოთ.,Aha, shekhvedris shemdeg q'av'a davliot.,,,,A
495,7,hy,Armenian,Եկեք սուրճ խմենք հանդիպումից հետո։,Yekek' surch khmenk' handipumits' heto.,,,,A
496,7,eu,Basque,Har dezagun kafea bilera ondoren.,,,,,A
497,7,ca,Catalan,Prenguem un cafè després de la reunió.,,,,,A
498,7,gl,Galician,Tomemos un café despois da reunión.,,,,,A
499,7,ga,Irish (Gaeilge),Déanaimis cupán caife tar éis an chruinnithe.,,,,,A
500,7,cy,Welsh,Gadewch i ni gael coffi ar ôl y cyfarfod.,,,,,A
501,7,gd,Scottish Gaelic,Gabhaidh sinn cofaidh às dèidh na coinneimh.,,,,,A
502,7,lb,Luxembourgish,Loosst eis no der Reunioun e Kaffi drénken.,,,,,A
503,7,eo,Esperanto,Ni prenu kafon post la kunveno.,,,,,A
504,7,la,Latin,Bibamus potionem Arabicam post conventum.,,,,,A
505,8,en,English,The weather looks perfect today.,,,,,A
506,8,es,Spanish,El tiempo parece perfecto hoy.,,,,,A
507,8,fr,French,La météo semble parfaite aujourd'hui.,,,,,A
508,8,pt,Portuguese,O tempo parece perfeito hoje.,,,,,A
509,8,de,German,Das Wetter sieht heute perfekt aus.,,,,,A
510,8,it,Italian,Il tempo sembra perfetto oggi.,,,,,A
511,8,ru,Russian,Погода сегодня выглядит идеально.,,,,,A
512,8,ar,Arabic,الطقس يبدو مثالياً اليوم.,Al-taqs yabdu mithaliyan al-yawm.,,,,A
513,8,hi,Hindi,आज मौसम बिल्कुल सही लग रहा है.,Aaj mausam bilkul sahi lag raha hai.,,,,A
514,8,bn,Bengali,আজ আবহাওয়া একদম পারফেক্ট দেখাচ্ছে.,Aaj abohawa ekdom perfect dekhacche.,,,,A
515,8,ur,Urdu,آج موسم بالکل ٹھیک لگ رہا ہے۔,Aaj mausam bilkul theek lag raha hai.,,,,A
516,8,fa,Persian,هوا امروز عالی به نظر می‌رسد.,Havā emrūz āli be nazar miresad.,,,,A
517,8,tr,Turkish,Bugün hava mükemmel görünüyor.,,,,,A
518,8,ja,Japanese,今日の天気は完璧に見えます。,Kyō no tenki wa kanpeki ni miemasu.,,,,A
519,8,ko,Korean,오늘 날씨가 완벽해 보여요.,Oneul nalssiga wanbyeokhae boyeoyo.,,,,A
520,8,zh-cn,Mandarin (Simplified),今天天气看起来完美。,,jīntiān tiānqì kàn qǐlái wánměi.,,A
521,8,zh-tw,Mandarin (Traditional),今天天氣看起來完美。,,jīntiān tiānqì kàn qǐlái wánměi.,,A
522,8,vi,Vietnamese,Thời tiết hôm nay trông thật hoàn hảo.,,,,,A
523,8,th,Thai,วันนี้อากาศดูสมบูรณ์แบบ,Wạn nī̂ xākāṣ̄ dū s̄mbūrn̒bæb,,,,A
524,8,id,Indonesian,Cuaca hari ini terlihat sempurna.,,,,,A
525,8,sw,Swahili,Hali ya hewa inaonekana kamili leo.,,,,,A
526,8,nl,Dutch,Het weer ziet er vandaag perfect uit.,,,,,A
527,8,pl,Polish,Pogoda wygląda dziś idealnie.,,,,,A
528,8,uk,Ukrainian,Погода сьогодні виглядає ідеально.,,,,,A
529,8,el,Greek,Ο καιρός φαίνεται τέλειος σήμερα.,O kairós faínetai téleios símera.,,,,A
530,8,sv,Swedish,Vädret ser perfekt ut idag.,,,,,A
531,8,no,Norwegian,Været ser perfekt ut i dag.,,,,,A
532,8,da,Danish,Vejet ser perfekt ud i dag.,,,,,A
533,8,fi,Finnish,Sää näyttää täydelliseltä tänään.,,,,,A
534,8,cs,Czech,Počasí dnes vypadá dokonale.,,,,,A
535,8,hu,Hungarian,Tökéletesnek tűnik ma az idő.,,,,,A
536,8,ro,Romanian,Vremea pare perfectă astăzi.,,,,,A
537,8,bg,Bulgarian,Времето изглежда перфектно днес.,Vremeto izglezhda perfektno dnes.,,,,A
538,8,sr,Serbian,Време изгледа савршено данас.,Vreme izgleda savršeno danas.,,,,A
539,8,sk,Slovak,Počasie dnes vyzerá dokonale.,,,,,A
540,8,sl,Slovenian,Vreme je danes videti popolno.,,,,,A
541,8,lt,Lithuanian,Šiandien oras atrodo tobulas.,,,,,A
542,8,lv,Latvian,Laiks šodien izskatās lielisks.,,,,,A
543,8,et,Estonian,Ilm näib täna täiuslik.,,,,,A
544,8,he,Hebrew,מזג האוויר נראה מושלם היום.,Mezeg ha'avir nir'eh mushlam hayom.,,,,A
545,8,ha,Hausa,Yanayin yana da kyau sosai yau.,,,,,A
546,8,yo,Yoruba,Oju-ọjọ́ ti dabi pe ó pẹ́ lọ́nìí.,,,,,A
547,8,ig,Igbo,Ihu igwe dị ka ọ zuru oke taa.,,,,,A
548,8,am,Amharic,ዛሬ አየሩ ፍጹም ይመስላል。,Zare ayeru fetsum yemeslal.,,,,A
549,8,ti,Tigrinya,ኩነታት ኣየር ሎሚ ፍጹም ይመስል ኣሎ።,Kunetat ayer lomi fetsum yemesil alo.,,,,A
550,8,ne,Nepali,आजको मौसम एकदम राम्रो देखिन्छ।,Ājako mausama ekadama rāmrō dekhincha.,,,,A
551,8,ta,Tamil,இன்றைய வானிலை சரியாகத் தெரிகிறது.,Iṉṟaiya vāṉilai cariyākat terikiṟatu.,,,,A
552,8,te,Telugu,ఈ రోజు వాతావరణం పరిపూర్ణంగా కనిపిస్తుంది.,Ī rōju vātāvaraṇaṁ paripūrṇaṅgā kanipistundi.,,,,A
553,8,ml,Malayalam,ഇന്നത്തെ കാലാവസ്ഥ തികഞ്ഞതായി തോന്നുന്നു.,Innatte kālāvastha tikaññatāyi tōnnunnu.,,,,A
554,8,mr,Marathi,आज हवामान अगदी परिपूर्ण दिसत आहे.,Āja havāmāna agadī paripūrṇa disata āhe.,,,,A
555,8,pa,Punjabi,ਅੱਜ ਮੌਸਮ ਬਿਲਕੁਲ ਸਹੀ ਜਾਪਦਾ ਹੈ।,Aja mausama bilakula sahī jāpadā hai.,,,,A
556,8,gu,Gujarati,આજે હવામાન સંપૂર્ણ દેખાય છે.,Ājē havāmāna sampūrṇa dēkhāya chē.,,,,A
557,8,si,Sinhala,අද කාලගුණය පරිපූර්ණයි.,Ada kālaguṇaya paripūrṇayi.,,,,A
558,8,km,Khmer,អាកាសធាតុថ្ងៃនេះមើលទៅល្អឥតខ្ចោះ។,Akasatheath thngay nih meul tow la or toch khaoh.,,,,A
559,8,is,Icelandic,Veðrið lítur fullkomið út í dag.,,,,,A
560,8,tl,Tagalog / Filipino,Mukhang perpekto ang panahon ngayon.,,,,,A
561,8,ms,Malay,Cuaca kelihatan sempurna hari ini.,,,,,A
562,8,jv,Javanese,Cuaca dina iki katon sampurna.,,,,,A
563,8,kk,Kazakh,Бүгін ауа райы тамаша көрінеді.,Bügin awa raiy tamaşa körinedi.,,,,A
564,8,uz,Uzbek,Bugun ob-havo mukammal ko'rinadi.,,,,,A
565,8,mn,Mongolian,Өнөөдөр цаг агаар төгс харагдаж байна.,Önöödör tsag agaar tögs kharagdaj baina.,,,,A
566,8,ka,Georgian,დღეს ამინდი სრულყოფილად გამოიყურება.,Dghes amindi srulq'opilad gamoiyureba.,,,,A
567,8,hy,Armenian,Եղանակն այսօր կատարյալ է երևում։,Yeghanakn aysor kataryal e yerevum.,,,,A
568,8,eu,Basique,Eguraldiak egun perfektua du gaur.,,,,,A
569,8,ca,Catalan,El temps sembla perfecte avui.,,,,,A
570,8,gl,Galician,O tempo parece perfecto hoxe.,,,,,A
571,8,ga,Irish (Gaeilge),Tá an aimsir go hiontach inniu.,,,,,A
572,8,cy,Welsh,Mae'r tywydd yn edrych yn berffaith heddiw.,,,,,A
573,8,gd,Scottish Gaelic,Tha an aimsir a' coimhead foirfe an-diugh.,,,,,A
574,8,lb,Luxembourgish,D'Wieder gesäit haut perfekt aus.,,,,,A
575,8,eo,Esperanto,La vetero ŝajnas perfekta hodiaŭ.,,,,,A
576,8,la,Latin,Tempestas hodie perfecta videtur.,,,,,A
577,9,en,English,Turn left at the next traffic light.,,,,,A
578,9,es,Spanish,Gira a la izquierda en el próximo semáforo.,,,,,A
579,9,fr,French,Tournez à gauche au prochain feu rouge.,,,,,A
580,9,pt,Portuguese,Vire à esquerda no próximo semáforo.,,,,,A
581,9,de,German,Biegen Sie an der nächsten Ampel links ab.,,,,,A
582,9,it,Italian,Gira a sinistra al prossimo semaforo.,,,,,A
583,9,ru,Russian,Поверните налево на следующем светофоре.,,,,,A
584,9,ar,Arabic,انعطف يساراً عند إشارة المرور التالية.,In'atif yasaran 'ind ishara al-murur al-taliah.,,,,A
585,9,hi,Hindi,अगले ट्रैफिक लाइट पर बाएं मुड़ें।,Agale traffic light par baen muden.,,,,A
586,9,bn,Bengali,পরের ট্রাফিক লাইটে বাঁদিকে ঘুরুন।,Por-er traffic light-e bam dike ghurun.,,,,A
587,9,ur,Urdu,اگلے ٹریفک لائٹ پر بائیں مڑیں۔,Agle traffic light par baein mudiyein.,,,,A
588,9,fa,Persian,در چراغ راهنمایی بعدی به چپ بپیچید.,Dar cheragh-e rahnamayi badi be chap bepichid.,,,,A
589,9,tr,Turkish,Bir sonraki trafik ışığında sola dönün.,,,,,A
590,9,ja,Japanese,次の信号を左に曲がってください。,Tsugi no shingō o hidari ni magatte kudasai.,,,,A
591,9,ko,Korean,다음 신호등에서 좌회전하세요.,Daeum sinhodeung-eseo jwahoejeonhaseyo.,,,,A
592,9,zh-cn,Mandarin (Simplified),在下一个红绿灯处左转。,,zài xià yī gè hónglǜdēng chù zuǒ zhuǎn.,,A
593,9,zh-tw,Mandarin (Traditional),在下一個紅綠燈處左轉。,,zài xià yī gè hónglǜdēng chù zuǒ zhuǎn.,,A
594,9,vi,Vietnamese,Rẽ trái ở đèn giao thông tiếp theo.,,,,,A
595,9,th,Thai,เลี้ยวซ้ายที่ไฟจราจรถัดไป,Lêīyŷ s̄āy thī̀ fị crācr thạt pị,,,,A
596,9,id,Indonesian,Belok kiri di lampu lalu lintas berikutnya.,,,,,A
597,9,sw,Swahili,Pinda kushoto kwenye taa ya trafiki inayofuata.,,,,,A
598,9,nl,Dutch,Sla links af bij het volgende verkeerslicht.,,,,,A
599,9,pl,Polish,Skręć w lewo przy następnych światłach.,,,,,A
600,9,uk,Ukrainian,Поверніть ліворуч на наступному світлофорі.,,,,,A
601,9,el,Greek,Στρίψτε αριστερά στο επόμενο φανάρι.,Strípste aristerá sto epómeno fanári.,,,,A
602,9,sv,Swedish,Sväng vänster vid nästa trafikljus.,,,,,A
603,9,no,Norwegian,Sving til venstre ved neste trafikklys.,,,,,A
604,9,da,Danish,Drej til venstre ved næste lyskryds.,,,,,A
605,9,fi,Finnish,Käänny vasemmalle seuraavissa liikennevaloissa.,,,,,A
606,9,cs,Czech,Odbočte vlevo na další křižovatce se semaforem.,,,,,A
607,9,hu,Hungarian,Forduljon balra a következő közlekedési lámpánál.,,,,,A
608,9,ro,Romanian,Virați la stânga la următorul semafor.,,,,,A
609,9,bg,Bulgarian,Завийте наляво на следващия светофар.,Zaviyte nalayvo na sledvashtiya svetofar.,,,,A
610,9,sr,Serbian,Скрените лево на следећем семафору.,Skrenite levo na sledećem semaforu.,,,,A
611,9,sk,Slovak,Odbočte doľava na ďalšej semaforovej križovatke.,,,,,A
612,9,sl,Slovenian,Zavijte levo pri naslednji semaforski luči.,,,,,A
613,9,lt,Lithuanian,Pasukite į kairę kitame šviesofore.,,,,,A
614,9,lv,Latvian,Iegriezieties pa kreisi nākamajā luksoforā.,,,,,A
615,9,et,Estonian,Pöörake vasakule järgmisel fooril.,,,,,A
616,9,he,Hebrew,פנה שמאלה ברמזור הבא.,Pneh smola barmazor haba.,,,,A
617,9,ha,Hausa,Juya hagu a fitilar zirga-zirga ta gaba.,,,,,A
618,9,yo,Yoruba,Tẹ̀ sí òṣì ní àwòrán ìrìnà tókàn bọ̀.,,,,,A
619,9,ig,Igbo,Tụgharịa n'aka ekpe na ọkụ okporo ụzọ na-esote.,,,,,A
620,9,am,Amharic,በሚቀጥለው ትራፊክ መብራት ግራ ብለህ ተዞር。,Bemiqet'lewu traffic mebrat gra bleh tezor.,,,,A
621,9,ti,Tigrinya,ኣብቲ ዝቕጽል ትራፊክ መብራት ጸጋም ተዛዝም።,Abti ziqsil traffic mebrat tsegam tezazim.,,,,A
622,9,ne,Nepali,अर्को ट्राफिक लाइटमा बायाँ मोड्नुहोस्।,Arko ṭrāphika lā'iṭamā bāyāṁ moḍnuhos.,,,,A
623,9,ta,Tamil,அடுத்த போக்குவரத்து விளக்கில் இடதுபுறம் திரும்புங்கள்.,Aṭutta pōkkuvarattu viḷakkil iṭatupuṟam tirumpuṅkaḷ.,,,,A
624,9,te,Telugu,తదుపరి ట్రాఫిక్ లైట్ వద్ద ఎడమవైపు తిరగండి.,Tadupari ṭrāphik laiṭ vadda eḍamavaipu tiragaṇḍi.,,,,A
625,9,ml,Malayalam,അടുത്ത ട്രാഫിക് ലൈറ്റിൽ ഇടതുവശത്ത് തിരിയുക.,Aṭutta ṭrāphik laiṟṟil iṭatuvaśatt tiriyuka.,,,,A
626,9,mr,Marathi,पुढील ट्रॅफिक लाइटवर डावीकडे वळा.,Puḍhīla ṭrĕphika lā'iṭavara ḍāvīkaḍē vaḷā.,,,,A
627,9,pa,Punjabi,ਅਗਲੀ ਟ੍ਰੈਫਿਕ ਲਾਈਟ 'ਤੇ ਖੱਬੇ ਮੁੜੋ।,Agalī ṭraiphika lā'īṭa 'tē khabbē muṛō.,,,,A
628,9,gu,Gujarati,આગામી ટ્રાફિક લાઈટ પર ડાબી બાજુ વળો.,Āgāmī ṭrāphika lā'īṭa para ḍābī bāju vaḷō.,,,,A
629,9,si,Sinhala,ඊළඟ ගමනාගමන ආලෝකයේ වමට හැරෙන්න.,Īḷaṁga gamanāgamana ālōkayē vamaṭa hærenna.,,,,A
630,9,km,Khmer,បត់ឆ្វេងនៅពន្លឺចរាចរណ៍បន្ទាប់។,Bat chhveung nov ponlue charachar bontob.,,,,A
631,9,is,Icelandic,Beygðu til vinstri við næsta umferðarljós.,,,,,A
632,9,tl,Tagalog / Filipino,Lumiko pakaliwa sa susunod na traffic light.,,,,,A
633,9,ms,Malay,Pusing kiri di lampu isyarat seterusnya.,,,,,A
634,9,jv,Javanese,Belok ngiwa ing lampu lalu lintas sabanjure.,,,,,A
635,9,kk,Kazakh,Келесі бағыттағы шамда солға бұрылыңыз.,Kelesi bağyttağy shamda solğa būrylyñyz.,,,,A
636,9,uz,Uzbek,Keyingi svetoforda chapga buriling.,,,,,A
637,9,mn,Mongolian,Дараагийн гэрлийн дохио дээр зүүн тийш эргэ.,Daraagiin gerliin dokhio deer züün tiish erge.,,,,A
638,9,ka,Georgian,შემდეგ გზის შუქნიშანთან მარცხნივ შემობრუნდით.,Shemdeg gzis shuknishantan markshniv shemobrundit.,,,,A
639,9,hy,Armenian,Թեքվեք ձախ հաջորդ լուսացույցի մոտ։,T'ek'vek' dzakh hadjord lusats'uyts'i mot.,,,,A
640,9,eu,Basque,Bira ezkerretara hurrengo semaforoan.,,,,,A
641,9,ca,Catalan,Gira a l'esquerra al proper semàfor.,,,,,A
642,9,gl,Galician,Xira á esquerda no seguinte semáforo.,,,,,A
643,9,ga,Irish (Gaeilge),Cas ar chlé ag an gcéad soilsi tráchta eile.,,,,,A
644,9,cy,Welsh,Trowch i'r chwith wrth y golau traffig nesaf.,,,,,A
645,9,gd,Scottish Gaelic,Tionndaidh gu clì aig an ath sholas trafaig.,,,,,A
646,9,lb,Luxembourgish,Dréint lénks um nächste Verkéiersluucht.,,,,,A
647,9,eo,Esperanto,Turnu maldekstren ĉe la sekva trafiklumilo.,,,,,A
648,9,la,Latin,Flecte sinistrorsum ad proximum lumen viatorium.,,,,,A
649,10,en,English,That's exactly what I was thinking.,,,,,B
650,10,es,Spanish,Eso es exactamente lo que estaba pensando.,,,,,B
651,10,fr,French,C'est exactement ce que je pensais.,,,,,B
652,10,pt,Portuguese,Isso é exatamente o que eu estava pensando.,,,,,B
653,10,de,German,Das ist genau das, was ich dachte.,,,,,B
654,10,it,Italian,È esattamente quello che stavo pensando.,,,,,B
655,10,ru,Russian,Это именно то, о чем я думал.,,,,,B
656,10,ar,Arabic,هذا بالضبط ما كنت أفكر فيه.,Hatha bil-dabt ma kuntu afakkir fih.,,,,B
657,10,hi,Hindi,यह वही है जो मैं सोच रहा था।,Yah vahi hai jo main soch raha tha.,,,,B
658,10,bn,Bengali,এটা ঠিক যেটা আমি ভাবছিলাম।,Eta thik jeta ami bhabchhilam.,,,,B
659,10,ur,Urdu,یہ وہی ہے جو میں سوچ رہا تھا۔,Yeh wahi hai jo main soch raha tha.,,,,B
660,10,fa,Persian,دقیقاً همان چیزی است که من فکر می‌کردم.,Daqiqan hamān chizi ast ke man fekr mikardam.,,,,B
661,10,tr,Turkish,Tam da benim düşündüğüm şey buydu.,,,,,B
662,10,ja,Japanese,まさに私が考えていたことです。,Masani watashi ga kangaete ita koto desu.,,,,B
663,10,ko,Korean,그게 바로 제가 생각하던 거예요.,Geuge baro jega saenggakadeon geoyeyo.,,,,B
664,10,zh-cn,Mandarin (Simplified),那正是我在想的。,,nà zhèngshì wǒ zài xiǎng de.,,B
665,10,zh-tw,Mandarin (Traditional),那正是我在想的。,,nà zhèngshì wǒ zài xiǎng de.,,B
666,10,vi,Vietnamese,Đó chính xác là điều tôi đang nghĩ.,,,,,B
667,10,th,Thai,นั่นคือสิ่งที่ฉันคิดพอดี,Nạ̀n khụ̄x s̄ìng thī̀ c̄hạn khid phx dī,,,,B
668,10,id,Indonesian,Itu tepat seperti yang saya pikirkan.,,,,,B
669,10,sw,Swahili,Ndio hasa nilichokuwa nikifikiria.,,,,,B
670,10,nl,Dutch,Dat is precies wat ik dacht.,,,,,B
671,10,pl,Polish,To dokładnie to, co myślałem.,,,,,B
672,10,uk,Ukrainian,Це саме те, що я думав.,,,,,B
673,10,el,Greek,Αυτό ακριβώς σκεφτόμουν.,Aftó akrivós skeftómun.,,,,B
674,10,sv,Swedish,Det är precis vad jag tänkte.,,,,,B
675,10,no,Norwegian,Det er akkurat det jeg tenkte.,,,,,B
676,10,da,Danish,Det er præcis, hvad jeg tænkte.,,,,,B
677,10,fi,Finnish,Se on juuri sitä, mitä ajattelin.,,,,,B
678,10,cs,Czech,To je přesně to, co jsem si myslel.,,,,,B
679,10,hu,Hungarian,Pontosan erre gondoltam.,,,,,B
680,10,ro,Romanian,Exact la asta mă gândeam.,,,,,B
681,10,bg,Bulgarian,Точно това мислех.,Tochno tova misleh.,,,,B
682,10,sr,Serbian,То је управо оно што сам мислио.,To je upravo ono što sam mislio.,,,,B
683,10,sk,Slovak,To je presne to, čo som si myslel.,,,,,B
684,10,sl,Slovenian,Točno to sem mislil.,,,,,B
685,10,lt,Lithuanian,Tiksliai tai aš ir galvojau.,,,,,B
686,10,lv,Latvian,Tieši to es domāju.,,,,,B
687,10,et,Estonian,Seda ma just mõtlesingi.,,,,,B
688,10,he,Hebrew,זה בדיוק מה שחשבתי.,Zeh bidiyuk ma shechashavti.,,,,B
689,10,ha,Hausa,Wannan shi ne ainihin abin da nake tunani.,,,,,B
690,10,yo,Yoruba,Ìyẹn ni gangan ohun tí mo ń ronu.,,,,,B
691,10,ig,Igbo,Nke ahụ bụ kpọmkwem ihe m na-eche.,,,,,B
692,10,am,Amharic,እርሱ እኔ የማሰላሰለው ነው።,Ersu ene yemaselasele new.,,,,B
693,10,ti,Tigrinya,እዚ እየ እንተ ዝመሰል ብምንታይ ኢየ።,Ezi eye ente zimesel bimniti iye.,,,,B
694,10,ne,Nepali,त्यो नै मैले सोचिरहेको थिएँ।,Tyo nai maile sociraheko thieṁ.,,,,B
695,10,ta,Tamil,அதுதான் நான் நினைத்துக் கொண்டிருந்தது.,Aduthaan naan ninaithuk kondirunthathu.,,,,B
696,10,te,Telugu,అదే నేను ఆలోచిస్తున్నది.,Adē nēnu ālōcistunnadi.,,,,B
697,10,ml,Malayalam,അതാണ് ഞാൻ ചിന്തിച്ചുകൊണ്ടിരുന്നത്.,Atāṇ ñān cinticcukeāṇṭirunnat.,,,,B
698,10,mr,Marathi,तेच मी विचार करत होतो.,Tēca mī vicāra karata hōtō.,,,,B
699,10,pa,Punjabi,ਇਹ ਉਹੀ ਹੈ ਜੋ ਮੈਂ ਸੋਚ ਰਿਹਾ ਸੀ।,Iha uhī hai jō maiṁ sōca rihā sī.,,,,B
700,10,gu,Gujarati,એ જ હું વિચારતો હતો.,Ē ja huṁ vicāratō hatō.,,,,B
701,10,si,Sinhala,ඒක තමයි මම හිතපු එක.,Ēka tamayi mama hitapu eka.,,,,B
702,10,km,Khmer,នោះពិតជាអ្វីដែលខ្ញុំកំពុងគិត។,Noh pit chea avei del khnhom kompong kit.,,,,B
703,10,is,Icelandic,Það er einmitt það sem ég var að hugsa.,,,,,B
704,10,tl,Tagalog / Filipino,Iyon mismo ang iniisip ko.,,,,,B
705,10,ms,Malay,Itu betul-betul apa yang saya fikirkan.,,,,,B
706,10,jv,Javanese,Iku persis sing tak pikirke.,,,,,B
707,10,kk,Kazakh,Дәл менің ойлағаным сол.,Däl meniñ oylağanım sol.,,,,B
708,10,uz,Uzbek,Aynan men o'ylayotgan narsam shu.,,,,,B
709,10,mn,Mongolian,Энэ яг л миний бодож байсан зүйл.,Ene yag l miniin bodoj baisan züil.,,,,B
710,10,ka,Georgian,სწორედ ის მეფიქრებოდა.,Sts'ored is mep'ikreboda.,,,,B
711,10,hy,Armenian,Դա հենց այն է, ինչ մտածում էի։,Da henc ayn e, inch mtatsum ei.,,,,B
712,10,eu,Basque,Hori zehazki pentsatzen ari nintzen.,,,,,B
713,10,ca,Catalan,Això és exactament el que pensava.,,,,,B
714,10,gl,Galician,Iso é exactamente o que eu pensaba.,,,,,B
715,10,ga,Irish (Gaeilge),Sin go díreach a bhí mé ag smaoineamh.,,,,,B
716,10,cy,Welsh,Dyna'n union beth oeddwn i'n feddwl.,,,,,B
717,10,gd,Scottish Gaelic,Sin dìreach a bha mi a' smaoineachadh.,,,,,B
718,10,lb,Luxembourgish,Dat ass genee wat ech geduecht hunn.,,,,,B
719,10,eo,Esperanto,Tio estas ĝuste kion mi pensis.,,,,,B
720,10,la,Latin,Id ipsum est quod cogitabam.,,,,,B
721,11,en,English,She is my best friend.,,,,,A
722,11,es,Spanish,Ella es mi mejor amiga.,,,,,A
723,11,fr,French,Elle est ma meilleure amie.,,,,,A
724,11,pt,Portuguese,Ela é minha melhor amiga.,,,,,A
725,11,de,German,Sie ist meine beste Freundin.,,,,,A
726,11,it,Italian,Lei è la mia migliore amica.,,,,,A
727,11,ru,Russian,Она моя лучшая подруга.,,,,,A
728,11,ar,Arabic,هي صديقتي المفضلة.,Hi sadiqati al-mufaddala.,,,,A
729,11,hi,Hindi,वह मेरी सबसे अच्छी दोस्त है।,Vah meri sabse acchi dost hai.,,,,A
730,11,bn,Bengali,সে আমার সেরা বন্ধু।,Se amar sera bondhu.,,,,A
731,11,ur,Urdu,وہ میری بہترین دوست ہے۔,Woh meri behtareen dost hai.,,,,A
732,11,fa,Persian,او بهترین دوست من است.,U behtarin doost-e man ast.,,,,A
733,11,tr,Turkish,O benim en iyi arkadaşım.,,,,,A
734,11,ja,Japanese,彼女は私の親友です。,Kanojo wa watashi no shin'yū desu.,,,,A
735,11,ko,Korean,그녀는 나의 가장 친한 친구예요.,Geunyeoneun naui gajang chinhan chinguyeyo.,,,,A
736,11,zh-cn,Mandarin (Simplified),她是我最好的朋友。,,tā shì wǒ zuì hǎo de péngyou.,,A
737,11,zh-tw,Mandarin (Traditional),她是我最好的朋友。,,tā shì wǒ zuì hǎo de péngyou.,,A
738,11,vi,Vietnamese,Cô ấy là bạn thân nhất của tôi.,,,,,A
739,11,th,Thai,เธอเป็นเพื่อนสนิทที่สุดของฉัน,Thoe pĕn p̄hū̂xn s̄nit thī̀s̄ud k̄hxng c̄hạn,,,,A
740,11,id,Indonesian,Dia adalah teman baikku.,,,,,A
741,11,sw,Swahili,Yeye ni rafiki yangu wa karibu sana.,,,,,A
742,11,nl,Dutch,Zij is mijn beste vriendin.,,,,,A
743,11,pl,Polish,Ona jest moją najlepszą przyjaciółką.,,,,,A
744,11,uk,Ukrainian,Вона моя найкраща подруга.,,,,,A
745,11,el,Greek,Αυτή είναι η καλύτερή μου φίλη.,Aftí eínai i kalýterí mou fíli.,,,,A
746,11,sv,Swedish,Hon är min bästa vän.,,,,,A
747,11,no,Norwegian,Hun er min beste venn.,,,,,A
748,11,da,Danish,Hun er min bedste ven.,,,,,A
749,11,fi,Finnish,Hän on paras ystäväni.,,,,,A
750,11,cs,Czech,Ona je moje nejlepší kamarádka.,,,,,A
751,11,hu,Hungarian,Ő a legjobb barátnőm.,,,,,A
752,11,ro,Romanian,Ea este cea mai bună prietenă a mea.,,,,,A
753,11,bg,Bulgarian,Тя е най-добрата ми приятелка.,Tya e nay-dobrata mi priyatelka.,,,,A
754,11,sr,Serbian,Она је моја најбоља другарица.,Ona je moja najbolja drugarica.,,,,A
755,11,sk,Slovak,Ona je moja najlepšia kamarátka.,,,,,A
756,11,sl,Slovenian,Ona je moja najboljša prijateljica.,,,,,A
757,11,lt,Lithuanian,Ji mano geriausia draugė.,,,,,A
758,11,lv,Latvian,Vina ir mana labākā draudzene.,,,,,A
759,11,et,Estonian,Ta on mu parim sõber.,,,,,A
760,11,he,Hebrew,היא החברה הכי טובה שלי.,Hi hachavera hachi tova sheli.,,,,A
761,11,ha,Hausa,Ita ce abokiyata mafi kyau.,,,,,A
762,11,yo,Yoruba,Ó jẹ́ ọ̀rẹ́ mi tó dára jù lọ.,,,,,A
763,11,ig,Igbo,Ọ bụ ezigbo enyi m.,,,,,A
764,11,am,Amharic,እሷ ከፍተኛዬ ጓደኛዬ ናት።,Esua keftenyaye gwadenyaye nat.,,,,A
765,11,ti,Tigrinya,ንሳ ሓደ ካብቶም ዝለዓለ ኣዕሩኽተይ እያ።,Nisa hade kabtom zile'ale a'erukhtey iya.,,,,A
766,11,ne,Nepali,उनी मेरी सबैभन्दा राम्रो साथी हुन्।,Unī merī sabaih͂dā rāmrō sāthī hun.,,,,A
767,11,ta,Tamil,அவள் எனது சிறந்த நண்பர்.,Avaḷ eṉatu ciṟanta naṇpar.,,,,A
768,11,te,Telugu,ఆమె నా ఉత్తమ స్నేహితురాలు.,Āme nā uttama snēhithurālu.,,,,A
769,11,ml,Malayalam,അവൾ എന്റെ ഏറ്റവും നല്ല സുഹൃത്താണ്.,Avaḷ enṟe ēṟṟavuṁ nalla suhr̥ttāṇ.,,,,A
770,11,mr,Marathi,ती माझी सर्वोत्तम मैत्रीण आहे.,Tī mājhī sarvōttama maitrīṇa āhe.,,,,A
771,11,pa,Punjabi,ਉਹ ਮੇਰੀ ਸਭ ਤੋਂ ਵਧੀਆ ਦੋਸਤ ਹੈ।,Uh merī sabha tōṁ vadhī'ā dōsata hai.,,,,A
772,11,gu,Gujarati,તેણી મારી શ્રેષ્ઠ મિત્ર છે.,Tēṇī mārī śrēṣṭha mitra chē.,,,,A
773,11,si,Sinhala,ඇය මගේ හොඳම සහෝදරයාය.,Æya magē hon̆dama sahōdarayāya.,,,,A
774,11,km,Khmer,នាងគឺជាមិត្តភក្តិល្អបំផុតរបស់ខ្ញុំ។,Neang keu chea mith phokh la or bomphot robos khnhom.,,,,A
775,11,is,Icelandic,Hún er besta vinur minn.,,,,,A
776,11,tl,Tagalog / Filipino,Siya ang pinakamatalik kong kaibigan.,,,,,A
777,11,ms,Malay,Dia adalah kawan baik saya.,,,,,A
778,11,jv,Javanese,Dheweke kancaku sing paling apik.,,,,,A
779,11,kk,Kazakh,Ол менің ең жақсы досым.,Ol meniñ eñ jaqsy dosym.,,,,A
780,11,uz,Uzbek,U mening eng yaxshi do'stim.,,,,,A
781,11,mn,Mongolian,Тэр бол миний хамгийн сайн найз.,Ter bol miniin khamgiin sain naiz.,,,,A
782,11,ka,Georgian,ის ჩემი საუკეთესო მეგობარია.,Is chemi sauk'et'eso megobaria.,,,,A
783,11,hy,Armenian,Նա իմ լավագույն ընկերուհին է։,Na im lavaguyrn ynkeruhin e.,,,,A
784,11,eu,Basque,Hura nire lagunik onena da.,,,,,A
785,11,ca,Catalan,Ella és la meva millor amiga.,,,,,A
786,11,gl,Galician,Ela é a miña mellor amiga.,,,,,A
787,11,ga,Irish (Gaeilge),Is í mo chara is fearr í.,,,,,A
788,11,cy,Welsh,Hi yw fy ffrind gorau.,,,,,A
789,11,gd,Scottish Gaelic,Is i mo charaid as fheàrr a th' innte.,,,,,A
790,11,lb,Luxembourgish,Si ass meng bescht Frëndin.,,,,,A
791,11,eo,Esperanto,Ŝi estas mia plej bona amiko.,,,,,A
792,11,la,Latin,Haec mea optima amica est.,,,,,A
793,12,en,English,I like apples.,,,,,A
794,12,es,Spanish,Me gustan las manzanas.,,,,,A
795,12,fr,French,J'aime les pommes.,,,,,A
796,12,pt,Portuguese,Eu gosto de maçãs.,,,,,A
797,12,de,German,Ich mag Äpfel.,,,,,A
798,12,it,Italian,Mi piacciono le mele.,,,,,A
799,12,ru,Russian,Мне нравятся яблоки.,,,,,A
800,12,ar,Arabic,أحب التفاح.,Uhibbu al-tuffah.,,,,A
801,12,hi,Hindi,मुझे सेब पसंद हैं।,Mujhe seb pasand hain.,,,,A
802,12,bn,Bengali,আমি আপেল পছন্দ করি।,Ami apel pochondo kori.,,,,A
803,12,ur,Urdu,مجھے سیب پسند ہیں۔,Mujhe seb pasand hain.,,,,A
804,12,fa,Persian,من سیب دوست دارم.,Man sib dust daram.,,,,A
805,12,tr,Turkish,Elmaları severim.,,,,,A
806,12,ja,Japanese,私はりんごが好きです。,Watashi wa ringo ga suki desu.,,,,A
807,12,ko,Korean,저는 사과를 좋아해요.,Jeoneun sagwareul joahaeyo.,,,,A
808,12,zh-cn,Mandarin (Simplified),我喜欢苹果。,,wǒ xǐhuān píngguǒ.,,A
809,12,zh-tw,Mandarin (Traditional),我喜歡蘋果。,,wǒ xǐhuān píngguǒ.,,A
810,12,vi,Vietnamese,Tôi thích táo.,,,,,A
811,12,th,Thai,ฉันชอบแอปเปิ้ล,Chạn chxb xæp peîn,,,,A
812,12,id,Indonesian,Saya suka apel.,,,,,A
813,12,sw,Swahili,Ninapenda maapulo.,,,,,A
814,12,nl,Dutch,Ik hou van appels.,,,,,A
815,12,pl,Polish,Lubię jabłka.,,,,,A
816,12,uk,Ukrainian,Мені подобаються яблука.,,,,,A
817,12,el,Greek,Μου αρέσουν τα μήλα.,Mou arésoun ta míla.,,,,A
818,12,sv,Swedish,Jag gillar äpplen.,,,,,A
819,12,no,Norwegian,Jeg liker epler.,,,,,A
820,12,da,Danish,Jeg kan lide æbler.,,,,,A
821,12,fi,Finnish,Pidän omenoista.,,,,,A
822,12,cs,Czech,Mám rád jablka.,,,,,A
823,12,hu,Hungarian,Szeretem az almákat.,,,,,A
824,12,ro,Romanian,Mie îmi plac merele.,,,,,A
825,12,bg,Bulgarian,Харесвам ябълки.,Haresvam yabalki.,,,,A
826,12,sr,Serbian,Волим јабуке.,Volim jabuke.,,,,A
827,12,sk,Slovak,Mám rád jablká.,,,,,A
828,12,sl,Slovenian,Rad imam jabolka.,,,,,A
829,12,lt,Lithuanian,Man patinka obuoliai.,,,,,A
830,12,lv,Latvian,Man patīk āboli.,,,,,A
831,12,et,Estonian,Mulle meeldivad õunad.,,,,,A
832,12,he,Hebrew,אני אוהב תפוחים.,Ani ohev tapuchim.,,,,A
833,12,ha,Hausa,Ina son apple.,,,,,A
834,12,yo,Yoruba,Mo fẹ́ran àpúṣù.,,,,,A
835,12,ig,Igbo,Ọ masịrị m apụl.,,,,,A
836,12,am,Amharic,እኔ አፕል እወዳለሁ።,Ene apel ewewedalehu.,,,,A
837,12,ti,Tigrinya,ኣነ ኣፕል እፈትወዮ እየ።,Ana apel ifetweyo iye.,,,,A
838,12,ne,Nepali,मलाई स्याउ मन पर्छ।,Malā'ī syā'u mana parcha.,,,,A
839,12,ta,Tamil,நான் ஆப்பிள்களை விரும்புகிறேன்.,Nāṉ āppiḷkaḷai virumpukiṟēṉ.,,,,A
840,12,te,Telugu,నాకు ఆపిల్ పండ్లు ఇష్టం.,Nāku āpil paṇḍlu iṣṭaṁ.,,,,A
841,12,ml,Malayalam,എനിക്ക് ആപ്പിളുകൾ ഇഷ്ടമാണ്.,Enikku āppiḷukaḷ iṣṭamāṇ.,,,,A
842,12,mr,Marathi,मला सफरचंद आवडतात.,Malā sapharacanda āvaḍatāta.,,,,A
843,12,pa,Punjabi,ਮੈਨੂੰ ਸੇਬ ਪਸੰਦ ਹਨ।,Mainū sēba pasada hana.,,,,A
844,12,gu,Gujarati,મને સફરજન ગમે છે.,Manē sapharajana gamē chē.,,,,A
845,12,si,Sinhala,මම ඇපල් කැමතියි.,Mama æpal kæmatiyi.,,,,A
846,12,km,Khmer,ខ្ញុំចូលចិត្តផ្លែប៉ោម។,Khnhom cholchet phle paom.,,,,A
847,12,is,Icelandic,Mér líkar epli.,,,,,A
848,12,tl,Tagalog / Filipino,Gusto ko ng mansanas.,,,,,A
849,12,ms,Malay,Saya suka epal.,,,,,A
850,12,jv,Javanese,Aku seneng apel.,,,,,A
851,12,kk,Kazakh,Мен алмаларды ұнатамын.,Men almarlardy unatamyn.,,,,A
852,12,uz,Uzbek,Men olmalarni yoqtiraman.,,,,,A
853,12,mn,Mongolian,Би алим дуртай.,Bi alim durtai.,,,,A
854,12,ka,Georgian,მე მიყვარს ვაშლი.,Me miq'vars vashli.,,,,A
855,12,hy,Armenian,Ես սիրում եմ խնձոր։,Yes sirum em khndzor.,,,,A
856,12,eu,Basque,Sagarrak gustatzen zaizkit.,,,,,A
857,12,ca,Catalan,M'agraden les pomes.,,,,,A
858,12,gl,Galician,Gústame as mazás.,,,,,A
859,12,ga,Irish (Gaeilge),Is maith liom úlla.,,,,,A
860,12,cy,Welsh,Dwi'n hoffi afalau.,,,,,A
861,12,gd,Scottish Gaelic,Is toil leam ùbhlan.,,,,,A
862,12,lb,Luxembourgish,Ech hale gär Äppel.,,,,,A
863,12,eo,Esperanto,Ŝatas mi pomojn.,,,,,A
864,12,la,Latin,Poma amo.,,,,,A
865,13,en,English,The sun is bright today.,,,,,A
866,13,es,Spanish,El sol está brillante hoy.,,,,,A
867,13,fr,French,Le soleil est brillant aujourd'hui.,,,,,A
868,13,pt,Portuguese,O sol está brilhante hoje.,,,,,A
869,13,de,German,Die Sonne ist heute hell.,,,,,A
870,13,it,Italian,Il sole è luminoso oggi.,,,,,A
871,13,ru,Russian,Солнце сегодня яркое.,,,,,A
872,13,ar,Arabic,الشمس ساطعة اليوم.,Al-shams sati'a al-yawm.,,,,A
873,13,hi,Hindi,आज सूरज चमकीला है।,Aaj suraj chamkeela hai.,,,,A
874,13,bn,Bengali,আজ সূর্য উজ্জ্বল।,Aaj surjo ujjol.,,,,A
875,13,ur,Urdu,آج سورج چمکدار ہے۔,Aaj suraj chamakdar hai.,,,,A
876,13,fa,Persian,امروز خورشید درخشان است.,Emruz khorshid derakhshan ast.,,,,A
877,13,tr,Turkish,Bugün güneş parlaktır.,,,,,A
878,13,ja,Japanese,今日の太陽は明るいです。,Kyō no taiyō wa akarui desu.,,,,A
879,13,ko,Korean,오늘 태양이 밝아요.,Oneul taeyang-i balgayo.,,,,A
880,13,zh-cn,Mandarin (Simplified),今天的太阳很明亮。,,jīntiān de tàiyáng hěn míngliàng.,,A
881,13,zh-tw,Mandarin (Traditional),今天的太陽很明亮。,,jīntiān de tàiyáng hěn míngliàng.,,A
882,13,vi,Vietnamese,Mặt trời hôm nay rất sáng.,,,,,A
883,13,th,Thai,วันนี้ดวงอาทิตย์สว่างมาก,Wạn nī̂ dūng xāthity̒ s̄ẁāng māk,,,,A
884,13,id,Indonesian,Matahari cerah hari ini.,,,,,A
885,13,sw,Swahili,Jua linaangaza leo.,,,,,A
886,13,nl,Dutch,De zon is helder vandaag.,,,,,A
887,13,pl,Polish,Słońce jest jasne dzisiaj.,,,,,A
888,13,uk,Ukrainian,Сонце сьогодні яскраве.,,,,,A
889,13,el,Greek,Ο ήλιος είναι φωτεινός σήμερα.,O ílios eínai foteinós símera.,,,,A
890,13,sv,Swedish,Solen är klar idag.,,,,,A
891,13,no,Norwegian,Solen er sterk i dag.,,,,,A
892,13,da,Danish,Solen er klar i dag.,,,,,A
893,13,fi,Finnish,Aurinko on kirkas tänään.,,,,,A
894,13,cs,Czech,Slunce je dnes jasné.,,,,,A
895,13,hu,Hungarian,A nap ragyogó ma.,,,,,A
896,13,ro,Romanian,Soarele este strălucitor astăzi.,,,,,A
897,13,bg,Bulgarian,Слънцето е ярко днес.,Slantseto e yarko dnes.,,,,A
898,13,sr,Serbian,Сунце је јарко данас.,Sunce je jarko danas.,,,,A
899,13,sk,Slovak,Slnko je dnes jasné.,,,,,A
900,13,sl,Slovenian,Sonce je danes svetlo.,,,,,A
901,13,lt,Lithuanian,Šiandien saulė šviesi.,,,,,A
902,13,lv,Latvian,Saule šodien spīd spoži.,,,,,A
903,13,et,Estonian,Päike on täna ere.,,,,,A
904,13,he,Hebrew,השמש בוהקת היום.,HaShemesh boheket hayom.,,,,A
905,13,ha,Hausa,Rana tana da haske yau.,,,,,A
906,13,yo,Yoruba,Oòrùn ní mọ́ lónìí.,,,,,A
907,13,ig,Igbo,Anyanwụ na-egbuke egbuke taa.,,,,,A
908,13,am,Amharic,ጸሓይ ዛሬ ብሩህ ናት።,Tsehaye zare bruh nat.,,,,A
909,13,ti,Tigrinya,ጸሓይ ሎሚ ብርሃን እያ።,Sehay lomi birhan iya.,,,,A
910,13,ne,Nepali,आज सूर्य चम्किलो छ।,Āja sūrya camkilō cha.,,,,A
911,13,ta,Tamil,இன்று சூரியன் பிரகாசமாக இருக்கிறது.,Iṉṟu sūriyaṉ pirakācamāka irukkiṟatu.,,,,A
912,13,te,Telugu,ఈ రోజు సూర్యుడు ప్రకాశవంతంగా ఉన్నాడు.,Ī rōju sūryuḍu prakāśavantaṅgā unnāḍu.,,,,A
913,13,ml,Malayalam,ഇന്ന് സൂര്യൻ പ്രകാശമാനമാണ്.,Inn sūryan prakāśamānamāṇ.,,,,A
914,13,mr,Marathi,आज सूर्य तेजस्वी आहे.,Āja sūrya tējasvī āhe.,,,,A
915,13,pa,Punjabi,ਅੱਜ ਸੂਰਜ ਚਮਕਦਾਰ ਹੈ।,Aja sūraja camakadāra hai.,,,,A
916,13,gu,Gujarati,આજે સૂર્ય તેજસ્વી છે.,Ājē sūrya tējasvī chē.,,,,A
917,13,si,Sinhala,අද හිරු බිම්බය බැහැවෙන් බැබළෙයි.,Ada hiru bim̆baya bæhæven bæbaḷeyi.,,,,A
918,13,km,Khmer,ថ្ងៃនេះព្រះអាទិត្យភ្លឺណាស់។,Thngay nih preah atity phleu nas.,,,,A
919,13,is,Icelandic,Sólin er björt í dag.,,,,,A
920,13,tl,Tagalog / Filipino,Matindi ang araw ngayon.,,,,,A
921,13,ms,Malay,Matahari terang hari ini.,,,,,A
922,13,jv,Javanese,Srengenge iki padhang banget.,,,,,A
923,13,kk,Kazakh,Бүгін күн жарық.,Bügin kün jaryq.,,,,A
924,13,uz,Uzbek,Bugun quyosh yorqin.,,,,,A
925,13,mn,Mongolian,Өнөөдөр нар гэрэлтэй байна.,Önöödör nar gereltei baina.,,,,A
926,13,ka,Georgia,დღეს მზე კაშკაშაა.,Dghes mze k'ashk'ashaa.,,,,A
927,13,hy,Armenian,Արևը պայծառ է այսօր։,Arevy paytsarr e aysor.,,,,A
928,13,eu,Basque,Eguzkia distiratsua da gaur.,,,,,A
929,13,ca,Catalan,El sol és brillant avui.,,,,,A
930,13,gl,Galician,O sol é brillante hoxe.,,,,,A
931,13,ga,Irish (Gaeilge),Tá an ghrian grianmhar inniu.,,,,,A
932,13,cy,Welsh,Mae'r haul yn ddisglair heddiw.,,,,,A
933,13,gd,Scottish Gaelic,Tha a' ghrian soilleir an-diugh.,,,,,A
934,13,lb,Luxembourgish,D'Sonn ass haut hell.,,,,,A
935,13,eo,Esperanto,La suno estas hela hodiaŭ.,,,,,A
936,13,la,Latin,Sol hodie splendet.,,,,,A
937,14,en,English,He walks to school every morning.,,,,,A
938,14,es,Spanish,Él camina a la escuela todas las mañanas.,,,,,A
939,14,fr,French,Il marche à l'école tous les matins.,,,,,A
940,14,pt,Portuguese,Ele anda para a escola todas as manhãs.,,,,,A
941,14,de,German,Er geht jeden Morgen zu Fuß zur Schule.,,,,,A
942,14,it,Italian,Lui va a scuola a piedi ogni mattina.,,,,,A
943,14,ru,Russian,Он ходит в школу каждое утро.,,,,,A
944,14,ar,Arabic,يمشي إلى المدرسة كل صباح.,Yamshi ila al-madrasa kulla sabah.,,,,A
945,14,hi,Hindi,वह हर सुबह स्कूल पैदल जाता है।,Vah har subah school paidal jata hai.,,,,A
946,14,bn,Bengali,সে প্রতিদিন সকালে স্কুলে হেঁটে যায়।,Se protidin sokale skule hete jay.,,,,A
947,14,ur,Urdu,وہ ہر صبح اسکول پیدل جاتا ہے۔,Woh har subah school paidal jata hai.,,,,A
948,14,fa,Persian,او هر صبح پیاده به مدرسه می‌رود.,U har sobh peyade be madrese miravad.,,,,A
949,14,tr,Turkish,Her sabah okula yürüyerek gider.,,,,,A
950,14,ja,Japanese,彼は毎朝学校まで歩きます。,Kare wa maiasa gakkō made arukimasu.,,,,A
951,14,ko,Korean,그는 매일 아침 학교에 걸어가요.,Geuneun maeil achim hakgyo-e georeogayo.,,,,A
952,14,zh-cn,Mandarin (Simplified),他每天早上走路去学校。,,tā měitiān zǎoshang zǒulù qù xuéxiào.,,A
953,14,zh-tw,Mandarin (Traditional),他每天早上走路去學校。,,tā měitiān zǎoshang zǒulù qù xuéxiào.,,A
954,14,vi,Vietnamese,Anh ấy đi bộ đến trường mỗi sáng.,,,,,A
955,14,th,Thai,เขามักจะเดินไปโรงเรียนทุกเช้า,Khā māk ca dein pị rongreīyn thuk chêā,,,,A
956,14,id,Indonesian,Dia berjalan ke sekolah setiap pagi.,,,,,A
957,14,sw,Swahili,Anaenda shuleni kwa miguu kila asubuhi.,,,,,A
958,14,nl,Dutch,Hij loopt elke ochtend naar school.,,,,,A
959,14,pl,Polish,On chodzi do szkoły każdego ranka.,,,,,A
960,14,uk,Ukrainian,Він ходить до школи кожного ранку.,,,,,A
961,14,el,Greek,Περπατάει στο σχολείο κάθε πρωί.,Perpatáei sto scholeío káthe proí.,,,,A
962,14,sv,Swedish,Han går till skolan varje morgon.,,,,,A
963,14,no,Norwegian,Han går til skolen hver morgen.,,,,,A
964,14,da,Danish,Han går i skole hver morgen.,,,,,A
965,14,fi,Finnish,Hän kävelee kouluun joka aamu.,,,,,A
966,14,cs,Czech,Chodí do školy každé ráno.,,,,,A
967,14,hu,Hungarian,Minden reggel gyalog megy iskolába.,,,,,A
968,14,ro,Romanian,El merge la școală în fiecare dimineață.,,,,,A
969,14,bg,Bulgarian,Той ходи до училище всяка сутрин.,Toi hodi do uchilishte vsyaka sutrin.,,,,A
970,14,sr,Serbian,Он хода до школе сваког јутра.,On hoda do škole svakog jutra.,,,,A
971,14,sk,Slovak,Chodí do školy každé ráno.,,,,,A
972,14,sl,Slovenian,Hodi v šolo vsako jutro.,,,,,A
973,14,lt,Lithuanian,Jis eina į mokyklą kiekvieną rytą.,,,,,A
974,14,lv,Latvian,Vins iet uz skolu katru rītu.,,,,,A
975,14,et,Estonian,Ta kõnnib iga hommik kooli.,,,,,A
976,14,he,Hebrew,הוא הולך לבית הספר כל בוקר.,Hu holech levet hasefer kol boker.,,,,A
977,14,ha,Hausa,Yana tafiya makaranta kowace safiya.,,,,,A
978,14,yo,Yoruba,Ó ń rìn lọ sí ilé-ìwé gbogbo ìrọ̀lẹ́.,,,,,A
979,14,ig,Igbo,Ọ na-aga ụlọ akwụkwọ kwa ụtụtụ.,,,,,A
980,14,am,Amharic,እሱ በእግር ወደ ትምህርት ቤት ይሄዳል በየጧት።,Esui beegir wede timihrt bet yihedal beyet'at.,,,,A
981,14,ti,Tigrinya,ንሱ ኣብ ቤት ትምህርቲ በግሩ ይኸይድ ኣብ ነፍሲ ወከፍ ንግሆ።,Nisu ab bet timhirti begiru yikheid ab nefsi wekef nighe'o.,,,,A
982,14,ne,Nepali,उ हरेक बिहान विद्यालय हिँड्न जान्छ।,U hareka bihāna vidyālaya hiṁḍana jāncha.,,,,A
983,14,ta,Tamil,அவன் ஒவ்வொரு காலையிலும் பள்ளிக்கு நடந்து செல்கிறான்.,Avaṉ ovvoru kālaiyilum paḷḷikku naṭantu celkiṟāṉ.,,,,A
984,14,te,Telugu,అతను ప్రతీ ఉదయం పాఠశాలకు నడిచి వెళ్తాడు.,Atanu pratī udayaṁ pāṭhaśālaku naḍici veḷtāḍu.,,,,A
985,14,ml,Malayalam,അവൻ എല്ലാ രാവിലെയും സ്കൂളിലേക്ക് നടന്ന് പോകുന്നു.,Avan ellā rāvileyuṁ skūḷilēkk naṭann pōkunnu.,,,,A
986,14,mr,Marathi,तो दररोज सकाळी शाळेत चालत जातो.,Tō dararōja sakāḷī śāḷēta cālata jātō.,,,,A
987,14,pa,Punjabi,ਉਹ ਹਰ ਰੋਜ਼ ਸਵੇਰੇ ਸਕੂਲ ਤੁਰ ਕੇ ਜਾਂਦਾ ਹੈ।,Uh hara rōza savērē sakūla tura kē jāndā hai.,,,,A
988,14,gu,Gujarati,તે પ્રત્યેક સવારે શાળાએ ચાલીને જાય છે.,Tē pratyēka savārē śāḷā'ē cālīnē jāya chē.,,,,A
989,14,si,Sinhala,ඔහු සෑම උදෑසනම පාසලට ඇවිද යයි.,Ohu sǣma udǣsanama pāsalaṭa ævida yayi.,,,,A
990,14,km,Khmer,គាត់ដើរទៅសាលារៀនរាល់ព្រឹក។,Koat daer tow sa lie rien rol preuk.,,,,A
991,14,is,Icelandic,Hann gengur í skólann alla morgna.,,,,,A
992,14,tl,Tagalog / Filipino,Naglalakad siya papuntang paaralan tuwing umaga.,,,,,A
993,14,ms,Malay,Dia berjalan ke sekolah setiap pagi.,,,,,A
994,14,jv,Javanese,Dheweke mlaku menyang sekolah saben esuk.,,,,,A
995,14,kk,Kazakh,Ол әр таң мектепке жаяу барады.,Ol är tañ mektepke jayaü baradı.,,,,A
996,14,uz,Uzbek,U har kuni ertalab maktabga piyoda boradi.,,,,,A
997,14,mn,Mongolian,Тэр өдөр бүр өглөө сургуульд явдаг.,Ter ödör bür öglöö surguild yavdag.,,,,A
998,14,ka,Georgian,ის ყოველ დილით სკოლამდე მიდის ფეხით.,Is q'ovel dilit sk'olamde midis pekhit.,,,,A
999,14,hy,Armenian,Նա ամեն առավոտ քայլում է դպրոց։,Na amen aravot kaylum e dprots.,,,,A
1000,14,eu,Basque,Eskolara oinez doa goizero.,,,,,A
1001,14,ca,Catalan,Camina a l'escola cada matí.,,,,,A
1002,14,gl,Galician,Camiña á escola todas as mañás.,,,,,A
1003,14,ga,Irish (Gaeilge),Siúlaíonn sé ar scoil gach maidin.,,,,,A
1004,14,cy,Welsh,Mae'n cerdded i'r ysgol bob bore.,,,,,A
1005,14,gd,Scottish Gaelic,Bidh e a' coiseachd dhan sgoil a h-uile madainn.,,,,,A
1006,14,lb,Luxembourgish,Hien geet all Moien ze Fouss an d'Schoul.,,,,,A
1007,14,eo,Esperanto,Li piediras al la lernejo ĉiumatene.,,,,,A
1008,14,la,Latin,Ad ludum omnibus matutinis pedibus it.,,,,,A
1009,15,en,English,We live near the river.,,,,,A
1010,15,es,Spanish,Vivimos cerca del río.,,,,,A
1011,15,fr,French,Nous vivons près de la rivière.,,,,,A
1012,15,pt,Portuguese,Nós moramos perto do rio.,,,,,A
1013,15,de,German,Wir wohnen in der Nähe des Flusses.,,,,,A
1014,15,it,Italian,Viviamo vicino al fiume.,,,,,A
1015,15,ru,Russian,Мы живем недалеко от реки.,,,,,A
1016,15,ar,Arabic,نعيش بالقرب من النهر.,Na'ish bil-qurb min al-nahr.,,,,A
1017,15,hi,Hindi,हम नदी के पास रहते हैं।,Hum nadi ke paas rehte hain.,,,,A
1018,15,bn,Bengali,আমরা নদীর কাছে থাকি।,Amra nodir kachhe thaki.,,,,A
1019,15,ur,Urdu,ہم دریا کے قریب رہتے ہیں۔,Hum darya ke qareeb rehte hain.,,,,A
1020,15,fa,Persian,ما نزدیک رودخانه زندگی می‌کنیم.,Ma nazdik-e rudkhane zendegi mikonim.,,,,A
1021,15,tr,Turkish,Nehirin yakınında yaşıyoruz.,,,,,A
1022,15,ja,Japanese,私たちは川の近くに住んでいます。,Watashitachi wa kawa no chikaku ni sunde imasu.,,,,A
1023,15,ko,Korean,우리는 강 근처에 살아요.,Urineun gang geuncheoe sarayo.,,,,A
1024,15,zh-cn,Mandarin (Simplified),我们住在河边。,,wǒmen zhù zài hé biān.,,A
1025,15,zh-tw,Mandarin (Traditional),我們住在河邊。,,wǒmen zhù zài hé biān.,,A
1026,15,vi,Vietnamese,Chúng tôi sống gần con sông.,,,,,A
1027,15,th,Thai,เราอาศัยอยู่ใกล้แม่น้ำ,Reā xāṣ̄ạy xyū kị̂ mæ̀n̂ả,,,,A
1028,15,id,Indonesian,Kami tinggal dekat sungai.,,,,,A
1029,15,sw,Swahili,Tunaishi karibu na mto.,,,,,A
1030,15,nl,Dutch,Wij wonen dicht bij de rivier.,,,,,A
1031,15,pl,Polish,Mieszkamy blisko rzeki.,,,,,A
1032,15,uk,Ukrainian,Ми живемо біля річки.,,,,,A
1033,15,el,Greek,Μένουμε κοντά στο ποτάμι.,Ménoume kontá sto potámi.,,,,A
1034,15,sv,Swedish,Vi bor nära floden.,,,,,A
1035,15,no,Norwegian,Vi bor nær elven.,,,,,A
1036,15,da,Danish,Vi bor tæt på floden.,,,,,A
1037,15,fi,Finnish,Asumme lähellä jokea.,,,,,A
1038,15,cs,Czech,Bydlíme blízko řeky.,,,,,A
1039,15,hu,Hungarian,A folyó közelében élünk.,,,,,A
1040,15,ro,Romanian,Locuim lângă râu.,,,,,A
1041,15,bg,Bulgarian,Ние живеем близо до реката.,Nie zhiveem blizo do rekata.,,,,A
1042,15,sr,Serbian,Ми живимо близу реке.,Mi živimo blizu reke.,,,,A
1043,15,sk,Slovak,Bývame blízko rieky.,,,,,A
1044,15,sl,Slovenian,Živimo blizu reke.,,,,,A
1045,15,lt,Lithuanian,Meš gyvename šalia upės.,,,,,A
1046,15,lv,Latvian,Mēs dzīvojam upes tuvumā.,,,,,A
1047,15,et,Estonian,Me elame jõe lähedal.,,,,,A
1048,15,he,Hebrew,אנחנו גרים ליד הנהר.,Anachnu garim leyad hanahar.,,,,A
1049,15,ha,Hausa,Muna zaune kusa da kogi.,,,,,A
1050,15,yo,Yoruba,A ń gbé nítòsí odò.,,,,,A
1051,15,ig,Igbo,Anyị bi n'akụkụ osimiri.,,,,,A
1052,15,am,Amharic,እኛ በወንዙ አጠገብ እንኖራለን።,Enya bewenzu ategib enenoralen.,,,,A
1053,15,ti,Tigrinya,ንሕና ኣብ ጥቓ ሩባ ንነብር።,Nihna ab t'qa ruba nenebir.,,,,A
1054,15,ne,Nepali,हामी नदीको नजिक बस्छौं।,Hāmī nadīkō najika baschauṁ.,,,,A
1055,15,ta,Tamil,நாங்கள் ஆற்றின் அருகே வாழ்கிறோம்.,Nāṅkaḷ āṟṟiṉ arukē vāḻkiṟōm.,,,,A
1056,15,te,Telugu,మేం నది దగ్గర నివసిస్తున్నాము.,Mēṁ nadi daggara nivasistunnāmu.,,,,A
1057,15,ml,Malayalam,ഞങ്ങൾ നദിക്കരയിൽ താമസിക്കുന്നു.,ṅaṅṅaḷ nadikkarayil tāmasikkunnu.,,,,A
1058,15,mr,Marathi,आम्ही नदीच्या जवळ राहतो.,Āmhī nadīcyā javaḷa rāhatō.,,,,A
1059,15,pa,Punjabi,ਅਸੀਂ ਦਰਿਆ ਦੇ ਨੇੜੇ ਰਹਿੰਦੇ ਹਾਂ।,Asīṁ dari'ā dē nēṛē rahidē hāṁ.,,,,A
1060,15,gu,Gujarati,અમે નદી નજીક રહીએ છીએ.,Amē nadī najīka rahī'ē chī'ē.,,,,A
1061,15,si,Sinhala,අපි ගඟ අසල ජීවත් වෙමු.,Api gaⁿga asala jīvat vemu.,,,,A
1062,15,km,Khmer,យើងរស់នៅជិតទន្លេ។,Yeung ros nov chit tonle.,,,,A
1063,15,is,Icelandic,Við búum nálægt ánni.,,,,,A
1064,15,tl,Tagalog / Filipino,Nakatira kami malapit sa ilog.,,,,,A
1065,15,ms,Malay,Kami tinggal berhampiran sungai.,,,,,A
1066,15,jv,Javanese,Kita manggon cedhak kali.,,,,,A
1067,15,kk,Kazakh,Біз өзеннің жанында тұрамыз.,Biz özenniñ janynda turamyz.,,,,A
1068,15,uz,Uzbek,Biz daryo yaqinida yashaymiz.,,,,,A
1069,15,mn,Mongolian,Бид голын ойролцоо амьдардаг.,Bid golyn oiroltsoo am'dardag.,,,,A
1070,15,ka,Georgia,ჩვენ მდინარესთან ახლოს ვცხოვრობთ.,Chven mdinarestan akhlos vtskhovrobt.,,,,A
1071,15,hy,Armenian,Մենք ապրում ենք գետի մոտ։,Menk' aprum enk' geti mot.,,,,A
1072,15,eu,Basque,Ibaitik gertu bizi gara.,,,,,A
1073,15,ca,Catalan,Vivim a prop del riu.,,,,,A
1074,15,gl,Galician,Vivimos preto do río.,,,,,A
1075,15,ga,Irish (Gaeilge),Táimid ina gcónaí in aice leis an abhainn.,,,,,A
1076,15,cy,Welsh,Rydym yn byw ger yr afon.,,,,,A
1077,15,gd,Scottish Gaelic,Tha sinn a' fuireach faisg air an abhainn.,,,,,A
1078,15,lb,Luxembourgish,Mer wunnen no bei der Baach.,,,,,A
1079,15,eo,Esperanto,Ni loĝas apud la rivero.,,,,,A
1080,15,la,Latin,Prope flumen habitamus.,,,,,A
1081,16,en,English,The cat is sleeping on the sofa.,,,,,A
1082,16,es,Spanish,El gato está durmiendo en el sofá.,,,,,A
1083,16,fr,French,Le chat dort sur le canapé.,,,,,A
1084,16,pt,Portuguese,O gato está dormindo no sofá.,,,,,A
1085,16,de,German,Die Katze schläft auf dem Sofa.,,,,,A
1086,16,it,Italian,Il gatto sta dormendo sul divano.,,,,,A
1087,16,ru,Russian,Кот спит на диване.,,,,,A
1088,16,ar,Arabic,القط ينام على الأريكة.,Al-qitt yanam 'ala al-arika.,,,,A
1089,16,hi,Hindi,बिल्ली सोफे पर सो रही है।,Billi sofa par so rahi hai.,,,,A
1090,16,bn,Bengali,বিড়ালটি সোফায় ঘুমাচ্ছে।,Biralṭi sofa-y ghumacche.,,,,A
1091,16,ur,Urdu,بلی صوفے پر سو رہی ہے۔,Billi sofa par so rahi hai.,,,,A
1092,16,fa,Persian,گربه روی مبل خوابیده است.,Gorbe rooye mobel khabide ast.,,,,A
1093,16,tr,Turkish,Kedi kanepede uyuyor.,,,,,A
1094,16,ja,Japanese,猫がソファで寝ています。,Neko ga sofa de nete imasu.,,,,A
1095,16,ko,Korean,고양이가 소파에서 자고 있어요.,Goyang-i-ga sopa-eseo jago isseoyo.,,,,A
1096,16,zh-cn,Mandarin (Simplified),猫在沙发上睡觉。,,māo zài shāfā shàng shuìjiào.,,A
1097,16,zh-tw,Mandarin (Traditional),貓在沙發上睡覺。,,māo zài shāfā shàng shuìjiào.,,A
1098,16,vi,Vietnamese,Con mèo đang ngủ trên ghế sofa.,,,,,A
1099,16,th,Thai,แมวนอนหลับอยู่บนโซฟา,Mæw nxn h̄lạb xyū bn so fā,,,,A
1100,16,id,Indonesian,Kucing sedang tidur di sofa.,,,,,A
1101,16,sw,Swahili,Paka amelala kwenye sofa.,,,,,A
1102,16,nl,Dutch,De kat slaapt op de bank.,,,,,A
1103,16,pl,Polish,Kot śpi na kanapie.,,,,,A
1104,16,uk,Ukrainian,Кіт спить на дивані.,,,,,A
1105,16,el,Greek,Η γάτα κοιμάται στον καναπέ.,I gáta koimátai ston kanapé.,,,,A
1106,16,sv,Swedish,Katten sover på soffan.,,,,,A
1107,16,no,Norwegian,Katten sover på sofaen.,,,,,A
1108,16,da,Danish,Katten sover på sofaen.,,,,,A
1109,16,fi,Finnish,Kissa nukkuu sohvalla.,,,,,A
1110,16,cs,Czech,Kočka spí na pohovce.,,,,,A
1111,16,hu,Hungarian,A macska a kanapén alszik.,,,,,A
1112,16,ro,Romanian,Pisica doarme pe canapea.,,,,,A
1113,16,bg,Bulgarian,Котката спи на дивана.,Kotkata spi na divana.,,,,A
1114,16,sr,Serbian,Мачка спава на каучу.,Mačka spava na kauču.,,,,A
1115,16,sk,Slovak,Mačka spí na pohovke.,,,,,A
1116,16,sl,Slovenian,Mačka spi na kavču.,,,,,A
1117,16,lt,Lithuanian,Katė mieša ant sofos.,,,,,A
1118,16,lv,Latvian,Kaķis guļ uz dīvāna.,,,,,A
1119,16,et,Estonian,Kass magab diivanil.,,,,,A
1120,16,he,Hebrew,החתול ישן על הספה.,HaChatul yashen al haSapa.,,,,A
1121,16,ha,Hausa,Kyanwa tana barci akan kujera.,,,,,A
1122,16,yo,Yoruba,Ológbò ń sun lórí sófà.,,,,,A
1123,16,ig,Igbo,Nwamba na-ehi ụra n'elu sofa.,,,,,A
1124,16,am,Amharic,ድመት በሶፋ ላይ እየተኛች ነው።,Dimet besofa lay iyetegnyach new.,,,,A
1125,16,ti,Tigrinya,ድሙ ኣብ ሶፋ ይድቅስ ኣሎ።,Dmu ab sofa yidqis alo.,,,,A
1126,16,ne,Nepali,बिरालो सोफामा सुतिरहेको छ।,Birālō sōphāmā sutirahēkō cha.,,,,A
1127,16,ta,Tamil,பூனை சோபாவில் தூங்குகிறது.,Pūṉai cōpāvil tūṅkukiṟatu.,,,,A
1128,16,te,Telugu,పిల్లి సోఫా మీద నిద్రిస్తోంది.,Pilli sōphā mīda nidristōndi.,,,,A
1129,16,ml,Malayalam,പൂച്ച സോഫയിൽ ഉറങ്ങുന്നു.,Pūcca sōphayil uṟaṅṅunnu.,,,,A
1130,16,mr,Marathi,मांजर सोफ्यावर झोपली आहे.,Māñjara sōphyāvara jhōpalī āhe.,,,,A
1131,16,pa,Punjabi,ਬਿੱਲੀ ਸੋਫੇ 'ਤੇ ਸੌਂ ਰਹੀ ਹੈ।,Billī sōphē 'tē sauṁ rahī hai.,,,,A
1132,16,gu,Gujarati,બિલાડી સોફા પર સૂઈ રહી છે.,Bilāḍī sōphā para sū'ī rahī chē.,,,,A
1133,16,si,Sinhala,පූසා සෝෆාවේ නිදාගෙන ඉන්නවා.,Pūsā sōfāvē nidāgena innavā.,,,,A
1134,16,km,Khmer,ឆ្មាកំពុងដេកលើសូហ្វា។,Chhma kompong dek leu sofa.,,,,A
1135,16,is,Icelandic,Kötturinn sefur á sófanum.,,,,,A
1136,16,tl,Tagalog / Filipino,Ang pusa ay natutulog sa sofa.,,,,,A
1137,16,ms,Malay,Kucing itu sedang tidur di atas sofa.,,,,,A
1138,16,jv,Javanese,Kucing lagi turu ing sofa.,,,,,A
1139,16,kk,Kazakh,Мысық диванда ұйықтап жатыр.,Mysyq divanda uiyqtap jatyr.,,,,A
1140,16,uz,Uzbek,Mushuk divanda uxlayapti.,,,,,A
1141,16,mn,Mongolian,Муур буйдан дээр унтаж байна.,Muur buidan deer untaj baina.,,,,A
1142,16,ka,Georgia,კატა დივანზე წაიძინებს.,K'at'a divanze ts'aidzinebs.,,,,A
1143,16,hy,Armenian,Կատուն քնած է բազմոցի վրա։,Katun k'nats e bamots'i vra.,,,,A
1144,16,eu,Basque,Katua sofa gainean lo dago.,,,,,A
1145,16,ca,Catalan,El gat està dormint al sofà.,,,,,A
1146,16,gl,Galician,O gato está durmindo no sofá.,,,,,A
1147,16,ga,Irish (Gaeilge),Tá an cat ina chodladh ar an tolg.,,,,,A
1148,16,cy,Welsh,Mae'r gath yn cysgu ar y soffa.,,,,,A
1149,16,gd,Scottish Gaelic,Tha a' chat a' cadal air an t-sòfa.,,,,,A
1150,16,lb,Luxembourgish,D'Kaz schléift op der Couche.,,,,,A
1151,16,eo,Esperanto,La kato dormas sur la sofo.,,,,,A
1152,16,la,Latin,Feles in lecto cubans dormit.,,,,,A
1153,17,en,English,I drink water after exercise,,,,,A
1154,17,es,Spanish,Bebo agua después de hacer ejercicio,,,,,A
1155,17,fr,French,Je bois de l'eau après l'exercice,,,,,A
1156,17,pt,Portuguese,Eu bebo água após o exercício,,,,,A
1157,17,de,German,Ich trinke Wasser nach dem Training,,,,,A
1158,17,it,Italian,Bevo acqua dopo l'esercizio,,,,,A
1159,17,ru,Russian,Я пью воду после тренировки,,,,,A
1160,17,ar,Arabic,أشرب الماء بعد التمرين,Ushrab al-ma' ba'd al-tamrin,,,,A
1161,17,hi,Hindi,मैं व्यायाम के बाद पानी पीता हूं,Main vyayam ke baad pani peeta hoon,,,,A
1162,17,bn,Bengali,আমি ব্যায়ামের পরে পানি পান করি,Ami byayamer pore pani pan kori,,,,A
1163,17,ur,Urdu,میں ورزش کے بعد پانی پیتا ہوں,Main warzish ke baad pani peeta hoon,,,,A
1164,17,fa,Persian,بعد از ورزش آب می‌خورم,Ba'd az varzesh ab mikhورم,,,,A
1165,17,tr,Turkish,Egzersizden sonra su içerim,,,,,A
1166,17,ja,Japanese,運動の後、水を飲みます,Undō no ato, mizu o nomimasu,,,,A
1167,17,ko,Korean,운동 후에 물을 마셔요,Undong hue mureul masyeoyo,,,,A
1168,17,zh-cn,Mandarin (Simplified),运动后我喝水,,yùndòng hòu wǒ hē shuǐ,,A
1169,17,zh-tw,Mandarin (Traditional),運動後我喝水,,yùndòng hòu wǒ hē shuǐ,,A
1170,17,vi,Vietnamese,Tôi uống nước sau khi tập thể dục,,,,,A
1171,17,th,Thai,ฉันดื่มน้ำหลังออกกำลังกาย,Chản dụ̀m n̂ả h̄lạng xxk kảlạngkāy,,,,A
1172,17,id,Indonesian,Saya minum air setelah berolahraga,,,,,A
1173,17,sw,Swahili,Ninanywa maji baada ya mazoezi,,,,,A
1174,17,nl,Dutch,Ik drink water na het sporten,,,,,A
1175,17,pl,Polish,Piję wodę po ćwiczeniach,,,,,A
1176,17,uk,Ukrainian,Я п'ю воду після тренування,,,,,A
1177,17,el,Greek,Πίνω νερό μετά την άσκηση,Píno neró metá tin áskisi,,,,A
1178,17,sv,Swedish,Jag dricker vatten efter träning,,,,,A
1179,17,no,Norwegian,Jeg drikker vann etter trening,,,,,A
1180,17,da,Danish,Jeg drikker vand efter træning,,,,,A
1181,17,fi,Finnish,Juon vettä harjoittelun jälkeen,,,,,A
1182,17,cs,Czech,Piju vodu po cvičení,,,,,A
1183,17,hu,Hungarian,Iszok vizet edzés után,,,,,A
1184,17,ro,Romanian,Beau apă după exercițiu,,,,,A
1185,17,bg,Bulgarian,Пия вода след упражнение,Piya voda sled uprazhnenie,,,,A
1186,17,sr,Serbian,Пијем воду после вежбања,Pijem vodu posle vežbanja,,,,A
1187,17,sk,Slovak,Pijem vodu po cvičení,,,,,A
1188,17,sl,Slovenian,Pijem vodo po vadbi,,,,,A
1189,17,lt,Lithuanian,Geriu vandenį po mankštos,,,,,A
1190,17,lv,Latvian,Es dzeru ūdeni pēc vingrošanas,,,,,A
1191,17,et,Estonian,Ma joon vett pärast harjutamist,,,,,A
1192,17,he,Hebrew,אני שותה מים אחרי אימון,Ani sote mayim acharei imoon,,,,A
1193,17,ha,Hausa,Ina sha ruwa bayan motsa jiki,,,,,A
1194,17,yo,Yoruba,Mo ń mu omi lẹ́yìn iṣẹ́ àṣekára,,,,A
1195,17,ig,Igbo,Ana m aṅụ mmiri mgbe mmegharị ahụ gasịrị,,,,,A
1196,17,am,Amharic,ከልምምድ በኋላ ውሃ እጠጣለሁ,Kelimumid behwala wiha it'et'alehu,,,,A
1197,17,ti,Tigrinya,ካብ ምምልማይ ድሕሪ ማይ እሰቲ እየ,Kab mimilmai d'hri mai iseti iye,,,,A
1198,17,ne,Nepali,व्यायाम पछि म पानी पिउँछु,Vyayām pachi ma pānī piun̄chu,,,,A
1199,17,ta,Tamil,வியாயாமத்திற்குப் பிறகு நான் தண்ணீர் குடிக்கிறேன்,Viyāyāmattiṟkup piṟaku nāṉ taṇṇīr kuṭikkiṟēṉ,,,,A
1200,17,te,Telugu,వ్యాయామం తర్వాత నేను నీళ్లు తాగుతాను,Vyāyāmaṁ tarvāta nēnu nīḷlu tāgutānu,,,,A
1201,17,ml,Malayalam,വ്യായാമത്തിന് ശേഷം ഞാൻ വെള്ളം കുടിക്കുന്നു,Vyāyāmathin śēṣaṁ ñān veḷḷaṁ kuṭikkunnu,,,,A
1202,17,mr,Marathi,व्यायामानंतर मी पाणी पितो,Vyāyāmānan̄tara mī pāṇī pitō,,,,A
1203,17,pa,Punjabi,ਮੈਂ ਕਸਰਤ ਤੋਂ ਬਾਅਦ ਪਾਣੀ ਪੀਂਦਾ ਹਾਂ,Main kasarata tōṁ bā'ada pāṇī pīndā hāṁ,,,,A
1204,17,gu,Gujarati,હું વ્યાયામ પછી પાણી પીતો હું,Huṁ vyāyāma pachī pāṇī pītō huṁ,,,,A
1205,17,si,Sinhala,ව්‍යායාමයෙන් පසුව මම වතුර බොමි,Vyāyāmayen pasuva mama vatura bomi,,,,A
1206,17,km,Khmer,ខ្ញុំផឹកទឹកបន្ទាប់ពីលំហាត់ប្រាណ,Khnhom phok tuk bontob pi lumhat bran,,,,A
1207,17,is,Icelandic,Ég drekk vatn eftir æfingu,,,,,A
1208,17,tl,Tagalog / Filipino,Umiinom ako ng tubig pagkatapos mag-ehersisyo,,,,,A
1209,17,ms,Malay,Saya minum air selepas bersenam,,,,,A
1210,17,jv,Javanese,Aku ngombé banyu sawisé olahraga,,,,,A
1211,17,kk,Kazakh,Жаттығудан кейін су ішемін,Zhattyğudan keıın su ışemin,,,,A
1212,17,uz,Uzbek,Mashqdan keyin suv ichaman,,,,,A
1213,17,mn,Mongolian,Би дасгал хийсний дараа ус уудаг,Bi dasgal khiisnii daraa us uudag,,,,A
1214,17,ka,Georgia,ვარჯიშის შემდეგ წყალს ვსვამ,Varjishis shemdeg ts'q'als vsvam,,,,A
1215,17,hy,Armenian,Ես ջուր եմ խմում մարզվելուց հետո,Yes jur em khmun marzveluts' heto,,,,A
1216,17,eu,Basque,Ur edaten dut ariketa ostean,,,,,A
1217,17,ca,Catalan,Beig aigua després de fer exercici,,,,,A
1218,17,gl,Galician,Bebo auga despois do exercicio,,,,,A
1219,17,ga,Irish (Gaeilge),Ólaim uisce tar éis aclaíochta,,,,,A
1220,17,cy,Welsh,Rwy'n yfed dŵr ar ôl ymarfer,,,,,A
1221,17,gd,Scottish Gaelic,Bidh mi ag òl uisge às deidh eacarsaich,,,,,A
1222,17,lb,Luxembourgish,Ech drénken Waasser no der Sport,,,,,A
1223,17,eo,Esperanto,Trinkas mi akvon post ekzerco,,,,,A
1224,17,la,Latin,Aquam bibo post exercitationem,,,,,A
1225,18,en,English,They play football in the park,,,,,A
1226,18,es,Spanish,Juegan fútbol en el parque,,,,,A
1227,18,fr,French,Ils jouent au football dans le parc,,,,,A
1228,18,pt,Portuguese,Eles jogam futebol no parque,,,,,A
1229,18,de,German,Sie spielen Fußball im Park,,,,,A
1230,18,it,Italian,Loro giocano a calcio nel parco,,,,,A
1231,18,ru,Russian,Они играют в футбол в парке,,,,,A
1232,18,ar,Arabic,يلعبون كرة القدم في الحديقة,Yal'abun kurat al-qadam fi al-hadiqa,,,,A
1233,18,hi,Hindi,वे पार्क में फुटबॉल खेलते हैं,Ve park mein football khelte hain,,,,A
1234,18,bn,Bengali,তারা পার্কে ফুটবল খেলে,Tara parke football khele,,,,A
1235,18,ur,Urdu,وہ پارک میں فٹ بال کھیلتے ہیں,Woh park mein football khelte hain,,,,A
1236,18,fa,Persian,آنها فوتبال در پارک بازی می‌کنند,Anha football dar park bazi mikonand,,,,A
1237,18,tr,Turkish,Parkta futbol oynuyorlar,,,,,A
1238,18,ja,Japanese,彼らは公園でサッカーをします,Kare-ra wa kōen de sakkā o shimasu,,,,A
1239,18,ko,Korean,그들은 공원에서 축구를 해요,Geudeul-eun gong-won-eseo chukguleul haeyo,,,,A
1240,18,zh-cn,Mandarin (Simplified),他们在公园里踢足球,,tāmen zài gōngyuán lǐ tī zúqiú,,A
1241,18,zh-tw,Mandarin (Traditional),他們在公園裡踢足球,,tāmen zài gōngyuán lǐ tī zúqiú,,A
1242,18,vi,Vietnamese,Họ chơi bóng đá trong công viên,,,,,A
1243,18,th,Thai,พวกเขาเล่นฟุตบอลในสวนสาธารณะ,Phwk k̄heā lèn fūtbxl nı s̄wn s̄āthārn̒,,,,A
1244,18,id,Indonesian,Mereka bermain sepak bola di taman,,,,,A
1245,18,sw,Swahili,Wanacheza mpira wa miguu kwenye bustani,,,,,A
1246,18,nl,Dutch,Zij spelen voetbal in het park,,,,,A
1247,18,pl,Polish,Oni grają w piłkę nożną w parku,,,,,A
1248,18,uk,Ukrainian,Вони грають у футбол у парку,,,,,A
1249,18,el,Greek,Παίζουν ποδόσφαιρο στο πάρκο,Paízoun podósfero sto párko,,,,A
1250,18,sv,Swedish,De spelar fotboll i parken,,,,,A
1251,18,no,Norwegian,De spiller fotball i parken,,,,,A
1252,18,da,Danish,De spiller fodbold i parken,,,,,A
1253,18,fi,Finnish,He pelaavat jalkapalloa puistossa,,,,,A
1254,18,cs,Czech,Hrají fotbal v parku,,,,,A
1255,18,hu,Hungarian,Fociznak a parkban,,,,,A
1256,18,ro,Romanian,Ei joacă fotbal în parc,,,,,A
1257,18,bg,Bulgarian,Те играят футбол в парка,Te igrayat futbol v parka,,,,A
1258,18,sr,Serbian,Они играју фудбал у парку,Oni igraju fudbal u parku,,,,A
1259,18,sk,Slovak,Hrájú futbal v parku,,,,,A
1260,18,sl,Slovenian,Igrajo nogomet v parku,,,,,A
1261,18,lt,Lithuanian,Jie žaidžia futbolą parke,,,,,A
1262,18,lv,Latvian,Vini spēlē futbolu parkā,,,,,A
1263,18,et,Estonian,Nad mängivad jalgpalli pargis,,,,,A
1264,18,he,Hebrew,הם משחקים כדורגל בפארק,Hem mesachakim kaduregel ba'park,,,,A
1265,18,ha,Hausa,Suna wasan ƙwallon ƙafa a wurin shakatawa,,,,,A
1266,18,yo,Yoruba,Wọ́n ń ṣeré bọ́ọ̀lù-ẹlẹ́sẹ̀ nínú pákì,,,,A
1267,18,ig,Igbo,Ha na-egwu bọọlụ n'ogige ntụrụndụ,,,,,A
1268,18,am,Amharic,እነሱ በፓርኩ ውስጥ እግር ኳስ ይጫወታሉ,Enesu beparku wist igir kwas yichawetalu,,,,A
1269,18,ti,Tigrinya,ንሳቶም ኣብ ፓርክ ኩዕሶ እግሪ ይጻወቱ,Nasatom ab park ku'eso igri yitsawetu,,,,A
1270,18,ne,Nepali,उनीहरू पार्कमा फुटबल खेल्छन्,Unīharū pārkamā phuṭabala khelchan,,,,A
1271,18,ta,Tamil,அவர்கள் பூங்காவில் கால்பந்து விளையாடுகிறார்கள்,Avarkaḷ pūṅkāvil kālpantu viḷaiyāṭukiṟārkaḷ,,,,A
1272,18,te,Telugu,వారు పార్కులో ఫుట్బాల్ ఆడతారు,Vāru pārkulō phuṭbāl āḍatāru,,,,A
1273,18,ml,Malayalam,അവർ പാർക്കിൽ ഫുട്ബോൾ കളിക്കുന്നു,Avaṟ pāṟkkil phuṭbōḷ kaḷikkunnu,,,,A
1274,18,mr,Marathi,ते पार्कमध्ये फुटबॉल खेळतात,Te pārkamadhyē phuṭbŏla khēḷatāta,,,,A
1275,18,pa,Punjabi,ਉਹ ਪਾਰਕ ਵਿੱਚ ਫੁੱਟਬਾਲ ਖੇਡਦੇ ਹਨ,Uh pāraka vica phuṭabāla khēḍadē hana,,,,A
1276,18,gu,Gujarati,તેઓ પાર્કમાં ફુટબોલ રમે છે,Tēō pārkamāṁ phuṭabōla ramē chē,,,,A
1277,18,si,Sinhala,ඔවුන් උද්‍යානයේ පාපන්දු ක්‍රීඩා කරති,Ovun udyānayē pāpandu krīḍā karati,,,,A
1278,18,km,Khmer,ពួកគេលេងបាល់ទាត់នៅក្នុងសួន, Puak ke leng bal teat nov knong suon,,,,A
1279,18,is,Icelandic,Þeir spila fótbolta í garðinum,,,,,A
1280,18,tl,Tagalog / Filipino,Naglalaro sila ng football sa park,,,,,A
1281,18,ms,Malay,Mereka bermain bola sepak di taman,,,,,A
1282,18,jv,Javanese,Dheweke main bal-balan ing taman,,,,,A
1283,18,kk,Kazakh,Олар паркта футбол ойнайды,Olar parkta futbol oynaidy,,,,A
1284,18,uz,Uzbek,Ular parkda futbol o'ynaydilar,,,,,A
1285,18,mn,Mongolian,Тэд цэцэрлэгт хүрээлэнд хөлбөмбөг тоглодог,Ted tsetserlegt khüreelend khölbömbög toglogdog,,,,A
1286,18,ka,Georgia,ისინი პარკში ფეხბურთს თამაშობენ,Isini p'ark'shi pekhburts tamashoben,,,,A
1287,18,hy,Armenian,Նրանք ֆուտբոլ են խաղում զբոսայգում,Nrank' futbol en khaghoum zbosaygoum,,,,A
1288,18,eu,Basque,Futbolean jokatzen dute parkean,,,,,A
1289,18,ca,Catalan,Jugen a futbol al parc,,,,,A
1290,18,gl,Galician,Xogan ao fútbol no parque,,,,,A
1291,18,ga,Irish (Gaeilge),Imríonn siad sacar sa pháirc,,,,,A
1292,18,cy,Welsh,Maen nhw'n chwarae pêl-droed yn y parc,,,,,A
1293,18,gd,Scottish Gaelic,Bidh iad a' cluich ball-coise sa phàirc,,,,,A
1294,18,lb,Luxembourgish,Si spillen Foussball am Park,,,,,A
1295,18,eo,Esperanto,Ili ludas futbalon en la parko,,,,,A
1296,18,la,Latin,Ludunt pediludium in horto publico,,,,,A

1297,19,en,English,She reads a book before bed,,,,,A
1298,19,es,Spanish,Ella lee un libro antes de dormir,,,,,A
1299,19,fr,French,Elle lit un livre avant de se coucher,,,,,A
1300,19,pt,Portuguese,Ela lê um livro antes de dormir,,,,,A
1301,19,de,German,Sie liest ein Buch vor dem Schlafengehen,,,,,A
1302,19,it,Italian,Lei legge un libro prima di andare a letto,,,,,A
1303,19,ru,Russian,Она читает книгу перед сном,,,,,A
1304,19,ar,Arabic,تقرأ كتاباً قبل النوم,Taqra' kitaban qabl al-nawm,,,,A
1305,19,hi,Hindi,वह सोने से पहले एक किताब पढ़ती है,Vah sone se pahle ek kitab padhti hai,,,,A
1306,19,bn,Bengali,সে ঘুমানোর আগে একটি বই পড়ে,Se ghumaror age ekṭi boi poṛe,,,,A
1307,19,ur,Urdu,وہ سونے سے پہلے ایک کتاب پڑھتی ہے,Woh sone se pehle ek kitab parhti hai,,,,A
1308,19,fa,Persian,او قبل از خواب کتاب می‌خواند,U ghabl az khab ketab mikhanad,,,,A
1309,19,tr,Turkish,Yatmadan önce kitap okur,,,,,A
1310,19,ja,Japanese,彼女は寝る前に本を読みます,Kanojo wa neru mae ni hon o yomimasu,,,,A
1311,19,ko,Korean,그녀는 잠들기 전에 책을 읽어요,Geunyeoneun jamdeulgi jeone chaek-eul ilgeoyo,,,,A
1312,19,zh-cn,Mandarin (Simplified),她睡前看书,,tā shuì qián kàn shū,,A
1313,19,zh-tw,Mandarin (Traditional),她睡前看書,,tā shuì qián kàn shū,,A
1314,19,vi,Vietnamese,Cô ấy đọc sách trước khi đi ngủ,,,,,A
1315,19,th,Thai,เธออ่านหนังสือก่อนนอน,Thoe x̀ān h̄nạngs̄ụ̄x k̀xn nxn,,,,A
1316,19,id,Indonesian,Dia membaca buku sebelum tidur,,,,,A
1317,19,sw,Swahili,Anasoma kitabu kabla ya kulala,,,,,A
1318,19,nl,Dutch,Zij leest een boek voor het slapen gaan,,,,,A
1319,19,pl,Polish,Ona czyta książkę przed snem,,,,,A
1320,19,uk,Ukrainian,Вона читає книгу перед сном,,,,,A
1321,19,el,Greek,Διαβάζει ένα βιβλίο πριν κοιμηθεί,Diavázei ena vivlío prin koimitheí,,,,A
1322,19,sv,Swedish,Hon läser en bok före sänggåendet,,,,,A
1323,19,no,Norwegian,Hun leser en bok før hun legger seg,,,,,A
1324,19,da,Danish,Hun læser en bog før sengetid,,,,,A
1325,19,fi,Finnish,Hän lukee kirjaa ennen nukkumaanmenoa,,,,,A
1326,19,cs,Czech,Čte knihu před spaním,,,,,A
1327,19,hu,Hungarian,Olvas egy könyvet lefekvés előtt,,,,,A
1328,19,ro,Romanian,Ea citește o carte înainte de culcare,,,,,A
1329,19,bg,Bulgarian,Тя чете книга преди лягане,Tya chete kniga predi lyagane,,,,A
1330,19,sr,Serbian,Она чита књигу пре спавања,Ona čita knjigu pre spavanja,,,,A
1331,19,sk,Slovak,Číta knihu pred spaním,,,,,A
1332,19,sl,Slovenian,Bere knjigo pred spanjem,,,,,A
1333,19,lt,Lithuanian,Ji skaito knygą prieš miegą,,,,,A
1334,19,lv,Latvian,Vina lasa grāmatu pirms gulētiešanas,,,,,A
1335,19,et,Estonian,Ta loeb raamatut enne magamaminekut,,,,,A
1336,19,he,Hebrew,היא קוראת ספר לפני השינה,Hi koret sefer lifnei hasheina,,,,A
1337,19,ha,Hausa,Tana karanta littafi kafin barci,,,,,A
1338,19,yo,Yoruba,Ó ń ka ìwé ṣáájú kí ó tó sùn,,,,A
1339,19,ig,Igbo,Ọ na-agụ akwụkwọ tupu ihi ụra,,,,,A
1340,19,am,Amharic,እሷ ከመኝታ በፊት መጽሐፍ ትነበባለች,Esua kemegnta befīt mets'haf tinbebalech,,,,A
1341,19,ti,Tigrinya,ንሳ ቅድሚ ምድራም መጽሓፍ ትንበብ እያ,Nisa qidmi midram mets'haf tinbib iya,,,,A
1342,19,ne,Nepali,उनी सुत्नुभन्दा अगाडि किताब पढ्छिन्,Unī sutnubhandā agāḍi kitāba paḍhchin,,,,A
1343,19,ta,Tamil,அவள் படுக்கைக்குச் செல்வதற்கு முன் ஒரு புத்தகத்தைப் படிக்கிறாள்,Avaḷ paṭukkaikkuc celvataṟku muṉ oru puttakattaip paṭikkiṟāḷ,,,,A
1344,19,te,Telugu,ఆమె నిద్రపోవడానికి ముందు ఒక పుస్తకం చదువుతుంది,Āme nidrapōvaḍāniki mundu oka pustakaṁ caduvutundi,,,,A
1345,19,ml,Malayalam,അവൾ ഉറങ്ങാൻ മുമ്പ് ഒരു പുസ്തകം വായിക്കുന്നു,Avaḷ uṟaṅṅān mump oru pustakaṁ vāyikkunnu,,,,A
1346,19,mr,Marathi,ती झोपण्यापूर्वी एक पुस्तक वाचते,Tī jhopaṇyāpūrvī eka pustaka vācate,,,,A
1347,19,pa,Punjabi,ਉਹ ਸੌਣ ਤੋਂ ਪਹਿਲਾਂ ਕਿਤਾਬ ਪੜ੍ਹਦੀ ਹੈ,Uh sauṇ tōṁ pahilāṁ kitāba paṛhdī hai,,,,A
1348,19,gu,Gujarati,તેણી સુવાના પહેલા પુસ્તક વાંચે છે,Tēṇī suvānā pahēlā pustaka vāñcē chē,,,,A
1349,19,si,Sinhala,ඇය නිදාගන්නා ඉස්සර පොතක් කියවයි,Æya nidāgannā issara potak kiyavayi,,,,A
1350,19,km,Khmer,នាងអានសៀវភៅមុនពេលគេង,Neang an sievphov mon pel kelng,,,,A
1351,19,is,Icelandic,Hún les bók áður en hún fer að sofa,,,,,A
1352,19,tl,Tagalog / Filipino,Nagbabasa siya ng libro bago matulog,,,,,A
1353,19,ms,Malay,Dia membaca buku sebelum tidur,,,,,A
1354,19,jv,Javanese,Dheweke maca buku sadurunge turu,,,,,A
1355,19,kk,Kazakh,Ол ұйқыға жатпас бұрын кітап оқиды,Ol uiqyğa jatpas būryn kitap oqidy,,,,A
1356,19,uz,Uzbek,U uyqudan oldin kitob o'qiydi,,,,,A
1357,19,mn,Mongolian,Тэр унтахынхаа өмнө ном уншдаг,Ter untakhynkhaa ömnö nom unshdag,,,,A
1358,19,ka,Georgia,ის წიგნს კითხულობს ძილამდე,Is ts'igns k'itkhulobs dzilamde,,,,A
1359,19,hy,Armenian,Նա գիրք է կարդում քնելուց առաջ,Na girk' e kardoum k'neluts' arraj,,,,A
1360,19,eu,Basque,Liburu bat irakurtzen du lo egin aurretik,,,,,A
1361,19,ca,Catalan,Llegeix un llibre abans d'anar a dormir,,,,,A
1362,19,gl,Galician,Le un libro antes de durmir,,,,,A
1363,19,ga,Irish (Gaeilge),Léann sí leabhar roimh dul a chodladh,,,,,A
1364,19,cy,Welsh,Mae hi'n darllen llyfr cyn mynd i'r gwely,,,,,A
1365,19,gd,Scottish Gaelic,Bidh i a' leughadh leabhar mus tèid i a chadal,,,,,A
1366,19,lb,Luxembourgish,Si liest e Buch ier se schlof geet,,,,,A
1367,19,eo,Esperanto,Ŝi legas libron antaŭ ol enlitiĝi,,,,,A
1368,19,la,Latin,Legit librum ante cubitum,,,,,A
1369,20,en,English,The bus arrives at seven o’clock,,,,,A
1370,20,es,Spanish,El autobús llega a las siete,,,,,A
1371,20,fr,French,Le bus arrive à sept heures,,,,,A
1372,20,pt,Portuguese,O ônibus chega às sete horas,,,,,A
1373,20,de,German,Der Bus kommt um sieben Uhr an,,,,,A
1374,20,it,Italian,L'autobus arriva alle sette,,,,,A
1375,20,ru,Russian,Автобус прибывает в семь часов,,,,,A
1376,20,ar,Arabic,تصل الحافلة الساعة السابعة,Tasil al-hafila al-sa'a al-sabi'a,,,,A
1377,20,hi,Hindi,बस सात बजे आती है,Bas saat baje aati hai,,,,A
1378,20,bn,Bengali,বাস সাতটায় আসে,Bas shattay ashe,,,,A
1379,20,ur,Urdu,بس سات بجے آتی ہے,Bas saat baje aati hai,,,,A
1380,20,fa,Persian,اتوبوس ساعت هفت می‌رسد,Otobus saat haft miresad,,,,A
1381,20,tr,Turkish,Otobüs saat yedide geliyor,,,,,A
1382,20,ja,Japanese,バスは七時に到着します,Basu wa shichi-ji ni tōchaku shimasu,,,,A
1383,20,ko,Korean,버스는 일곱 시에 도착해요,Beoseu-neun ilgob sie dochakaeyo,,,,A
1384,20,zh-cn,Mandarin (Simplified),公交车七点到达,,gōngjiāochē qī diǎn dàodá,,A
1385,20,zh-tw,Mandarin (Traditional),公車七點到達,,gōngchē qī diǎn dàodá,,A
1386,20,vi,Vietnamese,Xe buýt đến lúc bảy giờ,,,,,A
1387,20,th,Thai,รถเมล์มาถึงเจ็ดโมง,Rót mel mā t̄hụng cĕd mong,,,,A
1388,20,id,Indonesian,Bus tiba jam tujuh,,,,,A
1389,20,sw,Swahili,Basi lafika saa moja,,,,,A
1390,20,nl,Dutch,De bus komt om zeven uur aan,,,,,A
1391,20,pl,Polish,Autobus przyjeżdża o siódmej,,,,,A
1392,20,uk,Ukrainian,Автобус прибуває о сьомій годині,,,,,A
1393,20,el,Greek,Το λεωφορείο φτάνει στις επτά,To leoforeío ftánei stis eptá,,,,A
1394,20,sv,Swedish,Bussen ankommer klockan sju,,,,,A
1395,20,no,Norwegian,Bussen ankommer klokken sju,,,,,A
1396,20,da,Danish,Bussen ankommer klokken syv,,,,,A
1397,20,fi,Finnish,Bussi saapua seitsemältä,,,,,A
1398,20,cs,Czech,Autobus přijíždí v sedm hodin,,,,,A
1399,20,hu,Hungarian,A busz hét órakor érkezik,,,,,A
1400,20,ro,Romanian,Autobuzul sosește la ora șapte,,,,,A
1401,20,bg,Bulgarian,Автобусът пристига в седем часа,Avtobusat prisitga v sedem chasa,,,,A
1402,20,sr,Serbian,Аутобус стиже у седам сати,Autobus stiže u sedam sati,,,,A
1403,20,sk,Slovak,Autobus príde o siedmej,,,,,A
1404,20,sl,Slovenian,Avtobus pride ob sedmih,,,,,A
1405,20,lt,Lithuanian,Autobusas atvyksta septintą valandą,,,,,A
1406,20,lv,Latvian,Autobuss ierodas septiņos,,,,,A
1407,20,et,Estonian,Buss saabub kell seitse,,,,,A
1408,20,he,Hebrew,האוטובוס מגיע בשבע,Haotobus magia b'sheva,,,,A
1409,20,ha,Hausa,Bas din yana zuwa karfe bakwai,,,,,A
1410,20,yo,Yoruba,Bọ́ọ̀sì náà ń dé ní àsìkò méje,,,,A
1411,20,ig,Igbo,Ụgbọ ala na-abata n'elekere asaa,,,,,A
1412,20,am,Amharic,አውቶቡሱ በሰባት ሰዓት ይደርሳል,Äwtobusiu besehat se'at yiderseal,,,,A
1413,20,ti,Tigrinya,እታ ኣውቶቡስ ኣብ ሰዓት ሸውዓተ ትዕቀብ,Eta awtobus ab se'at shew'ate tiqeb,,,,A
1414,20,ne,Nepali,बस सात बजे आउँछ,Bas sāt bajē āum̐cha,,,,A
1415,20,ta,Tamil,பேருந்து ஏழு மணிக்கு வரும்,Peruntu ēḻu maṇikku varum,,,,A
1416,20,te,Telugu,బస్సు ఏడు గంటలకు వస్తుంది,Bassu ēḍu gaṇṭalaku vastundi,,,,A
1417,20,ml,Malayalam,ബസ് ഏഴ് മണിക്ക് വരും,Bas ēḻ maṇikk varum,,,,A
1418,20,mr,Marathi,बस सात वाजता येते,Basa sāta vājatā yētē,,,,A
1419,20,pa,Punjabi,ਬਸ ਸੱਤ ਵਜੇ ਆਉਂਦੀ ਹੈ,Basa sata vajē āundī hai,,,,A
1420,20,gu,Gujarati,બસ સાત વાગ્યે આવે છે,Basa sāta vāgyē āvē chē,,,,A
1421,20,si,Sinhala,බස් රථය හතරට පැමිණේ,Bas rathaya hataraṭa pæmiṇē,,,,A
1422,20,km,Khmer,ឡានក្រុងមកដល់ម៉ោងប្រាំពីរ, Lan krong mok dal maong bram pir,,,,A
1423,20,is,Icelandic,Strætóinn kemur klukkan sjö,,,,,A
1424,20,tl,Tagalog / Filipino,Dumating ang bus sa alas-siyete,,,,,A
1425,20,ms,Malay,Bas tiba pada pukul tujuh,,,,,A
1426,20,jv,Javanese,Bus teka jam pitu,,,,,A
1427,20,kk,Kazakh,Автобус жеті сағатта келеді,Avtobus jeti sağatta keledi,,,,A
1428,20,uz,Uzbek,Avtobus soat yettida keladi,,,,,A
1429,20,mn,Mongolian,Автобус долоо цагт ирдэг,Avtobus doloo tsagt irdag,,,,A
1430,20,ka,Georgia,ავტობუსი შვიდ საათზე მოდის,Avt'obusi shvid saat'ze modis,,,,A
1431,20,hy,Armenian,Ավտոբուսը գալիս է յոթ ժամին,Avtobusy galis e yot zhamin,,,,A
1432,20,eu,Basque,Autobusa zazpietan iristen da,,,,,A
1433,20,ca,Catalan,L'autobús arriba a les set,,,,,A
1434,20,gl,Galician,O autobús chega ás sete,,,,,A
1435,20,ga,Irish (Gaeilge),Tagann an bus ag a seacht,,,,,A
1436,20,cy,Welsh,Mae'r bws yn cyrraedd am saith o'r gloch,,,,,A
1437,20,gd,Scottish Gaelic,Bidh am bus a' ruighinn aig seachd uairean,,,,,A
1438,20,lb,Luxembourgish,De Bus kënnt um siwen Auer,,,,,A
1439,20,eo,Esperanto,La aŭtobuso alvenas je la sepa,,,,,A
1440,20,la,Latin,Raedarius advenit hora septima,,,,,A
1441,21,en,English,I open the window to let in fresh air,,,,,A
1442,21,es,Spanish,Abro la ventana para que entre aire fresco,,,,,A
1443,21,fr,French,J'ouvre la fenêtre pour laisser entrer l'air frais,,,,,A
1444,21,pt,Portuguese,Abro a janela para entrar ar fresco,,,,,A
1445,21,de,German,Ich öffne das Fenster, um frische Luft hereinzulassen,,,,,A
1446,21,it,Italian,Apro la finestra per far entrare aria fresca,,,,,A
1447,21,ru,Russian,Я открываю окно, чтобы впустить свежий воздух,,,,,A
1448,21,ar,Arabic,أفتح النافذة للسماح بدخول الهواء النقي,Uftah al-nafidha lil-samah bi-dukhul al-hawa' al-naqi,,,,A
1449,21,hi,Hindi,मैं ताजी हवा आने देने के लिए खिड़की खोलता हूं,Main taji hawa aane dene ke liye khidki kholta hoon,,,,A
1450,21,bn,Bengali,আমি তাজা বাতাস ঢুকতে জানালা খুলি,Ami taja batas dhukte janala khuli,,,,A
1451,21,ur,Urdu,میں تازہ ہوا آنے دینے کے لیے کھڑکی کھولتا ہوں,Main taza hawa aane dene ke liye khidki kholta hoon,,,,A
1452,21,fa,Persian,پنجره را باز می‌کنم تا هوای تازه داخل شود,Panjere ra baz mikonam ta havaye taze dakhel shavad,,,,A
1453,21,tr,Turkish,Temiz hava girmesi için pencereyi açıyorum,,,,,A
1454,21,ja,Japanese,新鮮な空気を入れるために窓を開けます,Shinsen na kūki o ireru tame ni mado o akemasu,,,,A
1455,21,ko,Korean,신선한 공기를 들이기 위해 창문을 엽니다,Sinseonhan gonggireul deurigi wihae changmuneul yeomnida,,,,A
1456,21,zh-cn,Mandarin (Simplified),我打开窗户让新鲜空气进来,,wǒ dǎkāi chuānghù ràng xīnxiān kōngqì jìnlái,,A
1457,21,zh-tw,Mandarin (Traditional),我打開窗戶讓新鮮空氣進來,,wǒ dǎkāi chuānghù ràng xīnxiān kōngqì jìnlái,,A
1458,21,vi,Vietnamese,Tôi mở cửa sổ để cho không khí trong lành vào,,,,,A
1459,21,th,Thai,ฉันเปิดหน้าต่างเพื่อให้อากาศสดชื่นเข้ามา,Chản peid n̂ảt̀āng pheụ̄̀x h̄ı̂ xākāṣ̄ s̄dc̄hụ̄̀n k̄hê mā,,,,A
1460,21,id,Indonesian,Saya membuka jendela untuk membiarkan udara segar masuk,,,,,A
1461,21,sw,Swahili,Ninafungua dirisha ili hewa safi ingie,,,,,A
1462,21,nl,Dutch,Ik open het raam om frisse lucht binnen te laten,,,,,A
1463,21,pl,Polish,Otwieram okno, żeby wpuścić świeże powietrze,,,,,A
1464,21,uk,Ukrainian,Я відкриваю вікно, щоб впустити свіже повітря,,,,,A
1465,21,el,Greek,Ανοίγω το παράθυρο για να μπει φρέσκο αέρα,Anoígo to paráthyro gia na bei frésko aéra,,,,A
1466,21,sv,Swedish,Jag öppnar fönstret för att släppa in frisk luft,,,,,A
1467,21,no,Norwegian,Jeg åpner vinduet for å slippe inn frisk luft,,,,,A
1468,21,da,Danish,Jeg åbner vinduet for at lukke frisk luft ind,,,,,A
1469,21,fi,Finnish,Avaan ikkunan, jotta raitis ilma pääsee sisään,,,,,A
1470,21,cs,Czech,Otevřu okno, aby se dovnitř dostal čerstvý vzduch,,,,,A
1471,21,hu,Hungarian,Kinyitom az ablakot, hogy friss levegő jöjjön be,,,,,A
1472,21,ro,Romanian,Deschid fereastra pentru a lăsa aer proaspăt să intre,,,,,A
1473,21,bg,Bulgarian,Отварям прозореца, за да вляза свеж въздух,Otvaryam prozoretsa, za da vlyaza svezh vazduh,,,,A
1474,21,sr,Serbian,Отварам прозор да уђе свеж ваздух,Otvаram prozor da uđe svež vazduh,,,,A
1475,21,sk,Slovak,Otváram okno, aby vošiel čerstvý vzduch,,,,,A
1476,21,sl,Slovenian,Odpiram okno, da pride noter svež zrak,,,,,A
1477,21,lt,Lithuanian,Atsidarau langą, kad įeitų grynas oras,,,,,A
1478,21,lv,Latvian,Es atveru logu, lai ielaižu svaigu gaisu,,,,,A
1479,21,et,Estonian,Avaken akna, et sisse pääseks värske õhk,,,,,A
1480,21,he,Hebrew,אני פותח את החלון כדי להכניס אוויר צח,Ani poteach et hachalon kedey lehaknis avir tzach,,,,A
1481,21,ha,Hausa,Na bude taga don barin iska mai dadi ta shigo,,,,,A
1482,21,yo,Yoruba,Mo ń ṣí fèrèsé kí afẹ́fẹ́ tuntun tó wọ inú,,,,A
1483,21,ig,Igbo,Ana m emeghe windo ka ikuku ọhụrụ bata,,,,,A
1484,21,am,Amharic,ንፁህ አየር እንዲገባ መስኮት እከፍታለሁ,Netsuh ayer endiygeba mesikot ikeftalehu,,,,A
1485,21,ti,Tigrinya,ንጹህ ኣየር ክኣቱ መስኮት እኽፈት እየ,Netsuh ayer k'atu mesikot ikhfit iye,,,,A
1486,21,ne,Nepali,म ताजा हावा भित्र आउन दिन झ्याल खोल्छु,Ma tājā hāvā bhitra āuna dina jhyāla kholchu,,,,A
1487,21,ta,Tamil,புதிய காற்று உள்ளே வருவதற்காக நான் ஜன்னலைத் திறக்கிறேன்,Putiya kāṟṟu uḷḷē varuvataṟkāka nāṉ jaṉṉalait tiṟakkiṟēṉ,,,,A
1488,21,te,Telugu,తాజా గాలి లోపలికి రావడానికి నేను కిటికీ తెరుస్తున్నాను,Tājā gāli lōpaliki rāvaḍāniki nēnu kiṭikī terustunnānu,,,,A
1489,21,ml,Malayalam,ഉള്ളിലേക്ക് പുതിയ വായു വരാൻ ഞാൻ ജനല തുറക്കുന്നു,Uḷḷilēkk putiya vāyu varān ñān janala tuṟakkunnu,,,,A
1490,21,mr,Marathi,ताजी हवा आत येण्यासाठी मी खिडकी उघडते,Tājī havā āta yēṇyāsāṭhī mī khiḍakī ughaḍatē,,,,A
1491,21,pa,Punjabi,ਮੈਂ ਤਾਜ਼ੀ ਹਵਾ ਅੰਦਰ ਆਉਣ ਦੇਣ ਲਈ ਖਿੜਕੀ ਖੋਲਦਾ ਹਾਂ,Main tāzī havā adara āuṇa dēṇa la'ī khiṛakī khōldā hāṁ,,,,A
1492,21,gu,Gujarati,હું તાજી હવા અંદર આવવા દેવા માટે વિન્ડો ખોલું છું,Huṁ tājī havā adara āvavā dēvā māṭē vinḍō khōluṁ chuṁ,,,,A
1493,21,si,Sinhala,මම ජනෙල් අරින්නේ නැවුම් වාතය ඇතුළට එන්නටයි,Mama janel arinnē nævum vātaya ætuḷaṭa ennaṭayi,,,,A
1494,21,km,Khmer,ខ្ញុំបើកបង្អួចដើម្បីឱ្យខ្យល់ស្រស់ចូលមក,Khnhom baek bang'uoch daembey aoy khyal sras chol mok,,,,A
1495,21,is,Icelandic,Ég opna gluggann til að láta ferskan loft inn,,,,,A
1496,21,tl,Tagalog / Filipino,Binubuksan ko ang bintana para papasukin ang sariwang hangin,,,,,A
1497,21,ms,Malay,Saya membuka tingkap untuk membiarkan udara segar masuk,,,,,A
1498,21,jv,Javanese,Aku mbukak jendhela supaya hawa seger mlebu,,,,,A
1499,21,kk,Kazakh,Жаңа ауа кіруі үшін терезені ашамын,Jaña aua kırüı üşin terezeni aşamın,,,,A
1500,21,uz,Uzbek,Men yangi havo kirishi uchun derazani ochaman,,,,,A
1501,21,mn,Mongolian,Би цонхыг нээж шинэ агаар оруулдаг,Bi tsonkhig neej shine agaar oruuldag,,,,A
1502,21,ka,Georgia,მე ფანჯარას ვაღებ, რომ სუფთა ჰაერი შემოვიდეს,Me p'anjaras vagheb, rom supta haeri shemovides,,,,A
1503,21,hy,Armenian,Ես բացում եմ պատուհանը, որպեսզի մաքուր օդ մտնի,Yes bats'um em patuhanə, vorpeszi mak'ur od mtni,,,,A
1504,21,eu,Basque,Leihoa zabaltzen dut aire freskoa sartzeko,,,,,A
1505,21,ca,Catalan,Obro la finestra perquè hi entri aire fresc,,,,,A
1506,21,gl,Galician,Abro a fiestra para que entre aire fresco,,,,,A
1507,21,ga,Irish (Gaeilge),Osclaím an fhuinneog chun aer úr a ligean isteach,,,,,A
1508,21,cy,Welsh,Rwy'n agor y ffenestr i adael i awyr iach ddod i mewn,,,,,A
1509,21,gd,Scottish Gaelic,Bidh mi a' fosgladh na h-uinneig gus èadhar ùr a leigeil a-steach,,,,,A
1510,21,lb,Luxembourgish,Ech maachen d'Fënster op fir frësch Loft eran ze loossen,,,,,A
1511,21,eo,Esperanto,Mi malfermas la fenestron por enlasi freŝan aeron,,,,,A
1512,21,la,Latin,Fenestram aperio ut aer recentis ingrediatur,,,,,A
1513,22,en,English,He wears a blue jacket,,,,,A
1514,22,es,Spanish,Él lleva una chaqueta azul,,,,,A
1515,22,fr,French,Il porte une veste bleue,,,,,A
1516,22,pt,Portuguese,Ele veste uma jaqueta azul,,,,,A
1517,22,de,German,Er trägt eine blaue Jacke,,,,,A
1518,22,it,Italian,Indossa una giacca blu,,,,,A
1519,22,ru,Russian,Он носит синюю куртку,,,,,A
1520,22,ar,Arabic,يرتدي سترة زرقاء,Yartadi satra zarqa,,,,A
1521,22,hi,Hindi,वह नीली जैकेट पहनता है,Vah neeli jacket pahanta hai,,,,A
1522,22,bn,Bengali,সে একটি নীল জ্যাকেট পরে,Se ekṭi nil jacket pore,,,,A
1523,22,ur,Urdu,وہ نیلی جیکٹ پہنتا ہے,Woh neeli jacket pehenta hai,,,,A
1524,22,fa,Persian,او یک ژاکت آبی می‌پوشد,U yek zhaket abi mipushad,,,,A
1525,22,tr,Turkish,Mavi bir ceket giyiyor,,,,,A
1526,22,ja,Japanese,彼は青いジャケットを着ています,Kare wa aoi jaketto o kite imasu,,,,A
1527,22,ko,Korean,그는 파란색 재킷을 입어요,Geuneun paransaek jaekiteul ib-eoyo,,,,A
1528,22,zh-cn,Mandarin (Simplified),他穿一件蓝色夹克,,tā chuān yī jiàn lánsè jiākè,,A
1529,22,zh-tw,Mandarin (Traditional),他穿一件藍色夾克,,tā chuān yī jiàn lánsè jiākè,,A
1530,22,vi,Vietnamese,Anh ấy mặc một chiếc áo khoác màu xanh,,,,,A
1531,22,th,Thai,เขาสวมเสื้อแจ็กเก็ตสีน้ำเงิน,Khā s̄wm s̄eụ̄x cæk kes̄ s̄ī n̂ảngein,,,,A
1532,22,id,Indonesian,Dia memakai jaket biru,,,,,A
1533,22,sw,Swahili,Anavaa jaketi ya bluu,,,,,A
1534,22,nl,Dutch,Hij draagt een blauwe jas,,,,,A
1535,22,pl,Polish,On nosi niebieską kurtkę,,,,,A
1536,22,uk,Ukrainian,Він носить синю куртку,,,,,A
1537,22,el,Greek,Φοράει ένα μπλέ σακάκι,Foráei ena blé sakáki,,,,A
1538,22,sv,Swedish,Han bär en blå jacka,,,,,A
1539,22,no,Norwegian,Han har på seg en blå jakke,,,,,A
1540,22,da,Danish,Han bærer en blå jakke,,,,,A
1541,22,fi,Finnish,Hänellä on sininen takki,,,,,A
1542,22,cs,Czech,Má na sobě modrou bundu,,,,,A
1543,22,hu,Hungarian,Kék kabátot visel,,,,,A
1544,22,ro,Romanian,Poartă o jachetă albastră,,,,,A
1545,22,bg,Bulgarian,Той носи синя якка,Toi nosi sinya yakka,,,,A
1546,22,sr,Serbian,Он носи плаву јакну,On nosi plavu jaknu,,,,A
1547,22,sk,Slovak,Nosí modrú bundu,,,,,A
1548,22,sl,Slovenian,Nosi modro jakno,,,,,A
1549,22,lt,Lithuanian,Jis dėvi mėlyną striukę,,,,,A
1550,22,lv,Latvian,Vinš valkā zilu jaci,,,,,A
1551,22,et,Estonian,Tal on seljas sinine jope,,,,,A
1552,22,he,Hebrew,הוא לובש ז'קט כחול,Hu lovesh jacket kachol,,,,A
1553,22,ha,Hausa,Yana sanya jaket shudi,,,,,A
1554,22,yo,Yoruba,Ó ń wọ jakẹ́ẹ̀tì aláwọ̀ aró,,,,A
1555,22,ig,Igbo,Ọ na-eyi jaket na-acha anụnụ,,,,,A
1556,22,am,Amharic,እሱ ሰማያዊ ጃኬት ይለብሳል,Esui semayawi jaket yilebsal,,,,A
1557,22,ti,Tigrinya,ንሱ ሰማያዊ ጃኬት ይኸይድ,Nisu semayawi jaket yikheid,,,,A
1558,22,ne,Nepali,उसले निलो ज्याकेट लगाउँछ,Usalē nilō jyākēṭa lagāum̐cha,,,,A
1559,22,ta,Tamil,அவர் நீல நிற ஜாக்கெட் அணிகிறார்,Avar nīla niṟa jākkeṭ aṇikiṟār,,,,A
1560,22,te,Telugu,అతను నీలం రంగు జాకెట్టు ధరిస్తాడు,Atanu nīlaṁ raṅgu jākeṭṭu dharistāḍu,,,,A
1561,22,ml,Malayalam,അവൻ നീല ജാക്കറ്റ് ധരിക്കുന്നു,Avan nīla jākkaṟṟ dharikkunnu,,,,A
1562,22,mr,Marathi,तो निळा जाकीट घालतो,Tō niḷā jākīṭa ghālatō,,,,A
1563,22,pa,Punjabi,ਉਹ ਨੀਲੀ ਜੈਕਟ ਪਹਿਨਦਾ ਹੈ,Uh nīlī jaikaṭa pahinadā hai,,,,A
1564,22,gu,Gujarati,તેણે વાદળી જેકેટ પહેરેલી છે,Tēṇē vādaḷī jēkēṭa pahērēlī chē,,,,A
1565,22,si,Sinhala,ඔහු නිල් ජැකට් එකක් අඳිනවා,Ohu nil jækaṭ ekak aṇinavā,,,,A
1566,22,km,Khmer,គាត់ពាក់អាវយឺតពណ៌ខៀវ,Koat peak av yeut pon khiev,,,,A
1567,22,is,Icelandic,Hann er í bláum jakka,,,,,A
1568,22,tl,Tagalog / Filipino,Nag-suot siya ng asul na dyaket,,,,,A
1569,22,ms,Malay,Dia memakai jaket biru,,,,,A
1570,22,jv,Javanese,Dheweke nganggo jaket biru,,,,,A
1571,22,kk,Kazakh,Ол көк жакет киеді,Ol kök jaket kiedi,,,,A
1572,22,uz,Uzbek,U ko'k rangli kurtka kiyadi,,,,,A
1573,22,mn,Mongolian,Тэр цэнхэр хүрэм өмсдөг,Ter tsenkher khürem ömsdög,,,,A
1574,22,ka,Georgia,ის ლურჯ ქურთუკს ატარებს,Is lurj kurtuk's at'arebs,,,,A
1575,22,hy,Armenian,Նա կապույտ բաճկոն է կրում,Na kapuyt bajkon e kroum,,,,A
1576,22,eu,Basque,Blaze jazketa bat darama,,,,,A
1577,22,ca,Catalan,Porta una jaqueta blava,,,,,A
1578,22,gl,Galician,Leva unha chaqueta azul,,,,,A
1579,22,ga,Irish (Gaeilge),Caitheann sé seaicéad gorm,,,,,A
1580,22,cy,Welsh,Mae'n gwisgo siaced las,,,,,A
1581,22,gd,Scottish Gaelic,Bidh e a' caitheamh seacaid gorm,,,,,A
1582,22,lb,Luxembourgish,Hien dréit eng blo Jackett,,,,,A
1583,22,eo,Esperanto,Li surhavas bluan jakoon,,,,,A
1584,22,la,Latin,Tunicam caeruleam gerit,,,,,A
1585,23,en,English,We cook dinner together on weekends,,,,,A
1586,23,es,Spanish,Cocinamos la cena juntos los fines de semana,,,,,A
1587,23,fr,French,Nous cuisinons le dîner ensemble le weekend,,,,,A
1588,23,pt,Portuguese,Nós cozinhamos o jantar juntos nos fins de semana,,,,,A
1589,23,de,German,Wir kochen am Wochenende zusammen Abendessen,,,,,A
1590,23,it,Italian,Cuciniamo la cena insieme nei fine settimana,,,,,A
1591,23,ru,Russian,Мы готовим ужин вместе по выходным,,,,,A
1592,23,ar,Arabic,نطبخ العشاء معًا في عطلة نهاية الأسبوع,Netbukh al-'asha ma'an fi 'utlat nihayat al-usbu',,,,A
1593,23,hi,Hindi,हम सप्ताहांत पर एक साथ रात का खाना बनाते हैं,Ham saptaahant par ek saath raat ka khana banate hain,,,,A
1594,23,bn,Bengali,আমরা সপ্তাহান্তে একসাথে রাতের খাবার রান্না করি,Amra saptaahante eksathe rater khabar ranna kori,,,,A
1595,23,ur,Urdu,ہم ہفتہ وار ایک ساتھ رات کا کھانا پکاتے ہیں,Ham hafta war ek saath raat ka khana pakate hain,,,,A
1596,23,fa,Persian,ما آخر هفته ها با هم شام درست می‌کنیم,Ma akhar hafte ha ba ham sham dorost mikonim,,,,A
1597,23,tr,Turkish,Hafta sonları birlikte akşam yemeği pişiriyoruz,,,,,A
1598,23,ja,Japanese,週末に一緒に夕食を作ります,Shūmatsu ni issho ni yūshoku o tsukurimasu,,,,A
1599,23,ko,Korean,우리는 주말에 함께 저녁을 요리해요,Urineun jumare hamkke jeonyeogeul yorihaeyo,,,,A
1600,23,zh-cn,Mandarin (Simplified),我们周末一起做晚餐,,wǒmen zhōumò yīqǐ zuò wǎncān,,A
1601,23,zh-tw,Mandarin (Traditional),我們週末一起做晚餐,,wǒmen zhōumò yīqǐ zuò wǎncān,,A
1602,23,vi,Vietnamese,Chúng tôi nấu bữa tối cùng nhau vào cuối tuần,,,,,A
1603,23,th,Thai,พวกเราทำอาหารเย็นด้วยกันในวันหยุดสุดสัปดาห์,Phwk reā thả xāhār yên d̂wy kạn nı wạn h̄yud s̄ud s̄ạpdāh̄̒,,,,A
1604,23,id,Indonesian,Kami memasak makan malam bersama pada akhir pekan,,,,,A
1605,23,sw,Swahili,Tunapika chakula cha jioni pamoja wikendi,,,,,A
1606,23,nl,Dutch,Wij koken in het weekend samen avondeten,,,,,A
1607,23,pl,Polish,W weekendy razem gotujemy obiad,,,,,A
1608,23,uk,Ukrainian,Ми готуємо вечерю разом на вихідних,,,,,A
1609,23,el,Greek,Μαγειρεύουμε βραδινό μαζί τα σαββατοκύριακα,Magirevoume vradino mazi ta savatokyriaka,,,,A
1610,23,sv,Swedish,Vi lagar middag tillsammans på helgerna,,,,,A
1611,23,no,Norwegian,Vi lager middag sammen i helgene,,,,,A
1612,23,da,Danish,Vi laver aftensmad sammen i weekenderne,,,,,A
1613,23,fi,Finnish,Kypsymme illallista yhdessä viikonloppuisin,,,,,A
1614,23,cs,Czech,Víkendy vaříme večeři spolu,,,,,A
1615,23,hu,Hungarian,Hétvégén együtt főzünk vacsorát,,,,,A
1616,23,ro,Romanian,Gătim împreună cina în weekend,,,,,A
1617,23,bg,Bulgarian,Готвим вечеря заедно през уикенда,Gotvim vecherya zaedno prez uikenda,,,,A
1618,23,sr,Serbian,Кувамо вечеру заједно викендом,Kuvamo večeru zajedno vikendom,,,,A
1619,23,sk,Slovak,Víkendy varíme večeru spolu,,,,,A
1620,23,sl,Slovenian,Vikende kuhamo večerjo skupaj,,,,,A
1621,23,lt,Lithuanian,Savaitgaliais kartu gaminame vakarienę,,,,,A
1622,23,lv,Latvian,Vīkendos mēs kopā gatavojam vakariņas,,,,,A
1623,23,et,Estonian,Me küpseme nädalavahetustel koos õhtust,,,,,A
1624,23,he,Hebrew,אנחנו מבשלים ארוחת ערב ביחד בסופי שבוע,Anachnu mevashlim aruchat erev beyachad besofei shavua,,,,A
1625,23,ha,Hausa,Muna dafa abincin dare tare a karshen mako,,,,,A
1626,23,yo,Yoruba,A ń se onjẹ alẹ́ papọ̀ ní ọ̀sẹ̀ ìpinlẹ̀,,,,A
1627,23,ig,Igbo,Anyị na-esi nri abalị ọnụ n'izu ụka,,,,,A
1628,23,am,Amharic,በሳምንት መጨረሻ ምሳ አብረን እናበስላለን,BeSamint mecheresha msa abren enabeslalen,,,,A
1629,23,ti,Tigrinya,ኣብ መወዳእታ ሰሙን ምሳ ንበልዕ ኣብ ሓንቲ ንሰርሕ,Ni'ab mewedaita semun msa nibeli ab hati niserih,,,,A
1630,23,ne,Nepali,हामी सप्ताहान्तमा सँगै रातिको खाना पकाउँछौं,Hāmī saptāhāntamā sam̐gai rātikō khānā pakāum̐chauṁ,,,,A
1631,23,ta,Tamil,வார இறுதியில் நாங்கள் ஒன்றாக இரவு உணவு சமைக்கிறோம்,Vāra iṟutiyil nāṅkaḷ oṉṟāka iravu uṇavu camaikkiṟōm,,,,A
1632,23,te,Telugu,మేము వారాంతాల్లో కలిసి రాత్రి భోజనం చేస్తాము,Mēmu vārāntāllō kalisi rātri bhōjanaṁ cēstāmu,,,,A
1633,23,ml,Malayalam,ഞങ്ങൾ വാരാന്ത്യത്തിൽ ഒന്നിച്ച് രാത്രി ഭക്ഷണം പാകം ചെയ്യുന്നു,ṅaṅṅaḷ vārāntyattil onnicch rātri bhakṣaṇaṁ pākaṁ ceyyunnu,,,,A
1634,23,mr,Marathi,आम्ही शनिवार-रविवारी एकत्र रात्रीचे जेवण शिजवतो,Āmhī śanivāra-ravivārī ēkatra rātrīcē jēvaṇa śijavatō,,,,A
1635,23,pa,Punjabi,ਅਸੀਂ ਹਫ਼ਤੇ ਦੇ ਅੰਤ 'ਤੇ ਇਕੱਠੇ ਰਾਤ ਦਾ ਖਾਣਾ ਬਣਾਉਂਦੇ ਹਾਂ,Asīṁ hafatē dē anta 'tē ikaṭhē rāta dā khāṇā baṇā'undē hāṁ,,,,A
1636,23,gu,Gujarati,અમે સપ્તાહના અંતે એકસાથે રાત્રિભોજન બનાવીએ છીએ,Amē saptāhanā antē ēkasāthē rātribhōjana banāvī'ē chī'ē,,,,A
1637,23,si,Sinhala,අපි සෙනසුරාදා ඉරිදා එකට රෑ කෑම උයන්නෙමු,Api senasurādā iridā ekaṭa rǣ kǣma uyannemu,,,,A
1638,23,km,Khmer,យើងធ្វើអាហារពេលល្ងាចជាមួយគ្នានៅចុងសប្តាហ៍,Yeung thveu ahar pel lhngach cheamuoy knea nov chong sabdah,,,,A
1639,23,is,Icelandic,Við eldum kvöldmat saman um helgar,,,,,A
1640,23,tl,Tagalog / Filipino,Nagluluto kami ng hapunan nang magkasama tuwing katapusan ng linggo,,,,,A
1641,23,ms,Malay,Kami memasak makan malam bersama pada hujung minggu,,,,,A
1642,23,jv,Javanese,Kita masak nedha bengi bebarengan ing akhir minggu,,,,,A
1643,23,kk,Kazakh,Біз демалыс күндері бірге кешкі ас дайындаймыз,Biz demalys künderi birge keşki as daıyndaimyz,,,,A
1644,23,uz,Uzbek,Biz dam olish kunlari birga kechki ovqat pishiramiz,,,,,A
1645,23,mn,Mongolian,Бид амралтын өдрүүдэд хамтдаа оройн хоол хийж байдаг,Bid amraltiin ödrüüded khamtdai oroin khool khiij baidag,,,,A
1646,23,ka,Georgia,ჩვენ შაბათ-კვირას ერთად ვამზადებთ ვახშამს,Chven shabat-k'viras ertad vamzadebt vakhshams,,,,A
1647,23,hy,Armenian,Մենք միասին ենք պատրաստում ընթրիք շաբաթ օրերին,Menk' miasin enk' patrastum yntrik' shabat' orerin,,,,A
1648,23,eu,Basque,Aste bukaeretan elkarrekin afaria prestatzen dugu,,,,,A
1649,23,ca,Catalan,Fem el sopar junts els caps de setmana,,,,,A
1650,23,gl,Galician,Cociñamos a cea xuntos os fins de semana,,,,,A
1651,23,ga,Irish (Gaeilge),Déanaimid dinnéar a chócaráil le chéile ag deireadh seachtaine,,,,,A
1652,23,cy,Welsh,Rydym yn coginio cinio gyda'n gilydd ar benwythnosau,,,,,A
1653,23,gd,Scottish Gaelic,Bidh sinn a' bruich dinnear còmhla air deireadh sheachdainean,,,,,A
1654,23,lb,Luxembourgish,Maache mir Owesiessen zesummen um Wochend,,,,,A
1655,23,eo,Esperanto,Ni kune kuiras vespermanĝon dum semajnfinoj,,,,,A
1656,23,la,Latin,Cenam una paramus per ferias hebdomadis,,,,,A
1657,24,en,English,The baby smiles when she hears music,,,,,B
1658,24,es,Spanish,El bebé sonríe cuando escucha música,,,,,B
1659,24,fr,French,Le bébé sourit quand il entend de la musique,,,,,B
1660,24,pt,Portuguese,O bebê sorri quando ouve música,,,,,B
1661,24,de,German,Das Baby lächelt, wenn es Musik hört,,,,,B
1662,24,it,Italian,Il bambino sorride quando sente la musica,,,,,B
1663,24,ru,Russian,Малышка улыбается, когда слышит музыку,,,,,B
1664,24,ar,Arabic,الطفلة تبتسم عندما تسمع الموسيقى,Al-tufla tabtasim 'indama tasma' al-musiqa,,,,B
1665,24,hi,Hindi,बच्ची मुस्कुराती है जब वह संगीत सुनती है,Bacchi muskuraati hai jab vah sangeet sunti hai,,,,B
1666,24,bn,Bengali,শিশুটি হাসে যখন সে গান শোনে,Shishuṭi hase jokhon she gan shone,,,,B
1667,24,ur,Urdu,بچی مسکراتی ہے جب وہ موسیقی سنتی ہے,Bachi muskuraati hai jab woh music sunti hai,,,,B
1668,24,fa,Persian,نوزاد وقتی موسیقی می‌شنود لبخند می‌زند,Nowzad vaghti musiqi mishenavad labkhand mizanad,,,,B
1669,24,tr,Turkish,Bebek müzik duyduğunda gülümser,,,,,B
1670,24,ja,Japanese,赤ちゃんは音楽を聞くと笑います,Akachan wa ongaku o kiku to waraimasu,,,,B
1671,24,ko,Korean,아기가 음악을 들으면 웃어요,Agi-ga eumag-eul deuleumyeon useoyo,,,,B
1672,24,zh-cn,Mandarin (Simplified),宝宝听到音乐就微笑,,bǎobao tīng dào yīnyuè jiù wēixiào,,B
1673,24,zh-tw,Mandarin (Traditional),寶寶聽到音樂就微笑,,bǎobao tīng dào yīnyuè jiù wēixiào,,B
1674,24,vi,Vietnamese,Em bé cười khi nghe thấy nhạc,,,,,B
1675,24,th,Thai,ทารกยิ้มเมื่อได้ยินเสียงดนตรี,Thārk yîm meụ̄̀x dị̂yin s̄eīng dntrī,,,,B
1676,24,id,Indonesian,Bayi itu tersenyum ketika mendengar musik,,,,,B
1677,24,sw,Swahili,Mtoto hutabasamu anaposikia muziki,,,,,B
1678,24,nl,Dutch,De baby glimlacht als ze muziek hoort,,,,,B
1679,24,pl,Polish,Dziecko uśmiecha się, gdy słyszy muzykę,,,,,B
1680,24,uk,Ukrainian,Малюк посміхається, коли чує музику,,,,,B
1681,24,el,Greek,Το μωρό χαμογελά όταν ακούει μουσική,To moró chamogelá ótan akoúei mousikí,,,,B
1682,24,sv,Swedish,Bebisen ler när hon hör musik,,,,,B
1683,24,no,Norwegian,Babyen smiler når hun hører musikk,,,,,B
1684,24,da,Danish,Babyen smiler, når hun hører musik,,,,,B
1685,24,fi,Finnish,Vauva hymyilee kuullessaan musiikkia,,,,,B
1686,24,cs,Czech,Dítě se usmívá, když slyší hudbu,,,,,B
1687,24,hu,Hungarian,A baba mosolyog, amikor zenét hall,,,,B
1688,24,ro,Romanian,Bebelușul zâmbește când aude muzică,,,,,B
1689,24,bg,Bulgarian,Бебето се усмихва, когато чуе музика,Bebeto se usmihva, kogato chue muzika,,,,B
1690,24,sr,Serbian,Беба се смеје када чује музику,Beba se smeje kada čuje muziku,,,,B
1691,24,sk,Slovak,Bábätko sa usmieva, keď počuje hudbu,,,,,B
1692,24,sl,Slovenian,Dojenček se nasmehne, ko sliši glasbo,,,,,B
1693,24,lt,Lithuanian,Kūdikis šypsosi, kai girdi muziką,,,,,B
1694,24,lv,Latvian,Bērns smaida, kad dzird mūziku,,,,,B
1695,24,et,Estonian,Beebi naeratab, kui ta kuuleb muusikat,,,,,B
1696,24,he,Hebrew,התינוקת מחייכת כשהיא שומעת מוזיקה,HaTinoket mechayechet k'shehi shoma'at muzika,,,,B
1697,24,ha,Hausa,Jaririn yana murmushi idan ta ji kiɗa,,,,,B
1698,24,yo,Yoruba,Ọmọ náà ń rẹ́rìn-ín nígbà tó bá ń gbọ orin,,,,B
1699,24,ig,Igbo,Nwa ọhụrụ ahụ na-amụmụ ọnụ ọchị mgbe ọ nụrụ egwu,,,,B
1700,24,am,Amharic,ህፃኗ ሙዚቃ ስትሰማ ፈገግታ ታደርጋለች,Hits'atwa muziqa sitsesema fegegta tadergalech,,,,B
1701,24,ti,Tigrinya,እቲ ህጻን ሙዚቃ ምስ ትሰምዕ ፍሽኽታ ትገብር,Eti hits'an muziqa mis tisem' fishikhta tigebir,,,,B
1702,24,ne,Nepali,बच्ची संगीत सुनेपछि मुस्कुराउँछ,Baccī saṅgīta sunepachi muskuraum̐cha,,,,B
1703,24,ta,Tamil,குழந்தை இசை கேட்கும் போது புன்னகைக்கிறது,Kuḻantai icai kēṭkum pōtu puṉṉakaikkiṟatu,,,,B
1704,24,te,Telugu,బిడ్డ సంగీతం విన్నప్పుడు చిరునవ్వు చిందిస్తుంది,Bidḍa saṅgītaṁ vinnappuḍu chirunavvu cindistundi,,,,B
1705,24,ml,Malayalam,കുഞ്ഞ് സംഗീതം കേൾക്കുമ്പോൾ പുഞ്ചിരിക്കുന്നു,Kuññ saṅgītaṁ kēḷkkumpēāḷ puñcirikkunnu,,,,B
1706,24,mr,Marathi,बाळाला संगीत ऐकले की ती हसते,Bāḷālā saṅgīta aikalē kī tī hastē,,,,B
1707,24,pa,Punjabi,ਬੱਚੀ ਸੰਗੀਤ ਸੁਣਦੀ ਹੈ ਤਾਂ ਮੁਸਕਰਾਉਂਦੀ ਹੈ,Bacī sagīta suṇadī hai tāṁ musakarā'undī hai,,,,B
1708,24,gu,Gujarati,બાળક સંગીત સાંભળે છે ત્યારે સ્મિત કરે છે,Bāḷaka sagīta sāmbhaḷē chē tyārē smita karē chē,,,,B
1709,24,si,Sinhala,ළදරුවා සංගීතය ඇසූ විට හිනා වෙයි,Ḷadaruvā saṅgītaya æsū viṭa hinā veyi,,,,B
1710,24,km,Khmer,ទារកសើចញញឹមនៅពេលឮតន្ត្រី,Tearok sauch nhonhoem nov pel leu tontrei,,,,B
1711,24,is,Icelandic,Barnið brosir þegar hún heyrir tónlist,,,,,B
1712,24,tl,Tagalog / Filipino,Ngumiti ang sanggol kapag nakarinig siya ng musika,,,,,B
1713,24,ms,Malay,Bayi itu tersenyum apabila mendengar muzik,,,,,B
1714,24,jv,Javanese,Bayi mesem nalika krungu musik,,,,,B
1715,24,kk,Kazakh,Нәресте әуен естігенде күлімсіреді,Näreste äuen estıgende külımsiredi,,,,B
1716,24,uz,Uzbek,Chaqaloq musiqani eshitganda jilmayadi,,,,,B
1717,24,mn,Mongolian,Хүүхэд хөгжим сонсоход инээмсэглэдэг,Khüükhed khögjim sonsokhod inemsgleldeg,,,,B
1718,24,ka,Georgia,ბავშვი იღიმება, როდესაც მუსიკას ისმენს,Bavshvi ighimeba, rodesac musikas ismens,,,,B
1719,24,hy,Armenian,Մանուկը ժպտում է, երբ երաժշտություն է լսում,Manukə zhptoum e, yerp yerazhshtout'youn e lsum,,,,B
1720,24,eu,Basque,Haurtxoa irribarretzen da musikarekin,,,,,B
1721,24,ca,Catalan,El nadó somriu quan sent música,,,,,B
1722,24,gl,Galician,O bebé sorrí cando escoita música,,,,,B
1723,24,ga,Irish (Gaeilge,Déanann an naíonán meangadh gáire nuair a chloiseann sí ceol,,,,,B
1724,24,cy,Welsh,Mae'r babi'n gwenu pan glyw gerddoriaeth,,,,,B
1725,24,gd,Scottish Gaelic,Bidh an leanabh a' dèanamh gàire nuair a chluinneas i ceòl,,,,,B
1726,24,lb,Luxembourgish,D'Baby lächelt wann se Musek héiert,,,,,B
1727,24,eo,Esperanto,La bebo ridetas kiam ŝi aŭdas muzikon,,,,,B
1728,24,la,Latin,Infans subridet cum musicam audit,,,,,B
1729,25,en,English,I clean my room on Saturday,,,,,A
1730,25,es,Spanish,Limpio mi habitación los sábados,,,,,A
1731,25,fr,French,Je nettoie ma chambre le samedi,,,,,A
1732,25,pt,Portuguese,Eu limpo meu quarto no sábado,,,,,A
1733,25,de,German,Ich putze mein Zimmer am Samstag,,,,,A
1734,25,it,Italian,Pulisco la mia camera il sabato,,,,,A
1735,25,ru,Russian,Я убираю свою комнату в субботу,,,,,A
1736,25,ar,Arabic,أنظف غرفتي يوم السبت,Unathif ghurfati yawm al-sabt,,,,A
1737,25,hi,Hindi,मैं शनिवार को अपना कमरा साफ करता हूं,Main shanivaar ko apna kamra saaf karta hoon,,,,A
1738,25,bn,Bengali,আমি শনিবারে আমার ঘর পরিষ্কার করি,Ami shonibare amar ghor porishkar kori,,,,A
1739,25,ur,Urdu,میں ہفتے کے دن اپنا کمرہ صاف کرتا ہوں,Main hafte ke din apna kamra saaf karta hoon,,,,A
1740,25,fa,Persian,من شنبه ها اتاقم را تمیز می‌کنم,Man shanbe ha otagh-am ra tamiz mikonam,,,,A
1741,25,tr,Turkish,Cumartesi günü odamı temizlerim,,,,,A
1742,25,ja,Japanese,土曜日に部屋を掃除します,Doyōbi ni heya o sōji shimasu,,,,A
1743,25,ko,Korean,토요일에 방 청소를 해요,Toyoil-e bang cheongsoleul haeyo,,,,A
1744,25,zh-cn,Mandarin (Simplified),我周六打扫房间,,wǒ zhōuliù dǎsǎo fángjiān,,A
1745,25,zh-tw,Mandarin (Traditional),我週六打掃房間,,wǒ zhōuliù dǎsǎo fángjiān,,A
1746,25,vi,Vietnamese,Tôi dọn phòng vào thứ Bảy,,,,,A
1747,25,th,Thai,ฉันทำความสะอาดห้องวันเสาร์,Chản thảkhwām s̄xād h̄xng wạn s̄eā,,,,A
1748,25,id,Indonesian,Saya membersihkan kamar saya pada hari Sabtu,,,,,A
1749,25,sw,Swahili,Ninasafisha chumba changu Jumamosi,,,,,A
1750,25,nl,Dutch,Ik maak mijn kamer schoon op zaterdag,,,,,A
1751,25,pl,Polish,Sprzątam swój pokój w sobotę,,,,,A
1752,25,uk,Ukrainian,Я прибираю свою кімнату в суботу,,,,,A
1753,25,el,Greek,Καθαρίζω το δωμάτιό μου το Σάββατο,Katharízo to domátió mou to Sávvato,,,,A
1754,25,sv,Swedish,Jag städar mitt rum på lördagar,,,,,A
1755,25,no,Norwegian,Jeg rydder rommet mitt på lørdager,,,,,A
1756,25,da,Danish,Jeg renser mit værelse om lørdagen,,,,,A
1757,25,fi,Finnish,Siivoan huoneeni lauantaisin,,,,,A
1758,25,cs,Czech,Uklízím si pokoj v sobotu,,,,,A
1759,25,hu,Hungarian,Szombaton takarítom a szobámat,,,,,A
1760,25,ro,Romanian,Îmi curăț camera sâmbătă,,,,,A
1761,25,bg,Bulgarian,Почиствам стаята си в събота,Pochistvam stayata si v subota,,,,A
1762,25,sr,Serbian,Чистим своју собу суботом,Čistim svoju sobu subotom,,,,A
1763,25,sk,Slovak,Upraťujem si izbu v sobotu,,,,,A
1764,25,sl,Slovenian,Pospravim svojo sobo ob sobotah,,,,,A
1765,25,lt,Lithuanian,Šeštadieniais valau savo kambarį,,,,,A
1766,25,lv,Latvian,Sestdienās tīru savu istabu,,,,,A
1767,25,et,Estonian,Ma pühin oma tuba laupäeviti,,,,,A
1768,25,he,Hebrew,אני מנקה את החדר שלי ביום שבת,Ani menake et hacheder sheli beyom shabat,,,,A
1769,25,ha,Hausa,Ina tsabtace daki na ranar Asabar,,,,,A
1770,25,yo,Yoruba,Mo ń fọ yàrá mi ní ọjọ́ Sátìdé,,,,A
1771,25,ig,Igbo,Ana m asacha ọnụ ụlọ m na Satọde,,,,A
1772,25,am,Amharic,ቅዳሜ ክፍሌን አጽዳለሁ,Qidame kifilen ats'dalehu,,,,A
1773,25,ti,Tigrinya,ሰንበት ክፍሊ ኣጽሪ,Eti senbet kifli ats'iri,,,,A
1774,25,ne,Nepali,म शनिबार मेरो कोठा सफा गर्छु,Ma śanibāra mērō kōṭhā saphā garchu,,,,A
1775,25,ta,Tamil,நான் சனிக்கிழமை என் அறையை சுத்தம் செய்கிறேன்,Nāṉ caṉikkiḻamai eṉ aṟaiyai cuttam ceykiṟēṉ,,,,A
1776,25,te,Telugu,నేను శనివారం నా గదిని శుభ్రం చేస్తాను,Nēnu śanivāraṁ nā gadini śubhraṁ cēstānu,,,,A
1777,25,ml,Malayalam,ഞാൻ ശനിയാഴ്ച എന്റെ മുറി വൃത്തിയാക്കുന്നു,Ñān śaniyāḻca enṟe muṟi vr̥ttiyākkunnu,,,,A
1778,25,mr,Marathi,मी शनिवारी माझी खोली स्वच्छ करतो,Mī śanivārī mājhī khōlī svaccha karatō,,,,A
1779,25,pa,Punjabi,ਮੈਂ ਸ਼ਨੀਵਾਰ ਨੂੰ ਆਪਣਾ ਕਮਰਾ ਸਾਫ਼ ਕਰਦਾ ਹਾਂ,Main śanīvāra nū āpaṇā kamarā sāfa karadā hāṁ,,,,A
1780,25,gu,Gujarati,હું શનિવારે મારું ઓરડું સાફ કરું છું,Huṁ śanivārē māruṁ oraḍuṁ sāpha karuṁ chuṁ,,,,A
1781,25,si,Sinhala,මම සෙනසුරාදා මගේ කාමරය පිරිසිදු කරමි,Mama senasurādā magē kāmaraya pirisidu karami,,,,A
1782,25,km,Khmer,ខ្ញុំសម្អាតបន្ទប់របស់ខ្ញុំនៅថ្ងៃសៅរ៍,Khnhom samat bantob robos khnhom nov thngay sao,,,,A
1783,25,is,Icelandic,Ég hreinsa herbergið mitt á laugardögum,,,,,A
1784,25,tl,Tagalog / Filipino,Naglilinis ako ng kwarto ko tuwing Sabado,,,,,A
1785,25,ms,Malay,Saya membersihkan bilik saya pada hari Sabtu,,,,,A
1786,25,jv,Javanese,Aku resikake kamarku dina Setu,,,,,A
1787,25,kk,Kazakh,Мен сенбіде бөлмемді тазалаймын,Men senbide bölmemi tazalaimyn,,,,A
1788,25,uz,Uzbek,Men shanba kuni xonamni tozalayman,,,,,A
1789,25,mn,Mongolian,Би бямба гарагт өрөөгөө цэвэрлэнэ,Bi byamba garagt öröögöö tseverlene,,,,A
1790,25,ka,Georgia,შაბათს ვასუფთავებ ოთახს,Shabats vasuptaveb otakhs,,,,A
1791,25,hy,Armenian,Ես շաբաթ օրերը մաքրում եմ սենյակս,Yes shabat' orery mak'roum em senyaks,,,,A
1792,25,eu,Basque,Nire gela garbitzen dut larunbatetan,,,,,A
1793,25,ca,Catalan,Netejo la meva habitació el dissabte,,,,,A
1794,25,gl,Galician,Limpo o meu cuarto o sábado,,,,,A
1795,25,ga,Irish (Gaeilge),Glanaim mo sheomra Dé Sathairn,,,,,A
1796,25,cy,Welsh,Rwy'n glanhau fy ystafell ar ddydd Sadwrn,,,,,A
1797,25,gd,Scottish Gaelic,Bidh mi a' glanadh mo sheòmar Disathairne,,,,,A
1798,25,lb,Luxembourgish,Ech botz meng Zëmmer Samschdes,,,,,A
1799,25,eo,Esperanto,Mi purigas mian ĉambron sabate,,,,,A
1800,25,la,Latin,Diem Saturni cubiculum meum purgo,,,,,A
1801,26,en,English,She writes her name on the paper,,,,,A
1802,26,es,Spanish,Ella escribe su nombre en el papel,,,,,A
1803,26,fr,French,Elle écrit son nom sur le papier,,,,,A
1804,26,pt,Portuguese,Ela escreve seu nome no papel,,,,,A
1805,26,de,German,Sie schreibt ihren Namen auf das Papier,,,,,A
1806,26,it,Italian,Lei scrive il suo nome sulla carta,,,,,A
1807,26,ru,Russian,Она пишет своё имя на бумаге,,,,,A
1808,26,ar,Arabic,تكتب اسمها على الورقة,Taktub ismaha 'ala al-waraqa,,,,A
1809,26,hi,Hindi,वह कागज पर अपना नाम लिखती है,Vah kagaj par apna naam likhti hai,,,,A
1810,26,bn,Bengali,সে কাগজে তার নাম লেখে,She kagaje tar nam lekhe,,,,A
1811,26,ur,Urdu,وہ کاغذ پر اپنا نام لکھتی ہے,Woh kaghaz par apna naam likhti hai,,,,A
1812,26,fa,Persian,او اسمش را روی کاغذ می‌نویسد,U esmesh ra rooye kaghaz minevisad,,,,A
1813,26,tr,Turkish,Kağıda adını yazıyor,,,,,A
1814,26,ja,Japanese,彼女は紙に自分の名前を書きます,Kanojo wa kami ni jibun no namae o kakimasu,,,,A
1815,26,ko,Korean,그녀는 종이에 자신의 이름을 써요,Geunyeoneun jong-ie jasin-ui ireumeul sseoyo,,,,A
1816,26,zh-cn,Mandarin (Simplified),她在纸上写自己的名字,,tā zài zhǐ shàng xiě zìjǐ de míngzì,,A
1817,26,zh-tw,Mandarin (Traditional),她在紙上寫自己的名字,,tā zài zhǐ shàng xiě zìjǐ de míngzì,,A
1818,26,vi,Vietnamese,Cô ấy viết tên mình lên giấy,,,,,A
1819,26,th,Thai,เธอเขียนชื่อของเธอบนกระดาษ,Thoe k̄heīyn chụ̄̀x k̄hxng thoe bn kradāṣ̄,,,,A
1820,26,id,Indonesian,Dia menulis namanya di atas kertas,,,,,A
1821,26,sw,Swahili,Anaiandika jina lake kwenye karatasi,,,,,A
1822,26,nl,Dutch,Zij schrijft haar naam op het papier,,,,,A
1823,26,pl,Polish,Ona pisze swoje imię na papierze,,,,,A
1824,26,uk,Ukrainian,Вона пише своє ім'я на папері,,,,,A
1825,26,el,Greek,Γράφει το όνομά της στο χαρτί,Gráfei to ónomá tis sto chartí,,,,A
1826,26,sv,Swedish,Hon skriver sitt namn på papperet,,,,,A
1827,26,no,Norwegian,Hun skriver navnet sitt på papiret,,,,,A
1828,26,da,Danish,Hun skriver sit navn på papiret,,,,,A
1829,26,fi,Finnish,Hän kirjoittaa nimensä paperille,,,,,A
1830,26,cs,Czech,Píše své jméno na papír,,,,,A
1831,26,hu,Hungarian,Saját nevét írja a papírra,,,,,A
1832,26,ro,Romanian,Ea își scrie numele pe hârtie,,,,,A
1833,26,bg,Bulgarian,Тя пише името си на хартия,Tya pishe imeto si na hartiya,,,,A
1834,26,sr,Serbian,Она пише своје име на папир,Ona piše svoje ime na papir,,,,A
1835,26,sk,Slovak,Píše svoje meno na papier,,,,,A
1836,26,sl,Slovenian,Napiše svoje ime na papir,,,,,A
1837,26,lt,Lithuanian,Ji rašo savo vardą ant popieriaus,,,,,A
1838,26,lv,Latvian,Vina raksta savu vārdu uz papīra,,,,,A
1839,26,et,Estonian,Ta kirjutab oma nime paberile,,,,,A
1840,26,he,Hebrew,היא כותבת את שמה על הנייר,Hi kotevet et shma al hanayar,,,,A
1841,26,ha,Hausa,Tana rubuta sunanta a kan takarda,,,,,A
1842,26,yo,Yoruba,Ó ń kọ orúkọ rẹ̀ lórí takàdà,,,,A
1843,26,ig,Igbo,Ọ na-ede aha ya n'akwụkwọ,,,,,A
1844,26,am,Amharic,ስሟን በወረቀት ላይ ትጽፋለች,Simwan bewerek'et lay tits'falech,,,,A
1845,26,ti,Tigrinya,ስማ ኣብ ወረቐት ትጽሕፍ ኣላ,Sim ab wereq'et tits'hif ala,,,,A
1846,26,ne,Nepali,उनी कागजमा आफ्नो नाम लेख्छिन्,Unī kāgajamā āphnō nāma lēkhchin,,,,A
1847,26,ta,Tamil,அவள் தனது பெயரை காகிதத்தில் எழுதுகிறாள்,Avaḷ taṉatu peyarai kākitattil eḻutukiṟāḷ,,,,A
1848,26,te,Telugu,ఆమె తన పేరును కాగితంపై వ్రాస్తుంది,Āme tana pērunu kāgitaṁpai vrāstundi,,,,A
1849,26,ml,Malayalam,അവൾ തന്റെ പേര് കടലാസിൽ എഴുതുന്നു,Avaḷ tanṟe pēr kaṭalāsil eḻutunnu,,,,A
1850,26,mr,Marathi,ती कागदावर आपले नाव लिहिते,Tī kāgadāvara āpalē nāva lihitē,,,,A
1851,26,pa,Punjabi,ਉਹ ਕਾਗਜ਼ 'ਤੇ ਆਪਣਾ ਨਾਮ ਲਿਖਦੀ ਹੈ,Uh kāgaza 'tē āpaṇā nāma likhadī hai,,,,A
1852,26,gu,Gujarati,તેણી કાગળ પર પોતાનું નામ લખે છે,Tēṇī kāgaḷa para pōtānuṁ nāma lakhē chē,,,,A
1853,26,si,Sinhala,ඇය තම නම කඩදාසි පතේ ලියයි,Æya tama nama kaḍadāsi patē liyayi,,,,A
1854,26,km,Khmer,នាងសរសេរឈ្មោះរបស់នាងនៅលើក្រដាស់,Neang sarser chhmoh robos neang nov le kradas,,,,A
1855,26,is,Icelandic,Hún skrifar nafn sitt á pappírinn,,,,,A
1856,26,tl,Tagalog / Filipino,Isinusulat niya ang kanyang pangalan sa papel,,,,,A
1857,26,ms,Malay,Dia menulis namanya di atas kertas,,,,,A
1858,26,jv,Javanese,Dheweke nulis jenenge ing kertas,,,,,A
1859,26,kk,Kazakh,Ол қағазға өз атын жазады,Ol qağazğa öz atyn jazady,,,,A
1860,26,uz,Uzbek,U qog'ozga o'z ismini yozadi,,,,,A
1861,26,mn,Mongolian,Тэр цаасан дээр өөрийнхөө нэрийг бичдэг,Ter tsaasan deer ööriinkhöö nerig bichdeg,,,,A
1862,26,ka,Georgia,ის ქაღალდზე წერს თავის სახელს,Is k'aghaldze ts'ers tavis sakhels,,,,A
1863,26,hy,Armenian,Նա գրում է իր անունը թղթի վրա,Na groum e ir anounə t'ght'i vra,,,,A
1864,26,eu,Basque,Bere izena idazten du paperean,,,,,A
1865,26,ca,Catalan,Ella escriu el seu nom al paper,,,,,A
1866,26,gl,Galician,Ela escribe o seu nome no papel,,,,,A
1867,26,ga,Irish (Gaeilge),Scríobhann sí a hainm ar an bpáipéar,,,,,A
1868,26,cy,Welsh,Mae hi'n ysgrifennu ei henw ar y papur,,,,,A
1869,26,gd,Scottish Gaelic,Bidh i a' sgrìobhadh a h-ainm air a' phàipear,,,,,A
1870,26,lb,Luxembourgish,Si schreift hiren Numm op de Pabeier,,,,,A
1871,26,eo,Esperanto,Ŝi skribas sian nomon sur la papero,,,,,A
1872,26,la,Latin,Nomen suum in charta scribit,,,,,A
1873,27,en,English,The store closes at nine,,,,,A
1874,27,es,Spanish,La tienda cierra a las nueve,,,,,A
1875,27,fr,French,Le magasin ferme à neuf heures,,,,,A
1876,27,pt,Portuguese,A loja fecha às nove,,,,,A
1877,27,de,German,Der Laden schließt um neun,,,,,A
1878,27,it,Italian,Il negozio chiude alle nove,,,,,A
1879,27,ru,Russian,Магазин закрывается в девять,,,,,A
1880,27,ar,Arabic,المتجر يغلق في الساعة التاسعة,Al-matjar yughliq fi al-sa'a al-tasi'a,,,,A
1881,27,hi,Hindi,दुकान नौ बजे बंद होती है,Dukaan nau baje band hoti hai,,,,A
1882,27,bn,Bengali,দোকান নয়টায় বন্ধ হয়,Dokan noytay bondho hoy,,,,A
1883,27,ur,Urdu,دکان نو بجے بند ہوتی ہے,Dukaan nau baje band hoti hai,,,,A
1884,27,fa,Persian,مغازه ساعت نه بسته می‌شود,Mağaze saat noh baste mishavad,,,,A
1885,27,tr,Turkish,Mağaza saat dokuzda kapanıyor,,,,,A
1886,27,ja,Japanese,店は九時に閉まります,Mise wa ku-ji ni shimarimasu,,,,A
1887,27,ko,Korean,가게는 아홉 시에 문을 닫아요,Gageneun ahop sie muneul dadayo,,,,A
1888,27,zh-cn,Mandarin (Simplified),商店九点关门,,shāngdiàn jiǔ diǎn guānmén,,A
1889,27,zh-tw,Mandarin (Traditional),商店九點關門,,shāngdiàn jiǔ diǎn guānmén,,A
1890,27,vi,Vietnamese,Cửa hàng đóng cửa lúc chín giờ,,,,,A
1891,27,th,Thai,ร้านปิดเก้านาฬิกา,R̂ān pid kêā nālikā,,,,A
1892,27,id,Indonesian,Toko tutup jam sembilan,,,,,A
1893,27,sw,Swahili,Duka hufungwa saa tisa,,,,,A
1894,27,nl,Dutch,De winkel sluit om negen uur,,,,,A
1895,27,pl,Polish,Sklep zamyka się o dziewiątej,,,,,A
1896,27,uk,Ukrainian,Магазин зачиняється о дев'ятій,,,,,A
1897,27,el,Greek,Το μαγαζί κλείνει στις εννέα,To magazí kleínei stis ennéa,,,,A
1898,27,sv,Swedish,Butiken stänger klockan nio,,,,,A
1899,27,no,Norwegian,Butikken stenger klokken ni,,,,,A
1900,27,da,Danish,Butikken lukker klokken ni,,,,,A
1901,27,fi,Finnish,Kauppa sulkeutuu yhdeksältä,,,,,A
1902,27,cs,Czech,Obchod zavírá v devět,,,,,A
1903,27,hu,Hungarian,A bolt kilenc órakor zár,,,,,A
1904,27,ro,Romanian,Magazinul se închide la ora nouă,,,,,A
1905,27,bg,Bulgarian,Магазинът затваря в девет часа,Magazinat zatvarya v devet chasa,,,,A
1906,27,sr,Serbian,Продавница се затвара у девет,Prodavnica se zatvara u devet,,,,A
1907,27,sk,Slovak,Obchod sa zatvára o deviatej,,,,,A
1908,27,sl,Slovenian,Trgovina se zapre ob devetih,,,,,A
1909,27,lt,Lithuanian,Parduotuvė užsidaro devintą valandą,,,,,A
1910,27,lv,Latvian,Veikals aizveras deviņos,,,,,A
1911,27,et,Estonian,Pood suleb kell üheksa,,,,,A
1912,27,he,Hebrew,החנות נסגרת בתשע,Hachanot nisgeret b'tesha,,,,A
1913,27,ha,Hausa,Shagon yana rufe karfe tara,,,,,A
1914,27,yo,Yoruba,Ilé-itajà náà ń di sí sí àádọ́rùn,,,,A
1915,27,ig,Igbo,Ụlọ ahịa ahụ na-emechi n'elekere itoolu,,,,,A
1916,27,am,Amharic,ዕቃ ቤቱ በዘጠኝ ሰዓት ይዘጋል,Eq'a betu bezet'en se'at yizegal,,,,A
1917,27,ti,Tigrinya,እቲ ድኳን ኣብ ሰዓት ትሽዓተ ይዕጸው,Eti dukwan ab se'at tish'ate yi'ts'ew,,,,A
1918,27,ne,Nepali,पसल नौ बजे बन्द हुन्छ,Pasala nau bajē banda huncha,,,,A
1919,27,ta,Tamil,கடை ஒன்பது மணிக்கு மூடுகிறது,Kaṭai oṉpatu maṇikku mūṭukiṟatu,,,,A
1920,27,te,Telugu,దుకాణం తొమ్మిది గంటలకు మూసివేయబడుతుంది,Dukāṇaṁ tom'midi gaṇṭalaku mūsivēyabaḍutundi,,,,A
1921,27,ml,Malayalam,കട ഒമ്പത് മണിക്ക് അടയ്ക്കും,Kaṭa ompat maṇikk aṭaykkum,,,,A
1922,27,mr,Marathi,दुकान नऊ वाजता बंद होते,Dukāna na'ū vājatā banda hōtē,,,,A
1923,27,pa,Punjabi,ਦੁਕਾਨ ਨੌਂ ਵਜੇ ਬੰਦ ਹੋ ਜਾਂਦੀ ਹੈ,Dukāna nauṁ vajē banda hō jāndī hai,,,,A
1924,27,gu,Gujarati,દુકાન નવ વાગ્યે બંધ થાય છે,Dukāna nava vāgyē bandha thāya chē,,,,A
1925,27,si,Sinhala,එම කඩේ නවයට වසා දමයි,Ema kaḍē navayaṭa vasā damayi,,,,A
1926,27,km,Khmer,ហាងបិទនៅម៉ោងប្រាំបួន, Hang bet nov maong bram buon,,,,A
1927,27,is,Icelandic,Búðin lokar klukkan níu,,,,,A
1928,27,tl,Tagalog / Filipino,Nagsasara ang tindahan ng alas-nuwebe,,,,,A
1929,27,ms,Malay,Kedai tutup pada pukul sembilan,,,,,A
1930,27,jv,Javanese,Toko ditutup jam sanga,,,,,A
1931,27,kk,Kazakh,Дүкен тоғызда жабылады,Düken toğızda jabıladı,,,,A
1932,27,uz,Uzbek,Do'kon to'qqizda yopiladi,,,,,A
1933,27,mn,Mongolian,Дэлгүүр есөн цагт хаагдадаг,Delgüür esön tsagt khaagdagd,,,,A
1934,27,ka,Georgia,მაღაზია ცხრა საათზე იკეტება,Maghazia tskhra saat'ze ik'et'eba,,,,A
1935,27,hy,Armenian,Խանութը փակվում է ժամը իննին,Khanout'y p'akvoum e zhame innin,,,,A
1936,27,eu,Basque,Denda bederatziak itxita dago,,,,,A
1937,27,ca,Catalan,La botiga tanca a les nou,,,,,A
1938,27,gl,Galician,A tenda pecha ás nove,,,,,A
1939,27,ga,Irish (Gaeilge),Dúnann an siopa ag a naoi,,,,,A
1940,27,cy,Welsh,Mae'r siop yn cau am naw o'r gloch,,,,,A
1941,27,gd,Scottish Gaelic,Bidh a' bhùth a' dùnadh aig naoi uairean,,,,,A
1942,27,lb,Luxembourgish,De Buttek mécht um néng Auer zou,,,,,A
1943,27,eo,Esperanto,La vendejo fermas je la naŭa,,,,,A
1944,27,la,Latin,Taberna hora nona clauditur,,,,,A
1945,28,en,English,He carries a heavy bag,,,,,A
1946,28,es,Spanish,Él lleva una bolsa pesada,,,,,A
1947,28,fr,French,Il porte un sac lourd,,,,,A
1948,28,pt,Portuguese,Ele carrega uma bolsa pesada,,,,,A
1949,28,de,German,Er trägt eine schwere Tasche,,,,,A
1950,28,it,Italian,Lui porta una borsa pesante,,,,,A
1951,28,ru,Russian,Он несет тяжелую сумку,,,,,A
1952,28,ar,Arabic,يحمل حقيبة ثقيلة,Yahmil haqiba thaqila,,,,A
1953,28,hi,Hindi,वह एक भारी बैग ले जाता है,Vah ek bhaari bag le jata hai,,,,A
1954,28,bn,Bengali,সে একটি ভারী ব্যাগ বহন করে,Se ekṭi bhari bag bôhon kore,,,,A
1955,28,ur,Urdu,وہ ایک بھاری بیگ اٹھاتا ہے,Woh ek bhaari bag uthata hai,,,,A
1956,28,fa,Persian,او یک کیف سنگین حمل می‌کند,U yek kif sangin haml mikonad,,,,A
1957,28,tr,Turkish,O ağır bir çanta taşıyor,,,,,A
1958,28,ja,Japanese,彼は重いバッグを運びます,Kare wa omoi baggu o hakobimasu,,,,A
1959,28,ko,Korean,그는 무거운 가방을 들어요,Geuneun mugeoun gabang-eul deureoyo,,,,A
1960,28,zh-cn,Mandarin (Simplified),他提着一个沉重的包,,tā tí zhe yī gè chénzhòng de bāo,,A
1961,28,zh-tw,Mandarin (Traditional),他提著一個沉重的包,,tā tí zhe yī gè chénzhòng de bāo,,A
1962,28,vi,Vietnamese,Anh ấy mang một chiếc túi nặng,,,,,A
1963,28,th,Thai,เขาถือกระเป๋าหนัก,Khā t̄hụy krabeā h̄nạk,,,,A
1964,28,id,Indonesian,Dia membawa tas yang berat,,,,,A
1965,28,sw,Swahili,Anabeba mfuko mzito,,,,,A
1966,28,nl,Dutch,Hij draagt een zware tas,,,,,A
1967,28,pl,Polish,On nosi ciężką torbę,,,,,A
1968,28,uk,Ukrainian,Він несе важку сумку,,,,,A
1969,28,el,Greek,Κουβαλάει ένα βαρύ τσάντα,Kouvaláei ena varý tsánta,,,,A
1970,28,sv,Swedish,Han bär en tung väska,,,,,A
1971,28,no,Norwegian,Han bærer en tung veske,,,,,A
1972,28,da,Danish,Han bærer en tung taske,,,,,A
1973,28,fi,Finnish,Hän kantaa raskasta laukkua,,,,,A
1974,28,cs,Czech,Nese těžkou tašku,,,,,A
1975,28,hu,Hungarian,Egy nehéz táskát cipel,,,,,A
1976,28,ro,Romanian,El poartă o geantă grea,,,,,A
1977,28,bg,Bulgarian,Той носи тежка чанта,Toi nosi tezhka chanta,,,,A
1978,28,sr,Serbian,Он носи тешку торбу,On nosi tešku torbu,,,,A
1979,28,sk,Slovak,Nesie ťažkú tašku,,,,,A
1980,28,sl,Slovenian,Nosi težko torbo,,,,,A
1981,28,lt,Lithuanian,Jis neša sunkią krepšį,,,,,A
1982,28,lv,Latvian,Vinš nes smagu somu,,,,,A
1983,28,et,Estonian,Ta kannab rasket kotti,,,,,A
1984,28,he,Hebrew,הוא נושא תיק כבד,Hu nose tik kaved,,,,A
1985,28,ha,Hausa,Yana ɗauke da jakar mai nauyi,,,,,A
1986,28,yo,Yoruba,Ó ń gbé àpò tó wúwo,,,,A
1987,28,ig,Igbo,Ọ na-ebu akpa dị arọ,,,,,A
1988,28,am,Amharic,ከባድ ቦርሳ ይወስዳል,Kebad borsa yiwesidal,,,,A
1989,28,ti,Tigrinya,ንሱ ከቢድ ቦርሳ የልብስ,Nisu kebid borsa yelbis,,,,A
1990,28,ne,Nepali,उसले भारी झोला बोक्छ,Usalē bhārī jhōlā bokcha,,,,A
1991,28,ta,Tamil,அவர் கனமான பையை சுமக்கிறார்,Avar kaṉamāṉa paiyai cumakkiṟār,,,,A
1992,28,te,Telugu,అతను భారీ బ్యాగ్ తీసుకువెళ్తాడు,Atanu bhārī byāg tīsukuveḷtāḍu,,,,A
1993,28,ml,Malayalam,അവൻ ഭാരമുള്ള ഒരു ബാഗ് വഹിക്കുന്നു,Avan bhāramuḷḷa oru bāg vahikkunnu,,,,A
1994,28,mr,Marathi,तो जड बॅग वाहतो,Tō jaḍa bĕga vāhatō,,,,A
1995,28,pa,Punjabi,ਉਹ ਇੱਕ ਭਾਰੀ ਬੈਗ ਚੁੱਕਦਾ ਹੈ,Uh ika bhārī baiga cukadā hai,,,,A
1996,28,gu,Gujarati,તેણે ભારે બેગ ઉઠાવી છે,Tēṇē bhārē bēga uṭhāvī chē,,,,A
1997,28,si,Sinhala,ඔහු බර පැටවක් රැගෙන යයි,Ohu bara pæṭavak rægena yayi,,,,A
1998,28,km,Khmer,គាត់អូសកាបូបធ្ងន់មួយ,Koat os kabob thngon muoy,,,,A
1999,28,is,Icelandic,Hann ber þunga tösku,,,,,A
2000,28,tl,Tagalog / Filipino,Nagdadala siya ng mabigat na bag,,,,,A
2001,28,ms,Malay,Dia membawa beg yang berat,,,,,A
2002,28,jv,Javanese,Dheweke nggawa tas abot,,,,,A
2003,28,kk,Kazakh,Ол ауыр сөмке алып жүреді,Ol auyr sömke alyp jüredi,,,,A
2004,28,uz,Uzbek,U og'ir sumka ko'taradi,,,,,A
2005,28,mn,Mongolian,Тэр хүнд цүнхийг тээдэг,Ter khünd tsünkhiig teedeg,,,,A
2006,28,ka,Georgia,ის ატარებს მძიმე ჩანთას,Is at'arebs mdzime chantas,,,,A
2007,28,hy,Armenian,Նա կրում է ծանր պայուսակ,Na kroum e tsanr payousak,,,,A
2008,28,eu,Basque,Poltsa astun bat darama,,,,,A
2009,28,ca,Catalan,Porta una bossa pesada,,,,,A
2010,28,gl,Galician,Leva unha bolsa pesada,,,,,A
2011,28,ga,Irish (Gaeilge),Iomprann sé mála trom,,,,,A
2012,28,cy,Welsh,Mae'n cario bag trwm,,,,,A
2013,28,gd,Scottish Gaelic,Bidh e a' giùlan pocsa trom,,,,,A
2014,28,lb,Luxembourgish,Hien dréit en zwaarte Sak,,,,,A
2015,28,eo,Esperanto,Li portas pezan sakon,,,,,A
2016,28,la,Latin,Sarcinam gravem portat,,,,,A
2017,29,en,English,We watch movies on Friday night,,,,,A
2018,29,es,Spanish,Vemos películas los viernes por la noche,,,,,A
2019,29,fr,French,Nous regardons des films le vendredi soir,,,,,A
2020,29,pt,Portuguese,Nós assistimos a filmes na sexta-feira à noite,,,,,A
2021,29,de,German,Wir schauen freitags abends Filme,,,,,A
2022,29,it,Italian,Guardiamo film il venerdì sera,,,,,A
2023,29,ru,Russian,Мы смотрим фильмы в пятницу вечером,,,,,A
2024,29,ar,Arabic,نشاهد الأفلام ليلة الجمعة,Nushahid al-aflam laylat al-jumu'a,,,,A
2025,29,hi,Hindi,हम शुक्रवार रात को फिल्में देखते हैं,Ham shukravaar raat ko filmein dekhte hain,,,,A
2026,29,bn,Bengali,আমরা শুক্রবার রাতে সিনেমা দেখি,Amra shukrobar rate cinema dekhi,,,,A
2027,29,ur,Urdu,ہم جمعہ رات کو فلمیں دیکھتے ہیں,Ham jumma raat ko filmein dekhte hain,,,,A
2028,29,fa,Persian,ما جمعه شب ها فیلم می‌بینیم,Ma jom'e shab ha film mibinim,,,,A
2029,29,tr,Turkish,Cuma akşamları film izliyoruz,,,,,A
2030,29,ja,Japanese,金曜日の夜に映画を見ます,Kin'yōbi no yoru ni eiga o mimasu,,,,A
2031,29,ko,Korean,우리는 금요일 밤에 영화를 봐요,Urineun geumyoil bame yeonghwaleul bwayo,,,,A
2032,29,zh-cn,Mandarin (Simplified),我们周五晚上看电影,,wǒmen zhōuwǔ wǎnshàng kàn diànyǐng,,A
2033,29,zh-tw,Mandarin (Traditional),我們週五晚上看電影,,wǒmen zhōuwǔ wǎnshàng kàn diànyǐng,,A
2034,29,vi,Vietnamese,Chúng tôi xem phim vào tối thứ Sáu,,,,,A
2035,29,th,Thai,เราดูหนังคืนวันศุกร์,Reā dū h̄nạng khụ̄n wạn s̄ukr̒,,,,A
2036,29,id,Indonesian,Kami menonton film pada Jumat malam,,,,,A
2037,29,sw,Swahili,Tunaangalia sinema Jumamosi usiku,,,,,A
2038,29,nl,Dutch,Wij kijken op vrijdagavond naar films,,,,,A
2039,29,pl,Polish,Oglądamy filmy w piątek wieczorem,,,,,A
2040,29,uk,Ukrainian,Ми дивимось фільми в п'ятницю ввечері,,,,,A
2041,29,el,Greek,Βλέπουμε ταινίες την Παρασκευή το βράδυ,Vlépoume tainíes tin Paraskeví to vrády,,,,A
2042,29,sv,Swedish,Vi tittar på film på fredagskvällar,,,,,A
2043,29,no,Norwegian,Vi ser på film fredagskvelder,,,,,A
2044,29,da,Danish,Vi ser film fredag aften,,,,,A
2045,29,fi,Finnish,Katselemme elokuvia perjantai-iltana,,,,,A
2046,29,cs,Czech,V pátek večer se díváme na filmy,,,,,A
2047,29,hu,Hungarian,Péntek esténként filmeket nézünk,,,,,A
2048,29,ro,Romanian,Ne uităm la filme vineri seara,,,,,A
2049,29,bg,Bulgarian,Гледаме филми в петък вечер,Gledame filmi v petak vecher,,,,A
2050,29,sr,Serbian,Гледамо филмове петком увече,Gledamo filmove petkom uveče,,,,A
2051,29,sk,Slovak,Pozeráme filmy v piatok večer,,,,,A
2052,29,sl,Slovenian,Gledamo filme petkov večer,,,,,A
2053,29,lt,Lithuanian,Penktadienio vakarą žiūrime filmus,,,,,A
2054,29,lv,Latvian,Piektdienu vakaros skatāmies filmas,,,,,A
2055,29,et,Estonian,Me vaatame filme reedel õhtul,,,,,A
2056,29,he,Hebrew,אנחנו צופים בסרטים בערב שישי,Anachnu tsofim besratim be'erev shishi,,,,A
2057,29,ha,Hausa,Muna kallon fina-finai da daddare ran Jumma'a,,,,,A
2058,29,yo,Yoruba,A ń wo àwọn eré sinimá ní alẹ́ ọjọ́ Ẹtì,,,,A
2059,29,ig,Igbo,Anyị na-ekiri fim n'abalị Fraịde,,,,,A
2060,29,am,Amharic,በዓርብ ማታ ፊልም እንመለከታለን,Be'arib mata film enemeleketalen,,,,A
2061,29,ti,Tigrinya,ኣብ ምሸት ዓርቢ ፊልም ንርኢ,Ab mishet arbi film niri,,,,A
2062,29,ne,Nepali,हामी शुक्रबार राती चलचित्र हेर्छौं,Hāmī śukrabāra rātī calacitra hērchauṁ,,,,A
2063,29,ta,Tamil,வெள்ளிக்கிழமை இரவு நாங்கள் திரைப்படங்களைப் பார்க்கிறோம்,Veḷḷikkiḻamai iravu nāṅkaḷ tiraippaṭaṅkaḷaip pārkkiṟōm,,,,A
2064,29,te,Telugu,మేము శుక్రవారం రాత్రి సినిమాలు చూస్తాము,Mēmu śukravāraṁ rātri sinimālu cūstāmu,,,,A
2065,29,ml,Malayalam,ഞങ്ങൾ വെള്ളിയാഴ്ച രാത്രി സിനിമകൾ കാണുന്നു,ṅaṅṅaḷ veḷḷiyāḻca rātri sinimakaḷ kāṇunnu,,,,A
2066,29,mr,Marathi,आम्ही शुक्रवारी रात्री चित्रपट पाहतो,Āmhī śukravārī rātrī citrapaṭa pāhatō,,,,A
2067,29,pa,Punjabi,ਅਸੀਂ ਸ਼ੁੱਕਰਵਾਰ ਰਾਤ ਨੂੰ ਫਿਲਮਾਂ ਦੇਖਦੇ ਹਾਂ,Asīṁ śukkarvāra rāta nū philmāṁ dēkhadē hāṁ,,,,A
2068,29,gu,Gujarati,અમે શુક્રવારે રાત્રે ફિલ્મો જોઈએ છીએ,Amē śukravārē rātrē philmō jō'ī'ē chī'ē,,,,A
2069,29,si,Sinhala,අපි සිකුරාදා රෑ චිත්‍රපට බලමු,Api sikurādā rǣ cithrapaṭa balamu,,,,A
2070,29,km,Khmer,យើងទស្សនាភាពយន្តនៅយប់ថ្ងៃសុក្រ,Yeung tossanea pheap youn nov yup thngay sok,,,,A
2071,29,is,Icelandic,Við horfum á kvikmyndir föstudagskvöld,,,,,A
2072,29,tl,Tagalog / Filipino,Nanonood kami ng mga pelikula sa Biyernes ng gabi,,,,,A
2073,29,ms,Malay,Kami menonton filem pada malam Jumaat,,,,,A
2074,29,jv,Javanese,Kita nonton film ing wengi Jumuah,,,,,A
2075,29,kk,Kazakh,Біз жұма кештері кино көреміз,Biz juma keşteri kino köremiz,,,,A
2076,29,uz,Uzbek,Biz juma kechalari kinolar tomosha qilamiz,,,,,A
2077,29,mn,Mongolian,Бид баасан гарагийн орой кино үздэг,Bid baasan garagiin oroi kino üzdeg,,,,A
2078,29,ka,Georgia,პარასკევს საღამოს ფილმებს ვუყურებთ,P'arask'evs saghamos filmebs vuqurebt,,,,A
2079,29,hy,Armenian,Ուրբաթ երեկոյան ֆիլմեր ենք դիտում,Ourbat' yerekovan filmer enk' ditoum,,,,A
2080,29,eu,Basque,Ostiral arratsaldetan filmak ikusten ditugu,,,,,A
2081,29,ca,Catalan,Mirem pel·lícules el divendres a la nit,,,,,A
2082,29,gl,Galician,Vemos películas o venres pola noite,,,,,A
2083,29,ga,Irish (Gaeilge),Breathnaímid scannáin oíche Aoine,,,,,A
2084,29,cy,Welsh,Rydym yn gwylio ffilmiau nos Wener,,,,,A
2085,29,gd,Scottish Gaelic,Bidh sinn a' coimhead air filmichean feasgar Dihaoine,,,,,A
2086,29,lb,Luxembourgish,Ma kucke Freiden Owend Filmer,,,,,A
2087,29,eo,Esperanto,Ni spektas filmojn vendredon nokte,,,,,A
2088,29,la,Latin,Videmus pelliculas nocte Veneris,,,,,A
2089,30,en,English,The dog waits by the door,,,,,A
2090,30,es,Spanish,El perro espera junto a la puerta,,,,,A
2091,30,fr,French,Le chien attend près de la porte,,,,,A
2092,30,pt,Portuguese,O cachorro espera perto da porta,,,,,A
2093,30,de,German,Der Hund wartet an der Tür,,,,,A
2094,30,it,Italian,Il cane aspetta vicino alla porta,,,,,A
2095,30,ru,Russian,Собака ждет у двери,,,,,A
2096,30,ar,Arabic,الكلب ينتظر بجانب الباب,Al-kalb yantathir bi-janib al-bab,,,,A
2097,30,hi,Hindi,कुत्ता दरवाजे के पास इंतज़ार करता है,Kutta darwaje ke paas intezaar karta hai,,,,A
2098,30,bn,Bengali,কুকুরটি দরজার পাশে অপেক্ষা করে,Kukurṭi dorjar pashe opekkha kore,,,,A
2099,30,ur,Urdu,کتا دروازے کے پاس انتظار کرتا ہے,Kutta darwaze ke paas intezaar karta hai,,,,A
2100,30,fa,Persian,سگ کنار در منتظر است,Sag kenar-e dar montazer ast,,,,A
2101,30,tr,Turkish,Köpek kapının yanında bekliyor,,,,,A
2102,30,ja,Japanese,犬がドアのそばで待っています,Inu ga doa no soba de matte imasu,,,,A
2103,30,ko,Korean,개가 문 옆에서 기다려요,Gaega mun yeop-eseo gidaryeoyo,,,,A
2104,30,zh-cn,Mandarin (Simplified),狗在门边等着,,gǒu zài mén biān děng zhe,,A
2105,30,zh-tw,Mandarin (Traditional),狗在門邊等著,,gǒu zài mén biān děng zhe,,A
2106,30,vi,Vietnamese,Con chó đợi ở cửa,,,,,A
2107,30,th,Thai,สุนัขนั่งรออยู่ที่ประตู,S̄unạk nạng rx xyū thī̀ pratū,,,,A
2108,30,id,Indonesian,Anjing itu menunggu di dekat pintu,,,,,A
2109,30,sw,Swahili,Mbwa anangojea karibu na mlango,,,,,A
2110,30,nl,Dutch,De hond wacht bij de deur,,,,,A
2111,30,pl,Polish,Pies czeka przy drzwiach,,,,,A
2112,30,uk,Ukrainian,Собака чекає біля дверей,,,,,A
2113,30,el,Greek,Ο σκύλος περιμένει δίπλα στην πόρτα,O skýlos periménei dípla stin pórta,,,,A
2114,30,sv,Swedish,Hunden väntar vid dörren,,,,,A
2115,30,no,Norwegian,Hunden venter ved døren,,,,,A
2116,30,da,Danish,Hunden venter ved døren,,,,,A
2117,30,fi,Finnish,Koira odottaa oven luona,,,,,A
2118,30,cs,Czech,Pes čeká u dveří,,,,,A
2119,30,hu,Hungarian,A kutya az ajtó mellett vár,,,,,A
2120,30,ro,Romanian,Câinele așteaptă lângă ușă,,,,,A
2121,30,bg,Bulgarian,Кучето чака до вратата,Kucheto chaka do vratata,,,,A
2122,30,sr,Serbian,Пас чека код врата,Pas čeka kod vrata,,,,A
2123,30,sk,Slovak,Pes čaká pri dverách,,,,,A
2124,30,sl,Slovenian,Pes čaka pri vratih,,,,,A
2125,30,lt,Lithuanian,Šuo laukia prie durų,,,,,A
2126,30,lv,Latvian,Suns gaida pie durvīm,,,,,A
2127,30,et,Estonian,Koer ootab ukse juures,,,,,A
2128,30,he,Hebrew,הכלב מחכה ליד הדלת,HaKelev mechake leyad hadlet,,,,A
2129,30,ha,Hausa,Kare yana jira a bakin kofa,,,,,A
2130,30,yo,Yoruba,Ajá ń duro lẹ́gbẹ̀ẹ́ ilẹ̀kùn,,,,A
2131,30,ig,Igbo,Nkịta ahụ na-eche n'akụkụ ọnụ ụzọ,,,,,A
2132,30,am,Amharic,ውሻው በበሩ አጠገብ ይጠብቃል,Wishaw beru ategib yitebik'al,,,,A
2133,30,ti,Tigrinya,እታ ከልቢ ኣብ ጥቓ ኣፍደገ ትበትዕ,Eta kelbi ab t'qa afdege tibe't'i,,,,A
2134,30,ne,Nepali,कुकुर ढोका छेउ पर्खन्छ,Kukura ḍhōkā cheu parkhancha,,,,A
2135,30,ta,Tamil,நாய் கதவு அருகில் காத்திருக்கிறது,Nāy katavu arukil kāttirukkiṟatu,,,,A
2136,30,te,Telugu,కుక్క తలుపు దగ్గర వేచి ఉంటుంది,Kukka talupu daggara vēci uṇṭundi,,,,A
2137,30,ml,Malayalam,നായ വാതിലിനടുത്ത് കാത്തിരിക്കുന്നു,Nāya vātilinaṭutt kāttirikkunnu,,,,A
2138,30,mr,Marathi,कुत्रा दरवाज्याजवळ थांबला आहे,Kutrā daravājyājavaḷ thāmbalā āhe,,,,A
2139,30,pa,Punjabi,ਕੁੱਤਾ ਦਰਵਾਜ਼ੇ ਕੋਲ ਇੰਤਜ਼ਾਰ ਕਰਦਾ ਹੈ,Kutā daravāzē kōla itazāra karadā hai,,,,A
2140,30,gu,Gujarati,કુતરો દરવાજા પાસે રાહ જુએ છે,Kutaro daravājā pāsē rāha ju'ē chē,,,,A
2141,30,si,Sinhala,සුනඛයා දොරටුව අසල බලා සිටී,Sunakhayā doraṭuva asala balā siṭī,,,,A
2142,30,km,Khmer,ឆ្កែរង់ចាំនៅជាប់ទ្វារ,Chhke rong cham nov cheab tver,,,,A
2143,30,is,Icelandic,Hundurinn bíður við dyrnar,,,,,A
2144,30,tl,Tagalog / Filipino,Naghihintay ang aso sa tabi ng pinto,,,,,A
2145,30,ms,Malay,Anjing itu menunggu di tepi pintu,,,,,A
2146,30,jv,Javanese,Asu nunggu cedhak lawang,,,,,A
2147,30,kk,Kazakh,Ит есік жанында күтеді,It esik janynda kütedi,,,,A
2148,30,uz,Uzbek,It eshik yonida kutmoqda,,,,,A
2149,30,mn,Mongolian,Нохой хаалганы хажууд хүлээж байна,Nokhoi khaalgani khajuud khüleej baina,,,,A
2150,30,ka,Georgia,ძაღლი კარებთან ელოდება,Dzaghli k'arebtan elodeba,,,,A
2151,30,hy,Armenian,Շունը սպասում է դռան մոտ,Shouny spasoum e dran mot,,,,A
2152,30,eu,Basque,Txakurrak atezain itxaroten du,,,,,A
2153,30,ca,Catalan,El gos espera a la porta,,,,,A
2154,30,gl,Galician,O can espera xunto á porta,,,,,A
2155,30,ga,Irish (Gaeilge),Fanann an madra ag an doras,,,,,A
2156,30,cy,Welsh,Mae'r ci yn aros wrth y drws,,,,,A
2157,30,gd,Scottish Gaelic,Bidh an cù a' feitheamh ri taobh an dorais,,,,,A
2158,30,lb,Luxembourgish,De Hond waart bei der Dier,,,,,A
2159,30,eo,Esperanto,La hundo atendas apud la pordo,,,,,A
2160,30,la,Latin,Canis ad ianuam expectat,,,,,A
2161,31,en,English,I turn off the lights before sleeping,,,,,A
2162,31,es,Spanish,Apago las luces antes de dormir,,,,,A
2163,31,fr,French,J'éteins les lumières avant de dormir,,,,,A
2164,31,pt,Portuguese,Eu desligo as luzes antes de dormir,,,,,A
2165,31,de,German,Ich schalte das Licht aus, bevor ich schlafe,,,,,A
2166,31,it,Italian,Spengo le luci prima di dormire,,,,,A
2167,31,ru,Russian,Я выключаю свет перед сном,,,,,A
2168,31,ar,Arabic,أطفئ الأنوار قبل النوم,Utfi' al-anwar qabl al-nawm,,,,A
2169,31,hi,Hindi,मैं सोने से पहले लाइट बंद कर देता हूं,Main sone se pahle light band kar deta hoon,,,,A
2170,31,bn,Bengali,আমি ঘুমানোর আগে লাইট বন্ধ করি,Ami ghumaror age light bondho kori,,,,A
2171,31,ur,Urdu,میں سونے سے پہلے لائٹس بند کرتا ہوں,Main sone se pehle lights band karta hoon,,,,A
2172,31,fa,Persian,چراغ ها را قبل از خواب خاموش می‌کنم,Cheragh ha ra ghabl az khab khamush mikonam,,,,A
2173,31,tr,Turkish,Uyumadan önce ışıkları kapatırım,,,,,A
2174,31,ja,Japanese,寝る前に電気を消します,Neru mae ni denki o keshimasu,,,,A
2175,31,ko,Korean,잠들기 전에 불을 끕니다,Jamdeulgi jeone bureul kkeumnida,,,,A
2176,31,zh-cn,Mandarin (Simplified),我睡前关灯,,wǒ shuì qián guān dēng,,A
2177,31,zh-tw,Mandarin (Traditional),我睡前關燈,,wǒ shuì qián guān dēng,,A
2178,31,vi,Vietnamese,Tôi tắt đèn trước khi ngủ,,,,,A
2179,31,th,Thai,ฉันปิดไฟก่อนนอน,Chản pid fị k̀xn nxn,,,,A
2180,31,id,Indonesian,Saya mematikan lampu sebelum tidur,,,,,A
2181,31,sw,Swahili,Nazima taa kabla ya kulala,,,,,A
2182,31,nl,Dutch,Ik doe het licht uit voor het slapen,,,,,A
2183,31,pl,Polish,Wyłączam światło przed snem,,,,,A
2184,31,uk,Ukrainian,Я вимикаю світло перед сном,,,,,A
2185,31,el,Greek,Σβήνω τα φώτα πριν κοιμηθώ,Svíno ta fóta prin koimithó,,,,A
2186,31,sv,Swedish,Jag släcker lamporna innan jag sover,,,,,A
2187,31,no,Norwegian,Jeg slår av lyset før jeg legger meg,,,,,A
2188,31,da,Danish,Jeg slukker lyset før jeg sover,,,,,A
2189,31,fi,Finnish,Sammutan valot ennen nukkumaanmenoa,,,,,A
2190,31,cs,Czech,Zhasínám světla před spaním,,,,,A
2191,31,hu,Hungarian,Leveszem a villanyt alvás előtt,,,,,A
2192,31,ro,Romanian,Sting luminile înainte de a adormi,,,,,A
2193,31,bg,Bulgarian,Изгасям светлините преди сън,Izgasyam svetlinite predi san,,,,A
2194,31,sr,Serbian,Гасим светла пре спавања,Gasim svetla pre spavanja,,,,A
2195,31,sk,Slovak,Zhasínam svetlá pred spaním,,,,,A
2196,31,sl,Slovenian,Ugasm luči pred spanjem,,,,,A
2197,31,lt,Lithuanian,Išjungiu šviesą prieš miegą,,,,,A
2198,31,lv,Latvian,Izslēdzu gaismu pirms gulētiešanas,,,,,A
2199,31,et,Estonian,Ma kustutan tuled enne magama minemist,,,,,A
2200,31,he,Hebrew,אני מכבה את האור לפני השינה,Ani mechabe et haor lifnei hasheina,,,,A
2201,31,ha,Hausa,Ina kashe fitilu kafin barci,,,,,A
2202,31,yo,Yoruba,Mo ń pa àwọn iná ṣáájú kí n tó sùn,,,,A
2203,31,ig,Igbo,Ana m agbanyụ ọkụ tupu ihi ụra,,,,,A
2204,31,am,Amharic,ከመተኛቴ በፊት መብራቶችን አጥፋለሁ,Kemetegete befīt mebratochin at'ifalehu,,,,A
2205,31,ti,Tigrinya,ኣነ ቅድሚ ምድራም እቲ ብርሃን ኣጥፍኦ,Ena qidmi midram iti birhan at'ifo,,,,A
2206,31,ne,Nepali,म सुत्नुभन्दा अगाडि बत्ती बन्द गर्छु,Ma sutnubhandā agāḍi battī banda garchu,,,,A
2207,31,ta,Tamil,நான் தூங்குவதற்கு முன் விளக்குகளை அணைக்கிறேன்,Nāṉ tūṅkuvataṟku muṉ viḷakkukaḷai aṇaikkiṟēṉ,,,,A
2208,31,te,Telugu,నేను నిద్రపోవడానికి ముందు దీపాలు ఆపివేస్తాను,Nēnu nidrapōvaḍāniki mundu dīpālu āpivēstānu,,,,A
2209,31,ml,Malayalam,ഉറങ്ങുന്നതിന് മുമ്പ് ഞാൻ വിളക്കുകൾ ഓഫ് ചെയ്യുന്നു,Uṟaṅṅunnatin mump ñān viḷakkukaḷ ōph ceyyunnu,,,,A
2210,31,mr,Marathi,मी झोपण्यापूर्वी दिवे बंद करतो,Mī jhopaṇyāpūrvī divē banda karatō,,,,A
2211,31,pa,Punjabi,ਮੈਂ ਸੌਣ ਤੋਂ ਪਹਿਲਾਂ ਬੱਤੀਆਂ ਬੰਦ ਕਰਦਾ ਹਾਂ,Main sauṇ tōṁ pahilāṁ battī'āṁ banda karadā hāṁ,,,,A
2212,31,gu,Gujarati,હું સુવાના પહેલા લાઇટ બંધ કરું છું,Huṁ suvānā pahēlā lā'iṭa bandha karuṁ chuṁ,,,,A
2213,31,si,Sinhala,මම නිදාගන්නා ඉස්සර විදුලි පහන් නිවා ගනිමි,Mama nidāgannā issara viduli pahan nivā ganimi,,,,A
2214,31,km,Khmer,ខ្ញុំបិទភ្លើងមុនពេលដេក,Khnhom bet phleung mon pel dek,,,,A
2215,31,is,Icelandic,Ég slökkva á ljósinu áður en ég sof,,,,,A
2216,31,tl,Tagalog / Filipino,Pinapatay ko ang mga ilaw bago matulog,,,,,A
2217,31,ms,Malay,Saya mematikan lampu sebelum tidur,,,,,A
2218,31,jv,Javanese,Aku mateni lampu sadurunge turu,,,,,A
2219,31,kk,Kazakh,Мен ұйқыға жатпас бұрын жарықты өшіремін,Men uiqyğa jatpas būryn jaryqty öşıremın,,,,A
2220,31,uz,Uzbek,Uyqudan oldin chiroqlarni o'chiraman,,,,,A
2221,31,mn,Mongolian,Би унтахынхаа өмнө гэрлийг унтраадаг,Bi untakhynkhaa ömnö gerlig untraadag,,,,A
2222,31,ka,Georgia,საძილომდე ვაქვეითებ ნათურებს,Sadzilomde vakveiteb naturebs,,,,A
2223,31,hy,Armenian,Ես անջատում եմ լույսերը քնելուց առաջ,Yes anjatoum em lousery k'nelouts' arraj,,,,A
2224,31,eu,Basque,Itzaltzen ditut argiak lo egin aurretik,,,,,A
2225,31,ca,Catalan,Apatgo les llums abans de dormir,,,,,A
2226,31,gl,Galician,Apago as luces antes de durmir,,,,,A
2227,31,ga,Irish (Gaeilge),Múchaim na soilse roimh dul a chodladh,,,,,A
2228,31,cy,Welsh,Rwy'n diffodd y golau cyn mynd i'r gwely,,,,,A
2229,31,gd,Scottish Gaelic,Bidh mi a' cur dheth na solais mus tèid mi a chadal,,,,,A
2230,31,lb,Luxembourgish,Ech mâchen d'Liichten aus ier ech schlofen,,,,,A
2231,31,eo,Esperanto,Mi elŝaltas la lumojn antaŭ ol enlitiĝi,,,,,A
2232,31,la,Latin,Lumina exstinguo ante somnum,,,,,A
2233,32,en,English,She waters the plants every morning,,,,,A
2234,32,es,Spanish,Ella riega las plantas todas las mañanas,,,,,A
2235,32,fr,French,Elle arrose les plantes chaque matin,,,,,A
2236,32,pt,Portuguese,Ela rega as plantas todas as manhãs,,,,,A
2237,32,de,German,Sie gießt die Pflanzen jeden Morgen,,,,,A
2238,32,it,Italian,Lei annaffia le piante ogni mattina,,,,,A
2239,32,ru,Russian,Она поливает растения каждое утро,,,,,A
2240,32,ar,Arabic,تسقي النباتات كل صباح,Tusqi al-nabatat kulla sabah,,,,A
2241,32,hi,Hindi,वह हर सुबह पौधों को पानी देती है,Vah har subah paudhon ko pani deti hai,,,,A
2242,32,bn,Bengali,সে প্রতিদিন সকালে গাছপালায় জল দেয়,Se protidin sokale gachpalay jol dey,,,,A
2243,32,ur,Urdu,وہ ہر صبح پودوں کو پانی دیتی ہے,Woh har subah podon ko pani deti hai,,,,A
2244,32,fa,Persian,او هر صبح به گیاهان آب می‌دهد,U har sobh be giyahan ab midehad,,,,A
2245,32,tr,Turkish,O her sabah bitkileri sular,,,,,A
2246,32,ja,Japanese,彼女は毎朝植物に水をやります,Kanojo wa maiasa shokubutsu ni mizu o yarimasu,,,,A
2247,32,ko,Korean,그녀는 매일 아침 식물에 물을 줘요,Geunyeoneun maeil achim sigmure mul-eul jwoyo,,,,A
2248,32,zh-cn,Mandarin (Simplified),她每天早上给植物浇水,,tā měitiān zǎoshang gěi zhíwù jiāo shuǐ,,A
2249,32,zh-tw,Mandarin (Traditional),她每天早上給植物澆水,,tā měitiān zǎoshang gěi zhíwù jiāo shuǐ,,A
2250,32,vi,Vietnamese,Cô ấy tưới cây mỗi sáng,,,,,A
2251,32,th,Thai,เธอรดน้ำต้นไม้ทุกเช้า,Thoe rdn̂ả t̂nmị̂ thuk chêā,,,,A
2252,32,id,Indonesian,Dia menyirami tanaman setiap pagi,,,,,A
2253,32,sw,Swahili,Anawamwagilia mimea kila asubuhi,,,,,A
2254,32,nl,Dutch,Zij geeft de planten elke ochtend water,,,,,A
2255,32,pl,Polish,Ona podlewa rośliny każdego ranka,,,,,A
2256,32,uk,Ukrainian,Вона поливає рослини кожного ранку,,,,,A
2257,32,el,Greek,Ποτίζει τα φυτά κάθε πρωί,Potízei ta fytá káthe proí,,,,A
2258,32,sv,Swedish,Hon vattnar växterna varje morgon,,,,,A
2259,32,no,Norwegian,Hun vanner plantene hver morgen,,,,,A
2260,32,da,Danish,Hun vander planterne hver morgen,,,,,A
2261,32,fi,Finnish,Hän kastelee kasvit joka aamu,,,,,A
2262,32,cs,Czech,Zalévá rostliny každé ráno,,,,,A
2263,32,hu,Hungarian,Minden reggel megöntözi a növényeket,,,,,A
2264,32,ro,Romanian,Ea udează plantele în fiecare dimineață,,,,,A
2265,32,bg,Bulgarian,Тя полива растенията всяка сутрин,Tya poliva rasteniyata vsyaka sutrin,,,,A
2266,32,sr,Serbian,Она залива биљке сваког јутра,Ona zaliva biljke svakog jutra,,,,A
2267,32,sk,Slovak,Zalieva rastliny každé ráno,,,,,A
2268,32,sl,Slovenian,Zaliva rastline vsako jutro,,,,,A
2269,32,lt,Lithuanian,Kiekvieną rytą ji laisto augalus,,,,,A
2270,32,lv,Latvian,Vina katru rītu laista augus,,,,,A
2271,32,et,Estonian,Ta kastab taimi iga hommik,,,,,A
2272,32,he,Hebrew,היא משקה את הצמחים כל בוקר,Hi mashke et hatsmachim kol boker,,,,A
2273,32,ha,Hausa,Tana shayar da tsire-tsire kowace safiya,,,,,A
2274,32,yo,Yoruba,Ó ń fun àwọn ègbò ní omi gbogbo ìrọ̀lẹ́,,,,A
2275,32,ig,Igbo,Ọ na-agba osisi mmiri kwa ụtụtụ,,,,,A
2276,32,am,Amharic,እሷ በየጧቱ ተክሎቹን ትውሰዳለች,Esua beyet'atu teklochun tiwisedalech,,,,A
2277,32,ti,Tigrinya,ንሳ ኣብ ነፍሲ ወከፍ ንግሆ ኣታኽልቲ ከተማልኣ,Nisa ab nefsi wekef nighe'o atakelti ketemal'a,,,,A
2278,32,ne,Nepali,उनी हरेक बिहान बिरुवाहरूलाई पानी दिन्छिन्,Unī hareka bihāna biruvāharūlā'ī pānī dinchin,,,,A
2279,32,ta,Tamil,அவள் தினமும் காலையில் தாவரங்களுக்கு தண்ணீர் ஊற்றுகிறாள்,Avaḷ tiṉamum kālaiyil tāvaraṅkaḷukku taṇṇīr ūṟṟukiṟāḷ,,,,A
2280,32,te,Telugu,ఆమె ప్రతీ ఉదయం మొక్కలకు నీరు పోస్తుంది,Āme pratī udayaṁ mokkalku nīru pōstundi,,,,A
2281,32,ml,Malayalam,അവൾ എല്ലാ രാവിലെയും സസ്യങ്ങൾക്ക് വെള്ളം നൽകുന്നു,Avaḷ ellā rāvileyuṁ sasyaṅṅaḷkk veḷḷaṁ nalkunnu,,,,A
2282,32,mr,Marathi,ती दररोज सकाळी रोपांना पाणी देते,Tī dararōja sakāḷī rōpānnā pāṇī dētē,,,,A
2283,32,pa,Punjabi,ਉਹ ਹਰ ਰੋਜ਼ ਸਵੇਰੇ ਪੌਦਿਆਂ ਨੂੰ ਪਾਣੀ ਦਿੰਦੀ ਹੈ,Uh hara rōza savērē paudi'āṁ nū pāṇī dindī hai,,,,A
2284,32,gu,Gujarati,તેણી પ્રત્યેક સવારે છોડને પાણી આપે છે,Tēṇī pratyēka savārē chōḍanē pāṇī āpē chē,,,,A
2285,32,si,Sinhala,ඇය සෑම උදෑසනම පැල වලට වතුර දෙයි,Æya sǣma udǣsanama pæla valaṭa vatura deyi,,,,A
2286,32,km,Khmer,នាងស្រោចទឹកដល់រុក្ខជាតិរាល់ព្រឹក,Neang sroch tuk dol roukkcheat rol preuk,,,,A
2287,32,is,Icelandic,Hún vökvar planturnar alla morgna,,,,,A
2288,32,tl,Tagalog / Filipino,Nagdidilig siya ng mga halaman tuwing umaga,,,,,A
2289,32,ms,Malay,Dia menyiram tanaman setiap pagi,,,,,A
2290,32,jv,Javanese,Dheweke nyirami tanduran saben esuk,,,,,A
2291,32,kk,Kazakh,Ол әр таң өсімдіктерді суғарады,Ol är tañ ösımdikterdi suğarady,,,,A
2292,32,uz,Uzbek,U har kuni ertalab o'simliklarni sug'oradi,,,,,A
2293,32,mn,Mongolian,Тэр өдөр бүр өглөө ургамлуудыг усладаг,Ter ödör bür öglöо urgamluudyg usladag,,,,A
2294,32,ka,Georgia,ის ყოველ დილით მცენარეებს არწყევს,Is q'ovel dilit mtsenareebs arts'q'evs,,,,A
2295,32,hy,Armenian,Նա ամեն առավոտ ջրում է բույսերը,Na amen aravot jroum e bouysery,,,,A
2296,32,eu,Basque,Landareak ureztatzen ditu goizero,,,,,A
2297,32,ca,Catalan,Rega les plantes cada matí,,,,,A
2298,32,gl,Galical,Rega as plantas cada mañá,,,,,A
2299,32,ga,Irish (Gaeilge),Tugann sí uisce do na plandaí gach maidin,,,,,A
2300,32,cy,Welsh,Mae hi'n dyfrhau'r planhigion bob bore,,,,,A
2301,32,gd,Scottish Gaelic,Bidh i a' cur uisge air na lusan a h-uile madainn,,,,,A
2302,32,lb,Luxembourgish,Si gësst d'Planzen all Moien,,,,,A
2303,32,eo,Esperanto,Ŝi akvumas la plantojn ĉiumatene,,,,,A
2304,32,la,Latin,Plantas omni mane irrigat,,,,,A
2305,33,en,English,The teacher explains the lesson clearly,,,,,B
2306,33,es,Spanish,El profesor explica la lección claramente,,,,,B
2307,33,fr,French,Le professeur explique la leçon clairement,,,,,B
2308,33,pt,Portuguese,O professor explica a lição claramente,,,,,B
2309,33,de,German,Der Lehrer erklärt die Lektion klar,,,,,B
2310,33,it,Italian,L'insegnante spiega la lezione chiaramente,,,,,B
2311,33,ru,Russian,Учитель объясняет урок четко,,,,,B
2312,33,ar,Arabic,المعلم يشرح الدرس بوضوح,Al-mu'allim yusharih al-dars bi-wuduh,,,,B
2313,33,hi,Hindi,शिक्षक सबक स्पष्ट रूप से समझाता है,Shikshak sabak spasht roop se samjhata hai,,,,B
2314,33,bn,Bengali,শিক্ষক পাঠটি পরিষ্কারভাবে ব্যাখ্যা করেন,Shikkhok pathṭi porishkarbhabe byakhya koren,,,,B
2315,33,ur,Urdu,استاد سبق واضح طور پر سمجھاتا ہے,Ustaad sabaq wazeh tor par samjhata hai,,,,B
2316,33,fa,Persian,معلم درس را به وضوح توضیح می‌دهد,Moalem dars ra be vazoh tozih midehad,,,,B
2317,33,tr,Turkish,Öğretmen dersi açıkça açıklıyor,,,,,B
2318,33,ja,Japanese,先生は授業を明確に説明します,Sensei wa jugyō o meikaku ni setsumei shimasu,,,,B
2319,33,ko,Korean,선생님이 수업을 명확하게 설명해요,Seonsaengnimi sueob-eul myeonghwaghage seolmyeonghaeyo,,,,B
2320,33,zh-cn,Mandarin (Simplified),老师清楚地讲解课程,,lǎoshī qīngchǔ de jiǎngjiè kèchéng,,B
2321,33,zh-tw,Mandarin (Traditional),老師清楚地講解課程,,lǎoshī qīngchǔ de jiǎngjiè kèchéng,,B
2322,33,vi,Vietnamese,Giáo viên giải thích bài học rõ ràng,,,,,B
2323,33,th,Thai,ครูอธิบายบทเรียนอย่างชัดเจน,Khrū xṭhibāy bth reīyn xỳāng chạdcen,,,,B
2324,33,id,Indonesian,Guru menjelaskan pelajaran dengan jelas,,,,,B
2325,33,sw,Swahili,Mwalimu anafafuna somo kwa uwazi,,,,,B
2326,33,nl,Dutch,De leraar legt de les duidelijk uit,,,,,B
2327,33,pl,Polish,Nauczyciel wyjaśnia lekcję jasno,,,,,B
2328,33,uk,Ukrainian,Вчитель пояснює урок чітко,,,,,B
2329,33,el,Greek,Ο δάσκαλος εξηγεί το μάθημα με σαφήνεια,O dáskalos exigéi to máthima me safíneia,,,,B
2330,33,sv,Swedish,Läraren förklarar lektionen tydligt,,,,,B
2331,33,no,Norwegian,Læreren forklarer timen tydelig,,,,,B
2332,33,da,Danish,Læreren forklarer lektionen klart,,,,,B
2333,33,fi,Finnish,Opettaja selittää oppitunnin selvästi,,,,,B
2334,33,cs,Czech,Učitel vysvětluje látku jasně,,,,,B
2335,33,hu,Hungarian,A tanár világosan magyarázza a leckét,,,,,B
2336,33,ro,Romanian,Profesorul explică lecția clar,,,,,B
2337,33,bg,Bulgarian,Учителят обяснява урока ясно,Uchitelyat obyasnyava uroka yasno,,,,B
2338,33,sr,Serbian,Наставник објашњава лекцију јасно,Nastavnik objašnjava lekciju jasno,,,,B
2339,33,sk,Slovak,Učiteľ vysvetľuje hodinu jasne,,,,,B
2340,33,sl,Slovenian,Učitelj razloži lekcijo jasno,,,,,B
2341,33,lt,Lithuanian,Mokytojas aiškiai paaiškina pamoką,,,,,B
2342,33,lv,Latvian,Skolotājs skaidri izskaidro stundu,,,,,B
2343,33,et,Estonian,Õpetaja seletab õppetundi selgelt,,,,,B
2344,33,he,Hebrew,המורה מסביר את השיעור בבהירות,HaMoreh masbir et haShiur b'behirut,,,,B
2345,33,ha,Hausa,Malami yana bayyana darasi a fili,,,,,B
2346,33,yo,Yoruba,Olùkọ́ náà ń ṣalàyé kíkọ́ náà pẹ́lú ìṣọ̀kan,,,,B
2347,33,ig,Igbo,Onye nkuzi na-akọwa nkuzi n'ụzọ doro anya,,,,B
2348,33,am,Amharic,መምህሩ ትምህርቱን በግልፅ ያብራራል,Memhiru timihirtun begilits' yabiraral,,,,B
2349,33,ti,Tigrinya,መምህር ናብቲ ትምህርቲ ብንጹር ኣብርህ ኣሎ,Memhir nabti timhirti bints'ur abirh alo,,,,B
2350,33,ne,Nepali,शिक्षकले पाठ स्पष्ट रूपमा वर्णन गर्छन्,Śikṣakalē pāṭha spaṣṭa rūpamā varṇana garchan,,,,B
2351,33,ta,Tamil,ஆசிரியர் பாடத்தை தெளிவாக விளக்குகிறார்,Āciriyar pāṭattai teḷivāka viḷakkukiṟār,,,,B
2352,33,te,Telugu,గురువు పాఠాన్ని స్పష్టంగా వివరిస్తాడు,Guruvu pāṭhānni spaṣṭaṅgā vivaristāḍu,,,,B
2353,33,ml,Malayalam,ഗുരു പാഠം വ്യക്തമായി വിശദീകരിക്കുന്നു,Guru pāṭhaṁ vyaktamāyi viśadīkarikkunnu,,,,B
2354,33,mr,Marathi,शिक्षक धडा स्पष्टपणे सांगतात,Śikṣaka dhaḍā spaṣṭapaṇē sāṅgatāta,,,,B
2355,33,pa,Punjabi,ਅਧਿਆਪਕ ਸਬਕ ਸਪੱਸ਼ਟ ਢੰਗ ਨਾਲ ਸਮਝਾਉਂਦਾ ਹੈ,Adhi'āpaka sabaka sapaśaṭa ḍhaṅga nāla samajhā'undā hai,,,,B
2356,33,gu,Gujarati,શિક્ષક પાઠ સ્પષ્ટ રીતે સમજાવે છે,Śikṣaka pāṭha spaṣṭa rītē samajāvē chē,,,,B
2357,33,si,Sinhala,ගුරුතුමා පාඩම පැහැදිලිව පැහැදිලි කරයි,Gurutumā pāḍama pæhædiliva pæhædili karayi,,,,B
2358,33,km,Khmer,គ្រូបង្រៀនពន្យល់មេរៀនយ៉ាងច្បាស់,Krou bangrien ponyol me rien yang chbas,,,,B
2359,33,is,Icelandic,Kennarinn útskýrir kennslustundina skýrt,,,,,B
2360,33,tl,Tagalog / Filipino,Malinaw na ipinapaliwanag ng guro ang aralin,,,,,B
2361,33,ms,Malay,Guru menerangkan pelajaran dengan jelas,,,,,B
2362,33,jv,Javanese,Guru nerangake pelajaran kanthi jelas,,,,,B
2363,33,kk,Kazakh,Мұғалім сабақты анық түсіндіреді,Muğalım sabakty anyk tüsındıredi,,,,B
2364,33,uz,Uzbek,O'qituvchi darsni aniq tushuntiradi,,,,,B
2365,33,mn,Mongolian,Багш хичээлийг тодорхой тайлбарладаг,Bagsh khichiliig todorkhoi tailbarlagdag,,,,B
2366,33,ka,Georgia,მასწავლებელი გაკვეთილს ნათლად ხსნის,Masts'avlebeli gak'vetils natlad khsnis,,,,B
2367,33,hy,Armenian,Ուսուցիչը դասը հստակ բացատրում է,Ousoutsich'y dasy hstak bats'atroum e,,,,B
2368,33,eu,Basque,Irakasleak azalpen argia ematen dio ikasgaiari,,,,,B
2369,33,ca,Catalan,El professor explica la lliçó clarament,,,,,B
2370,33,gl,Galician,O profesor explica a lección con claridade,,,,,B
2371,33,ga,Irish (Gaeilge),Míníonn an múinteoir an ceacht go soiléir,,,,,B
2372,33,cy,Welsh,Mae'r athro yn egluro'r wers yn glir,,,,,B
2373,33,gd,Scottish Gaelic,Bidh an tidsear a' mìneachadh an leasain gu soilleir,,,,,B
2374,33,lb,Luxembourgish,De Professer erkläert d'Stonn kloer,,,,,B
2375,33,eo,Esperanto,La instruisto klarigas la lecionon klare,,,,,B
2376,33,la,Latin,Magister lectionem perspicue explicat,,,,,B
2377,34,en,English,He fixes his bike in the garage,,,,,A
2378,34,es,Spanish,Él repara su bicicleta en el garaje,,,,,A
2379,34,fr,French,Il répare son vélo dans le garage,,,,,A
2380,34,pt,Portuguese,Ele conserta sua bicicleta na garagem,,,,,A
2381,34,de,German,Er repariert sein Fahrrad in der Garage,,,,,A
2382,34,it,Italian,Lui ripara la sua bicicletta in garage,,,,,A
2383,34,ru,Russian,Он чинит свой велосипед в гараже,,,,,A
2384,34,ar,Arabic,يصلح دراجته في المرآب,Yuslih darajatahu fi al-murab,,,,A
2385,34,hi,Hindi,वह गैराज में अपनी साइकिल ठीक करता है,Vah garage mein apni cycle theek karta hai,,,,A
2386,34,bn,Bengali,সে গ্যারেজে তার সাইকেল মেরামত করে,Se gyaraje tar saikel meramot kore,,,,A
2387,34,ur,Urdu,وہ گیراج میں اپنی سائیکل ٹھیک کرتا ہے,Woh garage mein apni cycle theek karta hai,,,,A
2388,34,fa,Persian,او دوچرخه اش را در گاراژ تعمیر می‌کند,U docharkhe ash ra dar garaz ta'mir mikonad,,,,A
2389,34,tr,Turkish,Bisikletini garajda tamir ediyor,,,,,A
2390,34,ja,Japanese,彼はガレージで自転車を修理します,Kare wa garēji de jitensha o shūri shimasu,,,,A
2391,34,ko,Korean,그는 차고에서 자전거를 고쳐요,Geuneun chago-eseo jajeongeoreul gochyeoyo,,,,A
2392,34,zh-cn,Mandarin (Simplified),他在车库里修自行车,,tā zài chēkù lǐ xiū zìxíngchē,,A
2393,34,zh-tw,Mandarin (Traditional),他在車庫裡修自行車,,tā zài chēkù lǐ xiū zìxíngchē,,A
2394,34,vi,Vietnamese,Anh ấy sửa xe đạp của mình trong nhà để xe,,,,,A
2395,34,th,Thai,เขาซ่อมจักรยานในโรงรถ,Khā s̄x̂m cạkryān nı rong r̂t,,,,A
2396,34,id,Indonesian,Dia memperbaiki sepedanya di garasi,,,,,A
2397,34,sw,Swahili,Anarekebisha baiskeli yake kwenye karakana,,,,,A
2398,34,nl,Dutch,Hij repareert zijn fiets in de garage,,,,,A
2399,34,pl,Polish,Naprawia swój rower w garażu,,,,,A
2400,34,uk,Ukrainian,Він ремонтує свій велосипед у гаражі,,,,,A
2401,34,el,Greek,Επισκευάζει το ποδήλατό του στο γκαράζ,Episkevázei to podílató tou sto gkaráz,,,,A
2402,34,sv,Swedish,Han reparerar sin cykel i garaget,,,,,A
2403,34,no,Norwegian,Han reparerer sykkelen sin i garasjen,,,,,A
2404,34,da,Danish,Han reparerer sin cykel i garagen,,,,,A
2405,34,fi,Finnish,Hän korjaa polkupyöräänsä autotallissa,,,,,A
2406,34,cs,Czech,Opravuje své kolo v garáži,,,,,A
2407,34,hu,Hungarian,Megjavítja a biciklijét a garázsban,,,,,A
2408,34,ro,Romanian,El își repară bicicleta în garaj,,,,,A
2409,34,bg,Bulgarian,Той поправя колелото си в гаража,Toi popravya koleloto si v garazha,,,,A
2410,34,sr,Serbian,Он поправља свој бицикл у гаражи,On popravlja svoj bicikl u garaži,,,,A
2411,34,sk,Slovak,Opravuje svoj bicykel v garáži,,,,,A
2412,34,sl,Slovenian,Popravlja svoje kolo v garaži,,,,,A
2413,34,lt,Lithuanian,Jis taiso savo dviratį garaže,,,,,A
2414,34,lv,Latvian,Vins labo savu velosipēdu garāžā,,,,,A
2415,34,et,Estonian,Ta parandab oma jalgrattat garaažis,,,,,A
2416,34,he,Hebrew,הוא מתקן את האופניים שלו במוסך,Hu metaken et ha'ofanaim shelu ba'mosakh,,,,A
2417,34,ha,Hausa,Yana gyara keke nasa a gareji,,,,,A
2418,34,yo,Yoruba,Ó ń ṣe àtúnṣe kẹ̀kẹ́ rẹ̀ nínú gáráàjì,,,,A
2419,34,ig,Igbo,Ọ na-arụzi ụgbọ igwe ya n'ime ebe ndọba ụgbọala,,,,A
2420,34,am,Amharic,በጋራጅ ውስጥ ብስክሌቱን ያስተካክላል,Бegarazh wist bisikletun yastekaklal,,,,A
2421,34,ti,Tigrinya,ንሱ ብስክሌቱ ኣብ ጋራጅ ይጽግዎ,Nisu bisikletu ab garaz yits'igo,,,,A
2422,34,ne,Nepali,उसले आफ्नो साइकल ग्यारेजमा मर्मत गर्छ,Usalē āphnō sāikala gyārējamā marmata garcha,,,,A
2423,34,ta,Tamil,அவர் கேரேஜில் தனது சைக்கிளை சரிசெய்கிறார்,Avar kērējil taṉatu caikkiḷai cariceykiṟār,,,,A
2424,34,te,Telugu,అతను గ్యారేజ్‌లో తన సైకిల్‌ను మరమ్మతు చేస్తాడు,Atanu gyārēj‌lō tana saikil‌nu marammatu cēstāḍu,,,,A
2425,34,ml,Malayalam,അവൻ ഗാരേജിൽ തന്റെ സൈക്കിൾ അറ്റകുറ്റപ്പണി ചെയ്യുന്നു,Avan gārejil tanṟe saikkiḷ aṟṟakuṟṟappaṇi ceyyunnu,,,,A
2426,34,mr,Marathi,तो गॅरेजमध्ये त्याची सायकल दुरुस्त करतो,Tō gĕrējamadhyē tyācī sāyakala durusta karatō,,,,A
2427,34,pa,Punjabi,ਉਹ ਗੈਰੇਜ ਵਿੱਚ ਆਪਣੀ ਸਾਈਕਲ ਠੀਕ ਕਰਦਾ ਹੈ,Uh gairēja vica āpaṇī sā'ikala ṭhīka karadā hai,,,,A
2428,34,gu,Gujarati,તેણે ગેરેજમાં તેની સાઇકલ ઠીક કરે છે,Tēṇē gērējamāṁ tēnī sā'ikala ṭhīka karē chē,,,,A
2429,34,si,Sinhala,ඔහු ගරාජය තුළ ඔහුගේ බයිසිකලය නඩත්තු කරයි,Ohu garājaya tuḷa ohugē bayisikalaya naḍattu karayi,,,,A
2430,34,km,Khmer,គាត់ជួសជុលកង់ក្នុងការ៉ាត់,Koat chuos chol kang knong karat,,,,A
2431,34,is,Icelandic,Hann lagar hjólið sitt í bílskúrnum,,,,,A
2432,34,tl,Tagalog / Filipino,Nag-aayos siya ng kanyang bisikleta sa garahe,,,,,A
2433,34,ms,Malay,Dia membaiki basikalnya di garaj,,,,,A
2434,34,jv,Javanese,Dheweke ndandani pit ing garasi,,,,,A
2435,34,kk,Kazakh,Ол гаражында велосипедін жөндейді,Ol garajynda velosipedin jöndeıdi,,,,A
2436,34,uz,Uzbek,U garajida velosipedini tuzatadi,,,,,A
2437,34,mn,Mongolian,Тэр гаражинд дахин дугуйгаа засдаг,Ter garajind dakhin duguigaa zasdag,,,,A
2438,34,ka,Georgia,ის არემონტებს თავის ველოსიპედს გარაჟში,Is aremont'ebs tavis velosip'eds garazhshi,,,,A
2439,34,hy,Armenian,Նան նորոգում է իր հեծանիվը կառամատույցում,Na norogoum e ir hetsanivy karramatuyts'oum,,,,A
2440,34,eu,Basque,Bizikleta konpontzen du garajean,,,,,A
2441,34,ca,Catalan,Ell repara la seva bicicleta al garatge,,,,,A
2442,34,gl,Galician,El arranxa a súa bicicleta no garaxe,,,,,A
2443,34,ga,Irish (Gaeilge),Deiseann sé a rothar sa gharáiste,,,,,A
2444,34,cy,Welsh,Mae'n trwsio ei feic yn y garej,,,,,A
2445,34,gd,Scottish Gaelic,Bidh e a' càradh a bhaidhsagal anns a' gharàiste,,,,,A
2446,34,lb,Luxembourgish,Hien repareiert säin Vëlo an der Garage,,,,,A
2447,34,eo,Esperanto,Li riparas sian biciklon en la garaĝo,,,,,A
2448,34,la,Latin,Birotam suam in carrucario reficit,,,,,A
2449,35,en,English,We sit under the tree to rest,,,,,A
2450,35,es,Spanish,Nos sentamos bajo el árbol para descansar,,,,,A
2451,35,fr,French,Nous nous asseyons sous l'arbre pour nous reposer,,,,,A
2452,35,pt,Portuguese,Nos sentamos debaixo da árvore para descansar,,,,,A
2453,35,de,German,Wir setzen uns unter den Baum, um uns auszuruhen,,,,,A
2454,35,it,Italian,Ci sediamo sotto l'albero per riposare,,,,,A
2455,35,ru,Russian,Мы садимся под дерево, чтобы отдохнуть,,,,,A
2456,35,ar,Arabic,نجلس تحت الشجرة للراحة,Najlis taht al-shajara lil-raha,,,,A
2457,35,hi,Hindi,हम आराम करने के लिए पेड़ के नीचे बैठते हैं,Ham aaram karne ke liye ped ke neeche baithte hain,,,,A
2458,35,bn,Bengali,আমরা বিশ্রাম নিতে গাছের নিচে বসি,Amra bishram nite gacher niche bosi,,,,A
2459,35,ur,Urdu,ہم آرام کرنے کے لیے درخت کے نیچے بیٹھتے ہیں,Ham aaram karne ke liye darakht ke neeche baithte hain,,,,A
2460,35,fa,Persian,ما زیر درخت می‌نشینیم تا استراحت کنیم,Ma zir-e derakht minešinim ta esterahat konim,,,,A
2461,35,tr,Turkish,Dinlenmek için ağacın altına oturuyoruz,,,,,A
2462,35,ja,Japanese,私たちは休むために木の下に座ります,Watashitachi wa yasumu tame ni ki no shita ni suwarimasu,,,,A
2463,35,ko,Korean,우리는 쉬려고 나무 아래에 앉아요,Urineun swiryeogo namu araee anjayo,,,,A
2464,35,zh-cn,Mandarin (Simplified),我们坐在树下休息,,wǒmen zuò zài shù xià xiūxi,,A
2465,35,zh-tw,Mandarin (Traditional),我們坐在樹下休息,,wǒmen zuò zài shù xià xiūxi,,A
2466,35,vi,Vietnamese,Chúng tôi ngồi dưới gốc cây để nghỉ ngơi,,,,,A
2467,35,th,Thai,พวกเรานั่งพักใต้ต้นไม้,Phwk reā ǹạng phạk t̂ı t̂nmị̂,,,,A
2468,35,id,Indonesian,Kami duduk di bawah pohon untuk beristirahat,,,,,A
2469,35,sw,Swahili,Tunakaa chini ya mti kupumzika,,,,,A
2470,35,nl,Dutch,Wij zitten onder de boom om uit te rusten,,,,,A
2471,35,pl,Polish,Siedzimy pod drzewem, aby odpocząć,,,,,A
2472,35,uk,Ukrainian,Ми сидимо під деревом, щоб відпочити,,,,,A
2473,35,el,Greek,Κάθονται κάτω από το δέντρο για να ξεκουραστούμε,Káthontai káto apó to déntro gia na xekourastoúme,,,,A
2474,35,sv,Swedish,Vi sitter under trädet för att vila,,,,,A
2475,35,no,Norwegian,Vi sitter under treet for å hvile,,,,,A
2476,35,da,Danish,Vi sidder under træet for at hvile,,,,,A
2477,35,fi,Finnish,Istumme puun alla levätäksemme,,,,,A
2478,35,cs,Czech,Sedíme pod stromem, abychom si odpočinuli,,,,,A
2479,35,hu,Hungarian,A fa alatt ülünk, hogy pihenjünk,,,,,A
2480,35,ro,Romanian,Stăm sub copac să ne odihnim,,,,,A
2481,35,bg,Bulgarian,Седяме под дървото да си починем,Sedyame pod darvoto da si pochinem,,,,A
2482,35,sr,Serbian,Седамо испод дрвета да се одморимо,Sedamo ispod drveta da se odmorimo,,,,A
2483,35,sk,Slovak,Sedíme pod stromom, aby sme si oddýchli,,,,,A
2484,35,sl,Slovenian,Sedimo pod drevesom, da se spočijemo,,,,,A
2485,35,lt,Lithuanian,Sėdime po medžiu, kad pailsėtume,,,,,A
2486,35,lv,Latvian,Mēs sēžam zem koka, lai atpūstos,,,,,A
2487,35,et,Estonian,Me istume puu all puhkamiseks,,,,,A
2488,35,he,Hebrew,אנחנו יושבים תחת העץ לנוח,Anachnu yoshvim tachat ha'etz lanuach,,,,A
2489,35,ha,Hausa,Muna zaune a karkashin bishiyar don huta,,,,,A
2490,35,yo,Yoruba,A ń jókòó lábẹ́ igi láti sinmi,,,,A
2491,35,ig,Igbo,Anyị na-anọdụ n'okpuru osisi iji zuru ike,,,,A
2492,35,am,Amharic,ለመደሰት ከዛፉ ሥር እንቀመጣለን,Lemedeset kezaftu sir eniqemet'alen,,,,A
2493,35,ti,Tigrinya,ንሕና ንኽንዕርፍ ኣብ ትሕቲ እታ ኦም ንቀመጥ,Nihna nikhinirif ab tihti ita om niqemet',,,,,A
2494,35,ne,Nepali,हामी आराम गर्न रूखमुनि बस्छौं,Hāmī ārāma garna rūkhamuni baschauṁ,,,,A
2495,35,ta,Tamil,ஓய்வெடுக்க மரத்தின் கீழ் நாங்கள் அமர்கிறோம்,Ōyvēṭukka marattiṉ kīḻ nāṅkaḷ amarkiṟōm,,,,A
2496,35,te,Telugu,మేము విశ్రాంతి తీసుకోవడానికి చెట్టు కింద కూర్చుంటాము,Mēmu viśrānti tīsukōvaḍāniki ceṭṭu kindā kūrcuṇṭāmu,,,,A
2497,35,ml,Malayalam,വിശ്രമിക്കാൻ ഞങ്ങൾ മരത്തിനടിയിൽ ഇരിക്കുന്നു,Viśramikkān ñaṅṅaḷ marattinaṭiyil irikkunnu,,,,A
2498,35,mr,Marathi,आम्ही विश्रांतीसाठी झाडाखाली बसतो,Āmhī viśrāntīsāṭhī jhāḍākhālī basatō,,,,A
2499,35,pa,Punjabi,ਅਸੀਂ ਆਰਾਮ ਕਰਨ ਲਈ ਰੁੱਖ ਹੇਠਾਂ ਬੈਠਦੇ ਹਾਂ,Asīṁ ārāma karana la'ī rukha hēṭhāṁ baiṭhadē hāṁ,,,,A
2500,35,gu,Gujarati,આરામ કરવા માટે અમે ઝાડ નીચે બેસીએ છીએ,Ārāma karavā māṭē amē jhāḍa nīcē bēsī'ē chī'ē,,,,A
2501,35,si,Sinhala,විවේක ගැනීම සඳහා අපි ගස යට ඉඳගනිමු,Vivēka gænīma sandahā api gasa yaṭa iṇaganimu,,,,A
2502,35,km,Khmer,យើងអង្គុយក្រោមដើមឈើដើម្បីសម្រាក,Yeung angkuy krom daem chheu daembey samreak,,,,A
2503,35,is,Icelandic,Við sitjum undir trénu til að hvílast,,,,,A
2504,35,tl,Tagalog / Filipino,Umupo kami sa ilalim ng puno upang magpahinga,,,,,A
2505,35,ms,Malay,Kami duduk di bawah pokok untuk berehat,,,,,A
2506,35,jv,Javanese,Kita lungguh ing ngisor wit kanggo istirahat,,,,,A
2507,35,kk,Kazakh,Біз демалыс үшін ағаш астында отырамыз,Biz demalys üşin ağaş astynda otyramyz,,,,A
2508,35,uz,Uzbek,Biz dam olish uchun daraxt ostida o'tiramiz,,,,,A
2509,35,mn,Mongolian,Бид амралт авахын тулд модны доор суудаг,Bid amralt avakhyn tuld modny door suudag,,,,A
2510,35,ka,Georgia,ჩვენ ვჯდებით ხის ქვეშ დასასვენებლად,Chven vjdebit khis kves dasasveneblad,,,,A
2511,35,hy,Armenian,Մենք նստում ենք ծառի տակ՝ հանգստանալու համար,Menk' nstoum enk' tsarri tak, hangstanalou hamar,,,,A
2512,35,eu,Basque,Zuhaitzaren azpian esertzen gara atseden hartzeko,,,,,A
2513,35,ca,Catalan,Seiem sota l'arbre per descansar,,,,,A
2514,35,gl,Galician,Sentámonos baixo a árbore para descansar,,,,,A
2515,35,ga,Irish (Gaeilge),Suímid faoin gcrann chun scíth a ligean,,,,,A
2516,35,cy,Welsh,Rydym yn eistedd dan y goeden i orffwys,,,,,A
2517,35,gd,Scottish Gaelic,Bidh sinn a' suidhe fo chraobh gus ar fois a ghabhail,,,,,A
2518,35,lb,Luxembourgish,Mer setze sech ënner de Bam fir auszerowen,,,,,A
2519,35,eo,Esperanto,Ni sidas sub la arbo por ripozi,,,,,A
2520,35,la,Latin,Sedemus sub arbore ut conquiescamus,,,,,A
2521,36,en,English,The rain stops in the afternoon,,,,,A
2522,36,es,Spanish,La lluvia se detiene por la tarde,,,,,A
2523,36,fr,French,La pluie s'arrête dans l'après-midi,,,,,A
2524,36,pt,Portuguese,A chuva para à tarde,,,,,A
2525,36,de,German,Der Regen hört am Nachmittag auf,,,,,A
2526,36,it,Italian,La pioggia si ferma nel pomeriggio,,,,,A
2527,36,ru,Russian,Дождь прекращается днем,,,,,A
2528,36,ar,Arabic,المطر يتوقف في فترة ما بعد الظهر,Al-matar yatawaqqaf fi fatrat ma ba'd al-dhur,,,,A
2529,36,hi,Hindi,दोपहर में बारिश रुक जाती है,Dopahar mein barish ruk jaati hai,,,,A
2530,36,bn,Bengali,বৃষ্টি বিকেলে থেমে যায়,Brishti bikele theme jay,,,,A
2531,36,ur,Urdu,دوپہر کے وقت بارش رک جاتی ہے,Dopehar ke waqt barish ruk jaati hai,,,,A
2532,36,fa,Persian,باران در بعد از ظهر قطع می‌شود,Baran dar ba'd az zohr qata mishavad,,,,A
2533,36,tr,Turkish,Yağmur öğleden sonra durur,,,,,A
2534,36,ja,Japanese,雨は午後にやみます,Ame wa gogo ni yamimasu,,,,A
2535,36,ko,Korean,비는 오후에 멈춰요,Bineun ohu-e meomchwoyo,,,,A
2536,36,zh-cn,Mandarin (Simplified),雨在下午停了,,yǔ zài xiàwǔ tíng le,,A
2537,36,zh-tw,Mandarin (Traditional),雨在下午停了,,yǔ zài xiàwǔ tíng le,,A
2538,36,vi,Vietnamese,Cơn mưa ngừng vào buổi chiều,,,,,A
2539,36,th,Thai,ฝนหยุดตกในตอนบ่าย,F̄n h̄yud tk nı txn b̀āy,,,,A
2540,36,id,Indonesian,Hujan berhenti di sore hari,,,,,A
2541,36,sw,Swahili,Mvua inaacha mchana,,,,,A
2542,36,nl,Dutch,De regen stopt in de middag,,,,,A
2543,36,pl,Polish,Deszcz ustaje po południu,,,,,A
2544,36,uk,Ukrainian,Дощ припиняється в обід,,,,,A
2545,36,el,Greek,Η βροχή σταματά το απόγευμα,I vrochí stamatá to apógevma,,,,A
2546,36,sv,Swedish,Regnet upphör på eftermiddagen,,,,,A
2547,36,no,Norwegian,Regnet slutter om ettermiddagen,,,,,A
2548,36,da,Danish,Regnen stopper om eftermiddagen,,,,,A
2549,36,fi,Finnish,Sade loppuu iltapäivällä,,,,,A
2550,36,cs,Czech,Déšť odpoledne ustává,,,,,A
2551,36,hu,Hungarian,A délutánra eláll az eső,,,,,A
2552,36,ro,Romanian,Ploaia se oprește după-amiază,,,,,A
2553,36,bg,Bulgarian,Дъждът спира следобед,Dazhdăt spira sledobed,,,,A
2554,36,sr,Serbian,Киша престаје после подне,Kisha prestaje posle podne,,,,A
2555,36,sk,Slovak,Dážď sa zastaví popoludní,,,,,A
2556,36,sl,Slovenian,Dež se ustavi popoldne,,,,,A
2557,36,lt,Lithuanian,Lietus nutruko popietę,,,,,A
2558,36,lv,Latvian,Lietus apstājas pēcpusdienā,,,,,A
2559,36,et,Estonian,Vihm lõppeb pärastlõunal,,,,,A
2560,36,he,Hebrew,הגשם מפסיק בצהריים,Hageshem mafsik b'tzohorayim,,,,A
2561,36,ha,Hausa,Ruwan ya tsaya da rana,,,,,A
2562,36,yo,Yoruba,Òjò ń dá sílẹ̀ ní ọ̀sán gangan,,,,A
2563,36,ig,Igbo,Mmiri ozuzo na-akwụsị n'ehihie,,,,,A
2564,36,am,Amharic,ዝናቡ ከሰዓት በኋላ ያቆማል,Zenabu kese'at behwala yakomali,,,,A
2565,36,ti,Tigrinya,ዝናብ ብሰዓት ድሕሪ ቀትሪ ይዕጸው,Zinab bis'e'at d'hri qetiri yi'ts'ew,,,,A
2566,36,ne,Nepali,वर्षा दिउँसो रोकिन्छ,Varsā di'um̐sō rōkincha,,,,A
2567,36,ta,Tamil,மழை மதியம் நின்றுவிடும்,Maḻai matiyam niṉṟuviṭum,,,,A
2568,36,te,Telugu,వర్షం మధ్యాహ్నం ఆగిపోతుంది,Varṣaṁ madhyāhnaṁ āgipōtundi,,,,A
2569,36,ml,Malayalam,മഴ ഉച്ചക്ക് നിന്നുപോകുന്നു,Maḻa uccakk ninnupōkunnu,,,,A
2570,36,mr,Marathi,पाऊस दुपारी थांबतो,Pāūsa dupārī thāmbatō,,,,A
2571,36,pa,Punjabi,ਬਾਰਸ਼ ਦੁਪਹਿਰ ਨੂੰ ਰੁਕ ਜਾਂਦੀ ਹੈ,Bāraśa dupahira nū ruka jāndī hai,,,,A
2572,36,gu,Gujarati,વરસાદ બપોરે બંધ થાય છે,Varasāda bapōrē bandha thāya chē,,,,A
2573,36,si,Sinhala,වර්ෂාව පස්වරුවේ නතර වේ,Varṣāva pasvaruvē natara vē,,,,A
2574,36,km,Khmer,ទឹកភ្លៀងឈប់នៅរសៀល,Tuk phlien chhop nov rosiel,,,,A
2575,36,is,Icelandic,Rigningin stoppar eftir hádegi,,,,,A
2576,36,tl,Tagalog / Filipino,Tumitigil ang ulan sa hapon,,,,,A
2577,36,ms,Malay,Hujan berhenti pada waktu petang,,,,,A
2578,36,jv,Javanese,Udan mandheg sore,,,,,A
2579,36,kk,Kazakh,Жаңбыр түсте тоқтайды,Jañbyr tüste toqtaidy,,,,A
2580,36,uz,Uzbek,Yomg'ir tushdan keyin to'xtaydi,,,,,A
2581,36,mn,Mongolian,Бороо үдээс хойш болино,Boroo üdees khoish bolino,,,,A
2582,36,ka,Georgia,წვიმა შუადღის შემდეგ ჩერდება,Ts'vima shuadghis shemdeg cherdeba,,,,A
2583,36,hy,Armenian,Անձրևը կեսօրին դադարում է,Andzrevy kesorin dadarum e,,,,A
2584,36,eu,Basque,Euria arratsaldean gelditzen da,,,,,A
2585,36,ca,Catalan,La pluja s'atura a la tarda,,,,,A
2586,36,gl,Galician,A chuvia para pola tarde,,,,,A
2587,36,ga,Irish (Gaeilge),Stopann an bháisteach tráthnóna,,,,,A
2588,36,cy,Welsh,Mae'r glaw yn stopio yn y prynhawn,,,,,A
2589,36,gd,Scottish Gaelic,Bidh an t-uisge a' stad feasgar,,,,,A
2590,36,lb,Luxembourgish,De Reen hält nomëttes op,,,,,A
2591,36,eo,Esperanto,La pluvo ĉesas posttagmeze,,,,,A
2592,36,la,Latin,Pluvia postmeridie desinit,,,,,A
2593,37,en,English,I call my parents every week,,,,,A
2594,37,es,Spanish,Llamo a mis padres todas las semanas,,,,,A
2595,37,fr,French,J'appelle mes parents chaque semaine,,,,,A
2596,37,pt,Portuguese,Eu ligo para meus pais toda semana,,,,,A
2597,37,de,German,Ich rufe meine Eltern jede Woche an,,,,,A
2598,37,it,Italian,Chiamo i miei genitori ogni settimana,,,,,A
2599,37,ru,Russian,Я звоню своим родителям каждую неделю,,,,,A
2600,37,ar,Arabic,أتصل بوالديّ كل أسبوع,Atasil bi-waliday kulla usbu',,,,A
2601,37,hi,Hindi,मैं हर हफ्ते अपने माता-पिता को फोन करता हूं,Main har hafte apne mata-pita ko phone karta hoon,,,,A
2602,37,bn,Bengali,আমি প্রতি সপ্তাহে আমার বাবা-মাকে ফোন করি,Ami proti shapthe amar baba-make phon kori,,,,A
2603,37,ur,Urdu,میں ہر ہفتے اپنے والدین کو فون کرتا ہوں,Main har hafte apne walidain ko phone karta hoon,,,,A
2604,37,fa,Persian,هر هفته به والدینم تلفن می‌کنم,Har hafte be walidainam telefon mikonam,,,,A
2605,37,tr,Turkish,Her hafta ailemi ararım,,,,,A
2606,37,ja,Japanese,私は毎週両親に電話します,Watashi wa maishū ryōshin ni denwa shimasu,,,,A
2607,37,ko,Korean,저는 매주 부모님께 전화해요,Jeoneun maeju bumonimkke jeonhahaeyo,,,,A
2608,37,zh-cn,Mandarin (Simplified),我每周给父母打电话,,wǒ měi zhōu gěi fùmǔ dǎ diànhuà,,A
2609,37,zh-tw,Mandarin (Traditional),我每週給父母打電話,,wǒ měi zhōu gěi fùmǔ dǎ diànhuà,,A
2610,37,vi,Vietnamese,Tôi gọi điện cho bố mẹ mỗi tuần,,,,,A
2611,37,th,Thai,ฉันโทรหาพ่อแม่ทุกสัปดาห์,Chản thor h̄ā ph̀x mæ̀ thuk s̄ạpdāh̄̒,,,,A
2612,37,id,Indonesian,Saya menelepon orang tua saya setiap minggu,,,,,A
2613,37,sw,Swahili,Nawapigia simu wazazi wangu kila wiki,,,,,A
2614,37,nl,Dutch,Ik bel mijn ouders elke week,,,,,A
2615,37,pl,Polish,Dzwonię do moich rodziców co tydzień,,,,,A
2616,37,uk,Ukrainian,Я дзвоню своїм батькам щотижня,,,,,A
2617,37,el,Greek,Παίρνω τηλέφωνο τους γονείς μου κάθε εβδομάδα,Paírno tiléfono tous goneís mou káthe evdomáda,,,,A
2618,37,sv,Swedish,Jag ringer mina föräldrar varje vecka,,,,,A
2619,37,no,Norwegian,Jeg ringer foreldrene mine hver uke,,,,,A
2620,37,da,Danish,Jeg ringer til mine forældre hver uge,,,,,A
2621,37,fi,Finnish,Soitan vanhemmilleni joka viikko,,,,,A
2622,37,cs,Czech,Volám svým rodičům každý týden,,,,,A
2623,37,hu,Hungarian,Minden héten felhívom a szüleimet,,,,,A
2624,37,ro,Romanian,Îmi sun părinții în fiecare săptămână,,,,,A
2625,37,bg,Bulgarian,Обаждам се на родителите си всяка седмица,Obazhdam se na roditelite si vsyaka sedmitsa,,,,A
2626,37,sr,Serbian,Зовем своје родитеље сваке недеље,Zovem svoje roditelje svake nedelje,,,,A
2627,37,sk,Slovak,Volám svojim rodičom každý týždeň,,,,,A
2628,37,sl,Slovenian,Kličem svoje starše vsak teden,,,,,A
2629,37,lt,Lithuanian,Kiekvieną savaitę skambinu savo tėvams,,,,,A
2630,37,lv,Latvian,Es zvanu saviem vecākiem katru nedēļu,,,,,A
2631,37,et,Estonian,Ma helistan oma vanematele iga nädal,,,,,A
2632,37,he,Hebrew,אני מתקשר להוריי כל שבוע,Ani mitkasher lehorai kol shavua,,,,A
2633,37,ha,Hausa,Ina kiran iyayena kowane mako,,,,,A
2634,37,yo,Yoruba,Mo ń pe àwọn òbí mi gbogbo ọ̀sẹ̀,,,,A
2635,37,ig,Igbo,Ana m akpọ ndị mụrụ m kwa izu,,,,,A
2636,37,am,Amharic,በየሳምንቱ ወላጆቼን እደውላለሁ,Beyesamintu welajochen idewlalehu,,,,A
2637,37,ti,Tigrinya,ኣነ ኣብ ነፍሲ ወከፍ ሰሙን ኣዴተይን ኣቦይን እድውል,Ana ab nefsi wekef semun adeyten aboyin idwil,,,,A
2638,37,ne,Nepali,म हरेक हप्ता आमाबुवालाई फोन गर्छु,Ma hareka haptā āmābuvālā'ī phōna garchu,,,,A
2639,37,ta,Tamil,நான் ஒவ்வொரு வாரமும் என் பெற்றோருக்கு தொலைபேசி செய்கிறேன்,Nāṉ ovvoru vāramum eṉ peṟṟōrukku talaipēci ceykiṟēṉ,,,,A
2640,37,te,Telugu,నేను ప్రతి వారం నా తల్లిదండ్రులకు ఫోన్ చేస్తాను,Nēnu prati vāraṁ nā tallidaṇḍrulaku phōn cēstānu,,,,A
2641,37,ml,Malayalam,ഞാൻ എന്റെ മാതാപിതാക്കളെ എല്ലാ ആഴ്ചയും വിളിക്കുന്നു,Ñān enṟe mātāpitākkaḷe ellā āḻcayuṁ viḷikkunnu,,,,A
2642,37,mr,Marathi,मी दर आठवड्याला माझ्या पालकांना फोन करतो,Mī dara āṭhavaḍyālā mājhyā pālakānnā phōna karatō,,,,A
2643,37,pa,Punjabi,ਮੈਂ ਹਰ ਹਫ਼ਤੇ ਆਪਣੇ ਮਾਪਿਆਂ ਨੂੰ ਫੋਨ ਕਰਦਾ ਹਾਂ,Main hara hafatē āpaṇē māpi'āṁ nū phōna karadā hāṁ,,,,A
2644,37,gu,Gujarati,હું દર અઠવાડિયે મારા માતાપિતાને ફોન કરું છું,Huṁ dara aṭhavāḍi'yē mārā mātāpitānē phōna karuṁ chuṁ,,,,A
2645,37,si,Sinhala,මම සෑම සතියකම මගේ මව්පියන්ට දුරකථනයෙන් කතා කරමි,Mama sǣma satiyakama magē mavpiyanṭa durakathanayen katā karami,,,,A
2646,37,km,Khmer,ខ្ញុំទូរស័ព្ទទៅឪពុកម្តាយរាល់សប្តាហ៍,Khnhom tosab tow ov puk mteay rol sabdah,,,,A
2647,37,is,Icelandic,Ég hringi í foreldra mína í hverri viku,,,,,A
2648,37,tl,Tagalog / Filipino,Tumatawag ako sa aking mga magulang linggo-linggo,,,,,A
2649,37,ms,Malay,Saya menelefon ibu bapa saya setiap minggu,,,,,A
2650,37,jv,Javanese,Aku nelpon wong tuwaku saben minggu,,,,,A
2651,37,kk,Kazakh,Мен әр апта ата-анамға телефон соғамын,Men är apta ata-anamğa telefon soğamyn,,,,A
2652,37,uz,Uzbek,Men har hafta ota-onamga qo'ng'iroq qilaman,,,,,A
2653,37,mn,Mongolian,Би долоо хоног бүр эцэг эхдээ утасдадаг,Bi doloo khonog bür etseg ekhee utasdagdag,,,,A
2654,37,ka,Georgia,მე ყოველ კვირას ვურეკავ მშობლებს,Me q'ovel k'viras vurek'av mshobblebs,,,,A
2655,37,hy,Armenian,Ես ամեն շաբաթ զանգում եմ ծնողներիս,Yes amen shabat zangoum em tsnoghneris,,,,A
2656,37,eu,Basque,Aste oro dei egiten diet nire gurasoei,,,,,A
2657,37,ca,Catalan,Crido als meus pares cada setmana,,,,,A
2658,37,gl,Galical,Chamo aos meus pais cada semana,,,,,A
2659,37,ga,Irish (Gaeilge),Glaoim ar mo thuismitheoirí gach seachtain,,,,,A
2660,37,cy,Welsh,Rwy'n ffonio fy rhieni bob wythnos,,,,,A
2661,37,gd,Scottish Gaelic,Bidh mi a' fònadh gu mo phàrantan gach seachdain,,,,,A
2662,37,lb,Luxembourgish,Ech ruff meng Elteren all Woch un,,,,,A
2663,37,eo,Esperanto,Mi telefonas al miaj gepatroj ĉiusemajne,,,,,A
2664,37,la,Latin,Parentes meos omni hebdomade voco,,,,,A
2665,38,en,English,She draws a picture of a house,,,,,A
2666,38,es,Spanish,Ella dibuja una imagen de una casa,,,,,A
2667,38,fr,French,Elle dessine une image d'une maison,,,,,A
2668,38,pt,Portuguese,Ela desenha uma imagem de uma casa,,,,,A
2669,38,de,German,Sie zeichnet ein Bild eines Hauses,,,,,A
2670,38,it,Italian,Lei disegna un'immagine di una casa,,,,,A
2671,38,ru,Russian,Она рисует картинку дома,,,,,A
2672,38,ar,Arabic,ترسم صورة لمنزل,Tarsum sura li-manzil,,,,A
2673,38,hi,Hindi,वह एक घर की तस्वीर बनाती है,Vah ek ghar ki tasveer banati hai,,,,A
2674,38,bn,Bengali,সে একটি বাড়ির ছবি আঁকে,Se ekṭi bari chobi anke,,,,A
2675,38,ur,Urdu,وہ ایک گھر کی تصویر بناتی ہے,Woh ek ghar ki tasveer banati hai,,,,A
2676,38,fa,Persian,او یک تصویر از یک خانه می‌کشد,U yek tasvir az yek khane mikeshad,,,,A
2677,38,tr,Turkish,Bir ev resmi çiziyor,,,,,A
2678,38,ja,Japanese,彼女は家の絵を描きます,Kanojo wa ie no e o kakimasu,,,,A
2679,38,ko,Korean,그녀는 집 그림을 그려요,Geunyeoneun jip geurimeul geuryeoyo,,,,A
2680,38,zh-cn,Mandarin (Simplified),她画了一幅房子的画,,tā huà le yī fú fángzi de huà,,A
2681,38,zh-tw,Mandarin (Traditional),她畫了一幅房子的畫,,tā huà le yī fú fángzi de huà,,A
2682,38,vi,Vietnamese,Cô ấy vẽ một bức tranh ngôi nhà,,,,,A
2683,38,th,Thai,เธอวาดรูปบ้าน,Thoe wād rūp b̂ān,,,,A
2684,38,id,Indonesian,Dia menggambar gambar sebuah rumah,,,,,A
2685,38,sw,Swahili,Anachora picha ya nyumba,,,,,A
2686,38,nl,Dutch,Zij tekent een plaatje van een huis,,,,,A
2687,38,pl,Polish,Ona rysuje obraz domu,,,,,A
2688,38,uk,Ukrainian,Вона малює малюнок будинку,,,,,A
2689,38,el,Greek,Ζωγραφίζει μια εικόνα ενός σπιτιού,Zografízei mia eikóna enós spitioú,,,,A
2690,38,sv,Swedish,Hon ritar en bild av ett hus,,,,,A
2691,38,no,Norwegian,Hun tegner et bilde av et hus,,,,,A
2692,38,da,Danish,Hun tegner et billede af et hus,,,,,A
2693,38,fi,Finnish,Hän piirtää kuvan talosta,,,,,A
2694,38,cs,Czech,Nakreslí obrázek domu,,,,,A
2695,38,hu,Hungarian,Házat rajzol,,,,,A
2696,38,ro,Romanian,Ea desenează o imagine a unei case,,,,,A
2697,38,bg,Bulgarian,Тя рисува картина на къща,Tya risuva kartina na kashta,,,,A
2698,38,sr,Serbian,Она црта слику куће,Ona crta sliku kuće,,,,A
2699,38,sk,Slovak,Nakreslí obrázok domu,,,,,A
2700,38,sl,Slovenian,Nariše sliko hiše,,,,,A
2701,38,lt,Lithuanian,Ji piešia namo paveikslėlį,,,,,A
2702,38,lv,Latvian,Vina uzzīmē mājas attēlu,,,,,A
2703,38,et,Estonian,Ta joonistab maja pildi,,,,,A
2704,38,he,Hebrew,היא מציירת תמונה של בית,Hi metzayeret tmuna shel bayit,,,,A
2705,38,ha,Hausa,Tana zana hoton gida,,,,,A
2706,38,yo,Yoruba,Ó ń yà àwòrán ilé,,,,A
2707,38,ig,Igbo,Ọ na-ese foto ụlọ,,,,,A
2708,38,am,Amharic,ቤትን ምስል ትሰራለች,Betin misil tiseralech,,,,A
2709,38,ti,Tigrinya,ንሳ ንሓደ ገዛ ስእሊ ትስእል,Nisa nehade geza s'ili tis'il,,,,A
2710,38,ne,Nepali,उनले एउटा घरको चित्र कोर्छिन्,Unalē euṭā gharakō citra korchin,,,,A
2711,38,ta,Tamil,அவள் ஒரு வீட்டின் படத்தை வரைகிறாள்,Avaḷ oru vīṭṭiṉ paṭattai varaikiṟāḷ,,,,A
2712,38,te,Telugu,ఆమె ఇల్లు చిత్రాన్ని గీస్తుంది,Āme illu citrānni gīstundi,,,,A
2713,38,ml,Malayalam,അവൾ ഒരു വീടിന്റെ ചിത്രം വരയ്ക്കുന്നു,Avaḷ oru vīṭinṟe citraṁ varaykkunnu,,,,A
2714,38,mr,Marathi,ती एका घराचे चित्र काढते,Tī ekā gharācē citra kāḍhatē,,,,A
2715,38,pa,Punjabi,ਉਹ ਘਰ ਦੀ ਤਸਵੀਰ ਬਣਾਉਂਦੀ ਹੈ,Uh ghara dī tasavīra baṇā'undī hai,,,,A
2716,38,gu,Gujarati,તેણી ઘરની ચિત્ર બનાવે છે,Tēṇī gḥaranī citra banāvē chē,,,,A
2717,38,si,Sinhala,ඇය නිවසක චිත්‍රයක් අඳී,Æya nivasa cithrayak aṇḍī,,,,A
2718,38,km,Khmer,នាងគូររូបភាពផ្ទះមួយ,Neang kur roub phap phteah muoy,,,,A
2719,38,is,Icelandic,Hún teiknar mynd af húsi,,,,,A
2720,38,tl,Tagalog / Filipino,Gumuguhit siya ng larawan ng bahay,,,,,A
2721,38,ms,Malay,Dia melukis gambar sebuah rumah,,,,,A
2722,38,jv,Javanese,Dheweke nggambar gambar omah,,,,,A
2723,38,kk,Kazakh,Ол үйдің суретін салады,Ol üidiñ süretin saladı,,,,A
2724,38,uz,Uzbek,U uyning rasmini chizadi,,,,,A
2725,38,mn,Mongolian,Тэр байшингийн зураг зурдаг,Ter baishingiin zurag zurdag,,,,A
2726,38,ka,Georgia,ის ხატავს სახლის სურათს,Is khat'avs sakhils surats,,,,A
2727,38,hy,Armenian,Նա տան նկար է նկարում,Na tan nkar e nkaroum,,,,A
2728,38,eu,Basque,Etxe baten irudia marrazten du,,,,,A
2729,38,ca,Catalan,Ella dibuixa una imatge d'una casa,,,,,A
2730,38,gl,Galician,Ela debuxa unha imaxe dunha casa,,,,,A
2731,38,ga,Irish (Gaeilge),Tarraingíonn sí pictiúr de theach,,,,,A
2732,38,cy,Welsh,Mae hi'n tynnu llun o dŷ,,,,,A
2733,38,gd,Scottish Gaelic,Bidh i a' tarraing dealbh de thaigh,,,,,A
2734,38,lb,Luxembourgish,Si zeechent e Bild vun engem Haus,,,,,A
2735,38,eo,Esperanto,Ŝi desegnas bildon de domo,,,,,A
2736,38,la,Latin,Imaginem domus delineat,,,,,A
2737,39,en,English,The clock hangs on the wall,,,,,A
2738,39,es,Spanish,El reloj cuelga de la pared,,,,,A
2739,39,fr,French,L'horloge est accrochée au mur,,,,,A
2740,39,pt,Portuguese,O relógio está pendurado na parede,,,,,A
2741,39,de,German,Die Uhr hängt an der Wand,,,,,A
2742,39,it,Italian,L'orologio è appeso al muro,,,,,A
2743,39,ru,Russian,Часы висят на стене,,,,,A
2744,39,ar,Arabic,الساعة معلقة على الحائط,Al-sa'a mu'allaqa 'ala al-ha'it,,,,A
2745,39,hi,Hindi,घड़ी दीवार पर लटकी हुई है,Ghadi deewar par latki hui hai,,,,A
2746,39,bn,Bengali,ঘড়িটি দেয়ালে ঝুলছে,Ghoriṭi deyale jhulche,,,,A
2747,39,ur,Urdu,گھڑی دیوار پر لٹکی ہوئی ہے,Ghari deewar par latki hui hai,,,,A
2748,39,fa,Persian,ساعت روی دیوار آویزان است,Saat rooye divar avizan ast,,,,A
2749,39,tr,Turkish,Saat duvarda asılı,,,,,A
2750,39,ja,Japanese,時計が壁に掛かっています,Tokei ga kabe ni kakatte imasu,,,,A
2751,39,ko,Korean,시계가 벽에 걸려 있어요,Sigye-ga byeok-e geollyeo isseoyo,,,,A
2752,39,zh-cn,Mandarin (Simplified),钟挂在墙上,,zhōng guà zài qiáng shàng,,A
2753,39,zh-tw,Mandarin (Traditional),鐘掛在牆上,,zhōng guà zài qiáng shàng,,A
2754,39,vi,Vietnamese,Đồng hồ treo trên tường,,,,,A
2755,39,th,Thai,นาฬิกาแขวนอยู่บนผนัง,Nālikā k̄hwæn xyū bn p̄hnạng,,,,A
2756,39,id,Indonesian,Jam itu tergantung di dinding,,,,,A
2757,39,sw,Swahili,Saa inanung'unika ukutani,,,,,A
2758,39,nl,Dutch,De klok hangt aan de muur,,,,,A
2759,39,pl,Polish,Zegar wisi na ścianie,,,,,A
2760,39,uk,Ukrainian,Годинник висить на стіні,,,,,A
2761,39,el,Greek,Το ρολόι κρέμεται στον τοίχο,To rolói krémethai ston tícho,,,,A
2762,39,sv,Swedish,Klockan hänger på väggen,,,,,A
2763,39,no,Norwegian,Klokken henger på veggen,,,,,A
2764,39,da,Danish,Uret hænger på væggen,,,,,A
2765,39,fi,Finnish,Kello roikkuu seinällä,,,,,A
2766,39,cs,Czech,Hodiny visí na zdi,,,,,A
2767,39,hu,Hungarian,Az óra a falon lóg,,,,,A
2768,39,ro,Romanian,Ceasul atârnă pe perete,,,,,A
2769,39,bg,Bulgarian,Часовникът виси на стената,Chasovnikat visi na stenata,,,,A
2770,39,sr,Serbian,Сат виси на зиду,Sat visi na zidu,,,,A
2771,39,sk,Slovak,Hodiny visia na stene,,,,,A
2772,39,sl,Slovenian,Ura visi na steni,,,,,A
2773,39,lt,Lithuanian,Laikrodis kabo ant sienos,,,,,A
2774,39,lv,Latvian,Pulkstenis karājas uz sienas,,,,,A
2775,39,et,Estonian,Kell ripub seinal,,,,,A
2776,39,he,Hebrew,השעון תלוי על הקיר,HaSha'on taluy al haKir,,,,A
2777,39,ha,Hausa,Ago yana rataye a bango,,,,,A
2778,39,yo,Yoruba,Àgbọ̀n ìṣẹ́jú ń sòró lórí ògiri,,,,A
2779,39,ig,Igbo,Elekere ahụ kwụgidere n'elu mgbidi,,,,,A
2780,39,am,Amharic,ሰዓቱ በግድግዳው ላይ ተንጠልጥሏል,Se'atu begdigadaw lay tenet'elit'lwali,,,,A
2781,39,ti,Tigrinya,እቲ ሰዓት ኣብ መንደቕ ተንጠልጢሉ ኣሎ,Eti se'at ab mendiq' tenet'eli't'lu alo,,,,A
2782,39,ne,Nepali,घडी भित्तामा झुन्डिएको छ,Ghaḍī bhittāmā jhuṇḍiēkō cha,,,,A
2783,39,ta,Tamil,கடிகாரம் சுவற்றில் தொங்குகிறது,Kaṭikāram cuvaṟṟil toṅkukiṟatu,,,,A
2784,39,te,Telugu,గడియారం గోడ మీద ఉంటుంది,Gaḍiyāraṁ gōḍa mīda uṇṭundi,,,,A
2785,39,ml,Malayalam,ഗഡിയാരം മതിലിൽ തൂങ്ങുന്നു,Gaḍiyāraṁ matilil tūṅṅunnu,,,,A
2786,39,mr,Marathi,घड्याळ भिंतीवर लटकत आहे,Ghaḍyāḷa bhiṅtīvara laṭakata āhe,,,,A
2787,39,pa,Punjabi,ਘੜੀ ਕੰਧ 'ਤੇ ਲਟਕ ਰਹੀ ਹੈ,Ghaṛī kadha 'tē laṭaka rahī hai,,,,A
2788,39,gu,Gujarati,ઘડિયાળ દીવાલ પર લટકે છે,Ghaḍiyāḷa dīvāla para laṭakē chē,,,,A
2789,39,si,Sinhala,ගැබේ බිත්තියේ එල්ලී ඇත,Gæbē bittiyē ellī æta,,,,A
2790,39,km,Khmer,នាឡិកាព្យួរនៅលើជញ្ជាំង,Nealeka pyuor nov leu chonhcheang,,,,A
2791,39,is,Icelandic,Klukkan hangir á veggnum,,,,,A
2792,39,tl,Tagalog / Filipino,Ang relo ay nakasabit sa pader,,,,,A
2793,39,ms,Malay,Jam itu tergantung di dinding,,,,,A
2794,39,jv,Javanese,Jam kasebut ngantheng ing tembok,,,,A
2795,39,kk,Kazakh,Сағат қабырғада ілінген,Sağat qabyrğada ılıngen,,,,A
2796,39,uz,Uzbek,Soat devorga osilgan,,,,,A
2797,39,mn,Mongolian,Цаг ханан дээр өлгөгдсөн байдаг,Tsag khanan deer ölgögdsön baidag,,,,A
2798,39,ka,Georgia,საათი კედელზეა დაკიდებული,Saati k'edelzea dak'idebuli,,,,A
2799,39,hy,Armenian,Ժամացույցը կախված է պատից,Zhamats'uyts'y kakhvats e patits',,,,,A
2800,39,eu,Basque,Erlojua horman zintzilikatuta dago,,,,,A
2801,39,ca,Catalan,El rellotge penja de la paret,,,,,A
2802,39,gl,Galician,O reloxo está colgado na parede,,,,,A
2803,39,ga,Irish (Gaeilge),Crochann an clog ar an mballa,,,,,A
2804,39,cy,Welsh,Mae'r cloc yn hongian ar y wal,,,,,A
2805,39,gd,Scottish Gaelic,Tha an gleoc a' crochadh air a' bhalla,,,,,A
2806,39,lb,Luxembourgish,D'Auer hänkt un der Mauer,,,,,A
2807,39,eo,Esperanto,La horloĝo pendas sur la muro,,,,,A
2808,39,la,Latin,Horologium in pariete pendet,,,,,A
2809,40,en,English,He saves money for a new phone,,,,,A
2810,40,es,Spanish,Él ahorra dinero para un teléfono nuevo,,,,,A
2811,40,fr,French,Il économise de l'argent pour un nouveau téléphone,,,,,A
2812,40,pt,Portuguese,Ele economiza dinheiro para um telefone novo,,,,,A
2813,40,de,German,Er spart Geld für ein neues Handy,,,,,A
2814,40,it,Italian,Lui risparmia soldi per un telefono nuovo,,,,,A
2815,40,ru,Russian,Он копит деньги на новый телефон,,,,,A
2816,40,ar,Arabic,يدخر المال لشراء هاتف جديد,Yadkhir al-mal li-shira' haatif jadid,,,,A
2817,40,hi,Hindi,वह नए फोन के लिए पैसे बचाता है,Vah naye phone ke liye paise bachata hai,,,,A
2818,40,bn,Bengali,সে একটি নতুন ফোনের জন্য টাকা জমায়,Se ekṭi notun phoner jonno taka jomay,,,,A
2819,40,ur,Urdu,وہ نیا فون خریدنے کے لیے پیسے بچاتا ہے,Woh naya phone khareedne ke liye paise bachata hai,,,,A
2820,40,fa,Persian,او برای یک تلفن جدید پول پس‌انداز می‌کند,U baraye yek telefon jadid pul pas-andaz mikonad,,,,A
2821,40,tr,Turkish,Yeni bir telefon için para biriktiriyor,,,,,A
2822,40,ja,Japanese,彼は新しい電話のために貯金します,Kare wa atarashii denwa no tame ni chokin shimasu,,,,A
2823,40,ko,Korean,그는 새 휴대폰을 위해 돈을 모아요,Geuneun sae hyudaeponeul wihae doneul moayo,,,,A
2824,40,zh-cn,Mandarin (Simplified),他攒钱买新手机,,tā zǎn qián mǎi xīn shǒujī,,A
2825,40,zh-tw,Mandarin (Traditional),他攢錢買新手機,,tā zǎn qián mǎi xīn shǒujī,,A
2826,40,vi,Vietnamese,Anh ấy tiết kiệm tiền để mua điện thoại mới,,,,,A
2827,40,th,Thai,เขาออมเงินเพื่อซื้อโทรศัพท์เครื่องใหม่,Khā xxm ngein pheụ̄̀x sụ̄̂x thorṣ̄p̣h thkr̀ng h̄ım̀,,,,A
2828,40,id,Indonesian,Dia menabung uang untuk ponsel baru,,,,,A
2829,40,sw,Swahili,Anaokoa pesa kwa ajili ya simu mpya,,,,,A
2830,40,nl,Dutch,Hij spaart geld voor een nieuwe telefoon,,,,,A
2831,40,pl,Polish,Oszczędza pieniądze na nowy telefon,,,,,A
2832,40,uk,Ukrainian,Він заощаджує гроші на новий телефон,,,,,A
2833,40,el,Greek,Αποταμιεύει χρήματα για ένα νέο τηλέφωνο,Apotamiévei chrímata gia éna néo tiléfono,,,,A
2834,40,sv,Swedish,Han sparar pengar för en ny telefon,,,,,A
2835,40,no,Norwegian,Han sparer penger til en ny telefon,,,,,A
2836,40,da,Danish,Han sparer penge op til en ny telefon,,,,,A
2837,40,fi,Finnish,Hän säästää rahaa uuteen puhelimeen,,,,,A
2838,40,cs,Czech,Šetří peníze na nový telefon,,,,,A
2839,40,hu,Hungarian,Pénzt spórol egy új telefonra,,,,,A
2840,40,ro,Romanian,El strânge bani pentru un telefon nou,,,,,A
2841,40,bg,Bulgarian,Той спестява пари за нов телефон,Toi spestyva pari za nov telefon,,,,A
2842,40,sr,Serbian,Он штеди новац за нови телефон,On štedi novac za novi telefon,,,,A
2843,40,sk,Slovak,Šetrí peniaze na nový telefón,,,,,A
2844,40,sl,Slovenian,Varčuje denar za nov telefon,,,,,A
2845,40,lt,Lithuanian,Jis taupo pinigų naujam telefonui,,,,,A
2846,40,lv,Latvian,Vins krāj naudu jaunam tālrunim,,,,,A
2847,40,et,Estonian,Ta säästab raha uue telefon jaoks,,,,,A
2848,40,he,Hebrew,הוא חוסך כסף לטלפון חדש,Hu chosekh kesef letelefon chadash,,,,A
2849,40,ha,Hausa,Yana ajiye kudi don sabon waya,,,,,A
2850,40,yo,Yoruba,Ó ń fipamọ́ owó fún fóònù tuntun,,,,A
2851,40,ig,Igbo,Ọ na-echekwa ego maka ekwentị ọhụrụ,,,,,A
2852,40,am,Amharic,ለአዲስ ስልክ ገንዘብ ይቆጥባል,Le'adis silk genzeb yiqotibal,,,,A
2853,40,ti,Tigrinya,ንሱ ንሓድሽ ስልኪ ገንዘብ ይቕጥብ,Nisu nehadish silki genzeb yiqtib,,,,A
2854,40,ne,Nepali,उसले नयाँ फोनको लागि पैसा बचाउँछ,Usalē nayāṁ phōnakō lāgi paisā bacāum̐cha,,,,A
2855,40,ta,Tamil,அவர் புதிய தொலைபேசிக்கு பணத்தை சேமிக்கிறார்,Avar putiya talaipēsikku paṇattai cēmikkiṟār,,,,A
2856,40,te,Telugu,అతను కొత్త ఫోన్ కోసం డబ్బు ఆదా చేస్తాడు,Atanu kotta phōn kōsaṁ ḍabbu ādā cēstāḍu,,,,A
2857,40,ml,Malayalam,അവൻ ഒരു പുതിയ ഫോണിനായി പണം ലാഭിക്കുന്നു,Avan oru putiya phōṇināyi paṇaṁ lābhikkunnu,,,,A
2858,40,mr,Marathi,तो नवीन फोनसाठी पैसे वाचवतो,Tō navīna phōnasāṭhī paisē vācavatō,,,,A
2859,40,pa,Punjabi,ਉਹ ਨਵੇਂ ਫੋਨ ਲਈ ਪੈਸੇ ਬਚਾਉਂਦਾ ਹੈ,Uh navēṁ phōna la'ī paisē bacā'undā hai,,,,A
2860,40,gu,Gujarati,તેણે નવા ફોન માટે પૈસા બચાવે છે,Tēṇē navā phōna māṭē paisā bacāvē chē,,,,A
2861,40,si,Sinhala,ඔහු නව දුරකථනයක් සඳහා මුදල් ඉතිරි කරයි,Ohu nava durakathanayak sandahā mudal itiri karayi,,,,A
2862,40,km,Khmer,គាត់សន្សំលុយសម្រាប់ទូរស័ព្ទថ្មី,Koat snsom luy samreab tousab thmei,,,,A
2863,40,is,Icelandic,Hann sparar peninga fyrir nýjan síma,,,,,A
2864,40,tl,Tagalog / Filipino,Nagtitipid siya ng pera para sa bagong telepono,,,,,A
2865,40,ms,Malay,Dia menyimpan wang untuk telefon baru,,,,,A
2866,40,jv,Javanese,Dheweke nglumpukake dhuwit kanggo telpon anyar,,,,,A
2867,40,kk,Kazakh,Ол жаңа телефон үшін ақша жинайды,Ol jaña telefon üşin aqşa jinaidy,,,,A
2868,40,uz,Uzbek,U yangi telefon uchun pul yig'adi,,,,,A
2869,40,mn,Mongolian,Тэр шинэ утасны төлөө мөнгө хадгалдаг,Ter shine utasny tölöö möngö khadgaldag,,,,A
2870,40,ka,Georgia,ის ახალი ტელეფონისთვის ფულს უზიდავს,Is akhali t'eleponistvis puls uzidavs,,,,A
2871,40,hy,Armenian,Նա գումար է խնայում նոր հեռախոսի համար,Na goumar e khnayoum nor herakhosi hamar,,,,A
2872,40,eu,Basque,Dirua aurrezten du telefono berri bat erosteko,,,,,A
2873,40,ca,Catalan,Estalvia diners per a un telèfon nou,,,,,A
2874,40,gl,Galician,El aforra diñeiro para un teléfono novo,,,,,A
2875,40,ga,Irish (Gaeilge),Sábhálann sé airgead le haghaidh fón nua,,,,,A
2876,40,cy,Welsh,Mae'n cynilo arian am ffôn newydd,,,,,A
2877,40,gd,Scottish Gaelic,Bidh e a' sàbhaladh airgid airson fòn ùr,,,,,A
2878,40,lb,Luxembourgish,Hien spuert Suen fir en neit Telefon,,,,,A
2879,40,eo,Esperanto,Li ŝparas monon por nova telefono,,,,,A
2880,40,la,Latin,Pecuniam ad novum telephonium servat,,,,,A
2881,41,en,English,We share lunch at work,,,,,A
2882,41,es,Spanish,Compartimos el almuerzo en el trabajo,,,,,A
2883,41,fr,French,Nous partageons le déjeuner au travail,,,,,A
2884,41,pt,Portuguese,Nós compartilhamos o almoço no trabalho,,,,,A
2885,41,de,German,Wir teilen das Mittagessen bei der Arbeit,,,,,A
2886,41,it,Italian,Condividiamo il pranzo al lavoro,,,,,A
2887,41,ru,Russian,Мы делим обед на работе,,,,,A
2888,41,ar,Arabic,نتشارك الغداء في العمل,Natasharak al-ghada' fi al-'amal,,,,A
2889,41,hi,Hindi,हम काम पर लंच साझा करते हैं,Ham kaam par lunch sajha karte hain,,,,A
2890,41,bn,Bengali,আমরা কাজের সময় দুপুরের খাবার ভাগ করে নেই,Amra kajer somoy dupurer khabar bhag kore nei,,,,A
2891,41,ur,Urdu,ہم کام پر لنچ شیئر کرتے ہیں,Ham kaam par lunch share karte hain,,,,A
2892,41,fa,Persian,ما ناهار را در محل کار تقسیم می‌کنیم,Ma nahar ra dar mahal-e kar taqsim mikonim,,,,A
2893,41,tr,Turkish,İşyerinde öğle yemeğini paylaşıyoruz,,,,,A
2894,41,ja,Japanese,私たちは仕事で昼食を分け合います,Watashitachi wa shigoto de chūshoku o wakeaimasu,,,,A
2895,41,ko,Korean,우리는 직장에서 점심을 나눠 먹어요,Urineun jikjang-eseo jeomsimeul nanwo meogeoyo,,,,A
2896,41,zh-cn,Mandarin (Simplified),我们在工作中分享午餐,,wǒmen zài gōngzuò zhōng fēnxiǎng wǔcān,,A
2897,41,zh-tw,Mandarin (Traditional),我們在工作中分享午餐,,wǒmen zài gōngzuò zhōng fēnxiǎng wǔcān,,A
2898,41,vi,Vietnamese,Chúng tôi chia sẻ bữa trưa tại nơi làm việc,,,,,A
2899,41,th,Thai,เราแบ่งปันอาหารกลางวันที่ทำงาน,Reā bæ̀ngpān xāh̄ār klāngwạn thī̀ thảngngān,,,,A
2900,41,id,Indonesian,Kami berbagi makan siang di tempat kerja,,,,,A
2901,41,sw,Swahili,Tunashiriki chakula cha mchana kazini,,,,,A
2902,41,nl,Dutch,Wij delen de lunch op het werk,,,,,A
2903,41,pl,Polish,Dzielimy się lunchem w pracy,,,,,A
2904,41,uk,Ukrainian,Ми ділимо обід на роботі,,,,,A
2905,41,el,Greek,Μοιραζόμαστε το γεύμα στη δουλειά,Moirazómaste to gévma sti douleiá,,,,A
2906,41,sv,Swedish,Vi delar lunch på jobbet,,,,,A
2907,41,no,Norwegian,Vi deler lunsj på jobben,,,,,A
2908,41,da,Danish,Vi deler frokost på arbejdet,,,,,A
2909,41,fi,Finnish,Jaamme lounasta työpaikalla,,,,,A
2910,41,cs,Czech,Dělíme se o oběd v práci,,,,,A
2911,41,hu,Hungarian,Megosztjuk az ebédet a munkahelyen,,,,,A
2912,41,ro,Romanian,Împărțim prânzul la serviciu,,,,,A
2913,41,bg,Bulgarian,Споделяме обяда на работа,Spodelyame obyada na rabota,,,,A
2914,41,sr,Serbian,Делимо ручак на послу,Delimo ručak na poslu,,,,A
2915,41,sk,Slovak,Delíme sa o obed v práci,,,,,A
2916,41,sl,Slovenian,Deličemo kosilo v službi,,,,,A
2917,41,lt,Lithuanian,Dalinamės pietumis darbe,,,,,A
2918,41,lv,Latvian,Mēs dalāmies ar pusdienām darbā,,,,,A
2919,41,et,Estonian,Jagame lõunat tööl,,,,,A
2920,41,he,Hebrew,אנחנו חולקים ארוחת צהריים בעבודה,Anachnu cholkim aruchat tzohorayim ba'avoda,,,,A
2921,41,ha,Hausa,Muna raba abincin rana a aiki,,,,,A
2922,41,yo,Yoruba,A ń pin ounjẹ òsán ní ibi iṣẹ́,,,,A
2923,41,ig,Igbo,Anyị na-ekerịta nri ehihie n'ebe ọrụ,,,,,A
2924,41,am,Amharic,በሥራ ላይ ምሳ እናጋራለን,Beśira lay misa enagalalen,,,,A
2925,41,ti,Tigrinya,ኣብ ስራሕ ምሳ ንሓትት,Ni'ab srah msa nihattit,,,,A
2926,41,ne,Nepali,हामी काममा दिउँसोको खाना साझा गर्छौं,Hāmī kāmamā di'um̐sōkō khānā sājhā garchauṁ,,,,A
2927,41,ta,Tamil,நாங்கள் வேலையில் மதிய உணவைப் பகிர்ந்து கொள்கிறோம்,Nāṅkaḷ vēlaiyil matiya uṇavaip pagirntu koḷkiṟōm,,,,A
2928,41,te,Telugu,మేము పనిలో మధ్యాహ్న భోజనాన్ని పంచుకుంటాము,Mēmu panilō madhyāhna bhōjanānni pañcukuṇṭāmu,,,,A
2929,41,ml,Malayalam,ഞങ്ങൾ ജോലിയിൽ ഉച്ചഭക്ഷണം പങ്കിടുന്നു,ṅaṅṅaḷ jōliyil uccabhakṣaṇaṁ paṅkiṭunnu,,,,A
2930,41,mr,Marathi,आम्ही कामावर दुपारचे जेवण शेअर करतो,Āmhī kāmāvara dupāracē jēvaṇa śē'ara karatō,,,,A
2931,41,pa,Punjabi,ਅਸੀਂ ਕੰਮ 'ਤੇ ਦੁਪਹਿਰ ਦਾ ਖਾਣਾ ਸਾਂਝਾ ਕਰਦੇ ਹਾਂ,Asīṁ kama 'tē dupahira dā khāṇā sāñjhā karadē hāṁ,,,,A
2932,41,gu,Gujarati,અમે કામ પર બપોરના ભોજનને શેર કરીએ છીએ,Amē kāma para bapōranā bhōjananē śēra karī'ē chī'ē,,,,A
2933,41,si,Sinhala,අපි වැඩේදී දවල් ආහාරය බෙදාගන්නෙමු,Api væḍēdī daval āhāraya bedāgannemu,,,,A
2934,41,km,Khmer,យើងចែករំលែកអាហារថ្ងៃត្រង់នៅកន្លែងធ្វើការ,Yeung chek rumleik ahar thngay trung nov kanleng thveu kar,,,,A
2935,41,is,Icelandic,Við deilum hádegismat í vinnunni,,,,,A
2936,41,tl,Tagalog / Filipino,Nagbabahagi kami ng tanghalian sa trabaho,,,,,A
2937,41,ms,Malay,Kami berkongsi makan tengah hari di tempat kerja,,,,,A
2938,41,jv,Javanese,Kita nuduhake nedha awan ing kantor,,,,,A
2939,41,kk,Kazakh,Біз жұмыс орнында түскі ас бөлісеміз,Biz jūmys ornynda tüski as bölısemız,,,,A
2940,41,uz,Uzbek,Biz ish joyida tushlikni baham ko'ramiz,,,,,A
2941,41,mn,Mongolian,Бид ажлын байранд өдрийн хоол хуваалцдаг,Bid ajliin bairand ödriin khool khuvaaltsdag,,,,A
2942,41,ka,Georgia,ჩვენ ვიზიარებთ სადილს სამსახურში,Chven vizirebt sadils samsakhurshi,,,,A
2943,41,hy,Armenian,Մենք կիսում ենք նախաճաշը աշխատանքի ժամանակ,Menk' kisoum enk' nakhachashy ashkhatank'i zhamanak,,,,A
2944,41,eu,Basque,Bazkaria partekatzen dugu lanean,,,,,A
2945,41,ca,Catalan,Compartim el dinar a la feina,,,,,A
2946,41,gl,Galician,Compartimos a comida no traballo,,,,,A
2947,41,ga,Irish (Gaeilge),Roinneann muid lón ag obair,,,,,A
2948,41,cy,Welsh,Rydym yn rhannu cinio yn y gwaith,,,,,A
2949,41,gd,Scottish Gaelic,Bidh sinn a' roinn lòin aig an obair,,,,,A
2950,41,lb,Luxembourgish,Mer deelen Mëttegessen um Aarbecht,,,,,A
2951,41,eo,Esperanto,Ni dividas lunĉon ĉe la laboro,,,,,A
2952,41,la,Latin,Prandium in opere participamus,,,,,A
2953,42,en,English,The child laughs loudly,,,,,A
2954,42,es,Spanish,El niño se ríe fuerte,,,,,A
2955,42,fr,French,L'enfant rit bruyamment,,,,,A
2956,42,pt,Portuguese,A criança ri alto,,,,,A
2957,42,de,German,Das Kind lacht laut,,,,,A
2958,42,it,Italian,Il bambino ride forte,,,,,A
2959,42,ru,Russian,Ребенок громко смеется,,,,,A
2960,42,ar,Arabic,الطفل يضحك بصوت عال,Al-tifl yadhak bi-sawt 'al,,,,A
2961,42,hi,Hindi,बच्चा जोर से हंसता है,Baccha jor se haste hai,,,,A
2962,42,bn,Bengali,শিশুটি জোরে হাসে,Shishuṭi jore hase,,,,A
2963,42,ur,Urdu,بچہ زور سے ہنستا ہے,Bacha zor se hansta hai,,,,A
2964,42,fa,Persian,بچه بلند می‌خندد,Bache boland mikhandad,,,,A
2965,42,tr,Turkish,Çocuk yüksek sesle gülüyor,,,,,A
2966,42,ja,Japanese,子供は大声で笑います,Kodomo wa ōgoe de waraimasu,,,,A
2967,42,ko,Korean,아이가 큰 소리로 웃어요,Aiga keun soriro useoyo,,,,A
2968,42,zh-cn,Mandarin (Simplified),孩子大声笑,,háizi dàshēng xiào,,A
2969,42,zh-tw,Mandarin (Traditional),孩子大聲笑,,háizi dàshēng xiào,,A
2970,42,vi,Vietnamese,Đứa trẻ cười to,,,,,A
2971,42,th,Thai,เด็กหัวเราะเสียงดัง,Dĕk h̄wạ rx s̄eīng dạng,,,,A
2972,42,id,Indonesian,Anak itu tertawa keras,,,,,A
2973,42,sw,Swahili,Mtoto anacheka kwa sauti,,,,,A
2974,42,nl,Dutch,Het kind lacht hard,,,,,A
2975,42,pl,Polish,Dziecko śmieje się głośno,,,,,A
2976,42,uk,Ukrainian,Дитина голосно сміється,,,,,A
2977,42,el,Greek,Το παιδί γελάει δυνατά,To paidí geláei dynatá,,,,A
2978,42,sv,Swedish,Barnet skrattar högt,,,,,A
2979,42,no,Norwegian,Barnet ler høyt,,,,,A
2980,42,da,Danish,Barnet griner højt,,,,,A
2981,42,fi,Finnish,Lapsi nauraa äänekkäästi,,,,,A
2982,42,cs,Czech,Dítě se hlasitě směje,,,,,A
2983,42,hu,Hungarian,A gyerek hangosan nevet,,,,,A
2984,42,ro,Romanian,Copilul râde tare,,,,,A
2985,42,bg,Bulgarian,Детето се смее силно,Deteto se smee silno,,,,A
2986,42,sr,Serbian,Дете се гласно смеје,Dete se glasno smeje,,,,A
2987,42,sk,Slovak,Dieťa sa hlasno smeje,,,,,A
2988,42,sl,Slovenian,Otrok se glasno smeje,,,,,A
2989,42,lt,Lithuanian,Vaikas garsiai juokiasi,,,,,A
2990,42,lv,Latvian,Bērns smejas skaļi,,,,,A
2991,42,et,Estonian,Laps naerab valjult,,,,,A
2992,42,he,Hebrew,הילד צוחק בקול רם,HaYeled tsochak bekol ram,,,,A
2993,42,ha,Hausa,Yaro yana dariya da karfi,,,,,A
2994,42,yo,Yoruba,Ọmọ náà ń rẹ́rìn-ín lókè,,,,A
2995,42,ig,Igbo,Nwatakịrị ahụ na-achị ọchị n'olu dara ụda,,,,,A
2996,42,am,Amharic,ልጁ በተራራ ይሳቃል,Liju beterara yisak'al,,,,A
2997,42,ti,Tigrinya,እቲ ቆልዓ ብዓው ድምጺ ይስሕቕ,Eti qol'a bi'awi dimts'i yisihqi,,,,A
2998,42,ne,Nepali,बच्चा ठूलो स्वरले हाँस्छ,Baccā ṭhūlō svaralē hām̐scha,,,,A
2999,42,ta,Tamil,குழந்தை சத்தமாக சிரிக்கிறது,Kuḻantai cattamāka cirikkiṟatu,,,,A
3000,42,te,Telugu,పిల్లలు బిగ్గరగా నవ్వుతారు,Pillalu biggaragā navvutāru,,,,A
3001,42,ml,Malayalam,കുട്ടി ഉറക്കെ ചിരിക്കുന്നു,Kuṭṭi uṟakke cirikkunnu,,,,A
3002,42,mr,Marathi,मूल जोरात हसते,Mūla jorāta hastē,,,,A
3003,42,pa,Punjabi,ਬੱਚਾ ਉੱਚੀ ਆਵਾਜ਼ ਵਿੱਚ ਹੱਸਦਾ ਹੈ,Bacā uccī āvāza vica hasadā hai,,,,A
3004,42,gu,Gujarati,બાળક મોટેથી હસે છે,Bāḷaka mōṭēthī hasē chē,,,,A
3005,42,si,Sinhala,ළමයා හයියෙන් සිනාසෙයි,Ḷamayā hayiyen sināseyi,,,,A
3006,42,km,Khmer,ក្មេងនោះសើចយ៉ាងខ្លាំង,Kmenng nuh sauch yang klang,,,,A
3007,42,is,Icelandic,Barnið hlær hátt,,,,,A
3008,42,tl,Tagalog / Filipino,Tumatawa nang malakas ang bata,,,,,A
3009,42,ms,Malay,Budak itu ketawa kuat,,,,,A
3010,42,jv,Javanese,Anak kuwi ngguyu banter,,,,,A
3011,42,kk,Kazakh,Бала айқайлап күледі,Bala aiqailap küledi,,,,A
3012,42,uz,Uzbek,Bola baland ovozda kuladi,,,,,A
3013,42,mn,Mongolian,Хүүхэд чанга инээдэг,Khüükhed changa ineedgeg,,,,A
3014,42,ka,Georgia,ბავშვი ხმამაღლა იცინის,Bavshvi khmamaĝla itsinis,,,,A
3015,42,hy,Armenian,Երեխան բարձրաձայն ծիծաղում է,Yerekhan bardzradzayn tsitsaghoum e,,,,A
3016,42,eu,Basque,Umeak ozenegi barre egiten du,,,,,A
3017,42,ca,Catalan,El nen riu fort,,,,,A
3018,42,gl,Galician,O neno rí forte,,,,,A
3019,42,ga,Irish (Gaeilge),Gáireann an leanbh go hard,,,,,A
3020,42,cy,Welsh,Mae'r plentyn yn chwerthin yn uchel,,,,,A
3021,42,gd,Scottish Gaelic,Bidh a' phàiste a' gàireachdaich gu làidir,,,,,A
3022,42,lb,Luxembourgish,D'Kand lacht luut,,,,,A
3023,42,eo,Esperanto,La infanto ridas laŭte,,,,,A
3024,42,la,Latin,Puer alte ridet,,,,,A
3025,43,en,English,I carry an umbrella when it rains,,,,,A
3026,43,es,Spanish,Llevo un paraguas cuando llueve,,,,,A
3027,43,fr,French,Je porte un parapluie quand il pleut,,,,,A
3028,43,pt,Portuguese,Eu carrego um guarda-chuva quando chove,,,,,A
3029,43,de,German,Ich trage einen Regenschirm, wenn es regnet,,,,,A
3030,43,it,Italian,Porto un ombrello quando piove,,,,,A
3031,43,ru,Russian,Я ношу зонт, когда идет дождь,,,,,A
3032,43,ar,Arabic,أحمل مظلة عندما تمطر,Uhmil mazalla 'indama tumtir,,,,A
3033,43,hi,Hindi,मैं बारिश होने पर छाता ले जाता हूं,Main barish hone par chhata le jata hoon,,,,A
3034,43,bn,Bengali,আমি বৃষ্টি হলে ছাতা নিয়ে যাই,Ami brishti hole chhata niye jai,,,,A
3035,43,ur,Urdu,میں بارش ہونے پر چھتری لے جاتا ہوں,Main barish hone par chhatri le jata hoon,,,,A
3036,43,fa,Persian,وقتی باران می‌بارد چتر با خودم می‌برم,Vaghti baran mibarad chater ba khodam mibaram,,,,A
3037,43,tr,Turkish,Yağmur yağdığında şemsiye taşırım,,,,,A
3038,43,ja,Japanese,雨が降ると傘を持っていきます,Ame ga furu to kasa o motte ikimasu,,,,A
3039,43,ko,Korean,비가 오면 우산을 가지고 다녀요,Biga omyeon usaneul gajigo danyeoyo,,,,A
3040,43,zh-cn,Mandarin (Simplified),下雨时我带伞,,xià yǔ shí wǒ dài sǎn,,A
3041,43,zh-tw,Mandarin (Traditional),下雨時我帶傘,,xià yǔ shí wǒ dài sǎn,,A
3042,43,vi,Vietnamese,Tôi mang ô khi trời mưa,,,,,A
3043,43,th,Thai,ฉันพกร่มเมื่อฝนตก,Chản phk r̀m meụ̄̀x f̄n tk,,,,A
3044,43,id,Indonesian,Saya membawa payung saat hujan,,,,,A
3045,43,sw,Swahili,Ninabeba mwavuli inaponyesha,,,,,A
3046,43,nl,Dutch,Ik draag een paraplu als het regent,,,,,A
3047,43,pl,Polish,Noszę parasol, gdy pada deszcz,,,,,A
3048,43,uk,Ukrainian,Я ношу парасольку, коли йде дощ,,,,,A
3049,43,el,Greek,Κουβαλάω ομπρέλα όταν βρέχει,Kouvaláo ompréla ótan vréchei,,,,A
3050,43,sv,Swedish,Jag bär ett paraply när det regnar,,,,,A
3051,43,no,Norwegian,Jeg bærer en paraply når det regner,,,,,A
3052,43,da,Danish,Jeg bærer en paraply, når det regner,,,,,A
3053,43,fi,Finnish,Kannan sateenvarjoa sateella,,,,,A
3054,43,cs,Czech,Noším deštník, když prší,,,,,A
3055,43,hu,Hungarian,Esernyőt hordok, amikor esik,,,,,A
3056,43,ro,Romanian,Port o umbrelă când plouă,,,,,A
3057,43,bg,Bulgarian,Нося чадър, когато вали,Nosya chadar, kogato vali,,,,A
3058,43,sr,Serbian,Носим кишобран када пада киша, Nosim kišobran kada pada kiša,,,,A
3059,43,sk,Slovak,Nosím dáždnik, keď prší,,,,,A
3060,43,sl,Slovenian, Nosim dežnik, ko dežuje,,,,,A
3061,43,lt,Lithuanian,Nešiuosi skėtį, kai lyja,,,,,A
3062,43,lv,Latvian,Es nesu lietussargu, kad līst,,,,,A
3063,43,et,Estonian,Kannan vihmavarju, kui sajab,,,,,A
3064,43,he,Hebrew,אני נושא מטרייה כשגשום,Ani nose metriya k'shegeshem,,,,A
3065,43,ha,Hausa,Ina ɗauke da laima idan ruwa ya yi,,,,,A
3066,43,yo,Yoruba,Mo ń mu àjàlá nígbà tó bá ń rò,,,,A
3067,43,ig,Igbo,Ana m ebu nche anwụ mgbe mmiri zoro,,,,,A
3068,43,am,Amharic,ዝናብ ሲዘንብ ጃንጥላ እሸከማለሁ,Zenab sizenb janit'la ishekemalehu,,,,A
3069,43,ti,Tigrinya,ዝናብ ምስ ዘንብ ጫንጠላ እወስድ,Zinab mis zenb ch'ant'ela iwesid,,,,A
3070,43,ne,Nepali,पानी पर्दा छाता बोक्छु,Pānī pardā chātā bokchu,,,,A
3071,43,ta,Tamil,மழை பெய்யும்போது குடையை எடுத்துச் செல்கிறேன்,Maḻai peyyumpōtu kuṭaiyai eṭuttuc celkiṟēṉ,,,,A
3072,43,te,Telugu,వర్షం పడినప్పుడు గొడుగు తీసుకువెళ్తాను,Varṣaṁ paḍinappuḍu goḍugu tīsukuveḷtānu,,,,A
3073,43,ml,Malayalam,മഴ പെയ്യുമ്പോൾ ഞാൻ ഒരു കുട എടുക്കുന്നു,Maḻa peyyumpēāḷ ñān oru kuṭa eṭukkunnu,,,,A
3074,43,mr,Marathi,पाऊस पडतो तेव्हा मी छत्री घेतो,Pāūsa paḍatō tēvhā mī chatrī ghētō,,,,A
3075,43,pa,Punjabi,ਮੈਂ ਬਾਰਸ਼ ਹੋਣ 'ਤੇ ਛਤਰੀ ਲੈ ਜਾਂਦਾ ਹਾਂ,Main bāraśa hōṇa 'tē chatarī lai jāndā hāṁ,,,,A
3076,43,gu,Gujarati,વરસાદ પડે છે ત્યારે હું છત્રી લઈ જાઉં છું,Varasāda paḍē chē tyārē huṁ chatrī la'ī jā'uṁ chuṁ,,,,A
3077,43,si,Sinhala,වැස්ස වැටෙන විට මම කුඩයක් රැගෙන යනවා,Væssa væṭena viṭa mama kuḍayak rægena yanavā,,,,A
3078,43,km,Khmer,ខ្ញុំកាន់ឆ័ត្រនៅពេលភ្លៀង,Khnhom kan chhat nov pel phlien,,,,A
3079,43,is,Icelandic,Ég ber regnhlíf þegar rigning er,,,,,A
3080,43,tl,Tagalog / Filipino,Nagdadala ako ng payong kapag umuulan,,,,,A
3081,43,ms,Malay,Saya membawa payung ketika hujan,,,,,A
3082,43,jv,Javanese,Aku nggawa payon nalika udan,,,,,A
3083,43,kk,Kazakh,Жаңбыр жауғанда қолшатыр алып жүремін,Jañbyr jauğanda qolşatyr alyp jüremın,,,,A
3084,43,uz,Uzbek,Yomg'ir yog'ganda soyabon olib yuraman,,,,,A
3085,43,mn,Mongolian,Бороо орох үед би шүхэр авч явдаг,Boroo orokh üed bi shükher avch yavdag,,,,A
3086,43,ka,Georgia,წვიმის დროს ქოლგას ვატარებ,Ts'vimis dros kolgas vat'areb,,,,A
3087,43,hy,Armenian,Կանչում եմ հովանոց, երբ անձրևում է, Kanch'oum em hovanots', yerp andzrevoum e,,,,A
3088,43,eu,Basque,Aterkia eramaten dut euria egiten duenean,,,,,A
3089,43,ca,Catalan,Porto un paraigua quan plou,,,,,A
3090,43,gl,Galician,Levo un paraugas cando chove,,,,,A
3091,43,ga,Irish (Gaeilge),Iompraím scáth fearthainne nuair a bhíonn sé ag cur báistí,,,,,A
3092,43,cy,Welsh,Rwy'n cario ymbarél pan mae'n bwrw glaw,,,,,A
3093,43,gd,Scottish Gaelic,Bidh mi a' giùlan sgàilean nuair a bhios an t-uisge ann,,,,,A
3094,43,lb,Luxembourgish,Ech droen e Prabbeli wa et reent,,,,,A
3095,43,eo,Esperanto, Mi portas ombrelon kiam pluvas,,,,,A
3096,43,la,Latin,Umbrellam fero cum pluit,,,,,A
3097,44,en,English,She opens the door slowly,,,,,A
3098,44,es,Spanish,Ella abre la puerta lentamente,,,,,A
3099,44,fr,French,Elle ouvre la porte lentement,,,,,A
3100,44,pt,Portuguese,Ela abre a porta lentamente,,,,,A
3101,44,de,German,Sie öffnet die Tür langsam,,,,,A
3102,44,it,Italian,Lei apre la porta lentamente,,,,,A
3103,44,ru,Russian,Она медленно открывает дверь,,,,,A
3104,44,ar,Arabic,تفتح الباب ببطء,Taftah al-bab bi-but',,,,A
3105,44,hi,Hindi,वह धीरे-धीरे दरवाजा खोलती है,Vah dheere-dheere darwaza kholti hai,,,,A
3106,44,bn,Bengali,সে ধীরে ধীরে দরজা খোলে,Se dhire dhire dorja khole,,,,A
3107,44,ur,Urdu,وہ آہستہ آہستہ دروازہ کھولتی ہے,Woh aahista aahista darwaza kholti hai,,,,A
3108,44,fa,Persian,او در را آهسته باز می‌کند,U dar ra aheste baz mikonad,,,,A
3109,44,tr,Turkish,Kapıyı yavaşça açıyor,,,,,A
3110,44,ja,Japanese,彼女はゆっくりドアを開けます,Kanojo wa yukkuri doa o akemasu,,,,A
3111,44,ko,Korean,그녀는 천천히 문을 엽니다,Geunyeoneun cheoncheonhi muneul yeomnida,,,,A
3112,44,zh-cn,Mandarin (Simplified),她慢慢地开门,,tā mànmàn de kāi mén,,A
3113,44,zh-tw,Mandarin (Traditional),她慢慢地開門,,tā mànmàn de kāi mén,,A
3114,44,vi,Vietnamese,Cô ấy mở cửa từ từ,,,,,A
3115,44,th,Thai,เธอเปิดประตูอย่างช้าๆ,Thoe peid pratū xỳāng chā̀«,,,,A
3116,44,id,Indonesian,Dia membuka pintu perlahan-lahan,,,,,A
3117,44,sw,Swahili,Anafungua mlango polepole,,,,,A
3118,44,nl,Dutch,Zij opent de langzaam de deur,,,,,A
3119,44,pl,Polish,Ona powoli otwiera drzwi,,,,,A
3120,44,uk,Ukrainian,Вона повільно відкриває двері,,,,,A
3121,44,el,Greek,Ανοίγει την πόρτα αργά,Anoígei tin pórta argá,,,,A
3122,44,sv,Swedish,Hon öppnar dörren långsamt,,,,,A
3123,44,no,Norwegian,Hun åpner døren sakte,,,,,A
3124,44,da,Danish,Hun åbner døren langsomt,,,,,A
3125,44,fi,Finnish,Hän avaa oven hitaasti,,,,,A
3126,44,cs,Czech,Pomalu otevírá dveře,,,,,A
3127,44,hu,Hungarian,Lassan kinyitja az ajtót,,,,,A
3128,44,ro,Romanian,Ea deschide ușa încet,,,,,A
3129,44,bg,Bulgarian,Тя бавно отваря вратата,Tya bavno otvarya vratata,,,,A
3130,44,sr,Serbian,Она полако отвара врата,Ona polako otvara vrata,,,,A
3131,44,sk,Slovak,Pomaly otvára dvere,,,,,A
3132,44,sl,Slovenian,Počasi odpira vrata,,,,,A
3133,44,lt,Lithuanian,Ji lėtai atidaro duris,,,,,A
3134,44,lv,Latvian,Vina lēni atver durvis,,,,,A
3135,44,et,Estonian,Ta avab ukse aeglaselt,,,,,A
3136,44,he,Hebrew,היא פותחת את הדלת לאט,Hi potekhet et hadeleth le'at,,,,A
3137,44,ha,Hausa,Tana bude kofa a hankali,,,,,A
3138,44,yo,Yoruba,Ó ń ṣí ilẹ̀kùn díẹ̀díẹ̀,,,,A
3139,44,ig,Igbo,Ọ na-emepe ọnụ ụzọ nwayọọ nwayọọ,,,,A
3140,44,am,Amharic,ቀስ በማለት በሩን ትከፍታለች,Qes bemalet berun tikeftalech,,,,A
3141,44,ti,Tigrinya,ንሳ ኣፍደገ ብሕጉስ ትኽፈት,Nisa afdege bihgus tikhfit,,,,A
3142,44,ne,Nepali,उनी ढोका बिस्तारै खोल्छिन्,Unī ḍhōkā bistārai kholchin,,,,A
3143,44,ta,Tamil,அவள் மெதுவாக கதவைத் திறக்கிறாள்,Avaḷ metuvāka katavait tiṟakkiṟāḷ,,,,A
3144,44,te,Telugu,ఆమె నిదానంగా తలుపు తెరుస్తుంది,Āme nidānaṅgā talupu terustundi,,,,A
3145,44,ml,Malayalam,അവൾ മെല്ലെ വാതിൽ തുറക്കുന്നു,Avaḷ melle vātil tuṟakkunnu,,,,A
3146,44,mr,Marathi,ती हळूहळू दरवाजा उघडते,Tī haḷūhaḷū daravājā ughaḍatē,,,,A
3147,44,pa,Punjabi,ਉਹ ਹੌਲੀ-ਹੌਲੀ ਦਰਵਾਜ਼ਾ ਖੋਲ੍ਹਦੀ ਹੈ,Uh haulī-haulī daravāzā khōlhdī hai,,,,A
3148,44,gu,Gujarati,તેણી ધીમેથી દરવાજો ખોલે છે,Tēṇī dhīmēthī daravājō khōlē chē,,,,A
3149,44,si,Sinhala,ඇය සෙමින් දොර අරිනවා,Æya semin dora arinavā,,,,A
3150,44,km,Khmer,នាងបើកទ្វារយ៉ាងយឺតៗ,Neang baek tver yang yeut,,,,A
3151,44,is,Icelandic,Hún opnar hurðina hægt,,,,,A
3152,44,tl,Tagalog / Filipino,Dahan-dahang binubuksan niya ang pinto,,,,,A
3153,44,ms,Malay,Dia membuka pintu perlahan-lahan,,,,,A
3154,44,jv,Javanese,Dheweke mbukak lawang alon-alon,,,,,A
3155,44,kk,Kazakh,Ол баяу есікті ашады,Ol bayau esikti aşady,,,,A
3156,44,uz,Uzbek,U sekin eshikni ochadi,,,,,A
3157,44,mn,Mongolian,Тэр хаалгыг удаан нээнэ,Ter khaalgig udaan neene,,,,A
3158,44,ka,Georgia,ის ნელა ხსნის კარს,Is nela khsnis k'ars,,,,A
3159,44,hy,Armenian,Նա դուռը դանդաղ բացում է,Na durry dandagh bats'oum e,,,,A
3160,44,eu,Basque,Poleka irekitzen du atea,,,,,A
3161,44,ca,Catalan,Ella obre la porta lentament,,,,,A
3162,44,gl,Galician,Ela abre a porta lentamente,,,,,A
3163,44,ga,Irish (Gaeilge),Osclaíonn sí an doras go mall,,,,,A
3164,44,cy,Welsh,Mae hi'n agor y drws yn araf,,,,,A
3165,44,gd,Scottish Gaelic,Bidh i a' fosgladh an dorais gu slaodach,,,,,A
3166,44,lb,Luxembourgish,Si mécht d'Dier lues op,,,,,A
3167,44,eo,Esperanto,Ŝi malfermas la pordon malrapide,,,,,A
3168,44,la,Latin,Ostium lente aperit,,,,,A
3169,45,en,English,He listens to music while studying,,,,,A
3170,45,es,Spanish,Él escucha música mientras estudia,,,,,A
3171,45,fr,French,Il écoute de la musique en étudiant,,,,,A
3172,45,pt,Portuguese,Ele ouve música enquanto estuda,,,,,A
3173,45,de,German,Er hört Musik während er lernt,,,,,A
3174,45,it,Italian,Lui ascolta musica mentre studia,,,,,A
3175,45,ru,Russian,Он слушает музыку, пока учится,,,,,A
3176,45,ar,Arabic,يستمع إلى الموسيقى أثناء الدراسة,Yastami' ilā al-mūsīqā aynama yadrus,,,A
3177,45,hi,Hindi,वह पढ़ते समय संगीत सुनता है,Vah padhate samay sangīt suntā hai,,,,A
3178,45,bn,Bengali,সে পড়ার সময় গান শোনে,Se paṛār samay gān śōne,,,,A
3179,45,ur,Urdu,وہ پڑھتے ہوئے موسیقی سنتا ہے,Woh parhte hue mūsīqī suntā hai,,,,A
3180,45,fa,Persian,او در حال درس خواندن به موسیقی گوش می‌دهد,U dar hāl-e dars khāndan be mūsīqī gūsh midehad,,,,A
3181,45,tr,Turkish,O, çalışırken müzik dinler,,,,,A
3182,45,ja,Japanese,彼は勉強しながら音楽を聞きます,Kare wa benkyō shinagara ongaku o kikimasu,,,,A
3183,45,ko,Korean,그는 공부하면서 음악을 듣습니다,Geuneun gongbuhamyeonseo eumageul deutsseumnida,,,,A
3184,45,zh-cn,Mandarin (Simplified),他边学习边听音乐,,tā biān xuéxí biān tīng yīnyuè,,A
3185,45,zh-tw,Mandarin (Traditional),他邊學習邊聽音樂,,tā biān xuéxí biān tīng yīnyuè,,A
3186,45,vi,Vietnamese,Anh ấy nghe nhạc khi đang học,,,,,A
3187,45,th,Thai,เขาฟังเพลงขณะที่เรียนหนังสือ,Khā fạng phelng k̄hnā thī̀ reīyn h̄nạngs̄ụ̄x,,,,A
3188,45,id,Indonesian,Dia mendengarkan musik sambil belajar,,,,,A
3189,45,sw,Swahili,Yeye husikiliza muziki wakati akisoma,,,,,A
3190,45,nl,Dutch,Hij luistert naar muziek terwijl hij studeert,,,,,A
3191,45,pl,Polish,On słucha muzyki podczas nauki,,,,,A
3192,45,uk,Ukrainian,Він слухає музику, коли вчиться,,,,,A
3193,45,el,Greek,Ακούει μουσική ενώ μελετά,Akoúei mousikī́ enó meletá,,,,A
3194,45,sv,Swedish,Han lyssnar på musik medan han studerar,,,,,A
3195,45,no,Norwegian,Han lytter til musikk mens han studerer,,,,,A
3196,45,da,Danish,Han lytter til musik, mens han studerer,,,,,A
3197,45,fi,Finnish,Hän kuuntelee musiikkia opiskellessaan,,,,,A
3198,45,cs,Czech,Poslouchá hudbu, když se učí,,,,,A
3199,45,hu,Hungarian,Zene hallgat tanulás közben,,,,,A
3200,45,ro,Romanian,El ascultă muzică în timp ce studiază,,,,,A
3201,45,bg,Bulgarian,Той слуша музика, докато учи,Toy slusha muzika, dokato uchi,,,,A
3202,45,sr,Serbian,Он слуша музику док студира,On sluša muziku dok studira,,,,A
3203,45,sk,Slovak,Počuje hudbu, keď sa učí,,,,,A
3204,45,sl,Slovenian,Posluša glasbo, medtem ko uči,,,,,A
3205,45,lt,Lithuanian,Jis klauso muzikos mokydamasis,,,,,A
3206,45,lv,Latvian,Vinš klausās mūziku, mācoties,,,,,A
3207,45,et,Estonia,Ta kuulab muusikat õppides,,,,,A
3208,45,he,Hebrew,הוא מאזין למוזיקה בזמן שהוא לומד,Hu ma'azin le-muzika ba-zman she-hu lomed,,,,A
3209,45,ha,Hausa,Yana sauraron kiɗa yayin da yake karatu,,,,,A
3210,45,yo,Yoruba,Ó ń fetí sí orin nígbà tí ó ń kẹ́kọ̀ọ́,,,,A
3211,45,ig,Igbo,Ọ na-ege egwu mgbe ọ na-amụ ihe,,,,,A
3212,45,am,Amharic,እሱ በማጥናት ጊዜ ሙዚቃ ይሰማል,Es’u bemat’inat gīzē muzīḳa yisemal,,,,A
3213,45,ti,Tigrinya,ንሱ ኣብ እዋን ምጽናዕ ሙዚቃ ይሰምዕ,Nisu ab ewan mits’ina’i muziqa yisem’i,,,,A
3214,45,ne,Nepali,उनी पढ्दा गीत सुन्छन्,Unī paḍhdā gīt sunchhan,,,,A
3215,45,ta,Tamil,அவர் படிக்கும் போது இசையைக் கேட்கிறார்,Avar paṭikkum pōtu icaiyaik kēṭkiṟār,,,,A
3216,45,te,Telugu,అతను చదువుకుంటున్నప్పుడు సంగీతం వింటాడు,Atanu caduvukuntunnappuḍu saṅgītaṁ viṇṭāḍu,,,,A
3217,45,ml,Malayalam,അവൻ പഠിക്കുമ്പോൾ സംഗീതം കേൾക്കുന്നു,Avan paṭhikkumpōḷ saṅgītaṁ kēḷkkunnu,,,,A
3218,45,mr,Marathi,तो अभ्यास करताना संगीत ऐकतो,To abhyās kartānā sangīt aikto,,,,A
3219,45,pa,Punjabi,ਉਹ ਪੜ੍ਹਦੇ ਸਮੇਂ ਸੰਗੀਤ ਸੁਣਦਾ ਹੈ,Uh paṛhde samēṁ sagīt suṇdā hai,,,,A
3220,45,gu,Gujarati,તેણે અભ્યાસ કરતી વખતે સંગીત સાંભળે છે,Tēṇe abhyās kartī vakhtē saṅgīt sāmbhaḷē chē,,,,A
3221,45,si,Sinhala,ඔහු ඉගෙන ගන්නවිට සංගීතය වාදනය කරයි,Ohu igena gannaviṭa saṅgītaya vādanaya karayi,,,,A
3222,45,km,Khmer,គាត់ស្តាប់ភ្លេងទំពាំងរៀន,Kat stab pleung tompeang rien,,,,A
3223,45,is,Icelandic,Hann hlýtur á tónlist meðan hann lærir,,,,,A
3224,45,tl,Tagalog / Filipino,Nakikinig siya ng musika habang nag-aaral,,,,,A
3225,45,ms,Malay,Dia mendengar muzik semasa belajar,,,,,A
3226,45,jv,Javanese,Dheweke ngrungokake musik nalika sinau,,,,,A
3227,45,kk,Kazakh,Ол оқып жатқанда музыка тыңдайды,Ol oqyp jatqanda muzıqa tyñdaidy,,,,A
3228,45,uz,Uzbek,U oʻqiyotganda musiqani tinglaydi,,,,,A
3229,45,mn,Mongolian,Тэр сурахад дуу сонсдог,Ter surakhad duu sonsdog,,,,A
3230,45,ka,Georgia,ის მუსიკას უსმენს სწავლისას,Is musik'as usmens sts'avlisas,,,,A
3231,45,hy,Armenian,Նա երաժշտություն է լսում, երբ սովորում է,Na yerazhshtut’yun e lsum, yerb sovorum e,,,,A
3232,45,eu,Basque,Musika entzuten du ikasten ari den bitartean,,,,,A
3233,45,ca,Catalan,Escolta música mentre estudia,,,,,A
3234,45,gl,Galician,Escoita música mentres estuda,,,,,A
3235,45,ga,Irish (Gaeilge),Éisteann sé le ceol agus é ag staidéar,,,,,A
3236,45,cy,Welsh,Mae'n gwrando ar gerddoriaeth wrth astudio,,,,,A
3237,45,gd,Scottish Gaelic,Tha e ag èisteachd ri ceòl fhad ‘s a tha e ag ionnsachadh,,,,,A
3238,45,lb,Luxembourgish,Hien héiert Musek wéi hien étudiéiert,,,,,A
3239,45,eo,Esperanto,Li aŭskultas muzikon dum studado,,,,,A
3240,45,la,Latin,Dum studet, musicam audit,,,,,A
3241,46,en,English,We plant flowers in the garden,,,,,A
3242,46,es,Spanish,Nosotros plantamos flores en el jardín,,,,,A
3243,46,fr,French,Nous plantons des fleurs dans le jardin,,,,,A
3244,46,pt,Portuguese,Nós plantamos flores no jardim,,,,,A
3245,46,de,German,Wir pflanzen Blumen im Garten,,,,,A
3246,46,it,Italian,Noi piantiamo fiori nel giardino,,,,,A
3247,46,ru,Russian,Мы сажаем цветы в саду,My sazhaem tsvety v sadu,,,A
3248,46,ar,Arabic,نحن نزرع الزهور في الحديقة,Naḥnu nazra' al-zuhūr fī al-ḥadīqah,,,A
3249,46,hi,Hindi,हम बगीचे में फूल लगाते हैं,Ham bagīce mẽ phūl lagāte ha͂i,,,,A
3250,46,bn,Bengali,আমরা বাগানে ফুল রোপণ করি,Āmrā bāgāne phul rōpaṇ kari,,,,A
3251,46,ur,Urdu,ہم باغ میں پھول لگاتے ہیں,Ham bāgh mẽ phūl lagāte ha͂i,,,,A
3252,46,fa,Persian,ما گل ها را در باغ می‌کاریم,Mā gol hā rā dar bāgh mī-kārim,,,,A
3253,46,tr,Turkish,Biz bahçede çiçek ekeriz,,,,,A
3254,46,ja,Japanese,私たちは庭に花を植えます,Watashitachi wa niwa ni hana o uemasu,,,,A
3255,46,ko,Korean,우리는 정원에 꽃을 심습니다,Urineun jeongwone kkocheul simseumnida,,,,A
3256,46,zh-cn,Mandarin (Simplified),我们在花园里种花,,wǒmen zài huāyuán lǐ zhòng huā,,A
3257,46,zh-tw,Mandarin (Traditional),我們在花園裡種花,,wǒmen zài huāyuán lǐ zhòng huā,,A
3258,46,vi,Vietnamese,Chúng tôi trồng hoa trong vườn,,,,,A
3259,46,th,Thai,เราปลูกดอกไม้ในสวน,Rāo plūk dk mị̀ nı s̄wn,,,,A
3260,46,id,Indonesian,Kami menanam bunga di taman,,,,,A
3261,46,sw,Swahili,Sisi hupanda maua bustanini,,,,,A
3262,46,nl,Dutch,Wij planten bloemen in de tuin,,,,,A
3263,46,pl,Polish,My sadzimy kwiaty w ogrodzie,,,,,A
3264,46,uk,Ukrainian,Ми садимо квіти в саду,My sadymo kvity v sadu,,,A
3265,46,el,Greek,Φυτεύουμε λουλούδια στον κήπο,Fytévoume louloudia ston kípo,,,,A
3266,46,sv,Swedish,Vi planterar blommor i trädgården,,,,,A
3267,46,no,Norwegian,Vi planter blomster i hagen,,,,,A
3268,46,da,Danish,Vi planter blomster i haven,,,,,A
3269,46,fi,Finnish,Me istutamme kukkia puutarhassa,,,,,A
3270,46,cs,Czech,Sázíme květiny v zahradě,,,,,A
3271,46,hu,Hungarian,Virágot ültetünk a kertben,,,,,A
3272,46,ro,Romanian,Noi plantăm flori în grădină,,,,,A
3273,46,bg,Bulgarian,Ние засаждаме цветя в градината,Nie zasazhdame tsvetya v gradinata,,,,A
3274,46,sr,Serbian,Ми садимо цвеће у башти,Mi sadimo cveće u bašti,,,,A
3275,46,sk,Slovak,Sadíme kvety v záhrade,,,,,A
3276,46,sl,Slovenian,Sadimo rože na vrtu,,,,,A
3277,46,lt,Lithuanian,Mes sodiname gėles sode,,,,,A
3278,46,lv,Latvian,Mēs stādām puķes dārzā,,,,,A
3279,46,et,Estonian,Me istutame lilli aias,,,,,A
3280,46,he,Hebrew,אנו שותלים פרחים בגן,Anu shotlim prakhim bagan,,,,A
3281,46,ha,Hausa,Muna shuka furanni a cikin lambu,,,,,A
3282,46,yo,Yoruba,A ń gbin òdòdó nínú ọgbà,,,,A
3283,46,ig,Igbo,Anyị na-akụ okooko osisi n'ogige,,,,,A
3284,46,am,Amharic,እኛ በገነቡ ውስጥ አበቦችን እንተክባለን,Eñña begenetibu wisit’i ābebochini initekibalen,,,,A
3285,46,ti,Tigrinya,ንሕና ኣብ ጀርዲን ዕፀዋት ንተኽል,Nihna ab jerdin ‘its’ewat nitikhil,,,,A
3286,46,ne,Nepali,हामी बगैंचामा फूल रोप्छौं,Hāmī bagain̄cāmā phūl rōpchauṁ,,,,A
3287,46,ta,Tamil,நாம் தோட்டத்தில் பூக்களை நடுகிறோம்,Nām tōṭṭattil pūkkaḷai naṭukiṟōm,,,,A
3288,46,te,Telugu,మేము తోటలో పూలను నాటుతాము,Mēmu tōṭalō pūlanu nāṭutāmu,,,,A
3289,46,ml,Malayalam,നാം തോട്ടത്തിൽ പൂക്കൾ നടുന്നു,Nāṁ tēāṭṭattil pūkkaḷ naṭunnu,,,,A
3290,46,mr,Marathi,आम्ही बागेत फुले लावतो,Āmhī bāgēta phulē lāvatō,,,,A
3291,46,pa,Punjabi,ਅਸੀਂ ਬਾਗ਼ ਵਿੱਚ ਫੁੱਲ ਲਗਾਉਂਦੇ ਹਾਂ,Asīṁ bāġ vica phula lagā'undē hāṁ,,,,A
3292,46,gu,Gujarati,અમે બગીચામાં ફૂલો રોપીએ છીએ,Amē bagīcāmāṁ phūlō rōpī'ē chī'ē,,,,A
3293,46,si,Sinhala,අපි ගෙවත්තේ මල් රෝපණය කරමු,Api gevattē mal rōpaṇaya karamu,,,,A
3294,46,km,Khmer,យើងដាំផ្កានៅក្នុងសួន,Young dam phka nov knong suon,,,,A
3295,46,is,Icelandic,Við gróðursetjum blóm í garðinum,,,,,A
3296,46,tl,Tagalog / Filipino,Nagtatanim kami ng mga bulaklak sa hardin,,,,,A
3297,46,ms,Malay,Kami menanam bunga di taman,,,,,A
3298,46,jv,Javanese,Kita nandur kembang ing kebon,,,,,A
3299,46,kk,Kazakh,Біз бақшада гүл отырғызамыз,Biz baqşada gül otyrğyzamyz,,,,A
3300,46,uz,Uzbek,Biz bog'da gullar ekamiz,,,,,A
3301,46,mn,Mongolian,Бид цэцэг цэцэрлэгт тарьдаг,Bid tsetseg tsetserlegt tar'dag,,,,A
3302,46,ka,Georgia,ჩვენ ვრგავთ ყვავილებს ბაღში,Chven vrgavt q'vavilebs baghshi,,,,A
3303,46,hy,Armenian,Մենք ծաղիկներ ենք տնկում այգում,Menk' tsaghikner enk' tnkum aygum,,,,A
3304,46,eu,Basque,Loreak landatzen ditugu lorategian,,,,,A
3305,46,ca,Catalan,Plantem flors al jardí,,,,,A
3306,46,gl,Galician,Plantamos flores no xardín,,,,,A
3307,46,ga,Irish (Gaeilge),Cuireann muid bláthanna sa ghairdín,,,,,A
3308,46,cy,Welsh,Rydym yn plannu blodau yn yr ardd,,,,,A
3309,46,gd,Scottish Gaelic,Bidh sinn a' cur flùraichean sa ghàrradh,,,,,A
3310,46,lb,Luxembourgish,Mir planzen Blumen am Gaart,,,,,A
3311,46,eo,Esperanto,Ni plantas florojn en la ĝardeno,,,,,A
3312,46,la,Latin,Flores in horto plantamus,,,,,A
3313,47,en,English,The air feels cool in the evening,,,,,A
3314,47,es,Spanish,El aire se siente fresco en la noche,,,,,A
3315,47,fr,French,L'air est frais le soir,,,,,A
3316,47,pt,Portuguese,O ar está fresco à noite,,,,,A
3317,47,de,German,Die Luft fühlt sich am Abend kühl an,,,,,A
3318,47,it,Italian,L'aria è fresca di sera,,,,,A
3319,47,ru,Russian,Воздух кажется прохладным вечером,Vozdukh kazhetsya prokhladnym vecherom,,,,A
3320,47,ar,Arabic,الهواء بارد في المساء,Al-hawā' bārid fī al-masā',,,,A
3321,47,hi,Hindi,शाम को हवा ठंडी लगती है,Shām ko havā ṭhaṇḍī lagtī hai,,,,A
3322,47,bn,Bengali,বাতাস সন্ধ্যায় শীতল লাগে,Bātās sandhyāẏ śītala lāge,,,,A
3323,47,ur,Urdu,شام کو ہوا ٹھنڈی محسوس ہوتی ہے,Shām ko hawā ṭhanḍī meḥsūs hotī hai,,,,A
3324,47,fa,Persian,هوا عصر خنک است,Havā asr khonak ast,,,,A
3325,47,tr,Turkish,Hava akşamleyin serin geliyor,,,,,A
3326,47,ja,Japanese,夕方になると空気が涼しく感じます,Yūgata ni naru to kūki ga suzushiku kanjimasu,,,,A
3327,47,ko,Korean,저녁에는 공기가 시원하게 느껴져요,Jeonyeog-eneun gong-iga siwonhage neukkyeojyeoyo,,,,A
3328,47,zh-cn,Mandarin (Simplified),傍晚的空气很凉爽,,bàngwǎn de kōngqì hěn liángshuǎng,,A
3329,47,zh-tw,Mandarin (Traditional),傍晚的空氣很涼爽,,bàngwǎn de kōngqì hěn liángshuǎng,,A
3330,47,vi,Vietnamese,Không khí buổi tối mát mẻ,,,,,A
3331,47,th,Thai,อากาศเย็นสบายในตอนเย็น,Ākāṣ̄ yen s̄bāy nı txn yen,,,,A
3332,47,id,Indonesian,Udara terasa sejuk di sore hari,,,,,A
3333,47,sw,Swahili,Hewa inahisi baridi jioni,,,,,A
3334,47,nl,Dutch,De lucht voelt koel in de avond,,,,,A
3335,47,pl,Polish,Powietrze jest chłodne wieczorem,,,,,A
3336,47,uk,Ukrainian,Повітря ввечері прохолодне,Povitrya vvecheri prokholodne,,,,A
3337,47,el,Greek,Ο αέρας είναι δροσερός το βράδυ,O aéras eínai droserós to vrády,,,,A
3338,47,sv,Swedish,Luksan känns sval på kvällen,,,,,A
3339,47,no,Norwegian,Luften føles kjølig om kvelden,,,,,A
3340,47,da,Danish,Luften føles kølig om aftenen,,,,,A
3341,47,fi,Finnish,Ilma tuntuu viileältä illalla,,,,,A
3342,47,cs,Czech,Vzduch je večer chladný,,,,,A
3343,47,hu,Hungarian,A levegő hűvös az estéken,,,,,A
3344,47,ro,Romanian,Aerul este răcoros seara,,,,,A
3345,47,bg,Bulgarian,Въздухът е хладен вечерта,Vŭzdŭkhŭt e khladen vecherta,,,,A
3346,47,sr,Serbian,Ваздух је хладан увече,Vazduh je hladan uveče,,,,A
3347,47,sk,Slovak,Vzduch je večer chladný,,,,,A
3348,47,sl,Slovenian,Zrak je hladen zvečer,,,,,A
3349,47,lt,Lithuanian,Vakare oras atrodo vėsus,,,,,A
3350,47,lv,Latvian,Vakarā gaiss šķiet vēss,,,,,A
3351,47,et,Estonian,Õhk tundub õhtul jahe,,,,,A
3352,47,he,Hebrew,האוויר מרגיש קריר בערב,Hā'avīr margīsh karīr ba'erev,,,,A
3353,47,ha,Hausa,Iskar yana sanyi da yamma,,,,,A
3354,47,yo,Yoruba,Atẹ́gun ń lọ tútù ní ìrọ́lẹ́,,,,A
3355,47,ig,Igbo,Ikuku na-adị jụụ n'uhuruchi,,,,,A
3356,47,am,Amharic,አየሩ ማታ ቀዝቃዛ ይሰማል,Āyeru mata k’ezik’aza yisemali,,,,A
3357,47,ti,Tigrinya,ኦይ ምሸት ቀሊል ይስምዓል,Oyi mshet k’elil yismi’al,,,,A
3358,47,ne,Nepali,साँझमा हावा चिसो महसुस हुन्छ,Sā̃jhāmā hāvā cisō mahasus huncha,,,,A
3359,47,ta,Tamil,மாலையில் காற்று குளிர்ச்சியாக உணரப்படுகிறது,Mālaiyil kāṟṟu kuḷircciyāka uṇarappaṭukiṟatu,,,,A
3360,47,te,Telugu,సాయంత్రం గాలి చల్లగా ఉంటుంది,Sāyantraṁ gāli challagā uṇṭundi,,,,A
3361,47,ml,Malayalam,വൈകുന്നേരത്ത് വായു തണുത്തതായി തോന്നുന്നു,Vaikunnerathu vayu thanuthathayi thonnunnu,,,,A
3362,47,mr,Marathi,संध्याकाळी हवा थंड वाटते,Sandhyākāḷī havā thaṇḍa vāṭate,,,,A
3363,47,pa,Punjabi,ਸ਼ਾਮ ਨੂੰ ਹਵਾ ਠੰਡੀ ਮਹਿਸੂਸ ਹੁੰਦੀ ਹੈ,Śām nūṁ havā ṭhaṇḍī mahisūs hundī hai,,,,A
3364,47,gu,Gujarati,સાંજે હવા ઠંડી લાગે છે,Sā̃jē havā ṭhaṇḍī lāgē chē,,,,A
3365,47,si,Sinhala,සවස් වරුවේ වාතය සිසිල් ලෙස හැඟේ,Savas varuvē vātaya sisil lesa hæn̆gē,,,,A
3366,47,km,Khmer,ខ្យល់មានភាពត្រជាក់នៅពេលល្ងាច,Khyal mean pheap trachak nov pel lngach,,,,A
3367,47,is,Icelandic,Loftið finnst kælt á kvöldin,,,,,A
3368,47,tl,Tagalog / Filipino,Malamig ang hangin sa gabi,,,,,A
3369,47,ms,Malay,Udara terasa sejuk pada waktu petang,,,,,A
3370,47,jv,Javanese,Awané rada adhem ing wayah sore,,,,,A
3371,47,kk,Kazakh,Кеште ауа салқын сезіледі,Keşte awa salqyn seziledi,,,,A
3372,47,uz,Uzbek,Kechqurun havasi salqin hisoblanadi,,,,,A
3373,47,mn,Mongolian,Үдэшлэг агаар сэрүүн санагддаг,Üdeshleg agaar serüün sanagddag,,,,A
3374,47,ka,Georgia,ჰაერი საღამოს გრილია,Hae-ri saghamos grilia,,,,A
3375,47,hy,Armenian,Օդը զով է զգացվում երեկոյան,Ody zov e zgats'vum yerekovan,,,,A
3376,47,eu,Basque,Arratsaldean airea freskoa da,,,,,A
3377,47,ca,Catalan,L'aire és fresc a la nit,,,,,A
3378,47,gl,Galician,O aire está fresco á noite,,,,,A
3379,47,ga,Irish (Gaeilge),Tá an t-aer fionnuar tráthnóna,,,,,A
3380,47,cy,Welsh,Mae'r awyr yn teimlo'n oer gyda'r nos,,,,,A
3381,47,gd,Scottish Gaelic,Tha an t-adhar blàth feasgar,,,,,A
3382,47,lb,Luxembourgish,D'Loft ass owes kal,,,,,A
3383,47,eo,Esperanto,La aero sentiĝas malvarma vespere,,,,,A
3384,47,la,Latin,Aër vespere frigidus sentitur,,,,,A
3385,48,en,English,I pack my bag before sleeping,,,,,A
3386,48,es,Spanish,Empaquito mi bolsa antes de dormir,,,,,A
3387,48,fr,French,Je fais mon sac avant de dormir,,,,,A
3388,48,pt,Portuguese,Faço minha mala antes de dormir,,,,,A
3389,48,de,German,Ich packe meine Tasche vor dem Schlafengehen,,,,,A
3390,48,it,Italian,Faccio la valigia prima di dormire,,,,,A
3391,48,ru,Russian,Я собираю сумку перед сном,Ya sobirayu sumku pered snom,,,,A
3392,48,ar,Arabic,أحزم حقيبتي قبل النوم,Aḥzim ḥaqībatī qabl al-nawm,,,,A
3393,48,hi,Hindi,मैं सोने से पहले अपना बैग पैक करता हूँ,Main sone se pahle apnā baig paik kartā hū̃,,,,A
3394,48,bn,Bengali,আমি ঘুমানোর আগে আমার ব্যাগ গুছাই,Āmi ghumānōra āgē āmāra byāga guchāi,,,,A
3395,48,ur,Urdu,میں سونے سے پہلے اپنا بیگ پیک کرتا ہوں,Main sone se pehle apnā bēg paik kartā hū̃,,,,A
3396,48,fa,Persian,قبل از خواب چمدانم را می‌بندم,Qabl az khāb chamedānam rā mī-bandam,,,,A
3397,48,tr,Turkish,Uyumadan önce çantamı hazırlarım,,,,,A
3398,48,ja,Japanese,寝る前にカバンを詰めます,Neru mae ni kaban o tsukemasu,,,,A
3399,48,ko,Korean,잠자기 전에 가방을 싸요,Jamjagi jeon-e gabang-eul ssayo,,,,A
3400,48,zh-cn,Mandarin (Simplified),我睡前收拾书包,,wǒ shuì qián shōushí shūbāo,,A
3401,48,zh-tw,Mandarin (Traditional),我睡前收拾書包,,wǒ shuì qián shōushí shūbāo,,A
3402,48,vi,Vietnamese,Tôi xếp đồ vào túi trước khi đi ngủ,,,,,A
3403,48,th,Thai,ฉันเก็บกระเป๋าก่อนนอน,Ch̄ản keb krap̂ā k̀xn nxn,,,,A
3404,48,id,Indonesian,Saya mengepak tas saya sebelum tidur,,,,,A
3405,48,sw,Swahili,Ninapakia mfuko wangu kabla ya kulala,,,,,A
3406,48,nl,Dutch,Ik pak mijn tas voor het slapengaan,,,,,A
3407,48,pl,Polish,Pakuję swoją torbę przed snem,,,,,A
3408,48,uk,Ukrainian,Я пакую свою сумку перед сном,Ya pakuyu svoyu sumku pered snom,,,,A
3409,48,el,Greek,Συσκευάζω την τσάντα μου πριν κοιμηθώ,Syskevázo tin tsánta mou prin koimithó,,,,A
3410,48,sv,Swedish,Jag packar min väska innan jag sover,,,,,A
3411,48,no,Norwegian,Jeg pakker vesken min før jeg legger meg,,,,,A
3412,48,da,Danish,Jeg pakker min taske før jeg sover,,,,,A
3413,48,fi,Finnish,Minä pakkaan laukkuni ennen nukkumaanmenoa,,,,,A
3414,48,cs,Czech,Balím si tašku před spaním,,,,,A
3415,48,hu,Hungarian,Elpakolom a táskám, mielőtt lefeküdnék,,,,,A
3416,48,ro,Romanian,Îmi fac bagajul înainte de culcare,,,,,A
3417,48,bg,Bulgarian,Аз опаковам чантата си преди сън,Az opakovam chantata si predi sǎn,,,,A
3418,48,sr,Serbian,Спакујем торбу пре спавања,Spakujem torbu pre spavanja,,,,A
3419,48,sk,Slovak,Baliť svoju tašku pred spaním,,,,,A
3420,48,sl,Slovenian,Pakiranje torbe pred spanjem,,,,,A
3421,48,lt,Lithuanian,Aš pakuoju savo krepšį prieš miegą,,,,,A
3422,48,lv,Latvian,Es paku savu somu pirms gulētiešanas,,,,,A
3423,48,et,Estonian,Pakkin oma kotti enne magamaminekut,,,,,A
3424,48,he,Hebrew,אני אורז את התיק שלי לפני השינה,Ani orez et hatik sheli lifney hashinah,,,,A
3425,48,ha,Hausa,Ina shirya jakata kafin in kwanta,,,,,A
3426,48,yo,Yoruba,Mo ń pako àpótí mi ṣáájú kí n tó sùn,,,,A
3427,48,ig,Igbo,Ana m akpa akpa m tupu m lakpuo ụra,,,,,A
3428,48,am,Amharic,መተኛቴ በፊት ቦርሳዬን አሰልባለሁ,Met’eñatē befīt borsayēni āselibalehu,,,,A
3429,48,ti,Tigrinya,ኣነ ኣብ ቅድሚ ምድቃስ ንሽንቐይ እሰርሕ,Ana ab k'dimi midqas nishinq'ey eserih,,,,A
3430,48,ne,Nepali,म सुत्नु अघि मेरो झोला प्याक गर्छु,Ma sutnu aghi mero jholā pyāka garchu,,,,A
3431,48,ta,Tamil,நான் தூங்குவதற்கு முன்பு என் பையை சொட்டுகிறேன்,Nāṉ tūṅkuvataṟku muṉpu eṉ paiyai soṭṭukiṟēṉ,,,,A
3432,48,te,Telugu,నేను నిద్రపోవడానికి ముందు నా బ్యాగ్ ప్యాక్ చేస్తాను,Nēnu nidrapōvaḍāniki muṁdu nā byāg pyāk cēstānu,,,,A
3433,48,ml,Malayalam,ഞാൻ ഉറങ്ങും മുമ്പ് എന്റെ ബാഗ് പായ്ക്ക് ചെയ്യുന്നു,Ñān uṟaṅṅuṁ mump enṯe bāg pāykk ceyyunnu,,,,A
3434,48,mr,Marathi,मी झोपण्यापूर्वी माझी बॅग पॅक करतो,Mī jhopaṇyāpūrvī mājhī bĕga pĕka karato,,,,A
3435,48,pa,Punjabi,ਮੈਂ ਸੌਣ ਤੋਂ ਪਹਿਲਾਂ ਆਪਣਾ ਬੈਗ ਪੈਕ ਕਰਦਾ ਹਾਂ,Maiṁ sauṇ tōṁ pahilāṁ āpaṇā baiga paika karadā hāṁ,,,,A
3436,48,gu,Gujarati,હું સૂવાની પહેલાં મારો બૅગ પૅક કરું છું,Huṁ sūvānī pahēlāṁ mārō bĕga pĕka karuṁ chuṁ,,,,A
3437,48,si,Sinhala,මම නිදා ගැනීමට පෙර මගේ බෑගය ඇසුරු කරමි,Mama nidā gænīmaṭa pera magē bǣgaya æsuru karami,,,,A
3438,48,km,Khmer,ខ្ញុំខ្ចប់កាបូបមុនពេលគេង,Khnhom khchab kabob moun pel leng,,,,A
3439,48,is,Icelandic,Ég pakka töskunni minni áður en ég fer að sofa,,,,,A
3440,48,tl,Tagalog / Filipino,Nag-iimpake ako ng aking bag bago matulog,,,,,A
3441,48,ms,Malay,Saya mengemas beg saya sebelum tidur,,,,,A
3442,48,jv,Javanese,Aku ngepak tas sadurunge turu,,,,,A
3443,48,kk,Kazakh,Мен ұйықтамас бұрын сөмкемді дайындаймын,Men uyıqtamas burın sömkemdī dayındaymın,,,,A
3444,48,uz,Uzbek,Men uxlashdan oldin sumkamni to'playman,,,,,A
3445,48,mn,Mongolian,Би унтахынхаа өмнө цүнхээ эмхлэдэг,Bi untakhynkha ömnö tsünkhee emkhledeg,,,,A
3446,48,ka,Georgia,საძინებლამდე ჩემს ჩანთას ვაფუთებ,Sadzineblamde chems chantas vap'ut'eb,,,,A
3447,48,hy,Armenian,Ես պայուսակս հավաքում եմ քնելուց առաջ,Yes payusaks havak'um em k'neluts' arraj,,,,A
3448,48,eu,Basque,Poltsa prestatzeko lo aurretik,,,,,A
3449,48,ca,Catalan,Faig la maleta abans d'anar a dormir,,,,,A
3450,48,gl,Galician,Fago a miña mochila antes de durmir,,,,,A
3451,48,ga,Irish (Gaeilge,Déanaim mo mhála a phacáil sula dtéim a chodladh,,,,,A
3452,48,cy,Welsh,Rwy'n pacio fy mag cyn cysgu,,,,,A
3453,48,gd,Scottish Gaelic,Bidh mi a' pacaigeadh mo bhaga mus tèid mi a chadal,,,,,A
3454,48,lb,Luxembourgish,Ech packe meng Tas ier ech goe schlofen,,,,,A
3455,48,eo,Esperanto,Mi pakaas mian sakon antaŭ ol dormi,,,,,A
3456,48,la,Latin,Saccum meam ante somnum congero,,,,,A
3457,49,en,English,She answers the phone politely,,,,,A
3458,49,es,Spanish,Ella contesta el teléfono amablemente,,,,,A
3459,49,fr,French,Elle répond poliment au téléphone,,,,,A
3460,49,pt,Portuguese,Ela atende o telefone educadamente,,,,,A
3461,49,de,German,Sie geht höflich ans Telefon,,,,,A
3462,49,it,Italian,Lei risponde al telefono con gentilezza,,,,,A
3463,49,ru,Russian,Она вежливо отвечает на телефонный звонок,Ona vezhlivo otvechaet na telefonnyy zvonok,,,,A
3464,49,ar,Arabic,هي ترد على الهاتف بأدب,Hiya taruddu ʻalá al-hātif bi-adab,,,,A
3465,49,hi,Hindi,वह विनम्रता से फोन उठाती है,Vah vinamratā se phon uṭhātī hai,,,,A
3466,49,bn,Bengali,সে ভদ্রতার সঙ্গে ফোনের উত্তর দেয়,Se bhadratār saṅge phōnēra uttara dēẏa,,,,A
3467,49,ur,Urdu,وہ شائستگی سے فون اٹھاتی ہے,Woh shāistagī se phon uṭhātī hai,,,,A
3468,49,fa,Persian,او با ادب تلفن را جواب می‌دهد,U bā adab telefon rā javāb midehad,,,,A
3469,49,tr,Turkish,O, telefonu nazikçe cevaplar,,,,,A
3470,49,ja,Japanese,彼女は丁寧に電話に出ます,Kanojo wa teinei ni denwa ni demasu,,,,A
3471,49,ko,Korean,그녀는 정중하게 전화를 받습니다,Geunyeoneun jeongjunghage jeonhwareul batseumnida,,,,A
3472,49,zh-cn,Mandarin (Simplified),她礼貌地接电话,,tā lǐmào de jiē diànhuà,,A
3473,49,zh-tw,Mandarin (Traditional),她禮貌地接電話,,tā lǐmào de jiē diànhuà,,A
3474,49,vi,Vietnamese,Cô ấy trả lời điện thoại một cách lịch sự,,,,,A
3475,49,th,Thai,เธอรับโทรศัพท์อย่างสุภาพ,Thoe rạb thoraṣ̄p̄h ṣ̄yāng s̄up̣hāph,,,,A
3476,49,id,Indonesian,Dia menjawab telepon dengan sopan,,,,,A
3477,49,sw,Swahili,Anajibu simu kwa adabu,,,,,A
3478,49,nl,Dutch,Zij antwoordt beleefd de telefoon,,,,,A
3479,49,pl,Polish,Ona uprzejmie odbiera telefon,,,,,A
3480,49,uk,Ukrainian,Вона ввічливо відповідає на телефонний дзвінок,Vona vvichlyvo vidpovidaye na telefonnyy dzvinok,,,,A
3481,49,el,Greek,Απαντάει στο τηλέφωνο ευγενικά,Apantáei sto tiléfono evgeniká,,,,A
3482,49,sv,Swedish,Hon svarar i telefonen artigt,,,,,A
3483,49,no,Norwegian,Hun svarer telefonen høflig,,,,,A
3484,49,da,Danish,Hun svarer telefonen høfligt,,,,,A
3485,49,fi,Finnish,Hän vastaa puhelimeen kohteliaasti,,,,,A
3486,49,cs,Czech,Ona slušně zvedne telefon,,,,,A
3487,49,hu,Hungarian,Ő udvariasan veszi fel a telefont,,,,,A
3488,49,ro,Romanian,Ea răspunde la telefon politicos,,,,,A
3489,49,bg,Bulgarian,Тя взима телефона учтиво,Tya vzima telefona uchtivo,,,,A
3490,49,sr,Serbian,Она учтиво одговара на телефон,Ona učtivo odgovara na telefon,,,,A
3491,49,sk,Slovak,Ústretovo zodvihne telefón,,,,,A
3492,49,sl,Slovenian,Vljudno dvigne telefon,,,,,A
3493,49,lt,Lithuanian,Pasitinkdama telefoną elgiasi mandagiai,,,,,A
3494,49,lv,Latvian,Viņa pieņem tālruni pieklājīgi,,,,,A
3495,49,et,Estonian,Ta võtab telefoni vastu viisakalt,,,,,A
3496,49,he,Hebrew,היא עונה לטלפון בנימוס,Hi 'ona letalefon benimus,,,,A
3497,49,ha,Hausa,Tana amsa wayar cikin ladabi,,,,,A
3498,49,yo,Yoruba,Ó ń dá'gbè̩ orókè̩ ní ẹ̀tọ́,,,,A
3499,49,ig,Igbo,Ọ na-aza ekwentị n'ụzọ nkwanye ùgwù,,,,,A
3500,49,am,Amharic,እሷ ስልኩን በትሁት ትመልሳለች,Es'wa silikuni betihut timelissalech,,,,A
3501,49,ti,Tigrinya,ንሳ ንተለፎን ብቕጽበት ትመልስ,Nisa nitelefon bik'its'bet timelis,,,,A
3502,49,ne,Nepali,उनले शिष्टतापूर्वक फोन उठाउँछिन्,Unle shishtatapūrvak phon uṭhāunchin,,,,A
3503,49,ta,Tamil,அவர் கண்ணியமாக தொலைபேசியில் பதிலளிக்கிறார்,Avar kaṇṇiyamāka tolaipēciyil patilaḷikkiṟār,,,,A
3504,49,te,Telugu,ఆమె మర్యాదగా ఫోన్కు సమాధానం ఇస్తుంది,Āme maryādagā phōnku samādhānaṁ istundi,,,,A
3505,49,ml,Malayalam,അവൾ ആദരവോടെ ഫോണിൽ മറുപടി നൽകുന്നു,Avaḷ ādaravēāṭe phōṇil maṟupaṭi nalkunnu,,,,A
3506,49,mr,Marathi,ती सभ्यपणे फोन उचलते,Tī sabhyapaṇē phōn uchalatē,,,,A
3507,49,pa,Punjabi,ਉਹ ਨਿਮਰਤਾ ਨਾਲ ਫ਼ੋਨ ਉਠਾਉਂਦੀ ਹੈ,Uh nimratā nāl fon uṭhā'undī hai,,,,A
3508,49,gu,Gujarati,તેણી નમ્રતાપૂર્વક ફોનનો જવાબ આપે છે,Tēṇī namratāpūrvak phonano javāb āpē chē,,,,A
3509,49,si,Sinhala,ඇය විනීතව දුරකථනයට පිළිතුරු දෙයි,Æya vinītava durakathanayaṭa piḷituru deyi,,,,A
3510,49,km,Khmer,នាងឆ្លើយទូរស័ព្ទដោយសុភាពរាបសា,Neang chhlaey toursapt dauy sophap reabsa,,,,A
3511,49,is,Icelandic,Hún svarar símanum kurteisislega,,,,,A
3512,49,tl,Tagalog / Filipino,Sumasagot siya sa telepono nang magalang,,,,,A
3513,49,ms,Malay,Dia menjawab telefon dengan sopan,,,,,A
3514,49,jv,Javanese,Dheweke nanggepi telpon kanthi sopan,,,,,A
3515,49,kk,Kazakh,Ол телефонға сыпайы жауап береді,Ol telefonğa sıpayı jawap beredi,,,,A
3516,49,uz,Uzbek,U telefonyu xushmuomalalik bilan javob beradi,,,,,A
3517,49,mn,Mongolian,Тэр утасдаж байгаа хүндэтгэлтэй хариулдаг,Ter utasdaj baigaa khündetgeltei khariuldag,,,,A
3518,49,ka,Georgia,ის ტელეფონს ზრდილობიანად პასუხობს,Is t'elepons zrdilobianad p'asukhobs,,,,A
3519,49,hy,Armenian,Նա քաղաքավարի պատասխանում է հեռախոսին,Na k’aghak’avari pataskhanum e heṙakhosin,,,,A
3520,49,eu,Basque,Telefonoari erantzuten du zintzotasunez,,,,,A
3521,49,ca,Catalan,Ella contesta el telèfon amablement,,,,,A
3522,49,gl,Galician,Ela contesta o teléfono educadamente,,,,,A
3523,49,ga,Irish (Gaeilge),Freagraíonn sí an fón go béasach,,,,,A
3524,49,cy,Welsh,Mae hi'n ateb y ffôn yn gwrtais,,,,,A
3525,49,gd,Scottish Gaelic,Bidh i a' freagairt an fhòn gu modhail,,,,,A
3526,49,lb,Luxembourgish,Si äntwert de Telefon höflech,,,,,A
3527,49,eo,Esperanto,Ŝi respondas la telefonon afable,,,,,A
3528,49,la,Latin,Telephonium comiter respondet,,,,,A
3529,50,en,English,The bird sings in the morning,,,,,A
3530,50,es,Spanish,El pájaro canta por la mañana,,,,,A
3531,50,fr,French,L'oiseau chante le matin,,,,,A
3532,50,pt,Portuguese,O pássaro canta de manhã,,,,,A
3533,50,de,German,Der Vogel singt am Morgen,,,,,A
3534,50,it,Italian,L'uccello canta al mattino,,,,,A
3535,50,ru,Russian,Птица поёт утром,Ptitsa poyot utrom,,,,A
3536,50,ar,Arabic,العصفور يغني في الصباح,Al-'uṣfūr yughannī fī aṣ-ṣabāḥ,,,,A
3537,50,hi,Hindi,पक्षी सुबह गाता है,Pakṣī subah gātā hai,,,,A
3538,50,bn,Bengali,পাখি সকালে গান গায়,Pākhi sakālē gāna gāẏa,,,,A
3539,50,ur,Urdu,پرندہ صبح کو گاتا ہے,Parindah subah ko gātā hai,,,,A
3540,50,fa,Persian,پرنده صبح آواز می‌خواند,Parandeh sobh āvāz mī-khānad,,,,A
3541,50,tr,Turkish,Kuş sabahları öter,,,,,A
3542,50,ja,Japanese,鳥は朝に鳴きます,Tori wa asa ni nakimasu,,,,A
3543,50,ko,Korean,새가 아침에 노래합니다,Saega achime noraëhamnida,,,,A
3544,50,zh-cn,Mandarin (Simplified),鸟儿在早上唱歌,,niǎo er zài zǎoshang chànggē,,A
3545,50,zh-tw,Mandarin (Traditional),鳥兒在早上唱歌,,niǎo er zài zǎoshang chànggē,,A
3546,50,vi,Vietnamese,Con chim hót vào buổi sáng,,,,,A
3547,50,th,Thai,นกร้องเพลงในตอนเช้า,Nk r̂xng phelng nı txn cheā,,,,A
3548,50,id,Indonesian,Burung bernyanyi di pagi hari,,,,,A
3549,50,sw,Swahili,Ndege huimba asubuhi,,,,,A
3550,50,nl,Dutch,De vogel zingt in de ochtend,,,,,A
3551,50,pl,Polish,Ptak śpiewa rano,,,,,A
3552,50,uk,Ukrainian,Птах співає вранці,Ptakh spivaye vrantsi,,,,A
3553,50,el,Greek,Το πουλί τραγουδά το πρωί,To pulí tragoudá to proí,,,,A
3554,50,sv,Swedish,Fågeln sjunger på morgonen,,,,,A
3555,50,no,Norwegian,Fuglen synger om morgenen,,,,,A
3556,50,da,Danish,Fuglen synger om morgenen,,,,,A
3557,50,fi,Finnish,Lintu laulaa aamulla,,,,,A
3558,50,cs,Czech, Pták zpívá ráno,,,,,A
3559,50,hu,Hungarian,A madár reggel énekel,,,,,A
3560,50,ro,Romanian,Pasărea cântă dimineața,,,,,A
3561,50,bg,Bulgarian,Птицата пее сутрин,Ptitsata pee sutrin,,,,A
3562,50,sr,Serbian,Птица пева ујутру,Ptica peva ujutru,,,,A
3563,50,sk,Slovak,Vták spieva ráno,,,,,A
3564,50,sl,Slovenian,Ptič poje zjutraj,,,,,A
3565,50,lt,Lithuanian,Paukštis gieda ryte,,,,,A
3566,50,lv,Latvian,Putns dzied no rīta,,,,,A
3567,50,et,Estonian,Lind laulab hommikul,,,,,A
3568,50,he,Hebrew,הציפור שרה בבוקר,Hatsipor sharah baboker,,,,A
3569,50,ha,Hausa,Tsuntsu yana rera waƙa da safe,,,,,A
3570,50,yo,Yoruba,Ẹyẹ n kọrin ní owurọ,,,,A
3571,50,ig,Igbo,Nnụnụ na-abụ abụ n'ụtụtụ,,,,,A
3572,50,am,Amharic,ወፉ ጠዋት ይዘምራል,Weffu t'ewat yizemral,,,,A
3573,50,ti,Tigrinya,ዑፍ ንግሆ ይዝምር,ʿUf nigo yizmír,,,,A
3574,50,ne,Nepali,चरा बिहान गाउँछ,Carā bihāna gā'um̐cha,,,,A
3575,50,ta,Tamil,பறவை காலையில் பாடுகிறது,Paṟavai kālaiyil pāṭukiṟatu,,,,A
3576,50,te,Telugu,పక్షి ఉదయం పాడుతుంది,Pakṣi udayaṁ pāḍutundi,,,,A
3577,50,ml,Malayalam,പക്ഷി രാവിലെ പാടുന്നു,Pakṣi rāvile pāṭunnu,,,,A
3578,50,mr,Marathi,पक्षी सकाळी गातो,Pakṣī sakāḷī gāto,,,,A
3579,50,pa,Punjabi,ਪੰਛੀ ਸਵੇਰ ਨੂੰ ਗਾਉਂਦਾ ਹੈ,Pan̄chī saver nū gā'undā hai,,,,A
3580,50,gu,Gujarati,પક્ષી સવારે ગાય છે,Pakṣī savāre gāya che,,,,A
3581,50,si,Sinhala,කුරුල්ලා උදේ ගායනා කරයි,Kurullā udē gāyanā karayi,,,,A
3582,50,km,Khmer,បក្សីច្រៀងនៅពេលព្រឹក,Baksae chreng nov pel prük,,,,A
3583,50,is,Icelandic,Fuglinn syngur um morguninn,,,,,A
3584,50,tl,Tagalog / Filipino,Ang ibon ay umaawit sa umaga,,,,,A
3585,50,ms,Malay,Burung bernyanyi pada waktu pagi,,,,,A
3586,50,jv,Javanese,Manuk iku nembang ing esuk,,,,,A
3587,50,kk,Kazakh,Құс таңертең ән салады,Qūs tañerteñ än saladı,,,,A
3588,50,uz,Uzbek,Qush ertalab kuylaydi,,,,,A
3589,50,mn,Mongolian,Шувуу өглөө дуулдаг,Shuvuu öglöö duuldag,,,,A
3590,50,ka,Georgia,ფრინველის დილით მღერიან,Prinvelis dilit mgherian,,,,A
3591,50,hy,Armenian,Թռչունը առավոտյան երգում է,T'rrch'uny aṙavotyan yergum e,,,,A
3592,50,eu,Basbase,Txoriak goizean abesten du,,,,,A
3593,50,ca,Catalan,L'ocell canta al matí,,,,,A
3594,50,gl,Galician,O paxaro canta pola mañá,,,,,A
3595,50,ga,Irish (Gaeilge),Cantaíonn an t-éan ar maidin,,,,,A
3596,50,cy,Welsh,Mae'r aderyn yn canu yn y bore,,,,,A
3597,50,gd,Scottish Gaelic,Bidh an t-eun a' seinn sa mhadainn,,,,,A
3598,50,lb,Luxembourgish,De Vugel sangt um Moien,,,,,A
3599,50,eo,Esperanto,La birdo kantas matene,,,,,A
3600,50,la,Latin,Avis mane cantat,,,,,A
3601,51,en,English,He washes his hands before eating,,,,,A
3602,51,es,Spanish,Él se lava las manos antes de comer,,,,,A
3603,51,fr,French,Il se lave les mains avant de manger,,,,,A
3604,51,pt,Portuguese,Ele lava as mãos antes de comer,,,,,A
3605,51,de,German,Er wäscht sich die Hände vor dem Essen,,,,,A
3606,51,it,Italian,Lui si lava le mani prima di mangiare,,,,,A
3607,51,ru,Russian,Он моет руки перед едой,On moyet ruki pered yedoy,,,,A
3608,51,ar,Arabic,يغسل يديه قبل الأكل,Yaghsil yadayhi qabl al-akl,,,,A
3609,51,hi,Hindi,वह खाने से पहले अपने हाथ धोता है,Vah khāne se pahle apne hāth dhotā hai,,,,A
3610,51,bn,Bengali,সে খাওয়ার আগে তার হাত ধোয়,Se khā'ōẏāra āgē tāra hāta dhoẏa,,,,A
3611,51,ur,Urdu,وہ کھانے سے پہلے اپنے ہاتھ دھوتا ہے,Woh khāne se pahle apne hāth dhōtā hai,,,,A
3612,51,fa,Persian,او قبل از غذا خوردن دستانش را می‌شوید,U qabl az ghazā khordan dastānesh rā mīshavid,,,,A
3613,51,tr,Turkish,O, yemekten önce ellerini yıkar,,,,,A
3614,51,ja,Japanese,彼は食事の前に手を洗います,Kare wa shokuji no mae ni te o araimasu,,,,A
3615,51,ko,Korean,그는 식사 전에 손을 씻습니다,Geuneun siksa jeone soneul ssitseumnida,,,,A
3616,51,zh-cn,Mandarin (Simplified),他吃饭前洗手,,tā chīfàn qián xǐshǒu,,A
3617,51,zh-tw,Mandarin (Traditional),他吃飯前洗手,,tā chīfàn qián xǐshǒu,,A
3618,51,vi,Vietnamese,Anh ấy rửa tay trước khi ăn,,,,,A
3619,51,th,Thai,เขาล้างมือก่อนกินอาหาร,Kh̄āo l̂āng mụ̄x k̀xn kin xāh̄ār,,,,A
3620,51,id,Indonesian,Dia mencuci tangannya sebelum makan,,,,,A
3621,51,sw,Swahili,Anaosha mikono yake kabla ya kula,,,,,A
3622,51,nl,Dutch,Hij wast zijn handen voor het eten,,,,,A
3623,51,pl,Polish,On myje ręce przed jedzeniem,,,,,A
3624,51,uk,Ukrainian,Він миє руки перед їжею,Vin myye ruky pered yizheyu,,,,A
3625,51,el,Greek,Πλένει τα χέρια του πριν φάει,Plénei ta chéria tou prin fáei,,,,A
3626,51,sv,Swedish,Han tvättar sina händer före maten,,,,,A
3627,51,no,Norwegian,Han vasker hendene før han spiser,,,,,A
3628,51,da,Danish,Han vasker sine hænder før spisning,,,,,A
3629,51,fi,Finnish,Hän pesee kätensä ennen syömistä,,,,,A
3630,51,cs,Czech,Před jídlem si umyje ruce,,,,,A
3631,51,hu,Hungarian,Mos kezet evés előtt,,,,,A
3632,51,ro,Romanian,El își spală mâinile înainte de a mânca,,,,,A
3633,51,bg,Bulgarian,Той мие ръцете си преди ядене,Toj mie rătsete si predi yadene,,,,A
3634,51,sr,Serbian,Он пере руке пре јела,On pere ruke pre jela,,,,A
3635,51,sk,Slovak,Pred jedlom si umyje ruky,,,,,A
3636,51,sl,Slovenian,Pred jedjo si umije roke,,,,,A
3637,51,lt,Lithuanian,Jis prieš valgį plauna rankas,,,,,A
3638,51,lv,Latvian,Vinš pirms ēšanas mazgā rokas,,,,,A
3639,51,et,Estonian,Ta peseb enne söömist käsi,,,,,A
3640,51,he,Hebrew,הוא שוטף את ידיו לפני האכילה,Hu shotef et yadav lifney ha'akhila,,,,A
3641,51,ha,Hausa,Yana wanke hannunsa kafin ya ci abinci,,,,,A
3642,51,yo,Yoruba,Ó ń fọwọ́ rẹ̀ ṣáájú kí ó tó jẹun,,,,A
3643,51,ig,Igbo,Ọ na-asa aka ya tupu ya rie nri,,,,,A
3644,51,am,Amharic,እሱ ከመብላቱ በፊት እጁን ያጠባል,Es’u kemebilatu befīt ijin yat’ebali,,,,A
3645,51,ti,Tigrinya,ንሱ ኣብ ቅድሚ ምብላዕ ኢዱ ይሕጸብ,Nisu ab k'dimi miblə'i idu yih'seb,,,,A
3646,51,ne,Nepali,उनले खानु अघि आफ्ना हात धुन्छन्,Unle khānu aghi āphnā hāta dhunchhan,,,,A
3647,51,ta,Tamil,அவன் சாப்பிடுவதற்கு முன் கைகளை கழுவுகிறான்,Avaṉ cāppiṭuvataṟku muṉ kaikaḷai kaḻuvukiṟāṉ,,,,A
3648,51,te,Telugu,అతను తినే ముందు చేతులు కడుగుతాడు,Atanu tinē muṁdu cētulu kaḍugutāḍu,,,,A
3649,51,ml,Malayalam,അവൻ ഭക്ഷണം കഴിക്കുന്നതിന് മുമ്പ് കൈകഴുകുന്നു,Avan bhakṣaṇaṁ kaḻikkunnatin mumḃ kaikaḻukunnu,,,,A
3650,51,mr,Marathi,तो जेवण्यापूर्वी हात धुतो,To jevaṇyāpūrvī hāta dhuto,,,,A
3651,51,pa,Punjabi,ਉਹ ਖਾਣ ਤੋਂ ਪਹਿਲਾਂ ਆਪਣੇ ਹੱਥ ਧੋਂਦਾ ਹੈ,Uh khāṇa tōṁ pahilāṁ āpaṇē hatha dhōndā hai,,,,A
3652,51,gu,Gujarati,તેણે ખાવા પહેલાં તેના હાથ ધોય છે,Tēṇē khāvā pahēlāṁ tēnā hātha dhōya chē,,,,A
3653,51,si,Sinhala,ඔහු කෑමට පෙර අත සෝදයි,Ohu kǣmaṭa pera ata sōdayi,,,,A
3654,51,km,Khmer,គាត់លាងដៃមុនពេលទទួលទាន,Kat leang dai moun pel tortuol tian,,,,A
3655,51,is,Icelandic,Hann þvær hendurnar fyrir matar,,,,,A
3656,51,tl,Tagalog / Filipino,Naghuhugas siya ng kamay bago kumain,,,,,A
3657,51,ms,Malay,Dia membasuh tangannya sebelum makan,,,,,A
3658,51,jv,Javanese,Dheweke nggosok tangan sadurunge mangan,,,,,A
3659,51,kk,Kazakh,Ол тамақ ішпестен бұрын қолын жуады,Ol tamaq ıshpesten burın qolın juadı,,,,A
3660,51,uz,Uzbek,U ovqatlanishdan oldin qo'llarini yuvadi,,,,,A
3661,51,mn,Mongolian,Тэр идэхээсээ өмнө гараа угаадаг,Ter idekheese ömnö garaa ugaadag,,,,A
3662,51,ka,Georgia,ის ჭამამდე ხელებს ბანავს,Is ch'amamde khelebs banavs,,,,A
3663,51,hy,Armenian,Նա լվանում է ձեռքերը ուտելուց առաջ,Na lvanum e dzerq'erry uteluts' arraj,,,,A
3664,51,eu,Basque,Eskuak garbitzen ditu jan aurretik,,,,,A
3665,51,ca,Catalan,Es renta les mans abans de menjar,,,,,A
3666,51,gl,Galician,Lava as mans antes de comer,,,,,A
3667,51,ga,Irish (Gaeilge),Nighann sé a lámha roimh ithe,,,,,A
3668,51,cy,Welsh,Mae'n golchi ei ddwylo cyn bwyta,,,,,A
3669,51,gd,Scottish Gaelic,Bidh e a' nighe a làmhan mus ith e,,,,,A
3670,51,lb,Luxembourgish,Hie wäscht seng Hänn ier en ass,,,,,A
3671,51,eo,Esperanto,Li lavas la manojn antaŭ manĝi,,,,,A
3672,51,la,Latin,Manus lavat antequam edit,,,,,A
3673,52,en,English,We take photos during trips,,,,,A
3674,52,es,Spanish,Nosotros tomamos fotos durante los viajes,,,,,A
3675,52,fr,French,Nous prenons des photos pendant les voyages,,,,,A
3676,52,pt,Portuguese,Nós tiramos fotos durante as viagens,,,,,A
3677,52,de,German,Wir machen Fotos während der Reisen,,,,,A
3678,52,it,Italian,Noi facciamo foto durante i viaggi,,,,,A
3679,52,ru,Russian,Мы делаем фотографии во время поездок,My delayem fotografii vo vremya poyezdok,,,,A
3680,52,ar,Arabic,نحن نلتقط الصور أثناء الرحلات,Naḥnu naltaqiṭ al-ṣuwar aynama al-riḥlāt,,,,A
3681,52,hi,Hindi,हम यात्राओं के दौरान तस्वीरें लेते हैं,Ham yātrāōṁ ke daurān tasvīrēṁ lētē ha͂i,,,,A
3682,52,bn,Bengali,আমরা ভ্রমণের সময় ছবি তুলি,Āmrā bhramanēra samaẏa chabi tuli,,,,A
3683,52,ur,Urdu,ہم سفر کے دوران تصویریں لیتے ہیں,Ham safar ke daurān tasvīrēṁ lētē ha͂i,,,,A
3684,52,fa,Persian,ما در طول سفرها عکس می‌گیریم,Mā dar tul-e safar-hā aks migirim,,,,A
3685,52,tr,Turkish,Biz geziler sırasında fotoğraf çekeriz,,,,,A
3686,52,ja,Japanese,私たちは旅行中に写真を撮ります,Watashitachi wa ryokōchū ni shashin o torimasu,,,,A
3687,52,ko,Korean,우리는 여행 중에 사진을 찍습니다,Urineun yeohaeng junge sajineul jjikseumnida,,,,A
3688,52,zh-cn,Mandarin (Simplified),我们在旅行时拍照,,wǒmen zài lǚxíng shí pāizhào,,A
3689,52,zh-tw,Mandarin (Traditional),我們在旅行時拍照,,wǒmen zài lǚxíng shí pāizhào,,A
3690,52,vi,Vietnamese,Chúng tôi chụp ảnh trong các chuyến đi,,,,,A
3691,52,th,Thai,เราถ่ายรูประหว่างการเดินทาง,Rāo t̄h̀āy rūp rah̄ẁāng kār deinthāng,,,,A
3692,52,id,Indonesian,Kami mengambil foto selama perjalanan,,,,,A
3693,52,sw,Swahili,Tunapiga picha wakati wa safari,,,,,A
3694,52,nl,Dutch,Wij maken foto's tijdens reizen,,,,,A
3695,52,pl,Polish,Robimy zdjęcia podczas podróży,,,,,A
3696,52,uk,Ukrainian,Ми робимо фотографії під час поїздок,My robyмо fotohrafiyi pid chas poyizdok,,,,A
3697,52,el,Greek,Βγάζουμε φωτογραφίες κατά τη διάρκεια των ταξιδιών,Vgázoume fotografíes katá ti diárkeia ton taxidión,,,,A
3698,52,sv,Swedish,Vi tar bilder under resor,,,,,A
3699,52,no,Norwegian,Vi tar bilder under reiser,,,,,A
3700,52,da,Danish,Vi tager billeder under rejser,,,,,A
3701,52,fi,Finnish,Me otamme valokuvia matkoilla,,,,,A
3702,52,cs,Czech,Během výletů fotíme,,,,,A
3703,52,hu,Hungarian,Képeket készítünk az utazások során,,,,,A
3704,52,ro,Romanian,Noi facem fotografii în timpul călătoriilor,,,,,A
3705,52,bg,Bulgarian,Ние правим снимки по време на пътувания,Nie pravim snimki po vreme na pŭtuvaniya,,,,A
3706,52,sr,Serbian,Ми правимо фотографије током путовања,Mi pravimo fotografije tokom putovanja,,,,A
3707,52,sk,Slovak,Fotíme počas výletov,,,,,A
3708,52,sl,Slovenian,Med potovanjem delamo fotografije,,,,,A
3709,52,lt,Lithuanian,Mes fotografuojame kelionėse,,,,,A
3710,52,lv,Latvian,Mēs uzņemam fotogrāfijas ceļojumu laikā,,,,,A
3711,52,et,Estonian,Me teeme reisidel fotosid,,,,,A
3712,52,he,Hebrew,אנחנו מצלמים במהלך טיולים,Anakhnu matzlemin bemalchah tiyulim,,,,A
3713,52,ha,Hausa,Muna ɗaukar hotuna yayin tafiye-tafiye,,,,,A
3714,52,yo,Yoruba,A ń ya àwòrán nígbà ìrìn-àjò,,,,A
3715,52,ig,Igbo,Anyị na-ese foto n'oge njem,,,,,A
3716,52,am,Amharic,በጉዞዎች ወቅት ፎቶዎችን እንቀሰቅሳለን,Beguzowochi wek'it fotowochini inikesesalena,,,,A
3717,52,ti,Tigrinya,ኣብ መንገዲ ስእልታት ንስእል,Nib meghedi s'iltat nis'il,,,,A
3718,52,ne,Nepali,हामी यात्राको समयमा फोटो खिच्छौं,Hāmī yātrāko samayamā phoṭo khichchauṁ,,,,A
3719,52,ta,Tamil,நாங்கள் பயணங்களின் போது புகைப்படங்களை எடுக்கிறோம்,Nāṅkaḷ payaṇaṅkaḷiṉ pōtu pukaippaṭaṅkaḷai eṭukkiṟōm,,,,A
3720,52,te,Telugu,మేము ప్రయాణ సమయంలో ఫోటోలు తీస్తాము,Mēmu prayāṇa samayaṁlō phōṭōlu tīstāmu,,,,A
3721,52,ml,Malayalam,യാത്രകളുടെ സമയത്ത് ഞങ്ങൾ ഫോട്ടോയെടുക്കുന്നു,Yātrakaḷuṭe samayatt ñaṅṅaḷ phōṭṭōyeṭukkunnu,,,,A
3722,52,mr,Marathi,आम्ही प्रवासादरम्यान फोटो काढतो,Āmhī pravāsādaramyān phōṭō kāḍhatō,,,,A
3723,52,pa,Punjabi,ਅਸੀਂ ਯਾਤਰਾਵਾਂ ਦੌਰਾਨ ਫੋਟੋ ਖਿੱਚਦੇ ਹਾਂ,Asīṁ yātrāvāṁ daurān phōṭō khiccē hāṁ,,,,A
3724,52,gu,Gujarati,અમે પ્રવાસ દરમિયાન ફોટા ખેંચીએ છીએ,Amē pravāsa daramiyāna phōṭā khēñcī'ē chī'ē,,,,A
3725,52,si,Sinhala,අපි ගමන් අතරතුර පින්තූර ගන්නෙමු,Api gaman ataratura pintūra gannemu,,,,A
3726,52,km,Khmer,យើងថតរូបពេលធ្វើដំណើរ,Young tat rub pel thveu damnaer,,,,A
3727,52,is,Icelandic,Við tökum ljósmyndir á ferðalögum,,,,,A
3728,52,tl,Tagalog / Filipino,Kumukuha kami ng mga litrato habang naglalakbay,,,,,A
3729,52,ms,Malay,Kami mengambil gambar semasa perjalanan,,,,,A
3730,52,jv,Javanese,Kita njupuk foto nalika lelungan,,,,,A
3731,52,kk,Kazakh,Біз саяхаттарымызда фотосуреттер түсіреміз,Biz sayahattarymyzda fotoswretter túsiremiz,,,,A
3732,52,uz,Uzbek,Biz sayohatlar paytida suratga olamiz,,,,,A
3733,52,mn,Mongolian,Бид аяллын үеэр гэрэл зураг авадаг,Bid ayallyn üeer gerel zurag avadag,,,,A
3734,52,ka,Georgia,ჩვენ მოგზაურობის დროს ვიღებთ ფოტოებს,Chven mogzaurobitis dros vighebt potoebs,,,,A
3735,52,hy,Armenian,Մենք նկարում ենք ճամփորդությունների ընթացքում,Menk' nkarum enk' champ'vordut'yunneri ynt'ats'k'um,,,,A
3736,52,eu,Basque,Argazkiak ateratzen ditugu bidaien artean,,,,,A
3737,52,ca,Catalan,Fem fotos durant els viatges,,,,,A
3738,52,gl,Galician,Fotografiamos durante as viaxes,,,,,A
3739,52,ga,Irish (Gaeilge),Glacaimid grianghraif le linn taistil,,,,,A
3740,52,cy,Welsh,Rydym yn cymryd lluniau yn ystod teithiau,,,,,A
3741,52,gd,Scottish Gaelic,Bidh sinn a' togail dhealbhan nuair a tha sinn a' siubhal,,,,,A
3742,52,lb,Luxembourgish,Mir maache Fotoen wärend Rees,,,,,A
3743,52,eo,Esperanto,Ni faras fotojn dum vojaĝoj,,,,,A
3744,52,la,Latin,Imagines capimus per itinera,,,,,A
3745,53,en,English,The coffee smells fresh,,,,,A
3746,53,es,Spanish,El café huele fresco,,,,,A
3747,53,fr,French,Le café sent bon,,,,,A
3748,53,pt,Portuguese,O café cheira fresco,,,,,A
3749,53,de,German,Der Kaffee riecht frisch,,,,,A
3750,53,it,Italian,Il caffè profuma di fresco,,,,,A
3751,53,ru,Russian,Кофе пахнет свежим,Kofe pakhnet svezhim,,,,A
3752,53,ar,Arabic,القهوة رائحتها طازجة,Al-qahwa rā'iḥatuha tāzija,,,,A
3753,53,hi,Hindi,कॉफी ताज़ा महकती है,Kāphī tāzā mahaktī hai,,,,A
3754,53,bn,Bengali,কফি টাটকা গন্ধ ছড়ায়,Kaphi ṭāṭakā gandha chaṛāẏa,,,,A
3755,53,ur,Urdu,کافی کی تازہ مہک ہے,Kāfī kī tāzah mehak hai,,,,A
3756,53,fa,Persian,قهوه بوی تازه می‌دهد,Qahveh bū-ye tāze midehad,,,,A
3757,53,tr,Turkish,Kahve taze kokuyor,,,,,A
3758,53,ja,Japanese,コーヒーは新鮮な香りがします,Kōhī wa shinsen na kaori ga shimasu,,,,A
3759,53,ko,Korean,커피가 신선한 냄새가 납니다,Keopiga sinseonhan naemsaega namnida,,,,A
3760,53,zh-cn,Mandarin (Simplified),咖啡闻起来很新鲜,,kāfēi wén qǐlái hěn xīnxiān,,A
3761,53,zh-tw,Mandarin (Traditional),咖啡聞起來很新鮮,,kāfēi wén qǐlái hěn xīnxiān,,A
3762,53,vi,Vietnamese,Cà phê có mùi thơm tươi,,,,,A
3763,53,th,Thai,กาแฟมีกลิ่นหอมสดชื่น,Kāfæ mī kļin h̄xm s̄dc̄hụ̄̂n,,,,A
3764,53,id,Indonesian,Kopinya berbau segar,,,,,A
3765,53,sw,Swahili,Kahawa hunukia kunukia,,,,,A
3766,53,nl,Dutch,De koffie ruikt vers,,,,,A
3767,53,pl,Polish,Kawa pachnie świeżo,,,,,A
3768,53,uk,Ukrainian,Кава пахне свіжо,Kava pakhne svizho,,,,A
3769,53,el,Greek,Ο καφές μυρίζει φρέσκος,O kafés myrízei fréskos,,,,A
3770,53,sv,Swedish,Kaffet luktar färskt,,,,,A
3771,53,no,Norwegian,Kaffen lukter fersk,,,,,A
3772,53,da,Danish,Kaffen dufter frisk,,,,,A
3773,53,fi,Finnish,Kahvi tuoksuu tuoreelta,,,,,A
3774,53,cs,Czech,Káva voní čerstvě,,,,,A
3775,53,hu,Hungarian,A kávé friss illatú,,,,,A
3776,53,ro,Romanian,Cafeaua miroase proaspătă,,,,,A
3777,53,bg,Bulgarian,Кафето мирише свежо,Kafeto mirishe svezho,,,,A
3778,53,sr,Serbian,Кафа мирише свеже,Kafa mirishe sveže,,,,A
3779,53,sk,Slovak,Káva vonia čerstvo,,,,,A
3780,53,sl,Slovenian,Kava diši sveže,,,,,A
3781,53,lt,Lithuanian,Kava kvepia šviežiai,,,,,A
3782,53,lv,Latvian,Kafija smaržo svaigi,,,,,A
3783,53,et,Estonian,Kohv lõhnab värskelt,,,,,A
3784,53,he,Hebrew,הקפה מריח טרי,Ha'kafe meri'ach tari,,,,A
3785,53,ha,Hausa,Kofi yana kamshi da sabo,,,,,A
3786,53,yo,Yoruba,Kofi fura tuntun,,,,A
3787,53,ig,Igbo,Kọfị na-esi ísì ọhụrụ,,,,,A
3788,53,am,Amharic,ቡናው ትኩስ መልሶ ነው,Bunaw tikus meliso new,,,,A
3789,53,ti,Tigrinya,ቡን ሽሓን ይንፈስ,Bun shhan yinfes,,,,A
3790,53,ne,Nepali,कफी ताजा सुगन्ध आउँछ,Kaphī tājā sugandha ā'um̐cha,,,,A
3791,53,ta,Tamil,காபி புதிய வாசனை வீசுகிறது,Kāpi putiya vācaṉai vīcukiṟatu,,,,A
3792,53,te,Telugu,కాఫీ తాజాగా వాసన వస్తుంది,Kāphī tājāgā vāsana vastundi,,,,A
3793,53,ml,Malayalam,കാപ്പി പുതിയ മണം വീശുന്നു,Kāppi putiya maṇaṁ vīśunnu,,,,A
3794,53,mr,Marathi,कॉफीचा ताजा वास येतो,Kŏphīcā tājā vāsa yēto,,,,A
3795,53,pa,Punjabi,ਕਾਫੀ ਤਾਜ਼ੀ ਖੁਸ਼ਬੂ ਆਉਂਦੀ ਹੈ,Kāphī tāzī khuśabū ā'undī hai,,,,A
3796,53,gu,Gujarati,કૉફી તાજી સુગંધ આવે છે,Kŏphī tājī sugaṁdha āvē chē,,,,A
3797,53,si,Sinhala,කෝපි එළි සුවඳක් දරයි,Kōpi eḷi suvaṇdak darayi,,,,A
3798,53,km,Khmer,កាហ្វេមានក្លិនស្រស់,Kahve mean klen sras,,,,A
3799,53,is,Icelandic,Kaffið lykur ferskt,,,,,A
3800,53,tl,Tagalog / Filipino,Ang kape ay mabango,,,,,A
3801,53,ms,Malay,Kopi berbau segar,,,,,A
3802,53,jv,Javanese,Kopi mambu seger,,,,,A
3803,53,kk,Kazakh,Кофе жаңа иіс шығарады,Kofe jaña iis şyğarady,,,,A
3804,53,uz,Uzbek,Qahva yangi hid chiqaradi,,,,,A
3805,53,mn,Mongolian,Кофены үнэр шинэхэн,Kofeny üner shinekhen,,,,A
3806,53,ka,Georgia,ყავას აქვს ახალი სუნი,Q'avas akvs akhali suni,,,,A
3807,53,hy,Armenian,Սուրճը թարմ հոտ է գալիս,Surjë t'arm hot e galis,,,,A
3808,53,eu,Basque,Kafeak fresko usaina du,,,,,A
3809,53,ca,Catalan,El café fa olor de fresc,,,,,A
3810,53,gl,Galician,O café cheira fresco,,,,,A
3811,53,ga,Irish (Gaeilge),Tá boladh úr ar an gcaife,,,,,A
3812,53,cy,Welsh,Mae'r coffi'n arogli'n ffres,,,,,A
3813,53,gd,Scottish Gaelic,Tha an cofaidh a' fàileadh ùr,,,,,A
3814,53,lb,Luxembourgish,De Kaffi riecht frësch,,,,,A
3815,53,eo,Esperanto,La kafo odoras freŝan,,,,,A
3816,53,la,Latin,Coffea recentem olfacit,,,,,A
3817,54,en,English,I keep my keys in my pocket,,,,,A
3818,54,es,Spanish,Guardo mis llaves en mi bolsillo,,,,,A
3819,54,fr,French,Je garde mes clés dans ma poche,,,,,A
3820,54,pt,Portuguese,Guardo minhas chaves no bolso,,,,,A
3821,54,de,German,Ich halte meine Schlüssel in der Tasche,,,,,A
3822,54,it,Italian,Tengo le mie chiavi in tasca,,,,,A
3823,54,ru,Russian,Я храню ключи в кармане,Ya khranyu klyuchi v karmane,,,,A
3824,54,ar,Arabic,أحتفظ بمفاتيحي في جيبي,Aḥtafiẓ bi-mafātīḥī fī jaybī,,,,A
3825,54,hi,Hindi,मैं अपनी चाबियाँ अपनी जेब में रखता हूँ,Main apnī chābiyā̃ apnī jeb mẽ rakhtā hū̃,,,,A
3826,54,bn,Bengali,আমি আমার চাবি আমার পকেটে রাখি,Āmi āmāra cābi āmāra pōkēṭē rākhi,,,,A
3827,54,ur,Urdu,میں اپنی چابی اپنی جیب میں رکھتا ہوں,Main apnī chābī apnī jeb mẽ rakhtā hū̃,,,,A
3828,54,fa,Persian,کلیدهایم را در جیبم نگه می‌دارم,Kelid-hāyam rā dar jibam negah midāram,,,,A
3829,54,tr,Turkish,Anahtarlarımı cebimde tutarım,,,,,A
3830,54,ja,Japanese,私は鍵をポケットに入れておきます,Watashi wa kagi o poketto ni irete okimasu,,,,A
3831,54,ko,Korean,저는 열쇠를 주머니에 보관합니다,Jeoneun yeolsoereul jumeonie bogwanhamnida,,,,A
3832,54,zh-cn,Mandarin (Simplified),我把钥匙放在口袋里,,wǒ bǎ yàoshi fàng zài kǒudài lǐ,,A
3833,54,zh-tw,Mandarin (Traditional),我把鑰匙放在口袋裡,,wǒ bǎ yàoshi fàng zài kǒudài lǐ,,A
3834,54,vi,Vietnamese,Tôi giữ chìa khóa trong túi,,,,,A
3835,54,th,Thai,ฉันเก็บกุญแจไว้ในกระเป๋าของฉัน,Ch̄ản keb kuncæ wị̂ nı krap̂ā k̄hxng c̄hạn,,,,A
3836,54,id,Indonesian,Saya menyimpan kunci saya di saku,,,,,A
3837,54,sw,Swahili,Ninaweka funguo zangu mfukoni,,,,,A
3838,54,nl,Dutch,Ik bewaar mijn sleutels in mijn zak,,,,,A
3839,54,pl,Polish,Trzymam swoje klucze w kieszeni,,,,,A
3840,54,uk,Ukrainian,Я тримаю свої ключі в кишені,Ya trymayu svoyi klyuchi v kysheni,,,,A
3841,54,el,Greek,Κρατάω τα κλειδιά μου στην τσέπη,Kratáo ta kleidiá mou stin tsépi,,,,A
3842,54,sv,Swedish,Jag förvarar mina nycklar i fickan,,,,,A
3843,54,no,Norwegian,Jeg holder nøklene mine i lommen,,,,,A
3844,54,da,Danish,Jeg holder mine nøgler i lommen,,,,,A
3845,54,fi,Finnish,Pidän avaimeni taskussani,,,,,A
3846,54,cs,Czech,Schovávám si klíče v kapse,,,,,A
3847,54,hu,Hungarian,A kulcsaimat a zsebemben tartom,,,,,A
3848,54,ro,Romanian,Îmi țin cheile în buzunar,,,,,A
3849,54,bg,Bulgarian,Държа ключовете си в джоба,Dŭrzha klyuchovete si v dzhoba,,,,A
3850,54,sr,Serbian,Држим кључеве у џепу,Držim ključeve u džepu,,,,A
3851,54,sk,Slovak,Držím svoje kľúče vo vrecku,,,,,A
3852,54,sl,Slovenian,Ključe hranim v žepu,,,,,A
3853,54,lt,Lithuanian,Aš laikau raktus kišenėje,,,,,A
3854,54,lv,Latvian,Es turu savas atslēgas kabatā,,,,,A
3855,54,et,Estonian,Ma hoian oma võtmeid taskus,,,,,A
3856,54,he,Hebrew,אני שומר את המפתחות שלי בכיס,Ani shomer et hamaftehot sheli bekis,,,,A
3857,54,ha,Hausa,Ina ajiye makullina a aljihuna,,,,,A
3858,54,yo,Yoruba,Mo ń fipamọ́ ẹ̀yìn mi nínú àpò mi,,,,A
3859,54,ig,Igbo,Ana m edobe igodo m n'akpa m,,,,,A
3860,54,am,Amharic,መክፈቻዎቼን በጀቤ እጠብቃለሁ,Mekifichawocheni bejebē it'ebik'alehu,,,,A
3861,54,ti,Tigrinya,ኣነ መፍትሕይ ኣብ ጁባይ እዕቅቦ,Ana meftihy ab jubay e'iqbo,,,,A
3862,54,ne,Nepali,म आफ्नो चाबी झोलामा राख्छु,Ma āphnō cābī jhōlāmā rākhchu,,,,A
3863,54,ta,Tamil,என் சாவிகளை என் பையில் வைத்திருக்கிறேன்,Eṉ cāvikaḷai eṉ paiyil vaittirukkiṟēṉ,,,,A
3864,54,te,Telugu,నేను నా కీలను నా జేబులో ఉంచుతున్నాను,Nēnu nā kīlanu nā jēbulō uñcutunnānu,,,,A
3865,54,ml,Malayalam,ഞാൻ എന്റെ കീകൾ എന്റെ പോക്കറ്റിൽ സൂക്ഷിക്കുന്നു,Ñān enṟe kīkaḷ enṟe pōkkaṟṟil sūkṣikkunnu,,,,A
3866,54,mr,Marathi,मी माझ्या चाव्या माझ्या खिशात ठेवतो,Mī mājhyā cāvyā mājhyā khiśāta ṭhēvatō,,,,A
3867,54,pa,Punjabi,ਮੈਂ ਆਪਣੀਆਂ ਚਾਬੀਆਂ ਆਪਣੀ ਜੇਬ ਵਿੱਚ ਰੱਖਦਾ ਹਾਂ,Maiṁ āpaṇī'āṁ cābī'āṁ āpaṇī jēb vica rakhadā hāṁ,,,,A
3868,54,gu,Gujarati,હું મારી ચાવી મારા ખિસ્સામાં રાખું છું,Huṁ mārī cāvī mārā khissāmāṁ rākhuṁ chuṁ,,,,A
3869,54,si,Sinhala,මම මගේ යතුරු මගේ පොකට් එකේ තබමි,Mama magē yaturu magē pokaṭ ekē tabami,,,,A
3870,54,km,Khmer,ខ្ញុំដាក់កូនសោរខ្ញុំនៅក្នុងហោប៉ៅ,Khnhom dak kaun saor khnhom nov knong haobaw,,,,A
3871,54,is,Icelandic,Ég geymi lyklana mína í vasanum,,,,,A
3872,54,tl,Tagalog / Filipino,Iniingatan ko ang aking mga susi sa aking bulsa,,,,,A
3873,54,ms,Malay,Saya menyimpan kunci saya di dalam poket,,,,,A
3874,54,jv,Javanese,Aku nyimpen kunci ing kanthong,,,,,A
3875,54,kk,Kazakh,Мен кілттерімді жәшікте сақтаймын,Men kılttterimdi jäşıkte saqtaymın,,,,A
3876,54,uz,Uzbek,Men kalitlarimni cho'ntagimda saqlayman,,,,,A
3877,54,mn,Mongolian,Би түлхүүрээ халаасандаа хадгалдаг,Bi tülkhüüree khalaasandaa khadgaldag,,,,A
3878,54,ka,Georgia,მე ჩემ გასაღებებს ჯიბეში ვინახავ,Me chem gasaghebebs jibeshi vinakh'av,,,,A
3879,54,hy,Armenian,Ես պահում եմ իմ բանալիները գրպանում,Yes pahum em im banalinery grpanum,,,,A
3880,54,eu,Basuse,Giltzak poltsikoan gordetzen ditut,,,,,A
3881,54,ca,Catalan,Guardo les meves claus a la butxaca,,,,,A
3882,54,gl,Galician,Gardo as miñas chaves no peto,,,,,A
3883,54,ga,Irish (Gaeilge),Coinním mo chuid eochracha i mo phóca,,,,,A
3884,54,cy,Welsh,Rwy'n cadw fy allweddi yn fy mhoced,,,,,A
3885,54,gd,Scottish Gaelic,Bidh mi a' cumail mo iuchraichean nam phòcaid,,,,,A
3886,54,lb,Luxembourgish,Ech hal meng Schlësselen an menger Täsch,,,,,A
3887,54,eo,Esperanto,Mi tenas miajn ŝlosilojn en mia poŝo,,,,,A
3888,54,la,Latin,Claves meas in sinu servo,,,,,A
3889,55,en,English,She chooses a red dress,,,,,A
3890,55,es,Spanish,Ella elige un vestido rojo,,,,,A
3891,55,fr,French,Elle choisit une robe rouge,,,,,A
3892,55,pt,Portuguese,Ela escolhe um vestido vermelho,,,,,A
3893,55,de,German,Sie wählt ein rotes Kleid,,,,,A
3894,55,it,Italian,Lei sceglie un vestito rosso,,,,,A
3895,55,ru,Russian,Она выбирает красное платье,Ona vybirayet krasnoye plat'ye,,,,A
3896,55,ar,Arabic,هي تختار فستان أحمر,Hiya takhtāru fustān aḥmar,,,,A
3897,55,hi,Hindi,वह एक लाल ड्रेस चुनती है,Vah ek lāl ḍres chuntī hai,,,,A
3898,55,bn,Bengali,সে একটি লাল পোশাক বেছে নেয়,Se ēkaṭi lāla pōśāka bēchā nēẏa,,,,A
3899,55,ur,Urdu,وہ ایک سرخ لباس منتخب کرتی ہے,Woh ek surkh libās muntakhib kartī hai,,,,A
3900,55,fa,Persian,او یک لباس قرمز انتخاب می‌کند,U yek lebās-e qermez entekhāb mikonad,,,,A
3901,55,tr,Turkish,O, kırmızı bir elbise seçer,,,,,A
3902,55,ja,Japanese,彼女は赤いドレスを選びます,Kanojo wa akai doresu o erabimasu,,,,A
3903,55,ko,Korean,그녀는 빨간 드레스를 고릅니다,Geunyeoneun ppalgan deureseul goreumnida,,,,A
3904,55,zh-cn,Mandarin (Simplified),她选了一条红色的裙子,,tā xuǎn le yī tiáo hóngsè de qúnzi,,A
3905,55,zh-tw,Mandarin (Traditional),她選了一條紅色的裙子,,tā xuǎn le yī tiáo hóngsè de qúnzi,,A
3906,55,vi,Vietnamese,Cô ấy chọn một chiếc váy đỏ,,,,,A
3907,55,th,Thai,เธอเลือกชุดสีแดง,Thoe leụ̄xk chut s̄ī dæng,,,,A
3908,55,id,Indonesian,Dia memilih gaun merah,,,,,A
3909,55,sw,Swahili,Anachagua gauni nyekundu,,,,,A
3910,55,nl,Dutch,Zij kiest een rode jurk,,,,,A
3911,55,pl,Polish,Ona wybiera czerwoną sukienkę,,,,,A
3912,55,uk,Ukrainian,Вона обирає червону сукню,Vona obraye chervonu suknyu,,,,A
3913,55,el,Greek,Επιλέγει ένα κόκκινο φόρεμα,Epilégei éna kókkino fórema,,,,A
3914,55,sv,Swedish,Hon väljer en röd klänning,,,,,A
3915,55,no,Norwegian,Hun velger en rød kjole,,,,,A
3916,55,da,Danish,Hun vælger en rød kjole,,,,,A
3917,55,fi,Finnish,Hän valitsee punaisen mekon,,,,,A
3918,55,cs,Czech,Vybere si červené šaty,,,,,A
3919,55,hu,Hungarian,Vörös ruhát választ,,,,,A
3920,55,ro,Romanian,Ea alege o rochie roșie,,,,,A
3921,55,bg,Bulgarian,Тя избира червена рокля,Tya izbira chervena roklya,,,,A
3922,55,sr,Serbian,Она бира црвену хаљину,Ona bira crvenu haljinu,,,,A
3923,55,sk,Slovak,Vyberá si červené šaty,,,,,A
3924,55,sl,Slovenian,Izbere rdečo obleko,,,,,A
3925,55,lt,Lithuanian,Ji pasirenka raudoną suknelę,,,,,A
3926,55,lv,Latvian,Viņa izvēlas sarkanu kleitu,,,,,A
3927,55,et,Estonian,Ta valib punase kleidi,,,,,A
3928,55,he,Hebrew,היא בוחרת שמלה אדומה,Hi boheret simlah adumah,,,,A
3929,55,ha,Hausa,Tana zaɓar riga ja,,,,,A
3930,55,yo,Yoruba,Ó ń yan aṣọ pupa,,,,A
3931,55,ig,Igbo,Ọ na-ahọrọ uwe na-acha ọbara ọbara,,,,,A
3932,55,am,Amharic,እሷ ቀይ አልባሳት ትመርጣለች,Es'wa k'ey ālibasat timert'aletsh,,,,A
3933,55,ti,Tigrinya,ንሳ ሓምሊ ክዳን ትመርጽ,Nisa hamli k'dan timerits',,,,,A
3934,55,ne,Nepali,उनले रातो पोशाक छान्छिन्,Unle rāto pōśāka chhānchin,,,,A
3935,55,ta,Tamil,அவள் ஒரு சிவப்பு உடையை தேர்ந்தெடுக்கிறாள்,Avaḷ oru civappu uṭaiyai tērnteṭukkiṟāḷ,,,,A
3936,55,te,Telugu,ఆమె ఎరుపు దుస్తును ఎన్నుకుంటుంది,Āme erupu dustunu ennikuntuṇṭi,,,,A
3937,55,ml,Malayalam,അവൾ ഒരു ചുവന്ന വസ്ത്രം തിരഞ്ഞെടുക്കുന്നു,Avaḷ oru chuvanna vastraṁ tiraññeṭukkunnu,,,,A
3938,55,mr,Marathi,ती एक लाल ड्रेस निवडते,Tī ēka lāla ḍrēsa nivaḍatē,,,,A
3939,55,pa,Punjabi,ਉਹ ਇੱਕ ਲਾਲ ਪਹਿਰਾਵਾ ਚੁਣਦੀ ਹੈ,Uh ika lāla pahirāvā cuṇdī hai,,,,A
3940,55,gu,Gujarati,તેણી લાલ ડ્રેસ પસંદ કરે છે,Tēṇī lāla ḍrēsa pasaṁda karē chē,,,,A
3941,55,si,Sinhala,ඇය රතු ඇඳුමක් තෝරා ගනී,Æya ratu æṇumak tōrā ganī,,,,A
3942,55,km,Khmer,នាងជ្រើសរើសសំលៀកបំពាក់ពណ៌ក្រហម,Neang chroeusa roeusa samliak bampaek poar kraham,,,,A
3943,55,is,Icelandic,Hún velur rauða kjól,,,,,A
3944,55,tl,Tagalog / Filipino,Nagpili siya ng pulang damit,,,,,A
3945,55,ms,Malay,Dia memilih gaun merah,,,,,A
3946,55,jv,Javanese,Dheweke milih klambi abang,,,,,A
3947,55,kk,Kazakh,Ол қызыл көйлек таңдайды,Ol qyzıl köılek tañdaıdy,,,,A
3948,55,uz,Uzbek,U qizil ko'ylak tanlaydi,,,,,A
3949,55,mn,Mongolian,Тэр улаан даашинз сонгодог,Ter ulaan daashinz songodog,,,,A
3950,55,ka,Georgia,ის წითელ კაბას ირჩევს,Is ts'itel k'abas irchevs,,,,A
3951,55,hy,Armenian,Նա կարմիր զգեստ է ընտրում,Na karmir zgest e yntrum,,,,A
3952,55,eu,Basque,Soineko gorri bat aukeratzen du,,,,,A
3953,55,ca,Catalan,Ella tria un vestit vermell,,,,,A
3954,55,gl,Galician,Ela escolle un vestido vermello,,,,,A
3955,55,ga,Irish (Gaeilge),Roghnaíonn sí gúna dearg,,,,,A
3956,55,cy,Welsh,Mae hi'n dewis ffrog goch,,,,,A
3957,55,gd,Scottish Gaelic,Bidh i a' taghadh dreasa dhearg,,,,,A
3958,55,lb,Luxembourgish,Si wielt e roude Kleed,,,,,A
3959,55,eo,Esperanto,Ŝi elektas ruĝan robon,,,,,A
3960,55,la,Latin,Praetextam rubram eligit,,,,,A
3961,56,en,English,The road is quiet at night,,,,,A
3962,56,es,Spanish,La carretera está tranquila por la noche,,,,,A
3963,56,fr,French,La route est calme la nuit,,,,,A
3964,56,pt,Portuguese,A estrada é silenciosa à noite,,,,,A
3965,56,de,German,Die Straße ist nachts ruhig,,,,,A
3966,56,it,Italian,La strada è tranquilla di notte,,,,,A
3967,56,ru,Russian,Дорога ночью тихая,Doroga noch'yu tikhaya,,,,A
3968,56,ar,Arabic,الطريق هادئ ليلاً,Al-ṭarīq hādi' laylan,,,,A
3969,56,hi,Hindi,रात में सड़क शांत होती है,Rāt mẽ saṛak śānt hotī hai,,,,A
3970,56,bn,Bengali,রাস্তা রাতে শান্ত,Rāstā rātē śānta,,,,A
3971,56,ur,Urdu,رات کو سڑک خاموش ہوتی ہے,Rāt ko saṛak khāmōsh hotī hai,,,,A
3972,56,fa,Persian,جاده شبها آرام است,Jādde shabhā ārām ast,,,,A
3973,56,tr,Turkish,Yol geceleyin sakindir,,,,,A
3974,56,ja,Japanese,夜の道は静かです,Yoru no michi wa shizuka desu,,,,A
3975,56,ko,Korean,밤에는 길이 조용합니다,Bam-eneun giri joyonghamnida,,,,A
3976,56,zh-cn,Mandarin (Simplified),夜晚的路上很安静,,yèwǎn de lùshàng hěn ānjìng,,A
3977,56,zh-tw,Mandarin (Traditional),夜晚的路上很安靜,,yèwǎn de lùshàng hěn ānjìng,,A
3978,56,vi,Vietnamese,Con đường yên tĩnh vào ban đêm,,,,,A
3979,56,th,Thai,ถนนเงียบในตอนกลางคืน,T̄hnn ngeīyb nı txn klāngkhụ̄n,,,,A
3980,56,id,Indonesian,Jalan sepi di malam hari,,,,,A
3981,56,sw,Swahili,Barabara ni kimya usiku,,,,,A
3982,56,nl,Dutch,De weg is 's nachts rustig,,,,,A
3983,56,pl,Polish,Droga nocą jest spokojna,,,,,A
3984,56,uk,Ukrainian,Дорога вночі тиха,Doroha vnochi tykha,,,,A
3985,56,el,Greek,Ο δρόμος είναι ήσυχος τη νύχτα,O drómos eínai ísychos ti nýchta,,,,A
3986,56,sv,Swedish,Vägen är tyst på natten,,,,,A
3987,56,no,Norwegian,Veien er stille om natten,,,,,A
3988,56,da,Danish,Vejen er stille om natten,,,,,A
3989,56,fi,Finnish,Tie on hiljainen yöllä,,,,,A
3990,56,cs,Czech,Silnice je v noci tichá,,,,,A
3991,56,hu,Hungarian,Az út csendes éjjel,,,,,A
3992,56,ro,Romanian,Drumul este liniștit noaptea,,,,,A
3993,56,bg,Bulgarian,Пътят е тих през нощта,Pŭtyat e tikh prez noshtta,,,,A
3994,56,sr,Serbian,Пут је тих ноћу,Put je tih noću,,,,A
3995,56,sk,Slovak,Cesta je v noci tichá,,,,,A
3996,56,sl,Slovenian,Cesta je ponoči mirna,,,,,A
3997,56,lt,Lithuanian,Kelias naktį ramus,,,,,A
3998,56,lv,Latvian,Ceils naktī ir mierīgs,,,,,A
3999,56,et,Estonian,Tee on öösel vaikne,,,,,A
4000,56,he,Hebrew,הדרך שקטה בלילה,Haderekh sheketah balaylah,,,,A
4001,56,ha,Hausa,Hanyar tana shiru da daddare,,,,,A
4002,56,yo,Yoruba,Ọnà náà dúró sílẹ̀ ní alẹ́,,,,A
4003,56,ig,Igbo,Ụzọ ahụ dị jụụ n'abalị,,,,,A
4004,56,am,Amharic,መንገዱ ሌሊት ጸጥ ያለ ነው,Menigedu lēlīt sit’i yale new,,,,A
4005,56,ti,Tigrinya,መንገዲ ብለይቲ ስቕ እዩ,Mengedey bleyti sq' iyu,,,,A
4006,56,ne,Nepali,राती बाटो शान्त हुन्छ,Rātī bāṭo śānta huncha,,,,A
4007,56,ta,Tamil,இரவில் சாலை அமைதியாக இருக்கிறது,Iravil cālai amaitiyāka irukkiṟatu,,,,A
4008,56,te,Telugu,రాత్రి సమయంలో రోడ్డు ప్రశాంతంగా ఉంటుంది,Rātri samayaṁlō rōḍḍu praśāntaṁgā uṇṭundi,,,,A
4009,56,ml,Malayalam,രാത്രിയിൽ റോഡ് നിശ്ശബ്ദമാണ്,Rātriyil ṟōḍ niśśabdamāṇ,,,,A
4010,56,mr,Marathi,रात्री रस्ता शांत असतो,Rātrī rastā śānta asto,,,,A
4011,56,pa,Punjabi,ਰਾਤ ਨੂੰ ਸੜਕ ਸ਼ਾਂਤ ਹੁੰਦੀ ਹੈ,Rāt nūṁ saṛak śānt hundī hai,,,,A
4012,56,gu,Gujarati,રાત્રે રસ્તો શાંત હોય છે,Rātrē rasto śānt hōya chē,,,,A
4013,56,si,Sinhala,රාත්රියේ පාර සුසුම්ලනු ඇත,Rātriyē pāra susumlanu æta,,,,A
4014,56,km,Khmer,ផ្លូវស្ងប់នៅពេលយប់,Phlov sngap nov pel yob,,,,A
4015,56,is,Icelandic,Göturnar eru kyrrar um nætur,,,,,A
4016,56,tl,Tagalog / Filipino,Tahimik ang daan sa gabi,,,,,A
4017,56,ms,Malay,Jalan itu sunyi pada waktu malam,,,,,A
4018,56,jv,Javanese,Dalan sepi ing wengi,,,,,A
4019,56,kk,Kazakh,Түнде жол тыныш,Tünde jol tynyş,,,,A
4020,56,uz,Uzbek,Tunda yo'l jim,,,,,A
4021,56,mn,Mongolian,Шөнө гудамж тайван байдаг,Shönö gudamj taivan baidag,,,,A
4022,56,ka,Georgia,ღამით გზა მშვიდია,Ghamit gza mshvidia,,,,A
4023,56,hy,Armenian,Ճանապարհը գիշերը հանգիստ է,Chanaparhy gishery hangist e,,,,A
4024,56,eu,Basque,Gauez errepidea lasaia da,,,,,A
4025,56,ca,Catalan,La carretera és tranquila a la nit,,,,,A
4026,56,gl,Galician,A estrada está tranquila de noite,,,,,A
4027,56,ga,Irish (Gaeilge),Tá an bóthar ciúin san oíche,,,,,A
4028,56,cy,Welsh,Mae'r ffordd yn dawel yn y nos,,,,,A
4029,56,gd,Scottish Gaelic,Tha an rathad sàmhach air an oidhche,,,,,A
4030,56,lb,Luxembourgish,D'Strooss ass roueg an der Nuecht,,,,,A
4031,56,eo,Esperanto,La vojo estas kvieta nokte,,,,,A
4032,56,la,Latin,Via nocte quieta est,,,,,A
4033,57,en,English,He checks his email every day,,,,,A
4034,57,es,Spanish,Él revisa su correo electrónico todos los días,,,,,A
4035,57,fr,French,Il vérifie ses e-mails tous les jours,,,,,A
4036,57,pt,Portuguese,Ele verifica seu e-mail todos os dias,,,,,A
4037,57,de,German,Er checkt seine E-Mails jeden Tag,,,,,A
4038,57,it,Italian,Controlla la sua email ogni giorno,,,,,A
4039,57,ru,Russian,Он проверяет свою электронную почту каждый день,On proveryayet svoyu elektronnuyu pochtu kazhdyy den',,,,A
4040,57,ar,Arabic,يتفقد بريده الإلكتروني كل يوم,Yatafaqqadu barīdahu al-iliktrūnī kulla yawm,,,,A
4041,57,hi,Hindi,वह हर दिन अपना ईमेल चेक करता है,Vah har din apnā īmēl cēk kartā hai,,,,A
4042,57,bn,Bengali,সে প্রতিদিন তার ইমেইল চেক করে,Se pratidina tāra imē'ila cēka karē,,,,A
4043,57,ur,Urdu,وہ ہر روز اپنا ای میل چیک کرتا ہے,Woh har rōz apnā ē mēl cēk kartā hai,,,,A
4044,57,fa,Persian,او هر روز ایمیلش را چک می‌کند,U har rūz īmīlesh rā chek mikonad,,,,A
4045,57,tr,Turkish,Her gün e-postasını kontrol eder,,,,,A
4046,57,ja,Japanese,彼は毎日メールをチェックします,Kare wa mainichi mēru o chekku shimasu,,,,A
4047,57,ko,Korean,그는 매일 이메일을 확인합니다,Geuneun maeil imeireul hwaginhamnida,,,,A
4048,57,zh-cn,Mandarin (Simplified),他每天查看电子邮件,,tā měitiān chákàn diànzǐ yóujiàn,,A
4049,57,zh-tw,Mandarin (Traditional),他每天查看電子郵件,,tā měitiān chákàn diànzǐ yóujiàn,,A
4050,57,vi,Vietnamese,Anh ấy kiểm tra email mỗi ngày,,,,,A
4051,57,th,Thai,เขาเช็คอีเมลทุกวัน,Khāo chek xī mel thuk wạn,,,,A
4052,57,id,Indonesian,Dia memeriksa emailnya setiap hari,,,,,A
4053,57,sw,Swahili,Anachungua barua pepe yake kila siku,,,,,A
4054,57,nl,Dutch,Hij checkt zijn e-mail elke dag,,,,,A
4055,57,pl,Polish,On sprawdza swój e-mail codziennie,,,,,A
4056,57,uk,Ukrainian,Він перевіряє свою електронну пошту щодня,Vin pereviryaye svoyu elektronnu poshtu shchodnya,,,,A
4057,57,el,Greek,Ελέγχει το email του κάθε μέρα,Elénchei to email tou káthe méra,,,,A
4058,57,sv,Swedish,Han kollar sin e-post varje dag,,,,,A
4059,57,no,Norwegian,Han sjekker e-posten sin hver dag,,,,,A
4060,57,da,Danish,Han tjekker sin e-mail hver dag,,,,,A
4061,57,fi,Finnish,Hän tarkistaa sähköpostinsa joka päivä,,,,,A
4062,57,cs,Czech,Každý den kontroluje svůj e-mail,,,,,A
4063,57,hu,Hungarian,Minden nap ellenőrzi az e-mailjét,,,,,A
4064,57,ro,Romanian,El își verifică e-mailul în fiecare zi,,,,,A
4065,57,bg,Bulgarian,Той проверява имейла си всеки ден,Toj proveryava imeyla si vseki den,,,,A
4066,57,sr,Serbian,Он проверава свој е-мејл сваки дан,On proverava svoj e-mejl svaki dan,,,,A
4067,57,sk,Slovak,Každý deň kontroluje svoj e-mail,,,,,A
4068,57,sl,Slovenian,Vsak dan preveri svoj e-poštni predal,,,,,A
4069,57,lt,Lithuanian,Jis kasdien tikrina savo el. paštą,,,,,A
4070,57,lv,Latvian,Vinš katru dienu pārbauda savu e-pastu,,,,,A
4071,57,et,Estonian,Ta kontrollib oma e-posti iga päev,,,,,A
4072,57,he,Hebrew,הוא בודק את האימייל שלו כל יום,Hu bodek et ha-imayil shelo kol yom,,,,A
4073,57,ha,Hausa,Yana duba imel ɗinsa kowace rana,,,,,A
4074,57,yo,Yoruba,Ó ń ṣàpèjúwe imeeli rẹ̀ lójoojúmọ́,,,,A
4075,57,ig,Igbo,Ọ na-enyocha email ya kwa ụbọchị,,,,,A
4076,57,am,Amharic,እሱ የኢሜሉን በየቀኑ ያረጋግጣል,Es’u ye’īmēluni beyek’enut yaregagit’ali,,,,A
4077,57,ti,Tigrinya,ንሱ ኢመይሉ መዓልታዊ ይርገጸሉ,Nisu imeylu me‘ilitawi yirgets'elu,,,,A
4078,57,ne,Nepali,उनले हरेक दिन आफ्नो इमेल जाँच्छन्,Unle hareka dina āphnō imēla jām̐chchan,,,,A
4079,57,ta,Tamil,அவன் தினமும் தனது மின்னஞ்சலைச் சரிபார்க்கிறான்,Avaṉ tiṉamum taṉatu miṉṉañcalaic caripārkkiṟāṉ,,,,A
4080,57,te,Telugu,అతను ప్రతిరోజూ తన ఇమెయిల్ తనిఖీ చేస్తాడు,Atanu pratirōjū tana imeyil tanikhī cēstāḍu,,,,A
4081,57,ml,Malayalam,അവൻ ദിവസവും അവന്റെ ഇമെയിൽ പരിശോധിക്കുന്നു,Avan divasavuṁ avanṟe imeyil pariśōdhikkunnu,,,,A
4082,57,mr,Marathi,तो दररोज त्याचा ईमेल तपासतो,To dararōja tyācā īmēla tapāsatō,,,,A
4083,57,pa,Punjabi,ਉਹ ਰੋਜ਼ ਆਪਣਾ ਈਮੇਲ ਚੈੱਕ ਕਰਦਾ ਹੈ,Uh rōza āpaṇā īmēl caikka karadā hāṁ,,,,A
4084,57,gu,Gujarati,તેણે દરરોજ તેનો ઇમેલ તપાસે છે,Tēṇē dararōja tēnō imēla tapāsē chē,,,,A
4085,57,si,Sinhala,ඔහු එදිනෙදාම ඔහුගේ විද්යුත් තැපෑල පරීක්ෂා කරයි,Ohu edinedāma ohugē vidyut tæpǣla parīkṣā karayi,,,,A
4086,57,km,Khmer,គាត់ពិនិត្យអ៊ីមែលរបស់គាត់ជារៀងរាល់ថ្ងៃ,Kat pinity imel robsa kat chea rieng rol thngay,,,,A
4087,57,is,Icelandic,Hann athugar tölvupóst sinn á hverjum degi,,,,,A
4088,57,tl,Tagalog / Filipino,Nagche-check siya ng kanyang email araw-araw,,,,,A
4089,57,ms,Malay,Dia menyemak e-melnya setiap hari,,,,,A
4090,57,jv,Javanese,Dheweke mriksa email saben dina,,,,,A
4091,57,kk,Kazakh,Ол әр күні электрондық поштасын тексеріп отырады,Ol är künі élektrondyq poştasyn tekserіp otyrady,,,,A
4092,57,uz,Uzbek,U har kuni elektron pochtasini tekshiradi,,,,,A
4093,57,mn,Mongolian,Тэр өдөр бүр имэйлээ шалгадаг,Ter ödör bür imeyilee shalgadag,,,,A
4094,57,ka,Georgia,ის ყოველდღე ამოწმებს თავის ელ. ფოსტას,Is q'oveldghe amots'mebs tavis el. post'as,,,,A
4095,57,hy,Armenian,Նա ամեն օր ստուգում է իր էլ. փոստը,Na amen or stugum e ir ēl. p'osty,,,,A
4096,57,eu,Basque,Egunaero bere emaila egiaztatzen du,,,,,A
4097,57,ca,Catalan,Ell comprova el seu correu electrònic cada dia,,,,,A
4098,57,gl,Galician,El comproba o seu correo electrónico todos os días,,,,,A
4099,57,ga,Irish (Gaeilge),Seiceálann sé a r-phost gach lá,,,,,A
4100,57,cy,Welsh,Mae'n gwirio ei e-bost bob dydd,,,,,A
4101,57,gd,Scottish Gaelic,Bidh e a' sgrùdadh a phost-d gach latha,,,,,A
4102,57,lb,Luxembourgish,Hien iwwerpréift seng E-Mail all Dag,,,,,A
4103,57,eo,Esperanto,Li kontrolas sian retpoŝton ĉiutage,,,,,A
4104,57,la,Latin,Cotidie suam electronicam epistulam inspicit,,,,,A
4105,58,en,English,We wait for the green light,,,,,A
4106,58,es,Spanish,Esperamos la luz verde,,,,,A
4107,58,fr,French,Nous attendons le feu vert,,,,,A
4108,58,pt,Portuguese,Nós esperamos o sinal verde,,,,,A
4109,58,de,German,Wir warten auf das grüne Licht,,,,,A
4110,58,it,Italian,Noi aspettiamo il semaforo verde,,,,,A
4111,58,ru,Russian,Мы ждём зелёный свет,My zhdyom zelyonyy svet,,,,A
4112,58,ar,Arabic,نحن ننتظر الضوء الأخضر,Naḥnu nantaẓiru al-ḍaw' al-akhḍar,,,,A
4113,58,hi,Hindi,हम हरी बत्ती का इंतज़ार करते हैं,Ham harī battī kā intazār kartē ha͂i,,,,A
4114,58,bn,Bengali,আমরা সবুজ আলোর জন্য অপেক্ষা করি,Āmrā sabuja ālōra jan'ya apēkṣā kari,,,,A
4115,58,ur,Urdu,ہم سبز روشنی کا انتظار کرتے ہیں,Ham sabz roshnī kā intizār kartē ha͂i,,,,A
4116,58,fa,Persian,ما منتظر چراغ سبز هستیم,Mā montazer-e cherāgh-e sabz hastim,,,,A
4117,58,tr,Turkish, Yeşil ışığı bekliyoruz,,,,,A
4118,58,ja,Japanese,私たちは青信号を待ちます,Watashitachi wa aoshingō o machimasu,,,,A
4119,58,ko,Korean,우리는 녹색 신호를 기다립니다,Urineun noksaek sinhoreul gidarimnida,,,,A
4120,58,zh-cn,Mandarin (Simplified),我们等绿灯,,wǒmen děng lǜdēng,,A
4121,58,zh-tw,Mandarin (Traditional),我們等綠燈,,wǒmen děng lǜdēng,,A
4122,58,vi,Vietnamese,Chúng tôi đợi đèn xanh,,,,,A
4123,58,th,Thai,เรารอไฟเขียว,Rāo rx fị k̄heīyw,,,,A
4124,58,id,Indonesian,Kami menunggu lampu hijau,,,,,A
4125,58,sw,Swahili,Tunasuburu mwanga wa kijani,,,,,A
4126,58,nl,Dutch,Wij wachten op het groene licht,,,,,A
4127,58,pl,Polish,Czekamy na zielone światło,,,,,A
4128,58,uk,Ukrainian,Ми чекаємо на зелене світло,My chekayemo na zelene svitlo,,,,A
4129,58,el,Greek,Περιμένουμε το πράσινο φως,Periménoume to prássino fos,,,,A
4130,58,sv,Swedish,Vi väntar på det gröna ljuset,,,,,A
4131,58,no,Norwegian,Vi venter på det grønne lyset,,,,,A
4132,58,da,Danish,Vi venter på det grønne lys,,,,,A
4133,58,fi,Finnish,Me odotamme vihreää valoa,,,,,A
4134,58,cs,Czech,Čekáme na zelenou,,,,,A
4135,58,hu,Hungarian,Megvárjuk a zöld jelzést,,,,,A
4136,58,ro,Romanian,Așteptăm lumina verde,,,,,A
4137,58,bg,Bulgarian,Чакаме зелената светлина,Chakame zelenata svetlina,,,,A
4138,58,sr,Serbian,Чекамо зелено светло,Čekamo zeleno svetlo,,,,A
4139,58,sk,Slovak,Čakáme na zelenú,,,,,A
4140,58,sl,Slovenian,Čakamo na zeleno luč,,,,,A
4141,58,lt,Lithuanian, Mes laukiame žalios šviesos,,,,,A
4142,58,lv,Latvian,Mēs gaidām zaļo gaismu,,,,,A
4143,58,et,Estonian,Ootame rohelist tuld,,,,,A
4144,58,he,Hebrew,אנחנו מחכים לירוק,Anakhnu mekhakim layarok,,,,A
4145,58,ha,Hausa,Muna jiran koren haske,,,,,A
4146,58,yo,Yoruba,A ń dúró fún àwò àlàbá,,,,A
4147,58,ig,Igbo,Anyị na-echere ọkụ na-acha akwụkwọ ndụ,,,,,A
4148,58,am,Amharic,ለአረንጓዴው ብርሃን እንጠብቃለን,Le'ārengugadēwi birihani init'ebik'alen,,,,A
4149,58,ti,Tigrinya,ንሕና ንፈርዚ ብርሃን ንጽበ,Nihna niferzi birhan nitsibe,,,,A
4150,58,ne,Nepali,हामी हरियो बत्तीको प्रतीक्षा गर्छौं,Hāmī hariyo battīkō pratīkṣā garchauṁ,,,,A
4151,58,ta,Tamil,நாங்கள் பச்சை விளக்குக்காகக் காத்திருக்கிறோம்,Nāṅkaḷ paccai viḷakku-k-kākak kāttirukkiṟōm,,,,A
4152,58,te,Telugu,మేము ఆకుపచ్చ దీపానికి వేచి ఉన్నాము,Mēmu ākupacca dīpāniki vēci unnāmu,,,,A
4153,58,ml,Malayalam,പച്ചവിളക്കിനായി ഞങ്ങൾ കാത്തിരിക്കുന്നു,Paccaviḷakkināyi ñaṅṅaḷ kāttirikkunnu,,,,A
4154,58,mr,Marathi,आम्ही हिरव्या दिव्याची वाट पाहतो,Āmhī hiravyā divyācī vāṭa pāhatō,,,,A
4155,58,pa,Punjabi,ਅਸੀਂ ਹਰੀ ਬੱਤੀ ਦਾ ਇੰਤਜ਼ਾਰ ਕਰਦੇ ਹਾਂ,Asīṁ harī batī dā intazāra karadē hāṁ,,,,A
4156,58,gu,Gujarati,આપણે લીલા દીપકની રાહ જોઈએ છીએ,Āpaṇē līlā dīpakanī rāha jō'ī'ē chī'ē,,,,A
4157,58,si,Sinhala,අපි හරිත ආලෝකය බලාපොරොත්තු වෙමු,Api harita ālōkaya balāporottu vemu,,,,A
4158,58,km,Khmer,យើងរង់ចាំភ្លើងពណ៌បៃតង,Young rong cham phleung poar baitang,,,,A
4159,58,is,Icelandic,Við bíðum eftir græna ljósinu,,,,,A
4160,58,tl,Tagalog / Filipino,Naghihintay kami ng berdeng ilaw,,,,,A
4161,58,ms,Malay,Kami menunggu lampu hijau,,,,,A
4162,58,jv,Javanese,Aku ngenteni lampu ijo,,,,,A
4163,58,kk,Kazakh,Біз жасыл жарықты күтеміз,Biz jasyl jaryqty kütemiz,,,,A
4164,58,uz,Uzbek, Biz yashil chiroqni kutamiz,,,,,A
4165,58,mn,Mongolian,Бид ногоон гэрлийг хүлээдэг,Bid nogoon gerliig khüleedeg,,,,A
4166,58,ka,Georgia,ჩვენ მწვანე შუქს ველოდებით,Chven mts'vane shuks velodebit,,,,A
4167,58,hy,Armenian,Մենք սպասում ենք կանաչ լույսին,Menk' spasum enk' kanach' luysin,,,,A
4168,58,eu,Basque,Argi berderen zain gaude,,,,,A
4169,58,ca,Catalan,Esperem el semàfor en verd,,,,,A
4170,58,gl,Galician,Agardamos a luz verde,,,,,A
4171,58,ga,Irish (Gaeilge),Fanaimid leis an solas glas,,,,,A
4172,58,cy,Welsh,Rydym yn aros am y golau gwyrdd,,,,,A
4173,58,gd,Scottish Gaelic,Bidh sinn a' feitheamh ris an t-solas uaine,,,,,A
4174,58,lb,Luxembourgish,Waarde mir op de grénge Liicht,,,,,A
4175,58,eo,Esperanto,Ni atendas la verdan lumon,,,,,A
4176,58,la,Latin,Lumen viride exspectamus,,,,,A
4177,59,en,English,The baby drinks warm milk,,,,,A
4178,59,es,Spanish,El bebé toma leche tibia,,,,,A
4179,59,fr,French,Le bébé boit du lait chaud,,,,,A
4180,59,pt,Portuguese,O bebê toma leite morno,,,,,A
4181,59,de,German,Das Baby trinkt warme Milch,,,,,A
4182,59,it,Italian,Il bambino beve latte caldo,,,,,A
4183,59,ru,Russian,Младенец пьёт тёплое молоко,Mladenets p'yot tyoploye moloko,,,,A
4184,59,ar,Arabic,الطفل يشرب الحليب الدافئ,Aṭ-ṭiflu yashrabu al-ḥalība ad-dāfi',,,,A
4185,59,hi,Hindi,बच्चा गर्म दूध पीता है,Baccā garm dūdh pītā hai,,,,A
4186,59,bn,Bengali,শিশুটি গরম দুধ খায়,Śiśuṭi garama dudha khāẏa,,,,A
4187,59,ur,Urdu,بچہ گرم دودھ پیتا ہے,Bachah garm dūdh pītā hai,,,,A
4188,59,fa,Persian,نوزاد شیر گرم می‌خورد,Nowzād shīr-e garm mī-khorad,,,,A
4189,59,tr,Turkish,Bebek ılık süt içer,,,,,A
4190,59,ja,Japanese,赤ちゃんは温かいミルクを飲みます,Akachan wa atatakai miruku o nomimasu,,,,A
4191,59,ko,Korean,아기가 따뜻한 우유를 마십니다,Agiga ttatteuthan uyureul masimnida,,,,A
4192,59,zh-cn,Mandarin (Simplified),婴儿喝温牛奶,,yīng'ér hē wēn niúnǎi,,A
4193,59,zh-tw,Mandarin (Traditional),嬰兒喝溫牛奶,,yīng'ér hē wēn niúnǎi,,A
4194,59,vi,Vietnamese,Em bé uống sữa ấm,,,,,A
4195,59,th,Thai,ทารกดื่มนมอุ่น,Thā rk dụ̀xm nm xùn,,,,A
4196,59,id,Indonesian,Bayi itu minum susu hangat,,,,,A
4197,59,sw,Swahili,Mtoto ananywa maziwa ya joto,,,,,A
4198,59,nl,Dutch,De baby drinkt warme melk,,,,,A
4199,59,pl,Polish,Dziecko pije ciepłe mleko,,,,,A
4200,59,uk,Ukrainian,Дитина п'є теплое молоко,Dytyna p'ye teple moloko,,,,A
4201,59,el,Greek,Το μωρό πίνει ζεστό γάλα,To moró pínei zestó gála,,,,A
4202,59,sv,Swedish,Barnet dricker varm mjölk,,,,,A
4203,59,no,Norwegian,Babyen drikker varm melk,,,,,A
4204,59,da,Danish,Babyen drikker varm mælk,,,,,A
4205,59,fi,Finnish,Vauva juo lämmintä maitoa,,,,,A
4206,59,cs,Czech,Dítě pije teplé mléko,,,,,A
4207,59,hu,Hungarian,A baba meleg tejet iszik,,,,,A
4208,59,ro,Romanian,Bebeul bea lapte cald,,,,,A
4209,59,bg,Bulgarian,Бебето пие топло мляко,Bebeto pie toplo mlyako,,,,A
4210,59,sr,Serbian,Беба пије топло млеко,Beba pije toplo mleko,,,,A
4211,59,sk,Slovak,Bábätko pije teplé mlieko,,,,,A
4212,59,sl,Slovenian,Otrok pije toplo mleko,,,,,A
4213,59,lt,Lithuanian,Kūdikis geria šiltą pieną,,,,,A
4214,59,lv,Latvian,Zīdainis dzer siltu pienu,,,,,A
4215,59,et,Estonian,Beebi joob sooja piima,,,,,A
4216,59,he,Hebrew,התינוק שותה חלב חם,Hatinok shoteh chalav cham,,,,A
4217,59,ha,Hausa,Jaririn yana shan madara mai dumi,,,,,A
4218,59,yo,Yoruba,Ọmọ wẹ̀wẹ̀ ń mu wàrà gbígóná,,,,A
4219,59,ig,Igbo,Nwa ohuru na-aṅụ mmiri ara ehi na-ekpo ọkụ,,,,,A
4220,59,am,Amharic,ህፃኑ ሙቅ ወተት ይጠጣል,Hits’anu muk’i weteti it’et’ali,,,,A
4221,59,ti,Tigrinya,ንህፃን ውዑይ ጸባት ይሰቲ,Nihits’an wi‘uy ts’ebat yiseti,,,,A
4222,59,ne,Nepali,बच्चा न्यानो दुध पिउँछ,Baccā nyānō dudha pi'um̐cha,,,,A
4223,59,ta,Tamil,குழந்தை சூடான பாலைக் குடிக்கிறது,Kuḻantai cūṭāṉa pālaik kuṭikkiṟatu,,,,A
4224,59,te,Telugu,పిల్లవాడు వెచ్చని పాలను తాగుతాడు,Pillavāḍu veccani pālanu tāgutāḍu,,,,A
4225,59,ml,Malayalam,കുഞ്ഞ് ചൂടുള്ള പാൽ കുടിക്കുന്നു,Kuññ cūṭuḷḷa pāl kuṭikkunnu,,,,A
4226,59,mr,Marathi,बाळ गरम दूध पिते,Bāḷ garama dūdha pitē,,,,A
4227,59,pa,Punjabi,ਬੱਚਾ ਗਰਮ ਦੁੱਧ ਪੀਂਦਾ ਹੈ,Bacā garama dudha pīndā hai,,,,A
4228,59,gu,Gujarati,બાળક ગરમ દૂધ પીએ છે,Bāḷaka garama dūdha pī'ē chē,,,,A
4229,59,si,Sinhala,ළදරුවා උණුසුම් කිරි බොයි,Ḷadaruvā uṇusum kiri boyi,,,,A
4230,59,km,Khmer,ទារកផឹកទឹកដោះក្តៅ,Tearok phoek tuk daukh kdaw,,,,A
4231,59,is,Icelandic,Barnið drekkur heita mjólk,,,,,A
4232,59,tl,Tagalog / Filipino,Umiinom ng mainit na gatas ang sanggol,,,,,A
4233,59,ms,Malay,Bayi itu minum susu suam,,,,,A
4234,59,jv,Javanese,Bayi iku ngombe susu anget,,,,,A
4235,59,kk,Kazakh,Нәресте жылы сүт ішеді,Närestе jyly süt işedi,,,,A
4236,59,uz,Uzbek,Chaqaloq iliq sut ichadi,,,,,A
4237,59,mn,Mongolian,Нярай дулаан сүү уудаг,Nyarai dulааn süü uudag,,,,A
4238,59,ka,Georgia,ბავშვი თბილ რძეს სვამს,Bavshvi tbil rdzes svams,,,,A
4239,59,hy,Armenian,Երեխան տաք կաթ է խմում,Yerekhan tak kat' e khmun,,,,A
4240,59,eu,Basque,Haurrak esne epela edaten du,,,,,A
4241,59,ca,Catalan,El nadó beu llet calenta,,,,,A
4242,59,gl,Galician,O bebé bebe leite quente,,,,,A
4243,59,ga,Irish (Gaeilge),Ólann an leanbh bainne te,,,,,A
4244,59,cy,Welsh,Mae'r babi yn yfed llaeth cynnes,,,,,A
4245,59,gd,Scottish Gaelic,Bidh an leanabh ag òl bainne blàth,,,,,A
4246,59,lb,Luxembourgish,De Baby drénkt waarm Mëllech,,,,,A
4247,59,eo,Esperanto,La bebo trinkas varman lakton,,,,,A
4248,59,la,Latin,Infans lac calidum bibit,,,,,A
4249,60,en,English,I forgot my keys on the table,,,,,A
4250,60,es,Spanish,Olvidé mis llaves en la mesa,,,,,A
4251,60,fr,French,J'ai oublié mes clés sur la table,,,,,A
4252,60,pt,Portuguese,Esqueci minhas chaves na mesa,,,,,A
4253,60,de,German,Ich habe meine Schlüssel auf dem Tisch vergessen,,,,,A
4254,60,it,Italian,Ho dimenticato le mie chiavi sul tavolo,,,,,A
4255,60,ru,Russian,Я забыл свои ключи на столе,Ya zabyl svoi klyuchi na stole,,,,A
4256,60,ar,Arabic,نسيت مفاتيحي على الطاولة,Nasītu mafātīḥī ʻalā aṭ-ṭāwila,,,,A
4257,60,hi,Hindi,मैं अपनी चाबियाँ मेज पर भूल गया,Main apnī chābiyā̃ mej par bhūl gayā,,,,A
4258,60,bn,Bengali,আমি আমার চাবি টেবিলে ভুলে গেছি,Āmi āmāra cābi ṭēbilē bhulē gēchi,,,,A
4259,60,ur,Urdu,میں اپنی چابی میز پر بھول گیا,Main apnī chābī mez par bhūl gayā,,,,A
4260,60,fa,Persian,کلیدهایم را روی میز جا گذاشتم,Kelid-hāyam rā rū-ye miz jā gozāshtam,,,,A
4261,60,tr,Turkish,Anahtarlarımı masada unuttum,,,,,A
4262,60,ja,Japanese,テーブルの上に鍵を忘れました,Tēburu no ue ni kagi o wasuremashita,,,,A
4263,60,ko,Korean,제가 테이블 위에 열쇠를 잊어버렸어요,Jega teibeul wie yeolsoereul ijeobeoryeosseoyo,,,,A
4264,60,zh-cn,Mandarin (Simplified),我把钥匙忘在桌子上了,,wǒ bǎ yàoshi wàng zài zhuōzi shàng le,,A
4265,60,zh-tw,Mandarin (Traditional),我把鑰匙忘在桌子上了,,wǒ bǎ yàoshi wàng zài zhuōzi shàng le,,A
4266,60,vi,Vietnamese,Tôi để quên chìa khóa trên bàn,,,,,A
4267,60,th,Thai,ฉันลืมกุญแจไว้บนโต๊ะ,Ch̄ản lụ̄m kuncæ wị̂ bn toa,,,,A
4268,60,id,Indonesian,Saya lupa kunci saya di atas meja,,,,,A
4269,60,sw,Swahili,Nimesahau funguo zangu juu ya meza,,,,,A
4270,60,nl,Dutch,Ik ben mijn sleutels op tafel vergeten,,,,,A
4271,60,pl,Polish,Zapomniałem swoich kluczy na stole,,,,,A
4272,60,uk,Ukrainian,Я забув свої ключі на столі,Ya zabuv svoyi klyuchi na stoli,,,,A
4273,60,el,Greek,Ξέχασα τα κλειδιά μου στο τραπέζι,Xéhasa ta kleidiá mou sto trapézi,,,,A
4274,60,sv,Swedish,Jag glömde mina nycklar på bordet,,,,,A
4275,60,no,Norwegian,Jeg glemte nøklene mine på bordet,,,,,A
4276,60,da,Danish,Jeg har glemt mine nøgler på bordet,,,,,A
4277,60,fi,Finnish,Unohdin avaimeni pöydälle,,,,,A
4278,60,cs,Czech,Zapoměl jsem klíče na stole,,,,,A
4279,60,hu,Hungarian,Elfelejtettem a kulcsomat az asztalon,,,,,A
4280,60,ro,Romanian,Am uitat cheile pe masă,,,,,A
4281,60,bg,Bulgarian,Забравих ключовете си на масата,Zabravih klyuchovete si na masata,,,,A
4282,60,sr,Serbian,Заборавио сам кључеве на столу,Zaboravio sam ključeve na stolu,,,,A
4283,60,sk,Slovak,Zabudol som kľúče na stole,,,,,A
4284,60,sl,Slovenian,Pozabil sem ključe na mizi,,,,,A
4285,60,lt,Lithuanian,Aš pamiršau raktus ant stalo,,,,,A
4286,60,lv,Latvian,Es aizmirsu atslēgas uz galda,,,,,A
4287,60,et,Estonian,Unustasin oma võtmed lauale,,,,,A
4288,60,he,Hebrew,שכחתי את המפתחות שלי על השולחן,Shakach'ti et hamaftehot sheli al hashulchan,,,,A
4289,60,ha,Hausa,Na manta makullina akan tebur,,,,,A
4290,60,yo,Yoruba,Mo gbagbe ẹ̀yìn mi lórí tábìlì,,,,A
4291,60,ig,Igbo,Echefuru m igodo m n'elu tebụl,,,,,A
4292,60,am,Amharic,መክፈቻዎቼን በጣሙ ላይ ረሳሁኝ,Mekifichawocheni beţ'amu layi resahuny,,,,A
4293,60,ti,Tigrinya,መፍትሕይ ኣብ ጣውላ ረሲአዮ,Mefetih ab ţ'awla resi'ayo,,,,A
4294,60,ne,Nepali,मैले मेरो चाबी टेबुलमा बिर्सें,Maile mērō cābī ṭēbulamā birsen,,,,A
4295,60,ta,Tamil,என் சாவிகளை மேஜையில் மறந்துவிட்டேன்,Eṉ cāvikaḷai mējaiyil maṟantuviṭṭēṉ,,,,A
4296,60,te,Telugu,నేను నా కీలను టేబుల్ పై మర్చిపోయాను,Nēnu nā kīlanu ṭēbul pai marchipōyānu,,,,A
4297,60,ml,Malayalam,ഞാൻ എന്റെ കീകൾ മേശപ്പുറത്ത് മറന്നു,Ñān enṟe kīkaḷ mēśappuṟatt maṟannu,,,,A
4298,60,mr,Marathi,मी माझ्या चाव्या टेबलावर विसरलो,Mī mājhyā cāvyā ṭēbalāvara visaralō,,,,A
4299,60,pa,Punjabi,ਮੈਂ ਆਪਣੀਆਂ ਚਾਬੀਆਂ ਮੇਜ਼ 'ਤੇ ਭੁੱਲ ਗਿਆ,Maiṁ āpaṇī'āṁ cābī'āṁ mez 'tē bhula gi'ā,,,,A
4300,60,gu,Gujarati,હું મારી ચાવીઓ ટેબલ પર ભૂલી ગયો,Huṁ mārī cāvī'ō ṭēbala para bhūlī gayō,,,,A
4301,60,si,Sinhala,මම මගේ යතුරු මේසය මත අමතක කළෙමි,Mama magē yaturu mēsaya mata amataka kaḷemi,,,,A
4302,60,km,Khmer,ខ្ញុំភ្លេចកូនសោរនៅលើតុ,Khnhom phlech kaun saor nov leu tok,,,,A
4303,60,is,Icelandic,Ég gleymdi lyklunum mínum á borðinu,,,,,A
4304,60,tl,Tagalog / Filipino,Nakalimutan ko ang aking mga susi sa mesa,,,,,A
4305,60,ms,Malay,Saya terlupa kunci saya di atas meja,,,,,A
4306,60,jv,Javanese,Aku lali kunci ing meja,,,,,A
4307,60,kk,Kazakh,Мен кілттерімді үстелде ұмыттым,Men kılttterimdi üstelde umyttym,,,,A
4308,60,uz,Uzbek,Kalitlarimni stolda unutdim,,,,,A
4309,60,mn,Mongolian,Би түлхүүрээ ширээн дээр мартсан,Bi tülkhüüree shireen deer martsan,,,,A
4310,60,ka,Georgia,მე ჩემი გასაღებები მაგიდაზე დამავიწყდა,Me chemi gasaghebebi magidaze damavits'q'da,,,,A
4311,60,hy,Armenian,Կռունկս սեղանին մոռացա,Krrunks seghanin morrats'a,,,,A
4312,60,eu,Basque,Giltzak mahai gainean ahaztu ditut,,,,,A
4313,60,ca,Catalan,He oblidat les meves claus a la taula,,,,,A
4314,60,gl,Galician,Esquecín as miñas chaves na mesa,,,,,A
4315,60,ga,Irish (Gaeilge),Rinne mé dearmad ar mo chuid eochracha ar an mbord,,,,,A
4316,60,cy,Welsh,Wedi i mi anghofio fy allweddi ar y bwrdd,,,,,A
4317,60,gd,Scottish Gaelic,Dhìochuimhnich mi mo iuchraichean air a' bhòrd,,,,,A
4318,60,lb,Luxembourgish,Ech hunn meng Schlësselen op dësch vergiess,,,,,A
4319,60,eo,Esperanto,Mi forgesis miajn ŝlosilojn sur la tablo,,,,,A
4320,60,la,Latin,Claves meas in mensa oblitus sum,,,,,A
4321,61,en,English,She smiled when the rain finally stopped,,,,,A
4322,61,es,Spanish,Ella sonrió cuando finalmente dejó de llover,,,,,A
4323,61,fr,French,Elle a souri quand la pluie s'est enfin arrêtée,,,,,A
4324,61,pt,Portuguese,Ela sorriu quando a chuva finalmente parou,,,,,A
4325,61,de,German,Sie lächelte, als der Regen endlich aufhörte,,,,,A
4326,61,it,Italian,Lei sorrise quando finalmente smise di piovere,,,,,A
4327,61,ru,Russian,Она улыбнулась, когда дождь наконец прекратился,Ona ulybnulas', kogda dozhd' nakonets prekratilsya,,,,A
4328,61,ar,Arabic,ابتسمت عندما توقف المطر أخيرًا,Ibtasamat ʻindamā tawaqqafa al-maṭar akhiran,,,,A
4329,61,hi,Hindi,वह मुस्कुराई जब बारिश आखिरकार बंद हुई,Vah muskuraī jab bārish ākhirkār band huī,,,,A
4330,61,bn,Bengali,তিনি মুচকি হাসলেন যখন অবশেষে বৃষ্টি থেমেছিল,Tini muchaki hāsalēna yakhana abaśēṣē br̥ṣṭi thēmēchila,,,,A
4331,61,ur,Urdu,وہ مسکرائی جب بارش آخرکار رک گئی,Woh muskuraī jab bārish ākhirkār ruk gaī,,,,A
4332,61,fa,Persian,وقتی باران بالاخره بند آمد لبخند زد,Vaghti bārān balākhereh band āmad labkhand zad,,,,A
4333,61,tr,Turkish,Yağmur nihayet durduğunda gülümsedi,,,,,A
4334,61,ja,Japanese,雨がやっと止んだとき、彼女は微笑んだ,Ame ga yatto yanda toki, kanojo wa hohoenda,,,,A
4335,61,ko,Korean,비가 드디어 그쳤을 때 그녀는 미소 지었습니다,Biga deudieo geuchyeosseul ttae geunyeoneun miso jieosseumnida,,,,A
4336,61,zh-cn,Mandarin (Simplified),雨终于停了，她笑了,,yǔ zhōngyú tíng le, tā xiào le,,A
4337,61,zh-tw,Mandarin (Traditional),雨終於停了，她笑了,,yǔ zhōngyú tíng le, tā xiào le,,A
4338,61,vi,Vietnamese,Cô ấy cười khi cơn mưa cuối cùng đã tạnh,,,,,A
4339,61,th,Thai,เธอยิ้มเมื่อฝนสุดท้ายหยุดตก,Thoe yîm meụ̄̀xx f̄n s̄udt̄hāy h̄yud tok,,,,A
4340,61,id,Indonesian,Dia tersenyum saat hujan akhirnya berhenti,,,,,A
4341,61,sw,Swahili,Alicheka mvua ilipoisha mwishowe,,,,,A
4342,61,nl,Dutch,Zij glimlachte toen de regen eindelijk ophield,,,,,A
4343,61,pl,Polish,Uśmiechnęła się, gdy deszcz w końcu przestał padać,,,,,A
4344,61,uk,Ukrainian,Вона посміхнулася, коли дощ нарешті припинився,Vona posmikhnulasya, koly doshch nareshti prypynyvsya,,,,A
4345,61,el,Greek,Χαμογέλασε όταν η βροχή τελικά σταμάτησα,Chamogélase ótan i vrochí teliká stamátise,,,,A
4346,61,sv,Swedish,Hon log när regnet äntligen upphörde,,,,,A
4347,61,no,Norwegian,Hun smilte da regnet endelig stoppet,,,,,A
4348,61,da,Danish,Hun smilede, da regnen endelig stoppede,,,,,A
4349,61,fi,Finnish,Hän hymyili, kun sade vihdoin loppui,,,,,A
4350,61,cs,Czech,Usmála se, když konečně přestalo pršet,,,,,A
4351,61,hu,Hungarian,Mosolygott, amikor végre abbamaradt az eső,,,,,A
4352,61,ro,Romanian,Ea a zâmbit când ploaia s-a oprit în sfârșit,,,,,A
4353,61,bg,Bulgarian,Тя се усмихна, когато накрая дъждът престана,Tya se usmihna, kogato nakraya dŭzhdŭt prestana,,,,A
4354,61,sr,Serbian,Насмејала се када је на крају престала киша,Nasmejala se kada je na kraju prestala kiša,,,,A
4355,61,sk,Slovak,Usmiala sa, keď dážď konečne prestal,,,,,A
4356,61,sl,Slovenian,Nasmehnila se je, ko se je dež končno ustavil,,,,,A
4357,61,lt,Lithuanian,Ji nusišypsojo, kai lietus pagaliau liausis,,,,,A
4358,61,lv,Latvian,Viņa pasmaidīja, kad lietus beidzot beidzās,,,,,A
4359,61,et,Estonian,Ta naeratas, kui vihm lõpuks lakkas,,,,,A
4360,61,he,Hebrew,היא חייכה כשהגשם סוף סוף פסק,Hi chiyekha kesh hageshem sof sof pasak,,,,A
4361,61,ha,Hausa,Ta yi murmushi lokacin da ruwan sama ya tsaya a karshe,,,,,A
4362,61,yo,Yoruba,Ó ṣẹ̀rẹ̀n nígbàtí òjò fẹ́ parí lẹ́sẹ̀ẹ̀kẹ̀sí,,,,A
4363,61,ig,Igbo,Ọ mụmụrụ ọnụ ọchị mgbe mmiri ozuzo kwụsịrị n'ikpeazụ,,,,,A
4364,61,am,Amharic,ዝናቡ በመጨረሻ ሲቆም ፈገግታ አደረገች,Zinabu bemechereshi sik'om fegegeta āderegechi,,,,A
4365,61,ti,Tigrinya,ንሳ ፈጋግራ ምስ ዝናብ ኣብ መወዳእታ ደወለ,Nisa fegagra mis zinab ab meweda'ita dewele,,,,A
4366,61,ne,Nepali,पानी अन्त्यमा रोकिँदा उनले मुस्कुराइन्,Pānī antyamā rokinda unle muskura'in,,,,A
4367,61,ta,Tamil,மழை இறுதியாக நின்றதும் அவள் புன்னகைத்தாள்,Maḻai iṟutiyāka niṉṟatum avaḷ puṉṉakaittāḷ,,,,A
4368,61,te,Telugu,వర్షం చివరకు ఆగినప్పుడు ఆమె చిరునవ్వు చిందించింది,Varṣaṁ civaraku āginappuḍu āme chirunavvu cindiñcindi,,,,A
4369,61,ml,Malayalam,മഴ അവസാനം നിന്നപ്പോൾ അവൾ ചിരിച്ചു,Maḻa avasānaṁ ninnappēāḷ avaḷ ciriccu,,,,A
4370,61,mr,Marathi,पाऊस शेवटी थांबल्यावर ती हसली,Pā'ūsa śēvaṭī thāmbalyāvara tī hasalī,,,,A
4371,61,pa,Punjabi,ਜਦੋਂ ਬਾਰਿਸ਼ ਅੰਤ ਵਿੱਚ ਰੁਕੀ ਤਾਂ ਉਹ ਮੁਸਕਰਾਈ,Jadōṁ bāriśa ata vica rukī tāṁ uh musakarā'ī,,,,A
4372,61,gu,Gujarati,જ્યારે વરસાદ આખરે થંભ્યો ત્યારે તેણીએ સ્મિત કર્યું,Jyāre varasād ākharē thaṁbhyō tyārē tēṇī'ē smita karyuṁ,,,,A
4373,61,si,Sinhala,වර්ෂාව අවසානයේ නතර වූ විට ඇය සිනහ විය,Varshāva avasānaye nathara vū viṭa æya sinaha viya,,,,A
4374,61,km,Khmer,នាងញញឹមពេលទឹកភ្លៀងឈប់ក្រោយមក,Neang nhnhem pel tuk phlieng chhub kraoy mok,,,,A
4375,61,is,Icelandic,Hún brosti þegar rigningin hætti loksins,,,,,A
4376,61,tl,Tagalog / Filipino,Ngumiti siya nang tuluyan nang tumila ang ulan,,,,,A
4377,61,ms,Malay,Dia tersenyum apabila hujan akhirnya berhenti,,,,,A
4378,61,jv,Javanese,Dheweke mesem nalika udan pungkasane mandheg,,,,,A
4379,61,kk,Kazakh,Жаңбыр ақырында тоқтағанда ол жылмайды,Jañbyr aqyrynda toqtağanda ol jylmaidy,,,,A
4380,61,uz,Uzbek,Yomg'ir nihoyat to'xtaganda u jilmaydi,,,,,A
4381,61,mn,Mongolian,Бороо эцэст нь зогссон тэрээр инээв,Boroo etsest ni zogsson tereer ineev,,,,A
4382,61,ka,Georgia,წვიმა ბოლოს როცა შეწყვიტა, იგი გაიღიმა,Ts'vima bolos rotsa shets'q'vit'a, igi gaghima,,,,A
4383,61,hy,Armenian,Նա ժպտաց, երբ անձրևը վերջապես դադարեց,Na zhptats', yerb andzrevy verjapes dadarets',,,,,A
4384,61,eu,Basque,Irribarre egin zuen euria azkenean gelditu zenean,,,,,A
4385,61,ca,Catalan,Ella va somriure quan finalment va deixar de ploure,,,,,A
4386,61,gl,Galician,Ela sorriu cando a choiva finalmente parou,,,,,A
4387,61,ga,Irish (Gaeilge),Rinne sí aoibh nuair a stop an bháisteach ar deireadh,,,,,A
4388,61,cy,Welsh,Gwenodd pan stopiodd y glaw o'r diwedd,,,,,A
4389,61,gd,Scottish Gaelic,Rinn i gàire nuair a sguir an t-uisge mu dheireadh,,,,,A
4390,61,lb,Luxembourgish,Si huet gelacht wéi de Reen endlech opgehalen huet,,,,,A
4391,61,eo,Esperanto,Ŝi ridetis kiam la pluvofine ĉesis,,,,,A
4392,61,la,Latin,Subrisit cum pluvia tandem desiit,,,,,A
4393,62,en,English,I tied my shoes before running outside,,,,,B
4394,62,es,Spanish,Me até los zapatos antes de salir a correr,,,,,B
4395,62,fr,French,J'ai attaché mes chaussures avant de courir dehors,,,,,B
4396,62,pt,Portuguese,Amarrei meus sapatos antes de correr lá fora,,,,,B
4397,62,de,German,Ich band meine Schuhe, bevor ich nach draußen lief,,,,,B
4398,62,it,Italian,Ho allacciato le scarpe prima di correre fuori,,,,,B
4399,62,ru,Russian,Я завязал шнурки перед тем, как выбежать на улицу,Ya zavyal shnurki pered tem, kak vybezhat' na ulitsu,,,,B
4400,62,ar,Arabic,ربطت حذائي قبل أن أركض خارجًا,Rabaṭtu ḥidhā'ī qabla an arkaḍa khārijan,,,,B
4401,62,hi,Hindi,मैंने बाहर दौड़ने से पहले अपने जूते बांधे,Mainne bāhar dauṛne se pahle apne jūte bāndhe,,,,B
4402,62,bn,Bengali,আমি বাইরে দৌড়ানোর আগে আমার জুতো বেঁধেছিলাম,Āmi bā'irē dauṛānōra āgē āmāra jutō bēm̐dhechilāma,,,,B
4403,62,ur,Urdu,میں نے باہر دوڑنے سے پہلے اپنے جوتے باندھے,Main ne bāhar dauṛne se pahle apne jūte bāndhe,,,,B
4404,62,fa,Persian,بند کفش‌هایم را قبل از دویدن بیرون بستم,Band-e kafsh-hāyam rā qabl az davidan birun bastam,,,,B
4405,62,tr,Turkish,Dışarı koşmadan önce ayakkabılarımı bağladım,,,,,B
4406,62,ja,Japanese,外に走る前に靴紐を結びました,Soto ni hashiru mae ni kutsuhimo o musubimashita,,,,B
4407,62,ko,Korean,나는 밖에서 뛰기 전에 신발 끈을 묶었습니다,Naneun bakkeseo ttwigi jeone sinbal kkeuneul mukkeotseumnida,,,,B
4408,62,zh-cn,Mandarin (Simplified),我跑出去之前系好了鞋带,,wǒ pǎo chūqù zhīqián xì hǎo le xiédài,,B
4409,62,zh-tw,Mandarin (Traditional),我跑出去之前繫好了鞋帶,,wǒ pǎo chūqù zhīqián xì hǎo le xiédài,,B
4410,62,vi,Vietnamese,Tôi buộc dây giày trước khi chạy ra ngoài,,,,,B
4411,62,th,Thai,ฉันผูกรองเท้าก่อนวิ่งออกไปข้างนอก,Ch̄ản p̄hūk rxngtheā k̀xn wìng xxk pị k̄ĥāngnxxk,,,,B
4412,62,id,Indonesian,Saya mengikat tali sepatu sebelum berlari ke luar,,,,,B
4413,62,sw,Swahili,Nilifunga viatu vyangu kabla ya kukimbia nje,,,,,B
4414,62,nl,Dutch,Ik bond mijn schoenen vast voordat ik naar buiten rende,,,,,B
4415,62,pl,Polish,Zawinąłem buty przed wybiegnięciem na zewnątrz,,,,,B
4416,62,uk,Ukrainian,Я зав'язав шнурки, перш ніж вибігти на вулицю,Ya zav"yazav shnurky, persh nizh vybikhty na vulytsyu,,,,B
4417,62,el,Greek,Δέσω τα παπούτσια μου πριν τρέξω έξω,Déso ta papoútsia mou prin tréxo éxo,,,,B
4418,62,sv,Swedish,Jag knöt mina skor innan jag sprang ut,,,,,B
4419,62,no,Norwegian,Jeg bandt skoene mine før jeg løp ut,,,,,B
4420,62,da,Danish,Jeg bandt mine sko, før jeg løb udenfor,,,,,B
4421,62,fi,Finnish,Sitoin kengännauhat ennen kuin juoksin ulos,,,,,B
4422,62,cs,Czech,Zavázal jsem si tkaničky, než jsem vyběhl ven,,,,,B
4423,62,hu,Hungarian,Megkötöttem a cipőfűzőmet, mielőtt kifutottam,,,,,B
4424,62,ro,Romanian,Îmi leg șireturile înainte de a alerga afară,,,,,B
4425,62,bg,Bulgarian,Вързах си обувките, преди да изтичам навън,Vŭrzah si obuvkite, predi da izticham navŭn,,,,B
4426,62,sr,Serbian,Везао сам ципеле пре него што сам истрчао напоље,Vezao sam cipele pre nego što sam istrčao napolje,,,,B
4427,62,sk,Slovak,Zviazal som si topánky, než som vybehol von,,,,,B
4428,62,sl,Slovenian,Zavezala sem si čevlje, preden sem stekla ven,,,,,B
4429,62,lt,Lithuanian,Aš užrišau batus, prieš išbėgdamas laukan,,,,,B
4430,62,lv,Latvian,Es apsēju savas kurpes, pirms izskrēju ārā,,,,,B
4431,62,et,Estonian,Seotud oma kingapaelad, enne kui jooksin välja,,,,,B
4432,62,he,Hebrew,קשרתי את הנעליים שלי לפני שרצתי החוצה,Kasharti et hana'alayim sheli lifney she-ratziti hachutsah,,,,B
4433,62,ha,Hausa,Na ɗaura takalmina kafin in gudu waje,,,,,B
4434,62,yo,Yoruba,Mo di ẹ̀yìn bàtà mi ṣáájú kí n tó sáré jáde,,,,,B
4435,62,ig,Igbo,Agbụrụ m akpụkpọ ụkwụ m tupu m gbaba n'èzí,,,,,B
4436,62,am,Amharic,ወደ ውጭ ከመሮጣቴ በፊት ጫማዬን አሰራሁ,Wede wich' kemerot'atē befīt ch'ichamayēni āserahu,,,,B
4437,62,ti,Tigrinya,ኣነ ጫማይ ኣብ ቅድሚ ምውጻአይ ኣብ ደገ ሰሪሐ,Ana ch'amay ab k'dimi mwixae'y ab dege serih'e,,,,B
4438,62,ne,Nepali,म बाहिर दौड्नु अघि मेरो जुत्ता बाँधें,Ma bāhira dauḍnu aghi mērō juttā bām̐dhēn,,,,B
4439,62,ta,Tamil,வெளியே ஓடுவதற்கு முன்பு என் காலணிகளைக் கட்டினேன்,Veḷiyē ōṭuvataṟku muṉpu eṉ kālaṇikaḷaik kaṭṭiṉēṉ,,,,B
4440,62,te,Telugu,నేను బయటికి పరిగెత్తే ముందు నా షూలు కట్టాను,Nēnu bayaṭiki parigettē muṁdu nā ṣūlu kaṭṭānu,,,,B
4441,62,ml,Malayalam,പുറത്തേക്ക് ഓടുന്നതിന് മുമ്പ് ഞാൻ ഷൂസ് കെട്ടി,Puṟattēkk ōṭunnatin mumḃ ñān ṣūs keṭṭi,,,,B
4442,62,mr,Marathi,मी बाहेर धावण्यापूर्वी माझे शू बांधले,Mī bāhēra dhāvaṇyāpūrvī mājhē śū bāndhalē,,,,B
4443,62,pa,Punjabi,ਮੈਂ ਬਾਹਰ ਦੌੜਨ ਤੋਂ ਪਹਿਲਾਂ ਆਪਣੇ ਜੁੱਤੇ ਬੰਨ੍ਹੇ,Maiṁ bāhara dauṛana tōṁ pahilāṁ āpaṇē juttē bannhē,,,,B
4444,62,gu,Gujarati,મેં બહાર દોડવા પહેલાં મારા જુતા બાંધ્યા,Mēṁ bahāra dōḍavā pahēlāṁ mārā jutā bāṁdhyā,,,,B
4445,62,si,Sinhala,මම පිටතට දුවනවාට පෙර මගේ සපත්තු බැන්දෙමි,Mama piṭataṭa duvanavāṭa pera magē sapattu bændemi,,,,B
4446,62,km,Khmer,ខ្ញុំចងស្បែកជើងមុនពេលរត់ទៅក្រៅ,Khnhom chang sbaek cheung moun pel rot tow kraw,,,,B
4447,62,is,Icelandic,Ég bond skóna mína áður en ég hljóp út,,,,,B
4448,62,tl,Tagalog / Filipino,Itinali ko ang aking sapatos bago tumakbo sa labas,,,,,B
4449,62,ms,Malay,Saya mengikat kasut sebelum berlari ke luar,,,,,B
4450,62,jv,Javanese,Aku naleni sepatu sadurunge mlayu metu,,,,,B
4451,62,kk,Kazakh,Сыртқа жүгірмес бұрын аяқ киімдерімді байладым,Syrtqa jügirmes burın ayaq kıımderimdi baıladym,,,,B
4452,62,uz,Uzbek,Tashqariga yugurishdan oldin poyabzalimni bog'ladim,,,,,B
4453,62,mn,Mongolian,Би гадаа гүйхээсээ өмнө шаахайгаа уяагдсан,Bi gadaa güikheese ömnö shaakhaigaa uyaagdasan,,,,B
4454,62,ka,Georgia,ჩემი ფეხსაცმელები გარეთ გამოსვლამდე დავხურე,Chemi pekhsatsmelebi garet gamosvlamde davkhure,,,,B
4455,62,hy,Armenian,Ես կապեցի կոշիկներս, նախքան դուրս վազելը,Yes kapeți koshikners, nakhk'an durs vazely,,,,B
4456,62,eu,Basque,Nire zapatak lotu nituen korrika kanpora joan aurretik,,,,,B
4457,62,ca,Catalan,Em vaig lligar les sabates abans de sortir corrent,,,,,B
4458,62,gl,Galician,Ataquei os meus zapatos antes de saír correndo,,,,,B
4459,62,ga,Irish (Gaeilge),Cheangail mé mo bhróga sular rith mé amuigh,,,,,B
4460,62,cy,Welsh,Rhwymais fy esgidiau cyn rhedeg allan,,,,,B
4461,62,gd,Scottish Gaelic,Bhithinn a' ceangal mo bhrògan mus ruith mi a-muigh,,,,,B
4462,62,lb,Luxembourgish,Ech hu meng Schong gebonnen, ier ech no bausse gelaf sinn,,,,,B
4463,62,eo,Esperanto,Mi ligis miajn ŝuojn antaŭ kuri eksteren,,,,,B
4464,62,la,Latin,Calceos meos ligavi antequam foras currerem,,,,,B
4465,63,en,English,He drinks a glass of water every morning,,,,,A
4466,63,es,Spanish,Él bebe un vaso de agua cada mañana,,,,,A
4467,63,fr,French,Il boit un verre d'eau tous les matins,,,,,A
4468,63,pt,Portuguese,Ele bebe um copo de água todas as manhãs,,,,,A
4469,63,de,German,Er trinkt jeden Morgen ein Glas Wasser,,,,,A
4470,63,it,Italian,Lui beve un bicchiere d'acqua ogni mattina,,,,,A
4471,63,ru,Russian,Он выпивает стакан воды каждое утро,On vypivayet stakan vody kazhdoye utro,,,,A
4472,63,ar,Arabic,يشرب كوبًا من الماء كل صباح,Yashrabu kūban min al-mā'i kulla ṣabāḥ,,,,A
4473,63,hi,Hindi,वह हर सुबह एक गिलास पानी पीता है,Vah har subah ek gilās pānī pītā hai,,,,A
4474,63,bn,Bengali,সে প্রতি সকালে এক গ্লাস জল পান করে,Se prati sakālē ēka glāsa jala pāna karē,,,,A
4475,63,ur,Urdu,وہ ہر صبح ایک گلاس پانی پیتا ہے,Woh har subah ek gilās pānī pītā hai,,,,A
4476,63,fa,Persian,او هر صبح یک لیوان آب می‌خورد,U har sobh yek livān āb mī-khorad,,,,A
4477,63,tr,Turkish,Her sabah bir bardak su içer,,,,,A
4478,63,ja,Japanese,彼は毎朝コップ一杯の水を飲みます,Kare wa maiasa koppu ippai no mizu o nomimasu,,,,A
4479,63,ko,Korean,그는 매일 아침 물 한 잔을 마십니다,Geuneun maeil achim mul han janeul masimnida,,,,A
4480,63,zh-cn,Mandarin (Simplified),他每天早上喝一杯水,,tā měitiān zǎoshang hè yī bēi shuǐ,,A
4481,63,zh-tw,Mandarin (Traditional),他每天早上喝一杯水,,tā měitiān zǎoshang hè yī bēi shuǐ,,A
4482,63,vi,Vietnamese,Anh ấy uống một ly nước mỗi sáng,,,,,A
4483,63,th,Thai,เขาดื่มน้ำหนึ่งแก้วทุกเช้า,Kh̄āo dụ̀xm n̂ả h̄nụ̀ng kæ̂w thuk cheāa,,,,A
4484,63,id,Indonesian,Dia minum segelas air setiap pagi,,,,,A
4485,63,sw,Swahili,Anakunywa glasi ya maji kila asubuhi,,,,,A
4486,63,nl,Dutch,Hij drinkt elke ochtend een glas water,,,,,A
4487,63,pl,Polish,On pije szklankę wody każdego ranka,,,,,A
4488,63,uk,Ukrainian,Він випиває склянку води щоранку,Vin vypyvaye sklyanku vody shchoranku,,,,A
4489,63,el,Greek,Πίνει ένα ποτήρι νερό κάθε πρωί,Pínei éna potíri neró káthe proí,,,,A
4490,63,sv,Swedish,Han dricker ett glas vatten varje morgon,,,,,A
4491,63,no,Norwegian,Han drikker et glass vann hver morgen,,,,,A
4492,63,da,Danish,Han drikker et glas vand hver morgen,,,,,A
4493,63,fi,Finnish,Hän juo lasin vettä joka aamu,,,,,A
4494,63,cs,Czech,Pije sklenici vody každé ráno,,,,,A
4495,63,hu,Hungarian,Minden reggel iszik egy pohár vizet,,,,,A
4496,63,ro,Romanian,El bea un pahar cu apă în fiecare dimineață,,,,,A
4497,63,bg,Bulgarian,Той пие чаша вода всяка сутрин,Toj pie chasha voda vsyaka sutrin,,,,A
4498,63,sr,Serbian,Он пије чашу воде свако јутро,On pije čašu vode svako jutro,,,,A
4499,63,sk,Slovak,Pije pohár vody každé ráno,,,,,A
4500,63,sl,Slovenian,Vsako jutro popije kozarec vode,,,,,A
4501,63,lt,Lithuanian,Jis kas rytą išgeria stiklinę vandens,,,,,A
4502,63,lv,Latvian,Vinš katru rītu izdzer glāzi ūdens,,,,,A
4503,63,et,Estonian,Ta joob iga hommik ühe klaasi vett,,,,,A
4504,63,he,Hebrew,הוא שותה כוס מים כל בוקר,Hu shoteh kos mayim kol boker,,,,A
4505,63,ha,Hausa,Yana shan gilashin ruwa kowace safiya,,,,,A
4506,63,yo,Yoruba,Ó ń mu ife omi lójoojúmọ́ owurọ,,,,A
4507,63,ig,Igbo,Ọ na-aṅụ otu iko mmiri kwa ụtụtụ,,,,,A
4508,63,am,Amharic,እሱ በየጧቱ አንድ ብርጭቆ ውሃ ይጠጣል,Es’u beyet’awitu ānidi birich’ik’o wiha yit’et’ali,,,,A
4509,63,ti,Tigrinya,ንሱ ኣብ ነፍሲ ወከፍ ንግሆ ሓደ ብርጭቆ ማይ ይሰቲ,Nisu ab nefsi wekef nigo hadi birch'ik'o may yiseti,,,,A
4510,63,ne,Nepali,उनी हरेक बिहान एक गिलास पानी पिउँछन्,Unī hareka bihāna ēka gilāsa pānī pi'um̐chan,,,,A
4511,63,ta,Tamil,அவர் ஒவ்வொரு காலையிலும் ஒரு கிளாஸ் தண்ணீர் குடிக்கிறார்,Avar ovvoru kālaiyilum oru kiḷās taṇṇīr kuṭikkiṟār,,,,A
4512,63,te,Telugu,అతను ప్రతి ఉదయం ఒక గ్లాస్ నీటిని తాగుతాడు,Atanu prati udayaṁ oka glās nīṭini tāgutāḍu,,,,A
4513,63,ml,Malayalam,അവൻ ഓരോ രാവിലെയും ഒരു ഗ്ലാസ് വെള്ളം കുടിക്കുന്നു,Avan ōrō rāvileyuṁ oru glās veḷḷaṁ kuṭikkunnu,,,,A
4514,63,mr,Marathi,तो दररोज एक पेलाभर पाणी पितो,To dararōja ēka pelābhara pāṇī pitō,,,,A
4515,63,pa,Punjabi,ਉਹ ਹਰ ਸਵੇਰੇ ਇੱਕ ਗਲਾਸ ਪਾਣੀ ਪੀਂਦਾ ਹੈ,Uh har saverē ika galāsa pāṇī pīndā hai,,,,A
4516,63,gu,Gujarati,તેઓ દરેક સવારે એક ગ્લાસ પાણી પી છે,Tē'ō darēka savārē ēka glāsa pāṇī pī chē,,,,A
4517,63,si,Sinhala,ඔහු සෑම උදෑසනම ජලයේ ගැලසයක් බොයි,Ohu sǣma udǣsanama jalayē gælasayak boyi,,,,A
4518,63,km,Khmer,គាត់ផឹកទឹកមួយកែវរាល់ព្រឹក,Kat phoek tuk muoy kaeuw rol prük,,,,A
4519,63,is,Icelandic,Hann drekkur glas af vatni alla morgna,,,,,A
4520,63,tl,Tagalog / Filipino,Umiinom siya ng isang basong tubig tuwing umaga,,,,,A
4521,63,ms,Malay,Dia minum segelas air setiap pagi,,,,,A
4522,63,jv,Javanese,Dheweke ngombe segelas banyu saben esuk,,,,,A
4523,63,kk,Kazakh,Ол әр таңертең бір стакан су ішеді,Ol är tañerteñ bır stakan su işedi,,,,A
4524,63,uz,Uzbek,U har kuni ertalab bir stakan suv ichadi,,,,,A
4525,63,mn,Mongolian,Тэр өдөр бүр өглөө нэг аяга ус уудаг,Ter ödör bür öglöö neg ayaga us uudag,,,,A
4526,63,ka,Georgia,ის ყოველ დილით ერთ ჭიქა წყალს სვამს,Is q'ovel dilit ert ch'ik'a ts'q'als svams,,,,A
4527,63,hy,Armenian,Նա ամեն առավոտ մի բաժակ ջուր է խմում,Na amen arravot mi bazhak jur e khmun,,,,A
4528,63,eu,Basque,Urak edalontzi bat edaten du goizero,,,,,A
4529,63,ca,Catalan,Ell beu un got d'aigua cada matí,,,,,A
4530,63,gl,Galician,El bebe un vaso de auga cada mañá,,,,,A
4531,63,ga,Irish (Gaeilge),Ólann sé gloine uisce gach maidin,,,,,A
4532,63,cy,Welsh,Mae'n yfed gwydraid o ddŵr bob bore,,,,,A
4533,63,gd,Scottish Gaelic,Bidh e ag òl glainne uisge gach madainn,,,,,A
4534,63,lb,Luxembourgish,Hien drénkt all Moien e Glas Waasser,,,,,A
4535,63,eo,Esperanto,Li trinkas glason da akvo ĉiumatene,,,,,A
4536,63,la,Latin,Poculum aquae omni mane bibit,,,,,A
4537,64,en,English,Technology continues to reshape how people communicate across cultures,,,,,C
4538,64,es,Spanish,La tecnología continúa transformando cómo se comunican las personas entre culturas,,,,,C
4539,64,fr,French,La technologie continue de remodeler la façon dont les gens communiquent à travers les cultures,,,,,C
4540,64,pt,Portuguese,A tecnologia continua a remodelar como as pessoas se comunicam entre culturas,,,,,C
4541,64,de,German,Die Technologie verändert weiterhin, wie Menschen über Kulturen hinweg kommunizieren,,,,,C
4542,64,it,Italian,La tecnologia continua a ridefinire il modo in cui le persone comunicano tra culture diverse,,,,,C
4543,64,ru,Russian,Технология продолжает изменять способы общения людей между культурами,Tekhnologiya prodolzhayet izmenyat' sposoby obshcheniya lyudey mezhdu kul'turami,,,,C
4544,64,ar,Arabic,لا تزال التكنولوجيا تعيد تشكيل طريقة تواصل الناس عبر الثقافات,Lā tazālu at-teknūlūjiyā tuʻīdu tashkīlu ṭarīqati tawāṣuli an-nāsi ʻabra ath-thaqāfāti,,,,C
4545,64,hi,Hindi,प्रौद्योगिकी लगातार उस तरीके को फिर से आकार दे रही है जिससे लोग संस्कृतियों के पार संवाद करते हैं,Praudyogikī lagātār us tarīke ko phir se ākār de rahī hai jisase log sanskṛtiyōṁ ke pār saṁvād karte ha͂i,,,,C
4546,64,bn,Bengali,প্রযুক্তি কীভাবে মানুষ সংস্কৃতির মধ্যে যোগাযোগ করে তা পুনর্গঠন করতে চলেছে,Prayukti kībhābē mānuṣa saṁskṛtira madhyē yōgāyōga karē tā punargaṭhana karatē calēchē,,,,C
4547,64,ur,Urdu,ٹیکنالوجی مسلسل اس طرح سے نئے سرے سے تشکیل دے رہی ہے جس سے لوگ ثقافتوں کے پار بات چیت کرتے ہیں,Ṭeknālōjī musalsal is tarah se naye sire se tashkīl de rahī hai jis se log saqāfatoṁ ke pār bāt-chīt karte ha͂i,,,,C
4548,64,fa,Persian,فناوری به بازتعریف نحوه برقراری ارتباط مردم در میان فرهنگ‌ها ادامه می‌دهد,Fanāvarī be bāz-taʻrīf-e nahve-ye barqarārī-ye ertebāṭ-e mardom dar miyān-e farhang-hā edāme midehad,,,,C
4549,64,tr,Turkish,Teknoloji, insanların kültürler arasında nasıl iletişim kurduğunu yeniden şekillendirmeye devam ediyor,,,,,C
4550,64,ja,Japanese,テクノロジーは人々が文化を超えてコミュニケーションする方法を再形成し続けています,Tekunorojī wa hitobito ga bunka o koete komyunikēshon suru hōhō o sai-keisei shi tsudzukete imasu,,,,C
4551,64,ko,Korean,기술은 사람들이 문화를 초월하여 소통하는 방식을 계속 재구성하고 있습니다,Gisur-eun saramdeuri munhwareul chowolhayeo sotonghaneun bangsigeul gyesok jaeguseonghago itseumnida,,,,C
4552,64,zh-cn,Mandarin (Simplified),技术持续重塑着人们跨文化交流的方式,,jìshù chíxù chóngsù zhe rénmen kuà wénhuà jiāoliú de fāngshì,,C
4553,64,zh-tw,Mandarin (Traditional),技術持續重塑著人們跨文化交流的方式,,jìshù chíxù chóngsù zhe rénmen kuà wénhuà jiāoliú de fāngshì,,C
4554,64,vi,Vietnamese,Công nghệ tiếp tục định hình lại cách mọi người giao tiếp xuyên văn hóa,,,,,C
4555,64,th,Thai,เทคโนโลยียังคงปรับเปลี่ยนวิธีการสื่อสารของผู้คนข้ามวัฒนธรรม,Tekhnoloyī yạngkhng prapb̀xn withīkār s̄eī̀xs̄ār k̄hxng p̄hū̂khn k̄hām wạtʹhnṭhrrm,,,,C
4556,64,id,Indonesian,Teknologi terus membentuk kembali cara orang berkomunikasi lintas budaya,,,,,C
4557,64,sw,Swahili,Teknolojia inaendelea kubadilisha jinsi watu wanavyowasiliana katika tamaduni mbalimbali,,,,,C
4558,64,nl,Dutch,Technologie blijft veranderen hoe mensen over culturen heen communiceren,,,,,C
4559,64,pl,Polish,Technologia wciąż zmienia to, w jaki sposób ludzie komunikują się pomiędzy kulturami,,,,,C
4560,64,uk,Ukrainian,Технологія продовжує перевизначати спосіб спілкування людей через культури,Tekhnolohiya prodovzhuye perevyznachaty sposib spilkuvannya lyudey cherez kul'tury,,,,C
4561,64,el,Greek,Η τεχνολογία συνεχίζει να ανασχηματίζει τον τρόπο που επικοινωνούν οι άνθρωποι διαπολιτισμικά,I technología synechízei na anaschematízei ton trópo pou epikoinonún oi ánthropoi diapolitismiká,,,,C
4562,64,sv,Swedish,Teknologin fortsätter att omforma hur människor kommunicerar över kulturer,,,,,C
4563,64,no,Norwegian,Teknologien fortsetter å forme hvordan mennesker kommuniserer på tvers av kulturer,,,,,C
4564,64,da,Danish,Teknologien fortsætter med at omforme, hvordan mennesker kommunikerer på tværs af kulturer,,,,,C
4565,64,fi,Finnish,Teknologia jatkaa tapojen muokkaamista, joilla ihmiset kommunikoivat kulttuurien yli,,,,,C
4566,64,cs,Czech,Technologie nadále přetváří způsob, jakým lidé komunikují napříč kulturami,,,,,C
4567,64,hu,Hungarian,A technológia folyamatosan átalakítja, ahogyan az emberek a kultúrákon át kommunikálnak,,,,,C
4568,64,ro,Romanian,Tehnologia continuă să remodeleze modul în care oamenii comunică între culturi,,,,,C
4569,64,bg,Bulgarian,Технологията продължава да преобразува начина, по който хората общуват между култури,Tekhnologiyata prodŭlzhava da preobrazuva nachina, po koyto khorata obshtuvat mezhdu kulturi,,,,C
4570,64,sr,Serbian,Технологија наставља да преобликује начин на који људи комуницирају међу културама,Tehnologija nastavlja da preoblikuje način na koji ljudi komuniciraju među kulturama,,,,C
4571,64,sk,Slovak,Technológia naďalej pretvára spôsob, akým ľudia komunikujú naprieč kultúrami,,,,,C
4572,64,sl,Slovenian,Teknologija še naprej preoblikuje način, kako ljudje komunicirajo med kulturami,,,,,C
4573,64,lt,Lithuanian,Technologija ir toliau keičia tai, kaip žmonės bendrauja tarp kultūrų,,,,,C
4574,64,lv,Latvian,Tehnoloģija turpina pārveidot to, kā cilvēki sazinās starp kultūrām,,,,,C
4575,64,et,Estonian,Tehnoloogia jätkab inimeste suhtlemisviiside ümber kujundamist kultuuride vahel,,,,,C
4576,64,he,Hebrew,הטכנולוגיה ממשיכה לעצב מחדש את האופן שבו אנשים מתקשרים בין תרבויות,Hateknologiya mamshicha le'atzef mechadash et ha'ofen shebo anashim mitkashrim beyn tarbuyot,,,,C
4577,64,ha,Hausa,Fasaha na ci gaba da sake tsara yadda mutane ke sadarwa tsakanin al'adu,,,,,C
4578,64,yo,Yoruba,Tẹknọlọjì ń tẹsiwaju lati ṣe àtúnṣe bí àwọn ènìyàn ṣe ń bá ara wọn sọ̀rọ̀ káàkiri àwọn àṣà,,,,,C
4579,64,ig,Igbo,Nkà na ụzụ na-aga n'ihu na-emegharị otú ndị mmadụ si akparịta ụka n'ofe omenala,,,,,C
4580,64,am,Amharic,ቴክኖሎጂ ሰዎች በባህሎች ውስጥ የሚገናኙበትን መንገድ እንደገና እየቀረጸች ነው,Tēkinolojī sewochi bebahilochi wisit’i yemīgenanyubetini menigedi inidegena iyek’erechechi newi,,,,C
4581,64,ti,Tigrinya,ተክኖሎጂ ከመይ ከም ዝተሓላለዩ ሰባት ኣብ ልዕሊ ባህልታት ክትለውጥ ቀጺላ ኣላ,Tekinoloji kemey kem zitihalalewu sebat ab l'ili bahiltat kitilewit' k'esila ala,,,,C
4582,64,ne,Nepali,प्रविधिले मानिसहरू कसरी संस्कृतिहरूभित्र सम्पर्क गर्छन् भन्ने कुरा पुन: ढाँचा दिँदै गइरहेको छ,Pravidhile mānisaharū kasarī sanskṛtiharūbhitra samparka garchhan bhanne kurā punaḥ ḍhām̐cā dim̐dai gairahēko cha,,,,C
4583,64,ta,Tamil,மக்கள் கலாச்சாரங்களில் எவ்வாறு தொடர்பு கொள்கிறார்கள் என்பதை தொழில்நுட்பம் தொடர்ந்து மறுவடிவமைக்கிறது,Makkaḷ kalāccāraṅkaḷil evvāṟu toṭarpu koḷkiṟārkaḷ eṉpatai toḻilnuṭpam toṭarntu maṟuvaṭivamaikkiṟatu,,,,C
4584,64,te,Telugu,ప్రజలు సంస్కృతుల్లో ఎలా సంభాషించుకుంటారో దానిని సాంకేతికత కొనసాగించి పునర్నిర్మిస్తోంది,Prajalu sanskṛtullō elā sambhāṣiñcukuntārō dānini sāṅkētikata konasāgiñci punarnirmistōndi,,,,C
4585,64,ml,Malayalam,സംസ്കാരങ്ങളിലുടനീളം ആളുകൾ എങ്ങനെ ആശയവിനിമയം നടത്തുന്നു എന്നത് സാങ്കേതികവിദ്യ വീണ്ടും രൂപപ്പെടുത്തുന്നു,Saṁskāraṅṅaḷiluṭanīḷaṁ āḷukaḷ eṅṅane āśayavinimayaṁ naṭattunnu ennatu sāṅkētikavidya vīṇṭuṁ rūpappeṭuttunnu,,,,C
4586,64,mr,Marathi,लोक संस्कृतींमध्ये कसे संवाद साधतात हे तंत्रज्ञान सतत पुन्हा आकारत आहे,Lok sanskṛtīmadhye kase sanvād sādhatāt he tantradnyān satat punhā ākārat āhe,,,,C
4587,64,pa,Punjabi,ਪ੍ਰੋਦਯੋਗਿਕੀ ਲਗਾਤਾਰ ਇਸ ਨੂੰ ਮੁੜ ਆਕਾਰ ਦੇ ਰਹੀ ਹੈ ਕਿ ਲੋਕ ਸਭਿਆਚਾਰਾਂ ਵਿੱਚ ਕਿਵੇਂ ਸੰਚਾਰ ਕਰਦੇ ਹਨ,Prodēōgikī lagātār is nūṁ muṛa ākāra dē rahī hai ki lōka sabhi'ācārāṁ vica kivēṁ sanacāra karadē han,,,,C
4588,64,gu,Gujarati,લોકો સંસ્કૃતિઓમાં કેવી રીતે સંચાર કરે છે તેને ટેકનોલોજી સતત પુનઃઆકાર આપી રહી છે,Lōkō sanskṛti'ōmāṁ kēvī rītē sanacāra karē chē tēnē ṭēkanōlōjī satata punaḥākāra āpī rahī chē,,,,C
4589,64,si,Sinhala,පුද්ගලයින් සංස්කෘති අතර සන්නිවේදනය කරන ආකාරය තාක්ෂණය නැවත නැවත හැඩගස්වයි,Pudgalayin sanskṛti atara sannivēdanaya karana ākāraya tākṣaṇaya nævata nævata hæḍagasvayi,,,,C
4590,64,km,Khmer,បច្ចេកវិជ្ជាបន្តកែប្រែរបៀបដែលមនុស្សទំនាក់ទំនងគ្នាឆ្លងកាត់វប្បធម៌,Pachchekeavichchea banta kae brae robiep del mnoussa tomneak tomnong knea chhlang kat voabthor,,,,C
4591,64,is,Icelandic,Tæknin heldur áfram að móta hvernig fólk samskipti milli menningarsvæða,,,,,C
4592,64,tl,Tagalog / Filipino,Patuloy na hinuhubog ng teknolohiya kung paano nag-uusap ang mga tao sa iba't ibang kultura,,,,,C
4593,64,ms,Malay,Teknologi terus membentuk semula cara orang berkomunikasi merentas budaya,,,,,C
4594,64,jv,Javanese,Teknologi terus mbentuk maneh cara wong komunikasi antar budaya,,,,,C
4595,64,kk,Kazakh,Технология адамдардың мәдениеттер арасында қалай қарым-қатынас жасайтынын қайта құруда,Teknologiya adamdardıñ mädenïetter arasynda qalaı qarym-qatynas jasaıtynyn qaıta quruda,,,,C
4596,64,uz,Uzbek,Texnologiya odamlarning madaniyatlar orasida qanday muloqot qilishini qayta shakllantirmoqda,,,,,C
4597,64,mn,Mongolian,Технологи соёл хооронд хүмүүс хэрхэн харилцах талаар тасралтгүй дахин бүтээж байна,Tekhnologi soyol khoorond khümüüs kherkhen khariltsakh talaar tasraltgüi dakhin büteej baina,,,,C
4598,64,ka,Georgia,ტექნოლოგია აგრძელებს იმის გადამჭრელი ფორმირებას, თუ როგორ ურთიერთობენ ხალხი კულტურებს შორის,T'eknologia agrdzelebs imis gadamch'reli pormirebas, tu rogor urtiertoben khalkhi k'ult'urebs shoris,,,,C
4599,64,hy,Armenian,Տեխնոլոգիան շարունակում է վերաձևավորել այն, թե ինչպես են մարդիկ հաղորդակցվում մշակույթների միջև,Tekhnologyan sharunakum e veradzevavorel ayn, t'e inchpes en mardik haghordakts'vum mshakut'yanneri mijev,,,,C
4600,64,eu,Basuse,Teknologiak kultura arteko komunikabideen berregituraketan jarraitzen du,,,,,C
4601,64,ca,Catalan,La tecnologia continua remodelant com les persones es comuniquen a través de les cultures,,,,,C
4602,64,gl,Galician,A tecnoloxía continúa a reformar como as persoas se comunican entre culturas,,,,,C
4603,64,ga,Irish (Gaeilge),Leanann an teicneolaíocht ar aghaidh ag athmhúnlú an chaoi a ndéanann daoine cumarsáid thar cultúir,,,,,C
4604,64,cy,Welsh,Mae technoleg yn parhau i ail-lunio sut mae pobl yn cyfathrebu ar draws diwylliannau,,,,,C
4605,64,gd,Scottish Gaelic,Tha teicneòlas a’ leantainn air adhart ag ath-dhealbhadh mar a bhios daoine a’ conaltradh thairis air cultaran,,,,,C
4606,64,lb,Luxembourgish,D'Technologie weider ze veränneren, wéi Leit iwwer Kulturen kommunizéieren,,,,,C
4607,64,eo,Esperanto,Teknologio daŭre reaspektigas kiel homoj komunikas trans kulturoj,,,,,C
4608,64,la,Latin,Techne pergunt quomodo homines inter culturas communicent reformare,,,,,C
4609,65,en,English,We waited quietly while the doctor reviewed the results,,,,,B
4610,65,es,Spanish,Esperamos en silencio mientras el médico revisaba los resultados,,,,,B
4611,65,fr,French,Nous avons attendu tranquillement pendant que le médecin examinait les résultats,,,,,B
4612,65,pt,Portuguese,Esperamos em silêncio enquanto o médico analisava os resultados,,,,,B
4613,65,de,German,Wir warteten still, während der Arzt die Ergebnisse überprüfte,,,,,B
4614,65,it,Italian,Abbiamo aspettato in silenzio mentre il medico esaminava i risultati,,,,,B
4615,65,ru,Russian,Мы тихо ждали, пока врач изучал результаты,My tikho zhdali, poka vrach izuchal rezul'taty,,,,B
4616,65,ar,Arabic,انتظرنا بهدوء بينما كان الطبيب يراجع النتائج,Intaẓarnā bi-hudūʾ baynamā kāna aṭ-ṭabīb yurājiʿu an-natāʾij,,,,B
4617,65,hi,Hindi,हमने चुपचाप इंतजार किया जबकि डॉक्टर ने परिणामों की समीक्षा की,Hamne cupcāp intajār kiyā jabki ḍŏkṭar ne pariṇāmōṅ kī samīkṣā kī,,,,B
4618,65,bn,Bengali,আমরা নীরবে অপেক্ষা করলাম যখন ডাক্তার ফলাফলগুলি পর্যালোচনা করছিলেন,Āmrā nīrabē apēkṣā karalāma yakhana ḍāktāra phalāphala gulī paryālōcanā karachilēna,,,,B
4619,65,ur,Urdu,ہم خاموشی سے انتظار کرتے رہے جبکہ ڈاکٹر نتائج کا جائزہ لے رہا تھا,Ham khāmōshī se intizār kartē rahe jabke ḍākṭar natā'ij kā jā'iza le rahā thā,,,,B
4620,65,fa,Persian,ما در سکوت منتظر ماندیم در حالی که دکتر نتایج را مرور می‌کرد,Mā dar sokoot montazer māndim dar hāli ke doktor natāyej rā moroor mī-kard,,,,B
4621,65,tr,Turkish,Doktor sonuçları incelerken sessizce bekledik,,,,,B
4622,65,ja,Japanese,私たちは医師が結果を確認している間、静かに待ちました,Watashitachi wa ishi ga kekka o kakunin shite iru aida, shizuka ni machimashita,,,,B
4623,65,ko,Korean,의사가 결과를 검토하는 동안 우리는 조용히 기다렸습니다,Uisaga gyeolgwareul geomtohaneun dongan urineun joyonghi gidaryeotseumnida,,,,B
4624,65,zh-cn,Mandarin (Simplified),医生查看结果时，我们安静地等待着,,yīshēng chákàn jiéguǒ shí, wǒmen ānjìng de děngdài zhe,,B
4625,65,zh-tw,Mandarin (Traditional),醫生查看結果時，我們安靜地等待著,,yīshēng chákàn jiéguǒ shí, wǒmen ānjìng de děngdài zhe,,B
4626,65,vi,Vietnamese,Chúng tôi chờ đợi một cách yên lặng trong khi bác sĩ xem xét kết quả,,,,,B
4627,65,th,Thai,เรารออย่างเงียบ ๆ ในขณะที่หมอทบทวนผล,Rāo rx xỳāng ngeīyb « nı k̄hnā thī̀ ḥ̄x thbthwn p̄hl,,,,B
4628,65,id,Indonesian,Kami menunggu dengan tenang sementara dokter memeriksa hasilnya,,,,,B
4629,65,sw,Swahili,Tulisubiri kimya huku daktari akipitia matokeo,,,,,B
4630,65,nl,Dutch,We wachtten rustig terwijl de dokter de resultaten bekeek,,,,,B
4631,65,pl,Polish,Czekaliśmy cicho, podczas gdy lekarz przeglądał wyniki,,,,,B
4632,65,uk,Ukrainian,Ми тихо чекали, поки лікар переглядав результати,My tykho chekaly, poky likar perehlyadav rezul'taty,,,,B
4633,65,el,Greek,Περιμέναμε ήσυχα ενώ ο γιατρός εξέταζε τα αποτελέσματα,Periméname ísycha enó o giatrós exétaze ta apotelésmata,,,,B
4634,65,sv,Swedish,Vi väntade tyst medan läkaren gick igenom resultaten,,,,,B
4635,65,no,Norwegian,Vi ventet stille mens legen gjennomgikk resultatene,,,,,B
4636,65,da,Danish,Vi ventede stille, mens lægen gennemgik resultaterne,,,,,B
4637,65,fi,Finnish,Odotimme hiljaa, kun lääkäri tarkasteli tuloksia,,,,,B
4638,65,cs,Czech,Čekali jsme tiše, zatímco lékař prohlížel výsledky,,,,,B
4639,65,hu,Hungarian,Csendben vártunk, amíg az orvos átnézte az eredményeket,,,,,B
4640,65,ro,Romanian,Am așteptat în liniște în timp ce doctorul analiza rezultatele,,,,,B
4641,65,bg,Bulgarian,Чакахме тихо, докато лекар разглежда резултатите,Chakahme tikho, dokato lekar razglezhda rezultatite,,,,B
4642,65,sr,Serbian,Чекали смо тихо док је доктор прегледао резултате,Čekali smo tiho dok je doktor pregledao rezultate,,,,B
4643,65,sk,Slovak,Čakali sme potichu, kým lekár prezeral výsledky,,,,,B
4644,65,sl,Slovenian,Počakali smo tiho, medtem ko je zdravnik pregledoval rezultate,,,,,B
4645,65,lt,Lithuanian, Mes tylėjom laukdami, kol gydytojas peržiūrėjo rezultatus,,,,,B
4646,65,lv,Latvian,Mēs klusi gaidījām, kamēr ārsts pārskatīja rezultātus,,,,,B
4647,65,et,Estonian,Ootasime vaikselt, kui arst tulemusi vaatas,,,,,B
4648,65,he,Hebrew,חיכינו בשקט בזמן שהרופא בחן את התוצאות,Chikinou bashket bazman sheharofeh bachan et hatoza'ot,,,,B
4649,65,ha,Hausa,Muna jira a shiru yayin da likita ya duba sakamakon,,,,,B
4650,65,yo,Yoruba,A dúró ní ibiti ńlá nígbà tí dókítà ń wo àwọn èsì,,,,,B
4651,65,ig,Igbo,Anyị chere nwayọọ mgbe dọkịta na-enyocha nsonaazụ ya,,,,,B
4652,65,am,Amharic,ሀኪሙ ውጤቶቹን እያጣራ እያለ በትንሹ ተጠበቅን,Hakimu wit'ētochuni iyaţ'arani iyale betinishu tit'ebek'in,,,,B
4653,65,ti,Tigrinya,ንሕና ብስሕቲ ጸበና ኣብ እዋን እቲ ሓኪም ነቲ ውጽኢት ይመርመሮ,Nihna bisihiti ts'ebena ab ewan iti hakim neti wits'it yimermero,,,,B
4654,65,ne,Nepali,डाक्टरले नतिजा हेर्दा हामी शान्त रूपमा पर्ख्यौं,Ḍākṭarlē natijā herdā hāmī śānta rūpamā parkhyauṁ,,,,B
4655,65,ta,Tamil,டாக்டர் முடிவுகளை மதிப்பாய்வு செய்துகொண்டிருக்கும் போது நாங்கள் அமைதியாக காத்திருந்தோம்,Ṭākṭar muṭivukaḷai matippāyvu ceytukoṇṭirukkum pōtu nāṅkaḷ amaitiyāka kāttiruntōm,,,,B
4656,65,te,Telugu,డాక్టర్ ఫలితాలను సమీక్షించే సమయంలో మేము నిశ్శబ్దంగా వేచి ఉన్నాము,Ḍākṭar phalitālanu samīkṣiñcē samayaṁlō mēmu niśśabdaṁgā vēci unnāmu,,,,B
4657,65,ml,Malayalam,ഡോക്ടർ ഫലങ്ങൾ പരിശോധിച്ചുകൊണ്ടിരിക്കെ ഞങ്ങൾ നിശബ്ദമായി കാത്തിരുന്നു,Ḍōkṭar phalaṅṅaḷ pariśōdhiccukoṇṭirikke ñaṅṅaḷ niśabdhamāyi kāttirunnu,,,,B
4658,65,mr,Marathi,डॉक्टरने निकाल तपासत असताना आम्ही शांतपणे वाट पाहिली,Ḍŏkṭaranē nikāla tapāsat asatānā āmhī śāntapaṇē vāṭa pāhilī,,,,B
4659,65,pa,Punjabi,ਅਸੀਂ ਚੁੱਪਚਾਪ ਉਡੀਕ ਕਰਦੇ ਰਹੇ ਜਦੋਂ ਡਾਕਟਰ ਨੇ ਨਤੀਜਿਆਂ ਦੀ ਸਮੀਖਿਆ ਕੀਤੀ,Asīṁ cupacāpa uḍīka karadē rahē jadōṁ ḍākaṭara nē natīji'āṁ dī samīkhi'ā kītī,,,,B
4660,65,gu,Gujarati,અમે શાંતિથી રાહ જોઈ રહ્યા હતા જ્યારે ડૉક્ટરે પરિણામોની સમીક્ષા કરી,Amē śāntithī rāha jō'ī rahyā hatā jyārē ḍŏkṭarē pariṇāmōnī samīkṣā karī,,,,B
4661,65,si,Sinhala,වෛද්යවරයා ප්‍රතිඵල සමාලෝචනය කරන අතරතුර අපි නිශ්ශබ්දව බලා සිටිමු,Vaidyavarayā pratiphala samālōcanaya karana ataratura api niśśabdava balā siṭimu,,,,B
4662,65,km,Khmer,ពួកយើងរង់ចាំយ៉ាងស្ងៀម ខណៈដែលវេជ្ជបណ្ឌិតពិនិត្យលទ្ធផល,Pouk young rong cham yang sngiem, khnarl del vechcheabandit pinit ly toth phl,,,,B
4663,65,is,Icelandic,Við beiðum rólega meðan læknirinn fór yfir niðurstöðurnar,,,,,B
4664,65,tl,Tagalog / Filipino,Naghintay kami nang tahimik habang pinag-aaralan ng doktor ang mga resulta,,,,,B
4665,65,ms,Malay,Kami menunggu dengan senyap semasa doktor menyemak keputusannya,,,,,B
4666,65,jv,Javanese,Aku ngenteni kanthi tenang nalika dhokter mriksa kasil,,,,,B
4667,65,kk,Kazakh,Дәрігер нәтижелерді қарап шығар кезде біз тыныш күттік,Därïger nätïjelerdi qarap şyğar kezde bız tynyş küttik,,,,B
4668,65,uz,Uzbek,Shifokor natijalarni ko'rib chiqayotganda biz jim kutdik,,,,,B
4669,65,mn,Mongolian,Эмч үр дүнг хянахдаа бид чимээгүй хүлээж суув,Emch ür düng khianakhdaa bid chimeegüi khüleej suuv,,,,B
4670,65,ka,Georgia,ჩვენ მშვიდად დაველოდეთ, სანამ ექიმი შედეგებს ათვალიერებდა,Chven mshvidad davelodet, sanam ekimi shedegebs atvalierebda,,,,B
4671,65,hy,Armenian,Մենք հանդարտ սպասեցինք, երբ բժիշկը արդյունքները վերանայում էր,Menk' handart spacec'ink', yerb bzhishky ardyunk'nery veranayum er,,,,B
4672,65,eu,Basque,Bare itxaron genuen medikuak emaitzak berrikusten zituen bitartean,,,,,B
4673,65,ca,Catalan,Va esperar tranquil·lament mentre el metge revisava els resultats,,,,,B
4674,65,gl,Galician,Agardamos en silencio mentres o médico revisaba os resultados,,,,,B
4675,65,ga,Irish (Gaeilge),D'fhanamar go ciúin agus an dochtúir ag athbhreithniú ar na torthaí,,,,,B
4676,65,cy,Welsh,Fe wnaethom aros yn dawel tra oedd y meddyg yn adolygu'r canlyniadau,,,,,B
4677,65,gd,Scottish Gaelic,Bha sinn a' feitheamh gu sàmhach fhad 's a bha an dotair a' sgrùdadh nan toraidhean,,,,,B
4678,65,lb,Luxembourgish,Mer hunn roueg gewaart, während de Dokter d'Resultater iwwerpréift huet,,,,,B
4679,65,eo,Esperanto,Ni atendis kviete dum la kuracisto revizis la rezultojn,,,,,B
4680,65,la,Latin,Taciti exspectavimus dum medicus eventa recognosceret,,,,,B
4681,66,en,English,The small café on the corner serves the best coffee in town,,,,,A
4682,66,es,Spanish,El pequeño café de la esquina sirve el mejor café de la ciudad,,,,,A
4683,66,fr,French,Le petit café au coin sert le meilleur café de la ville,,,,,A
4684,66,pt,Portuguese,O pequeno café na esquina serve o melhor café da cidade,,,,,A
4685,66,de,German,Das kleine Café an der Ecke serviert den besten Kaffee der Stadt,,,,,A
4686,66,it,Italian,Il piccolo caffè all'angolo serve il miglior caffè della città,,,,,A
4687,66,ru,Russian,Маленькое кафе на углу подаёт лучший кофе в городе,Malen'koye kafe na uglu podayot luchshiy kofe v gorode,,,,A
4688,66,ar,Arabic,المقهى الصغير في الزاوية يقدم أفضل قهوة في المدينة,Al-maqhā aṣ-ṣaghīr fī az-zāwiya yuqaddimu afḍal qahwa fī al-madīna,,,,A
4689,66,hi,Hindi,कोने पर वह छोटा कैफे शहर में सबसे अच्छी कॉफी परोसता है,Kone par vah chhoṭā kaiphe śahar mẽ sabase acchī kŏphī parostā hai,,,,A
4690,66,bn,Bengali,কোণার ছোট ক্যাফেটি শহরের সেরা কফি পরিবেশন করে,Kōṇāra chōṭō kyāphēṭi śahara sērā kaphi paribēśana karē,,,,A
4691,66,ur,Urdu,کونے پر چھوٹا کیفے شہر میں بہترین کافی پیش کرتا ہے,Kone par chhoṭā kaife śahar mẽ bahtarīn kāfī pesh kartā hai,,,,A
4692,66,fa,Persian,کافه کوچک سر کوچه بهترین قهوه شهر را سرو می‌کند,Kāfe-ye kuchak-e sar-e kuche behtarin qahve-ye shahr rā serv mikonad,,,,A
4693,66,tr,Turkish,Köşedeki küçük kafe şehirdeki en iyi kahveyi servis eder,,,,,A
4694,66,ja,Japanese,角にある小さなカフェは町で一番おいしいコーヒーを出します,Kado ni aru chīsana kafe wa machi de ichiban oishii kōhī o dashimasu,,,,A
4695,66,ko,Korean,구석에 있는 작은 카페가 마을에서 가장 좋은 커피를 냅니다,Guseog-e inneun jageun kapega ma-eul-eseo gajang jo-eun keopireul naemnida,,,,A
4696,66,zh-cn,Mandarin (Simplified),拐角处的小咖啡馆供应镇上最好的咖啡,,guǎijiǎo chù de xiǎo kāfēi guǎn gōngyìng zhèn shàng zuì hǎo de kāfēi,,A
4697,66,zh-tw,Mandarin (Traditional),拐角處的小咖啡館供應鎮上最好的咖啡,,guǎijiǎo chù de xiǎo kāfēi guǎn gōngyìng zhèn shàng zuì hǎo de kāfēi,,A
4698,66,vi,Vietnamese,Quán cà phê nhỏ ở góc phố phục vụ cà phê ngon nhất thị trấn,,,,,A
4699,66,th,Thai,คาเฟ่เล็ก ๆ บนมุมถนนเสิร์ฟกาแฟที่ดีที่สุดในเมือง,Khā fè lek « bn mum t̄hnrd s̄erf kā fæ thī̀ dī thī̀s̄ud nı meụ̄xng,,,,A
4700,66,id,Indonesian,Kedai kopi kecil di sudut itu menyajikan kopi terbaik di kota,,,,,A
4701,66,sw,Swahili,Kahawa ndogo kwenye kona inatoa kahawa bora zaidi mjini,,,,,A
4702,66,nl,Dutch,Het kleine café op de hoek serveert de beste koffie van de stad,,,,,A
4703,66,pl,Polish,Mała kawiarnia na rogu serwuje najlepszą kawę w mieście,,,,,A
4704,66,uk,Ukrainian,Маленька кав'ярня на розі подає найкращу каву в місті,Malen'ka kav'yarnya na rozi podaye naykrashchu kavu v misti,,,,A
4705,66,el,Greek,Το μικρό καφέ στη γωνία σερβίρει τον καλύτερο καφέ στην πόλη,To mikró kafé sti gonía servírei ton kalýtero kafé stin póli,,,,A
4706,66,sv,Swedish,Det lilla cafét på hörnet serverar stadens bästa kaffe,,,,,A
4707,66,no,Norwegian,Den lille kafeen på hjørnet serverer byens beste kaffe,,,,,A
4708,66,da,Danish,Den lille café på hjørnet serverer byens bedste kaffe,,,,,A
4709,66,fi,Finnish,Pieni kahvila kulmassa tarjoaa kaupungin parasta kahvia,,,,,A
4710,66,cs,Czech,Malá kavárna na rohu podává nejlepší kávu ve městě,,,,,A
4711,66,hu,Hungarian,A kis sarkok kávézója szolgálja fel a város legjobb kávéját,,,,,A
4712,66,ro,Romanian,Micul cafenea de la colț servește cea mai bună cafea din oraș,,,,,A
4713,66,bg,Bulgarian,Малкото кафене на ъгъла сервира най-доброто кафе в града,Malkoto kafene na ǎgǎla servira nay-dobroto kafe v grada,,,,A
4714,66,sr,Serbian,Мала кафић на углу служи најбољу кафу у граду,Mala kafić na uglu služi najbolju kafu u gradu,,,,A
4715,66,sk,Slovak,Malá kaviareň na rohu podáva najlepšiu kávu v meste,,,,,A
4716,66,sl,Slovenian,Mala kavarna na vogalu streglo najboljšo kavo v mestu,,,,,A
4717,66,lt,Lithuanian,Mažas kavos kampas ties kampo siūlo geriausią kavą mieste,,,,,A
4718,66,lv,Latvian,Mazā kafejnīca stūrī piedāvā labāko kafiju pilsētā,,,,,A
4719,66,et,Estonian,Väike kohvik nurga peal serveerib linna parimat kohvi,,,,,A
4720,66,he,Hebrew,הקפה הקטן בפינת הרחוב מגיש את הקפה הטוב ביותר בעיר,Hakafe hakatan b'pinat harechov magish et hakafe hatov beyoter ba'ir,,,,A
4721,66,ha,Hausa,Ƙaramin gidan kofi a kusurwa yana bada kofi mafi kyau a garin,,,,,A
4722,66,yo,Yoruba,Ile koke kekere kan ni igun-ona naa n pese kofi ti o dara julọ ni ilu naa,,,,A
4723,66,ig,Igbo,Obere kọfị dị n'akuku na-enye kọfị kacha mma n'obodo,,,,,A
4724,66,am,Amharic,በማዕዘኑ ላይ ያለው ትንሽ ካፌ በከተማው ውስጥ ያለውን ምርጥ ቡና ያቀርባል,Be'ma'izenu layi yalew tinish kafe bek'etemawu wisit'i yalewin mirit'i buna yak'erbali,,,,A
4725,66,ti,Tigrinya,እቲ ኣብ ጥርዙ ዘሎ ንእሽቶ ካፌ ኣብታ ከተማ ዝርከብ ዝበለጸ ቡን የሕድር,Iti ab t'irzi zelo n'ishto kafe abta ketema zirekeb zibelitse bun yehidri,,,,A
4726,66,ne,Nepali,कुनामाको सानो क्याफेले शहरमा सबैभन्दा राम्रो कफी दिन्छ,Kunāmākō sānō kyāphēlē śaharamā sabaibhandā rāmrō kaphī dincha,,,,A
4727,66,ta,Tamil,மூலையில் உள்ள சிறிய காபி கடை நகரில் சிறந்த காபியை வழங்குகிறது,Mūlaiyil uḷḷa ciṟiya kāpi kaṭai nakaril ciṟanta kāpiyai vaḻaṅkukiṟatu,,,,A
4728,66,te,Telugu,మూలలో ఉన్న చిన్న కాఫీ షాపు పట్టణంలోనే ఉత్తమ కాఫీని సర్వ్ చేస్తుంది,Mūlalō unna cinna kāphī ṣāpu paṭṭaṇaṁlōnē uttama kāphīni sarv cēstundi,,,,A
4729,66,ml,Malayalam,കോണിലുള്ള ചെറിയ കഫേ നഗരത്തിലെ മികച്ച കാപ്പി വിളമ്പുന്നു,Kōṇiluḷḷa cheṟiya kaphē nagaratthile mikaccha kāppi viḷampunnu,,,,A
4730,66,mr,Marathi,कोपऱ्यातील छोटे कॅफे शहरातील सर्वोत्तम कॉफी देतं,Koparyātīl chhoṭe kĕphe śaharātīl sarvōttama kŏphī dēta,,,,A
4731,66,pa,Punjabi,ਕੋਨੇ 'ਤੇ ਛੋਟਾ ਕੈਫੇ ਸ਼ਹਿਰ ਵਿੱਚ ਸਭ ਤੋਂ ਵਧੀਆ ਕੌਫੀ ਪਰੋਸਦਾ ਹੈ,Kōnē 'tē chōṭā kaiphē śahira vica sabha tōṁ vadhī'ā kauphī parōsadā hai,,,,A
4732,66,gu,Gujarati,ખૂણે આવેલું નાનું કેફે શહેરમાં શ્રેષ્ઠ કોફી પીરસે છે,Khūṇē āvēluṁ nānuṁ kēphē śahēramāṁ śrēṣṭha kōphī pīrasē chē,,,,A
4733,66,si,Sinhala,කෙළවරේ ඇති කුඩා කැෆේ එක නගරයේ හොඳම කෝපි එක සපයයි,Keḷavare æti kuḍā kæphē eka nagaraye hon̆dama kōpi eka sapayayi,,,,A
4734,66,km,Khmer,ហាងកាហ្វេតូចនៅជ្រុងនោះផ្តល់កាហ្វេដ៏ល្អបំផុតនៅក្នុងទីក្រុង,Hang kahve touch nov chrong nuh phtal kahve da la bam phot nov knong ti krong,,,,A
4735,66,is,Icelandic,Litla kaffihúsið á horninu býður upp á besta kaffið í bænum,,,,,A
4736,66,tl,Tagalog / Filipino,Ang maliit na kape sa kanto ay naghahain ng pinakamasarap na kape sa bayan,,,,,A
4737,66,ms,Malay,Kedai kopi kecil di sudut itu menghidangkan kopi terbaik di bandar,,,,,A
4738,66,jv,Javanese,Kedai kopi cilik ing pojok iki nyedhiyakake kopi paling apik ing kutha,,,,,A
4739,66,kk,Kazakh,Қиядағы кішкентай кафе қаладағы ең жақсы кофені ұсынады,Qïyadağı kışkentay kafe qaladağı eñ jaqsy kofenı usynady,,,,A
4740,66,uz,Uzbek,Burchakdagi kichik kafe shahardagi eng yaxshi kofeni tortadi,,,,,A
4741,66,mn,Mongolian,Булан дээрх жижиг кафе хотод хамгийн сайн кофе үйлчилдэг,Bulan deerkh jijig kafe khotod khamgiin sain kofe üilchildeg,,,,A
4742,66,ka,Georgia,კუთხეში მცირე კაფე სერვირებს ქალაქში საუკეთესო ყავას,K'utkheshi mtsire k'ape servirebs k'alakshi sauk'eteso q'avas,,,,A
4743,66,hy,Armenian,Անկյունում գտնվող փոքրիկ սրճարանն առաջարկում է քաղաքի լավագույն սուրճը,Ankyunum gtnvogh p’ok’rik srcharann arrajarkum e k’aghak’i lavagoyn surchy,,,,A
4744,66,eu,Basque,Izkinako kafe txikiak herriko kafe onena zerbitzatzen du,,,,,A
4745,66,ca,Catalan,El petit cafè de la cantonada serveix el millor cafè de la ciutat,,,,,A
4746,66,gl,Galician,O pequeno café da esquina serve o mellor café da cidade,,,,,A
4747,66,ga,Irish (Gaeilge),Freastalaíonn an caifé beag ar an gcúinne an caife is fearr sa bhaile,,,,,A
4748,66,cy,Welsh,Mae'r caffi bach ar y gornel yn gweini'r coffi gorau yn y dref,,,,,A
4749,66,gd,Scottish Gaelic,Bidh an cafaidh bheag aig an oisinn a' frithealadh a' choife as fheàrr sa bhaile,,,,,A
4750,66,lb,Luxembourgish,De klengen Café op der Eck servéiert de beschte Kaffi an der Stad,,,,,A
4751,66,eo,Esperanto,La malgranda kafejo ĉe la angulo servas la plej bonan kafon en la urbo,,,,,A
4752,66,la,Latin,Parva taberna in angulo optimum cafeam in oppido praebet,,,,,A
4753,67,en,English,She found an old photo hidden inside the book,,,,,B
4754,67,es,Spanish,Ella encontró una foto antigua escondida dentro del libro,,,,,B
4755,67,fr,French,Elle a trouvé une vieille photo cachée à l'intérieur du livre,,,,,B
4756,67,pt,Portuguese,Ela encontrou uma foto antiga escondida dentro do livro,,,,,B
4757,67,de,German,Sie fand ein altes Foto, das im Buch versteckt war,,,,,B
4758,67,it,Italian,Lei ha trovato una vecchia foto nascosta dentro il libro,,,,,B
4759,67,ru,Russian,Она нашла старую фотографию, спрятанную внутри книги,Ona nashla staruyu fotografiyu, spryatannuyu vnutri knigi,,,,B
4760,67,ar,Arabic,وجدت صورة قديمة مخبأة داخل الكتاب,Wajadat ṣūra qadīma mukhba'a dākhila al-kitāb,,,,B
4761,67,hi,Hindi,उसने किताब के अंदर छिपी हुई एक पुरानी तस्वीर पाई,Usne kitāb ke andar chipī huī ek purānī tasvīr pāī,,,,B
4762,67,bn,Bengali,সে বইয়ের ভিতরে লুকানো একটি পুরানো ছবি পেলেন,Se ba'iẏēra bhitarē lukānō ēkaṭi purānō chabi pēlēna,,,,B
4763,67,ur,Urdu,اس نے کتاب کے اندر چھپی ہوئی ایک پرانی تصویر پائی,Us ne kitāb ke andar chipī huī ek purānī taṣvīr pāī,,,,B
4764,67,fa,Persian,او یک عکس قدیمی مخفی شده درون کتاب پیدا کرد,U yek aks-e qadimi-e maxfi shode darun-e ketāb peydā kard,,,,B
4765,67,tr,Turkish,Kitabın içinde saklı eski bir fotoğraf buldu,,,,,B
4766,67,ja,Japanese,彼女は本の中に隠されていた古い写真を見つけました,Kanojo wa hon no naka ni kakusarete ita furui shashin o mitsukemashita,,,,B
4767,67,ko,Korean,그녀는 책 안에 숨겨진 오래된 사진을 발견했습니다,Geunyeoneun chaek ane sumgyeojin oraedoen sajineul balgyeonhaetseumnida,,,,B
4768,67,zh-cn,Mandarin (Simplified),她在书里发现了一张藏着的旧照片,,tā zài shū lǐ fāxiàn le yī zhāng cáng zhe de jiù zhàopiàn,,B
4769,67,zh-tw,Mandarin (Traditional),她在書裡發現了一張藏著的舊照片,,tā zài shū lǐ fāxiàn le yī zhāng cáng zhe de jiù zhàopiàn,,B
4770,67,vi,Vietnamese,Cô ấy tìm thấy một bức ảnh cũ được giấu bên trong cuốn sách,,,,,B
4771,67,th,Thai,เธอพบภาพเก่าที่ซ่อนอยู่ในหนังสือ,Thoe phb p̄hāph kèā thī̀ s̄xn xyū̀ nı h̄nạngs̄ụ̄x,,,,B
4772,67,id,Indonesian,Dia menemukan foto lama tersembunyi di dalam buku,,,,,B
4773,67,sw,Swahili,Aliipata picha ya zamani iliyofichwa ndani ya kitabu,,,,,B
4774,67,nl,Dutch,Zij vond een oude foto verborgen in het boek,,,,,B
4775,67,pl,Polish,Ona znalazła stare zdjęcie schowane w książce,,,,,B
4776,67,uk,Ukrainian,Вона знайшла старе фото, сховане всередині книги,Vona znayshla stare foto, skhovane vseredyni knyhy,,,,B
4777,67,el,Greek,Βρήκε μια παλιά φωτογραφία κρυμμένη μέσα στο βιβλίο,Vríke mia paliá fotografía krymméni mésa sto vivlío,,,,B
4778,67,sv,Swedish,Hon hittade ett gammalt foto gömt i boken,,,,,B
4779,67,no,Norwegian,Hun fant et gammelt bilde gjemt inne i boka,,,,,B
4780,67,da,Danish,Hun fandt et gammelt foto gemt inde i bogen,,,,,B
4781,67,fi,Finnish,Hän löysi vanhan valokuvan, joka oli piilotettu kirjan sisään,,,,,B
4782,67,cs,Czech,Našla starou fotku schovanou uvnitř knihy,,,,,B
4783,67,hu,Hungarian,Talált egy régi fényképet, amely a könyvben volt elrejtve,,,,,B
4784,67,ro,Romanian,Ea a găsit o fotografie veche ascunsă în interiorul cărții,,,,,B
4785,67,bg,Bulgarian,Тя намери стара снимка, скрита в книгата,Tya nameri stara snimka, skrita v knigata,,,,B
4786,67,sr,Serbian,Она је пронашла стару фотографију скривену у књизи,Ona je pronašla staru fotografiju skrivenu u knjizi,,,,B
4787,67,sk,Slovak,Našla starú fotku skrytú v knihe,,,,,B
4788,67,sl,Slovenian,Našla je staro fotografijo, skrito v knjigi,,,,,B
4789,67,lt,Lithuanian,Ji rado seną nuotrauką, paslėptą knygos viduje,,,,,B
4790,67,lv,Latvian,Viņa atrada vecu fotogrāfiju paslēptu grāmatā,,,,,B
4791,67,et,Estonian,Ta leidis raamatusse peidetud vana foto,,,,,B
4792,67,he,Hebrew,היא מצאה תמונה ישנה מוחבאת בתוך הספר,Hi matzah temunah yeshanah muchbet betoch hasefer,,,,B
4793,67,ha,Hausa,Ta sami tsohon hoto da aka boye a cikin littafin,,,,,B
4794,67,yo,Yoruba,Ó rí àwòrán tuntun kan tí a tààrá sí inú ìwé,,,,,B
4795,67,ig,Igbo,Ọ chọtara foto ochie ezoro ezo n'ime akwụkwọ ahụ,,,,,B
4796,67,am,Amharic,እሷ በመጽሐፉ ውስጥ የተደበቀ የድሮ ፎቶ አገኘች,Es'wa bemets'ihafitu wisit'i yetedebeke yediro foto āgenetchi,,,,B
4797,67,ti,Tigrinya,ንሳ ኣብ ውሽጢ እታ መጽሓፍ እተሓብአት ናይ ቀደም ስእሊ ረኺባ,Nisa ab wishiti ita metsihaf itehab'et nay k'edemi s'ili rekhiba,,,,B
4798,67,ne,Nepali,उनले पुस्तकभित्र लुकेको एउटा पुरानो फोटो भेट्टाइन्,Unle pustakabhitra lukeko euṭā purānō phoṭo bheṭṭā'in,,,,B
4799,67,ta,Tamil,அவள் புத்தகத்தின் உள்ளே மறைக்கப்பட்ட பழைய புகைப்படம் ஒன்றைக் கண்டுபிடித்தாள்,Avaḷ puttakattiṉ uḷḷe maṟaikkappaṭṭa paḻaiya pukaippaṭam oṉṟaik kaṇṭupiṭittāḷ,,,,B
4800,67,te,Telugu,ఆమె పుస్తకం లోపల దాచి పెట్టిన ఒక పాత ఫోటోని కనుగొంది,Āme pustakaṁ lōpala dāci peṭṭina oka pāta phōṭōni kanugondi,,,,B
4801,67,ml,Malayalam,പുസ്തകത്തിനുള്ളിൽ മറയ്ക്കപ്പെട്ട ഒരു പഴയ ഫോട്ടോ അവൾ കണ്ടെത്തി,Pustakattinuḷḷ maṟaykkappeṭṭa oru paḻaya phōṭṭō avaḷ kaṇṭetti,,,,B
4802,67,mr,Marathi,तिने पुस्तकाच्या आत लपवलेले एक जुने फोटो सापडले,Tīne pustakācyā āta lapavalele ek june phōṭō sāpaḍale,,,,B
4803,67,pa,Punjabi,ਉਸ ਨੇ ਕਿਤਾਬ ਦੇ ਅੰਦਰ ਲੁਕਾਇਆ ਇੱਕ ਪੁਰਾਣੀ ਫੋਟੋ ਲੱਭੀ,Usa nē kitāba dē adara lukā'i'ā ika purāṇī phōṭō labbhī,,,,B
4804,67,gu,Gujarati,તેણીએ પુસ્તકની અંદર છુપાયેલ એક જુનું ફોટો શોધી કાઢ્યું,Tēṇī'ē pustakanī andara chupāyēla ēka junuṁ phōṭō śōdhī kāḍhyuṁ,,,,B
4805,67,si,Sinhala,ඇය පොත තුළ සැඟවුණු පැරණි ඡායාරූපයක් සොයා ගත්තාය,Æya pota tuḷa sæn̆gavuṇu pæraṇi chāyārūpayak soyā gattāya,,,,B
4806,67,km,Khmer,នាងបានរកឃើញរូបថតចាស់ដែលលាក់នៅក្នុងសៀវភៅ,Neang ban rok khoenh rub thot chas del leak nov knong sievphow,,,,B
4807,67,is,Icelandic,Hún fann gamla mynd falda inni í bókinni,,,,,B
4808,67,tl,Tagalog / Filipino,Nakahanap siya ng isang lumang litrato na nakatago sa loob ng libro,,,,,B
4809,67,ms,Malay,Dia menemui foto lama yang tersembunyi di dalam buku,,,,,B
4810,67,jv,Javanese,Dheweke nemu foto lawas sing didhelikake nang jero buku,,,,,B
4811,67,kk,Kazakh,Ол кітаптың ішінде жасырылған ескі фотосурет тапты,Ol kıtaptyñ ışinde jasyrylğan eskı fotoswret tapty,,,,B
4812,67,uz,Uzbek,U kitobning ichida yashiringan eski rasmni topdi,,,,,B
4813,67,mn,Mongolian,Тэр номон дотор нуугдаж байсан хуучин зураг олсон,Ter nomon dotor nuugdaj baisan khuuchin zurag olson,,,,B
4814,67,ka,Georgia,მან წიგნში დამალული ძველი ფოტო იპოვა,Man ts'ignshi damaluli dzveli pot'o ip'ova,,,,B
4815,67,hy,Armenian,Նա գտավ մի հին լուսանկար, որը թաքցված էր գրքի ներսում,Na gtav mi hin lusankar, vory t'ak'ts'vats er grk'i nerum,,,,B
4816,67,eu,Basque,Liburuaren barruan ezkutatutako argazki zahar bat aurkitu zuen,,,,,B
4817,67,ca,Catalan,Ella va trobar una fotografia antiga amagada dins del llibre,,,,,B
4818,67,gl,Galician,Ela atopou unha foto antiga agochada dentro do libro,,,,,B
4819,67,ga,Irish (Gaeilge),Fuair sí sean-ghrianghraf i bhfolach taobh istigh den leabhar,,,,,B
4820,67,cy,Welsh,Daeth hi o hyd i hen lun wedi'i guddio y tu mewn i'r llyfr,,,,,B
4821,67,gd,Scottish Gaelic,Lorg i seann dhealbh air a falach am broinn an leabhair,,,,,B
4822,67,lb,Luxembourgish,Si huet en al Foto fonnt, dat am Buch verstoppt war,,,,,B
4823,67,eo,Esperanto,Ŝi trovis malnovan foton kaŝitan en la libro,,,,,B
4824,67,la,Latin,Imaginem veterem intra librum occultam invenit,,,,,B
4825,68,en,English,The train arrived earlier than scheduled,,,,,B
4826,68,es,Spanish,El tren llegó antes de lo previsto,,,,,B
4827,68,fr,French,Le train est arrivé plus tôt que prévu,,,,,B
4828,68,pt,Portuguese,O trem chegou mais cedo do que o programado,,,,,B
4829,68,de,German,Der Zug kam früher als geplant an,,,,,B
4830,68,it,Italian,Il treno è arrivato in anticipo rispetto all'orario,,,,,B
4831,68,ru,Russian,Поезд прибыл раньше, чем было запланировано,Poyezd pribyl ran'she, chem bylo zaplanirovano,,,,B
4832,68,ar,Arabic,القطار وصل قبل الموعد المقرر,Al-qiṭār waṣala qabl al-maw'id al-muqarrar,,,,B
4833,68,hi,Hindi,ट्रेन निर्धारित समय से पहले आ गई,Ṭren nirdhārit samay se pahle ā gaī,,,,B
4834,68,bn,Bengali,রেলগাড়ি নির্ধারিত সময়ের আগেই পৌঁছে গেল,Rēlagāṛi nirdhārita samaẏēra āgē'i paum̐chē gēla,,,,B
4835,68,ur,Urdu,ٹرین طے شدہ وقت سے پہلے آ گئی,Ṭren ṭay shudah waqt se pahle ā gaī,,,,B
4836,68,fa,Persian,قطار زودتر از برنامه رسید,Qatār zudtar az barnāme resid,,,,B
4837,68,tr,Turkish,Tren planlanandan erken geldi,,,,,B
4838,68,ja,Japanese,電車は予定より早く到着しました,Densha wa yotei yori hayaku tōchaku shimashita,,,,B
4839,68,ko,Korean,기차가 예정보다 일찍 도착했습니다,Gichaga yejeongboda iljjig dochakaetseumnida,,,,B
4840,68,zh-cn,Mandarin (Simplified),火车比预定时间提前到达了,,huǒchē bǐ yùdìng shíjiān tíqián dàodá le,,B
4841,68,zh-tw,Mandarin (Traditional),火車比預定時間提前到達了,,huǒchē bǐ yùdìng shíjiān tíqián dàodá le,,B
4842,68,vi,Vietnamese,Tàu đến sớm hơn dự kiến,,,,,B
4843,68,th,Thai,รถไฟมาถึงเร็วกว่ากำหนด,R̄otfị mā t̄hụng rew kẁā kảh̄nd,,,,B
4844,68,id,Indonesian,Kereta itu datang lebih awal dari jadwal,,,,,B
4845,68,sw,Swahili,Gari la moshi lilifika mapema kuliko ilivyoratibiwa,,,,,B
4846,68,nl,Dutch,De trein arriveerde eerder dan gepland,,,,,B
4847,68,pl,Polish,Pociąg przyjechał wcześniej niż planowano,,,,,B
4848,68,uk,Ukrainian,Поїзд прибув раніше, ніж було заплановано,Poizd prybuv ranishe, nizh bulo zaplanovano,,,,B
4849,68,el,Greek,Το τρένο έφτασε νωρίτερα από το προγραμματισμένο,To tréno éftase norítera apó to programmatisméno,,,,B
4850,68,sv,Swedish,Tåget anlände tidigare än schemalagt,,,,,B
4851,68,no,Norwegian,Toget ankom tidligere enn planlagt,,,,,B
4852,68,da,Danish,Toget ankom tidligere end planlagt,,,,,B
4853,68,fi,Finnish,Juna saapui aiemmin kuin oli aikataulutettu,,,,,B
4854,68,cs,Czech,Vlak přijel dříve, než byl plánován,,,,,B
4855,68,hu,Hungarian,A vonat korábban érkezett, mint amennyire tervezték,,,,,B
4856,68,ro,Romanian,Trenul a sosit mai devreme decât era programat,,,,,B
4857,68,bg,Bulgarian,Влакът пристигна по-рано от предвиденото,Vlakǎt pristigna po-rano ot predvidenoto,,,,B
4858,68,sr,Serbian,Воз је стигао раније него што је било заказано,Voz je stigao ranije nego što je bilo zakazano,,,,B
4859,68,sk,Slovak,Vlak prišiel skôr, ako bolo naplánované,,,,,B
4860,68,sl,Slovenian,Vlak je prispel prej, kot je bilo predvideno,,,,,B
4861,68,lt,Lithuanian,Traukinys atvyko anksčiau nei buvo numatyta,,,,,B
4862,68,lv,Latvian,Vilciens ieradās agrāk nekā bija paredzēts,,,,,B
4863,68,et,Estonian,Rong saabus varem kui kavandatud,,,,,B
4864,68,he,Hebrew,הרכבת הגיעה מוקדם מהמתוכנן,Harakévet higia mukdam mehametukhnan,,,,B
4865,68,ha,Hausa,Jirgin ya zo da wuri fiye da yadda aka tsara,,,,,B
4866,68,yo,Yoruba,Ọkọ ojiirin wá si ibi ti a ti ṣeto si tẹlẹ ju,,,,A
4867,68,ig,Igbo,Ụgbọ oloko ahụ bịarutere n'oge karịa nke atụmatụ,,,,B
4868,68,am,Amharic,ባቡሩ ከታቀደው ቀደም ብሎ ደረሰ,Baburu ket'ak'edewi k'edemi blo derese,,,,B
4869,68,ti,Tigrinya,እታ ባቡር ካብቲ ዝተወጠነሉ ግዜ ቀዳም ብምባል በጽሐት,Ita babur kabi zitewet'elelu gizie k'edam bimbal betsh'et,,,,B
4870,68,ne,Nepali,रेलगाडी निर्धारित भन्दा पहिले आइपुग्यो,Rēlagāḍī nirdhārita bhandā pahilē ā'ipugyō,,,,B
4871,68,ta,Tamil,திட்டமிடப்பட்டதை விட ரயில் முன்னதாகவே வந்துவிட்டது,Tiṭṭamiṭappaṭṭatai viṭa rayil muṉṉatākavē vantuviṭṭatu,,,,B
4872,68,te,Telugu,రైలు షెడ్యూల్ చేయబడిన దానికన్నా ముందుగానే వచ్చింది,Railu ṣeḍyūl cēyabaḍina dānikannā mundugānē vaccindi,,,,B
4873,68,ml,Malayalam,പതിവ് സമയത്തിന് മുമ്പായി തീവണ്ടി എത്തി,Pativu samayattin mumṁpāyi tīvaṇṭi etti,,,,B
4874,68,mr,Marathi,गाडी नियोजित वेळेपेक्षा लवकर आली,Gāḍī niyōjita vēḷēpēkṣā lavakar ālī,,,,B
4875,68,pa,Punjabi,ਟ੍ਰੇਨ ਨਿਰਧਾਰਤ ਸਮੇਂ ਤੋਂ ਪਹਿਲਾਂ ਪਹੁੰਚ ਗਈ,Ṭrēna niradhārata samēṁ tōṁ pahilāṁ pahuncha ga'ī,,,,B
4876,68,gu,Gujarati,ટ્રેન નિયોજિત સમય કરતાં વહેલી આવી,Ṭrēna niyōjita samaya karatāṁ vahēlī āvī,,,,B
4877,68,si,Sinhala,දුම්රිය නිති කරුණු කරන ලද්දට වඩා ඉක්මනින් පැමිණියේ,Dumriya niti karuṇu karana laddaṭa vaḍā ikmanin pæmiṇiyē,,,,B
4878,68,km,Khmer,រថភ្លើងបានមកដល់មុនការកំណត់ពេលវេលា,Roth phleung ban mok dol moun kar kamnot pel velia,,,,B
4879,68,is,Icelandic,Lestin kom fyrr en áætlað var,,,,,B
4880,68,tl,Tagalog / Filipino,Ang tren ay dumating nang mas maaga kaysa sa nakatakda,,,,,B
4881,68,ms,Malay,Kereta api itu tiba lebih awal daripada jadual,,,,,B
4882,68,jv,Javanese,Sebutan teka luwih awal tinimbang sing dijadwalake,,,,,B
4883,68,kk,Kazakh,Пойыз жоспарланғаннан бұрын келді,Poıyz josparlanğannan burın keldı,,,,B
4884,68,uz,Uzbek,Poyezd jadvaldagidan oldin keldi,,,,,B
4885,68,mn,Mongolian,Галт тэрэг төлөвлөгдсөнөөс эрт ирсэн,Galt tereg tölövlögdsönöös ert irsen,,,,B
4886,68,ka,Georgia,მატარებელი დაგეგმილზე ადრე ჩავიდა,Mat'arebeli dagegmilze adre ch'avida,,,,B
4887,68,hy,Armenian,Գնացքը ժամանեց ավելի շուտ, քան նախատեսված էր,Gnats'kë zhamanets' aveli shut, k'an nakhatesvats er,,,,B
4888,68,eu,Basuse,Trena programatua baino lehenago iritsi zen,,,,,B
4889,68,ca,Catalan,El tren va arribar abans del previst,,,,,B
4890,68,gl,Galician,O tren chegou antes do programado,,,,,B
4891,68,ga,Irish (Gaeilge),Tháinig an traein níos luaithe ná mar a bhí sceidealta,,,,,B
4892,68,cy,Welsh,Daeth y trên ymlaen llaw yn hytrach nag yn ôl yr amserlen,,,,,B
4893,68,gd,Scottish Gaelic,Thàinig an trèana na bu tràithe na bha e air a chlàradh,,,,,B
4894,68,lb,Luxembourgish,Den Zuch ass méi fréi wéi geplangt ukomm,,,,,B
4895,68,eo,Esperanto,La trajno alvenis pli frue ol planite,,,,,B
4896,68,la,Latin,Hamaxostichus ante tempus statutum advenit,,,,,B
4897,69,en,English,He learns new words by reading novels,,,,,A
4898,69,es,Spanish,Él aprende palabras nuevas leyendo novelas,,,,,A
4899,69,fr,French,Il apprend de nouveaux mots en lisant des romans,,,,,A
4900,69,pt,Portuguese,Ele aprende palavras novas lendo romances,,,,,A
4901,69,de,German,Er lernt neue Wörter, indem er Romane liest,,,,,A
4902,69,it,Italian,Impara nuove parole leggendo romanzi,,,,,A
4903,69,ru,Russian,Он учит новые слова, читая романы,On uchiт novyye slova, chitaya romany,,,,A
4904,69,ar,Arabic,يتعلم كلمات جديدة بقراءة الروايات,Yataʻallamu kalimāt jadīda bi-qirā'ati ar-riwāyāt,,,,A
4905,69,hi,Hindi,वह उपन्यास पढ़कर नए शब्द सीखता है,Vah upanyās paṛhkar nae śabd sīkhtā hai,,,,A
4906,69,bn,Bengali,সে উপন্যাস পড়ে নতুন শব্দ শেখে,Se upanyāsa paṛē natuna śabda śēkhē,,,,A
4907,69,ur,Urdu,وہ ناول پڑھ کر نئے الفاظ سیکھتا ہے,Woh nāval paṛh kar na'ay alfāz sīkhtā hai,,,,A
4908,69,fa,Persian,او با خواندن رمان کلمات جدید یاد می‌گیرد,U bā khāndan-e romān kalemāt-e jadīd yād mī-girad,,,,A
4909,69,tr,Turkish,Roman okuyarak yeni kelimeler öğrenir,,,,,A
4910,69,ja,Japanese,彼は小説を読んで新しい単語を学びます,Kare wa shōsetsu o yonde atarashii tango o manabimasu,,,,A
4911,69,ko,Korean,그는 소설을 읽으면서 새로운 단어를 배웁니다,Geuneun soseoreul ilgeumyeonseo saeroun daneoreul baewumnida,,,,A
4912,69,zh-cn,Mandarin (Simplified),他通过读小说来学习新单词,,tā tōngguò dú xiǎoshuō lái xuéxí xīn dāncí,,A
4913,69,zh-tw,Mandarin (Traditional),他透過讀小說來學習新單字,,tā tòuguò dú xiǎoshuō lái xuéxí xīn dānzì,,A
4914,69,vi,Vietnamese,Anh ấy học từ mới bằng cách đọc tiểu thuyết,,,,,A
4915,69,th,Thai,เขาเรียนรู้คำใหม่ด้วยการอ่านนวนิยาย,Khāo reīyn rū̂ khả h̄ım̀ d̂wy kār x̀ān nwṇiṅyāy,,,,A
4916,69,id,Indonesian,Dia belajar kata-kata baru dengan membaca novel,,,,,A
4917,69,sw,Swahili,Anajifunza maneno mapya kwa kusoma riwaya,,,,,A
4918,69,nl,Dutch,Hij leert nieuwe woorden door romans te lezen,,,,,A
4919,69,pl,Polish,Uczy się nowych słów, czytając powieści,,,,,A
4920,69,uk,Ukrainian,Він вчить нові слова, читаючи романи,Vin vchyt' novi slova, chytayuchy romany,,,,A
4921,69,el,Greek,Μαθαίνει νέες λέξεις διαβάζοντας μυθιστορήματα,Mathaínei nées léxeis diavázontas mythistorímata,,,,A
4922,69,sv,Swedish,Han lär sig nya ord genom att läsa romaner,,,,,A
4923,69,no,Norwegian,Han lærer nye ord ved å lese romaner,,,,,A
4924,69,da,Danish,Han lærer nye ord ved at læse romaner,,,,,A
4925,69,fi,Finnish,Hän oppii uusia sanoja lukemalla romaaneja,,,,,A
4926,69,cs,Czech,Učí se nová slova čtením románů,,,,,A
4927,69,hu,Hungarian,Új szavakat tanul regények olvasásával,,,,,A
4928,69,ro,Romanian,El învață cuvinte noi citind romane,,,,,A
4929,69,bg,Bulgarian,Той учи нови думи, като чете романи,Toj uchi novi dumi, kato chete romani,,,,A
4930,69,sr,Serbian,Он учи нове речи читајући романе,On uči nove reči čitajući romane,,,,A
4931,69,sk,Slovak,Učí sa nové slová čítaním románov,,,,,A
4932,69,sl,Slovenian,Uči se novih besed z branjem romanov,,,,,A
4933,69,lt,Lithuanian,Jis mokosi naujų žodžių skaitydamas romanus,,,,,A
4934,69,lv,Latvian,Vinš mācās jaunus vārdus, lasot romānus,,,,,A
4935,69,et,Estonian,Ta õpib uusi sõnu romaanide lugemise kaudu,,,,,A
4936,69,he,Hebrew,הוא לומד מילים חדשות על ידי קריאת רומנים,Hu lomed milim chadashot al yedey kri'at romanim,,,,A
4937,69,ha,Hausa,Yana koyon sababbin kalmomi ta hanyar karanta litattafai,,,,,A
4938,69,yo,Yoruba,Ó ń kọ́ ọ̀rọ̀ tuntun nípasẹ̀ kíkà àwọn itàn-àròsọ,,,,A
4939,69,ig,Igbo,Ọ na-amụta okwu ọhụrụ site n'ịgụ akwụkwọ akụkọ,,,,,A
4940,69,am,Amharic,ልብ ወለድ በማንበብ አዲስ ቃላት ያጠናል,Libi weled bemanibebi ādisi k'alati yat'enali,,,,A
4941,69,ti,Tigrinya,ንሱ ብምንባብ ልብ ወለድ ሓድሽ ቃላት ይመሃር,Nisu biminibeb libi weled hadish k'alat yimehar,,,,A
4942,69,ne,Nepali,उनले उपन्यास पढेर नयाँ शब्दहरू सिक्छन्,Unle upanyāsa paḍhera nayām̐ śabdaharū sikchhan,,,,A
4943,69,ta,Tamil,புதினங்களைப் படிப்பதன் மூலம் அவர் புதிய சொற்களைக் கற்றுக்கொள்கிறார்,Putinaṅkaḷaip paṭippataṉ mūlam avar putiya coṟkaḷaik kaṟṟukkoḷkiṟār,,,,A
4944,69,te,Telugu,అతను నవలలు చదవడం ద్వారా కొత్త పదాలను నేర్చుకుంటాడు,Atanu navalalu cadavaḍaṁ dvārā kotta padālanu nērcukuntāḍu,,,,A
4945,69,ml,Malayalam,നോവലുകൾ വായിച്ചുകൊണ്ടാണ് അവൻ പുതിയ വാക്കുകൾ പഠിക്കുന്നത്,Nōvalukaḷ vāyiccukoṇṭāṇ avan putiya vākkukaḷ paṭhikkunnat,,,,A
4946,69,mr,Marathi,तो कादंबऱ्या वाचून नवीन शब्द शिकतो,To kādambarhyā vācūn navīn śabda śikto,,,,A
4947,69,pa,Punjabi,ਉਹ ਨਾਵਲ ਪੜ੍ਹ ਕੇ ਨਵੇਂ ਸ਼ਬਦ ਸਿੱਖਦਾ ਹੈ,Uh nāval paṛh ke navēṁ śabad sikkadā hai,,,,A
4948,69,gu,Gujarati,તેઓ નવલકથાઓ વાંચીને નવા શબ્દો શીખે છે,Tē'ō navalakathā'ō vām̐cīnē navā śabdō śīkhē chē,,,,A
4949,69,si,Sinhala,ඔහු නවකතා කියවීමෙන් නව වචන ඉගෙන ගනී,Ohu navakatā kiyavīmen nava vachana igena ganī,,,,A
4950,69,km,Khmer,គាត់រៀនពាក្យថ្មីដោយការអានរឿងនិទាន,Kat rien peaky thmei daoy kar an roeng nitian,,,,A
4951,69,is,Icelandic,Hann lærir ný orð með því að lesa skáldsögur,,,,,A
4952,69,tl,Tagalog / Filipino,Natututo siya ng mga bagong salita sa pamamagitan ng pagbabasa ng mga nobela,,,,,A
4953,69,ms,Malay,Dia belajar perkataan baru dengan membaca novel,,,,,A
4954,69,jv,Javanese,Dheweke sinau tembung anyar kanthi maca novel,,,,,A
4955,69,kk,Kazakh,Ол романдар оқып жаңа сөздер үйренеді,Ol romandar oqyp jaña sözder üyrenedı,,,,A
4956,69,uz,Uzbek,U romanlar o'qib yangi so'zlar o'rganadi,,,,,A
4957,69,mn,Mongolian,Тэр зохиол уншиж шинэ үгс сурдаг,Ter zokhiol unshij shine ügs surdag,,,,A
4958,69,ka,Georgia,ის რომანების კითხვით სწავლობს ახალ სიტყვებს,Is romanebis k'itkhvit sts'avlobs akhal sit'q'vebs,,,,A
4959,69,hy,Armenian,Նա նոր բառեր է սովորել վեպեր կարդալով,Na nor barer e sovorel veper kardalov,,,,A
4960,69,eu,Basuse,Eleberriak irakurriz hitz berriak ikasten ditu,,,,,A
4961,69,ca,Catalan,Aprèn paraules noves llegint novel·les,,,,,A
4962,69,gl,Galician,Aprende palabras novas lendo novelas,,,,,A
4963,69,ga,Irish (Gaeilge),Foghlaimíonn sé focail nua trí úrscéalta a léamh,,,,,A
4964,69,cy,Welsh,Mae'n dysgu geiriau newydd trwy ddarllen nofelau,,,,,A
4965,69,gd,Scottish Gaelic,Bidh e ag ionnsachadh fhaclan ùra le bhith a' leughadh nobhailean,,,,,A
4966,69,lb,Luxembourgish,Hien léiert nei Wierder andeems e Romanen liest,,,,,A
4967,69,eo,Esperanto,Li lernas novajn vortojn per legado de romanoj,,,,,A
4968,69,la,Latin,Verba nova discit legendis fabulis,,,,,A
4969,70,en,English,A gentle breeze cooled the crowded street,,,,,A
4970,70,es,Spanish,Una brisa suave enfrió la calle concurrida,,,,,A
4971,70,fr,French,Une brise douce a rafraîchi la rue bondée,,,,,A
4972,70,pt,Portuguese,Uma brisa suave esfriou a rua lotada,,,,,A
4973,70,de,German,Eine sanfte Brise kühlte die überfüllte Straße ab,,,,,A
4974,70,it,Italian,Una brezza gentile rinfrescò la strada affollata,,,,,A
4975,70,ru,Russian,Лёгкий ветерок освежил переполненную улицу,Lyogkiy veterok osvezhil perepolnennuyu ulitsu,,,,A
4976,70,ar,Arabic,نسيم لطيف برد الشارع المزدحم,Nasīm laṭīf barrada ash-shāriʻ al-muzdahim,,,,A
4977,70,hi,Hindi,एक हल्की हवा ने भीड़-भाड़ वाली सड़क को ठंडा किया,Ek halkī havā ne bhīṛ-bhāṛ vālī saṛak ko ṭhaṇḍā kiyā,,,,A
4978,70,bn,Bengali,একটি মৃদু বাতাস ভিড়ে ঠাসা রাস্তাকে শীতল করে দিল,Ēkaṭi mr̥du bātāsa bhiṛē ṭhāsā rāstākē śītala karē dila,,,,A
4979,70,ur,Urdu,ایک ہلکی ہوا نے بھری ہوئی گلی کو ٹھنڈا کر دیا,Ēk halkī havā ne bharī huī galī ko ṭhanḍā kar diyā,,,,A
4980,70,fa,Persian,یک نسیم ملایم خیابان شلوغ را خنک کرد,Yek nasim-e molāyem khiyābān-e sholugh rā khonak kard,,,,A
4981,70,tr,Turkish,Hafif bir esinti kalabalık sokağı serinletti,,,,,A
4982,70,ja,Japanese,そよ風が混雑した通りを涼しくしました,Soyokaze ga konzatsu shita tōri o suzushiku shimashita,,,,A
4983,70,ko,Korean,산들바람이 붐비는 거리를 시원하게 만들었습니다,Sandeulbarami bumbineun georireul siwonhage mandeureotseumnida,,,,A
4984,70,zh-cn,Mandarin (Simplified),一阵微风让拥挤的街道凉爽下来,,yī zhèn wēifēng ràng yōngjǐ de jiēdào liángshuǎng xiàlái,,A
4985,70,zh-tw,Mandarin (Traditional),一陣微風讓擁擠的街道涼爽下來,,yī zhèn wēifēng ràng yōngjǐ de jiēdào liángshuǎng xiàlái,,A
4986,70,vi,Vietnamese,Một làn gió nhẹ làm mát con phố đông đúc,,,,,A
4987,70,th,Thai,สายลมอ่อน ๆ ทำให้ถนนที่คับคั่งเย็นลง,S̄āylm x̀xn « thảh̄ı̂ t̄hnn thī̀ khạbkhæng yen lng,,,,A
4988,70,id,Indonesian,Angin sepoi-sepoi mendinginkan jalan yang ramai,,,,,A
4989,70,sw,Swahili,Upepo mwanana ulipozisha barabara iliyojaa watu,,,,,A
4990,70,nl,Dutch,Een zacht briesje koelde de drukke straat af,,,,,A
4991,70,pl,Polish,Łagodna bryza ochłodziła zatłoczoną ulicę,,,,,A
4992,70,uk,Ukrainian,Лагідний вітерець охолодив переповнену вулицю,Lahidnyy viterets' okholodyv perepovnenu vulytsyu,,,,A
4993,70,el,Greek,Ένα απαλό αεράκι δροσίσε τον συνωστισμένο δρόμο,Éna apaló aeráki drosíse ton synostisméno drómo,,,,A
4994,70,sv,Swedish,En mild bris svalnade den trånga gatan,,,,,A
4995,70,no,Norwegian,En mild bris avkjølt den trengte gaten,,,,,A
4996,70,da,Danish,Et blidt vindpust afkølede den overfyldte gade,,,,,A
4997,70,fi,Finnish,Lembitä tuulenpuuska viilensi tungoksen täyttämää katua,,,,,A
4998,70,cs,Czech,Jemný vánek ochladil přeplněnou ulici,,,,,A
4999,70,hu,Hungarian,Egy enyhe szellő lehűtette a zsúfolt utcát,,,,,A
5000,70,ro,Romanian,O adiere blândă a răcorit strada aglomerată,,,,,A
5001,70,bg,Bulgarian,Лека полъх охлади натъпканата улица,Leka polǎh ohladi natǎpkanata ulitsa,,,,A
5002,70,sr,Serbian,Благи поветарац је расхладио препуну улицу,Blagi povetarac je rashladio prepunu ulicu,,,,A
5003,70,sk,Slovak,Jemný vánok ochladil preplnenú ulicu,,,,,A
5004,70,sl,Slovenian,Nežen vetrič je ohladil natrpano ulico,,,,,A
5005,70,lt,Lithuanian,Švelnus vėjelis atvėsino perpildytą gatvę,,,,,A
5006,70,lv,Latvian,Maigs vēsmas vēsā pārblīvēto ielu,,,,,A
5007,70,et,Estonian,Õrn tuul jahtitas rahvarohket tänavat,,,,,A
5008,70,he,Hebrew,בריזה עדנה ציננה את הרחוב הצפוף,Brizah adanah tzinenah et harechov hatzufuf,,,,A
5009,70,ha,Hausa,Iska mai laushi ta kwantar da titin da ke cike da jama'a,,,,,A
5010,70,yo,Yoruba,Afẹfẹ fẹẹrẹ kan ti tutu ni ọna ti o kun fun ọpọlọpọ eniyan,,,,A
5011,70,ig,Igbo,Oké ikuku dị nro mere ka okporo ụzọ jupụtara mmadụ jụụ oyi,,,,A
5012,70,am,Amharic,ለስላሳ ነፋስ ጭፍጨፋ ያለበትን ጎዳና አዘልላል,Leslasa nefas ch'ifich'efa yalebetini godana āzelilali,,,,A
5013,70,ti,Tigrinya,ንእሽቶ ንፋስ ነቲ ዝመልአ ጎደና ኣዝሓሎ, N'ishto nifas neti zimel'e godena azihalo,,,,A
5014,70,ne,Nepali,एउटा हल्का हावाले भीडभाड भएको सडकलाई चिसो पार्यो,Euṭā halkā hāvālē bhīḍabhāḍa bha'ēko saḍakalā'ī cisō pāryō,,,,A
5015,70,ta,Tamil,ஒரு மெல்லிய காற்று நெரிசல் நிறைந்த தெருவை குளிரச் செய்தது,Oru melliya kāṟṟu nerical niṟainta teruvai kuḷirac ceytatu,,,,A
5016,70,te,Telugu,ఒక మెత్తని గాలి ఇరుకైన వీధిని చల్లబరిచింది,Oka mettani gāli irukaina vīdhini callabaricindi,,,,A
5017,70,ml,Malayalam,ഒരു സൌമ്യമായ കാറ്റ് നിറഞ്ഞ തെരുവ് തണുപ്പിച്ചു,Oru saumyamāya kāṯṯ niṟañña teruv taṇuppiccu,,,,A
5018,70,mr,Marathi,एक सौम्य वाऱ्याने गर्दीच्या रस्त्याला थंड केले,Ēka saumya vāṟhyāne gardīcyā rastyālā thaṇḍa kelē,,,,A
5019,70,pa,Punjabi,ਇੱਕ ਹਲਕੀ ਹਵਾ ਨੇ ਭੀੜ ਵਾਲੀ ਗਲੀ ਨੂੰ ਠੰਡਾ ਕੀਤਾ,Ika halakī havā nē bhīṛa vālī galī nū ṭhaṇḍā kītā,,,,A
5020,70,gu,Gujarati,એક હળવી હવાએ ભીડભાડ ભરેલી શેરીને ઠંડી પાડી,Ēka haḷavī havā'ē bhīḍabhāḍa bharēlī śērīnē ṭhaṇḍī pāḍī,,,,A
5021,70,si,Sinhala,සුළඟක් ගලා යන පාර සිසිල් කළේය,Suḷan̆gak galā yana pāra sisil kaḷēya,,,,A
5022,70,km,Khmer,ខ្យល់បក់ស្រាលបានធ្វើឱ្យផ្លូវដែលមានអ្នកចូលច្រកច្រើនត្រជាក់ឡើង,Khyal bok sral ban thveu aoy phlov del mean neak chol chroch chroeun trachak laeng,,,,A
5023,70,is,Icelandic,Veikur vindur kældi þjöðnu götuna,,,,,A
5024,70,tl,Tagalog / Filipino,Pinalamig ng banayad na simoy ang masikip na kalye,,,,,A
5025,70,ms,Malay,Angin sepoi-sepoi menyejukkan jalan yang sesak,,,,,A
5026,70,jv,Javanese,Angin alus nyejuki dalan sing rame,,,,,A
5027,70,kk,Kazakh,Жұмсақ жел табысты көшені салқындатты,Jumaq jel tabysty köşeni salqyndatty,,,,A
5028,70,uz,Uzbek,Mayin shabada gavjum ko'chani salqinlattirdi,,,,,A
5029,70,mn,Mongolian,Эелдэг салхи үүдэн дүүрэн гудамжийг сэрүүн болгосон,Eeldeg salkhi üüden düüren gudamjiig serüün bolgoson,,,,A
5030,70,ka,Georgia,მშვიდმა ნიავმა გადატვირთული ქუჩა გააგრილა,Mshvidma niavma gadat'virtuli k'ucha gaagrila,,,,A
5031,70,hy,Armenian,Մեղմ զեփյուռը հովացրեց բազմամարդ փողոցը,Meghm zep’yurë hovats’rets’ bazmamard p’voghots’ë,,,,A
5032,70,eu,Basque,Haize leun batek kale jendetsua freskatu zuen,,,,,A
5033,70,ca,Catalan,Una suau brisa va refredar el carrer concorregut,,,,,A
5034,70,gl,Galician,Unha brisa suave arrefriou a rúa concorrida,,,,,A
5035,70,ga,Irish (Gaeilge,Fhuaraigh gaofar bog an tsráid ramhar,,,,,A
5036,70,cy,Welsh,Oerodd awel ysgafn y stryd orlawn,,,,,A
5037,70,gd,Scottish Gaelic,Chuir gaoth fhèath a' fhuarachadh an t-sràid làn,,,,,A
5038,70,lb,Luxembourgish,E riseg Bris huet d'iwwerfëllt Strooss ofkillt,,,,,A
5039,70,eo,Esperanto,Milda venteto malvarmigis la homplenan straton,,,,,A
5040,70,la,Latin,Aura lenis viam frequentem refrigeravit,,,,,A
5041,71,en,English,She listened carefully to the instructions,,,,,A
5042,71,es,Spanish,Ella escuchó atentamente las instrucciones,,,,,A
5043,71,fr,French,Elle a écouté attentivement les instructions,,,,,A
5044,71,pt,Portuguese,Ela ouviu atentamente as instruções,,,,,A
5045,71,de,German,Sie hörte den Anweisungen aufmerksam zu,,,,,A
5046,71,it,Italian,Lei ha ascoltato attentamente le istruzioni,,,,,A
5047,71,ru,Russian,Она внимательно слушала инструкции,Ona vnimatel'no slushala instruktsii,,,,A
5048,71,ar,Arabic,استمعت بعناية إلى التعليمات,Astamaʻat bi-ʻināya ilā at-taʻlīmāt,,,,A
5049,71,hi,Hindi,उसने ध्यान से निर्देश सुने,Usne dhyān se nirdesh sune,,,,A
5050,71,bn,Bengali,তিনি মনোযোগ সহকারে নির্দেশনা শুনলেন,Tini manōyōga sahakārē nirdēśanā śunalēna,,,,A
5051,71,ur,Urdu,اس نے توجہ سے ہدایات سنیں,Us ne tawajah se hidāyāt sunī̃,,,,A
5052,71,fa,Persian,او با دقت به دستورالعمل‌ها گوش داد,U bā deqqat be dastor-ol-amal-hā gūsh dād,,,,A
5053,71,tr,Turkish,Talimatları dikkatlice dinledi,,,,,A
5054,71,ja,Japanese,彼女は注意して指示を聞きました,Kanojo wa chūi shite shiji o kikimashita,,,,A
5055,71,ko,Korean,그녀는 주의 깊게 지시사항을 들었습니다,Geunyeoneun juui gipge jisihangeul deureotseumnida,,,,A
5056,71,zh-cn,Mandarin (Simplified),她仔细听了说明,,tā zǐxì tīng le shuōmíng,,A
5057,71,zh-tw,Mandarin (Traditional),她仔細聽了說明,,tā zǐxì tīng le shuōmíng,,A
5058,71,vi,Vietnamese,Cô ấy chăm chú lắng nghe các chỉ dẫn,,,,,A
5059,71,th,Thai,เธอตั้งใจฟังคำแนะนำ,Thoe tậngcı fạng khả næanả,,,,A
5060,71,id,Indonesian,Dia mendengarkan instruksi dengan saksama,,,,,A
5061,71,sw,Swahili,Aliisikiliza kwa makini maagizo,,,,,A
5062,71,nl,Dutch,Zij luisterde aandachtig naar de instructies,,,,,A
5063,71,pl,Polish,Ona uważnie słuchała instrukcji,,,,,A
5064,71,uk,Ukrainian,Вона уважно слухала інструкції,Vona uvazhno slukhalа instruktsiyi,,,,A
5065,71,el,Greek,Άκουσε προσεκτικά τις οδηγίες,Ákouse prosektiká tis odigíes,,,,A
5066,71,sv,Swedish,Hon lyssnade noga på instruktionerna,,,,,A
5067,71,no,Norwegian,Hun lyttet nøye til instruksjonene,,,,,A
5068,71,da,Danish,Hun lyttede omhyggeligt til instruktionerne,,,,,A
5069,71,fi,Finnish,Hän kuunteli huolellisesti ohjeita,,,,,A
5070,71,cs,Czech,Poslouchala pozorně instrukce,,,,,A
5071,71,hu,Hungarian,Figyelmesen hallgatta az utasításokat,,,,,A
5072,71,ro,Romanian,Ea a ascultat cu atenție instrucțiunile,,,,,A
5073,71,bg,Bulgarian,Тя внимателно слушаше инструкциите,Tya vnimatelno slushashe instruktsiite,,,,A
5074,71,sr,Serbian,Она је пажљиво слушала упутства,Ona je pažljivo slušala uputstva,,,,A
5075,71,sk,Slovak,Počúvala pozorne pokyny,,,,,A
5076,71,sl,Slovenian,Pozorno je poslušala navodila,,,,,A
5077,71,lt,Lithuanian,Ji atidžiai klausėsi instrukcijų,,,,,A
5078,71,lv,Latvian,Viņa uzmanīgi klausījās norādījumos,,,,,A
5079,71,et,Estonian,Ta kuulas hoolikalt juhiseid,,,,,A
5080,71,he,Hebrew,היא הקשיבה בקשב להוראות,Hi hikshiva b'keshev lehor'aot,,,,A
5081,71,ha,Hausa,Ta saurari umarnin a hankali,,,,,A
5082,71,yo,Yoruba,Ó gbọ́ àwọn ìlànà ní tẹtisi,,,,A
5083,71,ig,Igbo,Ọ gere ntị nke ọma na ntuziaka,,,,,A
5084,71,am,Amharic,ማስጠንቀቂያዎቹን በጥንቃቄ ተከተለች,Masitenik'ek'iyawochini bet'ink'wak'eti tekeletechi,,,,A
5085,71,ti,Tigrinya,ንሳ ኣብ ልዕሊ እቲ መምርሒታት ብጥንቃቄ ሰምዐት,Nisa ab l'ili iti memirhit'at bit'ink'ak'e sem'at,,,,A
5086,71,ne,Nepali,उनले निर्देशनहरू ध्यानपूर्वक सुनिन्,Unle nirdeśanaharū dhyānapūrvaka sunin,,,,A
5087,71,ta,Tamil,அவள் வழிமுறைகளை கவனமாகக் கேட்டாள்,Avaḷ vaḻimuṟaikaḷai kavaṉamākak kēṭṭāḷ,,,,A
5088,71,te,Telugu,ఆమె సూచనలను జాగ్రత్తగా విన్నది,Āme sūcanalanu jāgrattagā vinnadi,,,,A
5089,71,ml,Malayalam,അവൾ നിർദ്ദേശങ്ങൾ ശ്രദ്ധാപൂർവ്വം കേട്ടു,Avaḷ nirddēśaṅṅaḷ śrad'dhāpūrvvaṁ kēṭṭu,,,,A
5090,71,mr,Marathi,तिने सूचना काळजीपूर्वक ऐकल्या,Tīne sūcanā kāḷajīpūrvaka aikalyā,,,,A
5091,71,pa,Punjabi,ਉਸ ਨੇ ਹਦਾਇਤਾਂ ਧਿਆਨ ਨਾਲ ਸੁਣੀਆਂ,Usa nē hadā'itāṁ dhi'āna nāla suṇī'āṁ,,,,A
5092,71,gu,Gujarati,તેણીએ સૂચનાઓ ધ્યાનપૂર્વક સાંભળી,Tēṇī'ē sūcanā'ō dhyānapūrvaka sāmbhaḷī,,,,A
5093,71,si,Sinhala,ඇය උපදෙස් අවධානයෙන් සවන් දුන්නාය,Æya upades avadhānayen sawan dunnāya,,,,A
5094,71,km,Khmer,នាងបានយកចិត្តទុកដាក់យ៉ាងល្អចំពោះការណែនាំ,Neang ban yok chet tok dak yang la chompuoh karnenam,,,,A
5095,71,is,Icelandic,Hún hlustaði vandlega á leiðbeiningarnar,,,,,A
5096,71,tl,Tagalog / Filipino,Maingat niyang pinakinggan ang mga tagubilin,,,,,A
5097,71,ms,Malay,Dia mendengar arahan dengan teliti,,,,,A
5098,71,jv,Javanese,Dheweke ngrungokake pandhuan kanthi ati-ati,,,,,A
5099,71,kk,Kazakh,Ол нұсқауларды мұқият тыңдады,Ol nusqaulardy muqiyat tyñdady,,,,A
5100,71,uz,Uzbek,U ko'rsatmalarni diqqat bilan tingladi,,,,,A
5101,71,mn,Mongolian,Тэр заавруудыг анхааралтай сонссон,Ter zaavruudyg ankhaaraltai sonsson,,,,A
5102,71,ka,Georgia,მან ყურადღებით მოუსმინა ინსტრუქციებს,Man q'uradghebit mousmina inst'ruktsiebs,,,,A
5103,71,hy,Armenian,Նա ուշադիր լսեց հրահանգները,Na ushadir lseç hrahangnery,,,,A
5104,71,eu,Basque,Arankiro entzun zituen argibideak,,,,,A
5105,71,ca,Catalan,Ella va escoltar atentament les instruccions,,,,,A
5106,71,gl,Galician,Ela escoitou atentamente as instrucións,,,,,A
5107,71,ga,Irish (Gaeilge),D'éist sí go cúramach leis na treoracha,,,,,A
5108,71,cy,Welsh,Gwrandawodd yn ofalus ar y cyfarwyddiadau,,,,,A
5109,71,gd,Scottish Gaelic,Tha i air èisteachd gu faiceallach ris na stiùiridhean,,,,,A
5110,71,lb,Luxembourgish,Si huet opsetzlech op d'Instruktiounen gelauschtert,,,,,A
5111,71,eo,Esperanto,Ŝi aŭskultis atente la instrukciojn,,,,,A
5112,71,la,Latin,Diligenter monita auscultavit,,,,,A
5113,72,en,English,If you finish early, could you send me the report by email?,,,,,B
5114,72,es,Spanish,Si terminas temprano, ¿podrías enviarme el informe por correo electrónico?,,,,,B
5115,72,fr,French,Si vous finissez tôt, pourriez-vous m'envoyer le rapport par e-mail ?,,,,,B
5116,72,pt,Portuguese,Se você terminar cedo, poderia me enviar o relatório por e-mail?,,,,,B
5117,72,de,German,Falls Sie früh fertig werden, könnten Sie mir den Bericht per E-Mail schicken?,,,,,B
5118,72,it,Italian,Se finisci in anticipo, potresti inviarmi il rapporto via e-mail?,,,,,B
5119,72,ru,Russian,Если вы закончите рано, не могли бы вы отправить мне отчёт по электронной почте?,,,,,B
5120,72,ar,Arabic,إذا أنهيت مبكرًا، هل يمكنك أن ترسل لي التقرير بالبريد الإلكتروني؟,Idhā anhayta mubakkiran, hal yumkinuka an tursila lī at-taqrīr bil-barīd al-iliktrūnī?,,,,B
5121,72,hi,Hindi,यदि आप जल्दी समाप्त कर लें, तो क्या आप मुझे ईमेल से रिपोर्ट भेज सकते हैं?,,,B
5122,72,bn,Bengali,আপনি যদি তাড়াতাড়ি শেষ করেন, তাহলে কি আপনি আমাকে ইমেল করে রিপোর্ট পাঠাতে পারবেন?,,,,B
5123,72,ur,Urdu,اگر آپ جلد ختم کر لیں، تو کیا آپ مجھے ای میل کے ذریعے رپورٹ بھیج سکتے ہیں؟,,,,B
5124,72,fa,Persian,اگر زود تمام کردید، ممکن است گزارش را برای من ایمیل کنید؟,,,,B
5125,72,tr,Turkish,Erken bitirirseniz, bana raporu e-posta ile gönderir misiniz?,,,,,B
5126,72,ja,Japanese,早く終わったら、メールでレポートを送ってもらえますか？,Hayaku owattara, mēru de repōto o okutte moraemasu ka?,,,,B
5127,72,ko,Korean,일찍 끝내시면 이메일로 보고서를 보내 주시겠어요?,,,B
5128,72,zh-cn,Mandarin (Simplified),如果你提前完成，可以发邮件把报告发给我吗？,,,B
5129,72,zh-tw,Mandarin (Traditional),如果你提前完成，可以發郵件把報告發給我嗎？,,,B
5130,72,vi,Vietnamese,Nếu bạn hoàn thành sớm, bạn có thể gửi cho tôi báo cáo qua email được không?,,,,,B
5131,72,th,Thai,ถ้าคุณเสร็จเร็ว คุณช่วยส่งรายงานให้ฉันทางอีเมลได้ไหม?,,,,B
5132,72,id,Indonesian,Jika Anda selesai lebih awal, bisakah Anda mengirimkan laporannya kepada saya via email?,,,,,B
5133,72,sw,Swahili,Ukimaliza mapema, unaweza kunipeleka ripoti kwa barua pepe?,,,,,B
5134,72,nl,Dutch,Als je vroeg klaar bent, zou je me het rapport dan kunnen mailen?,,,,,B
5135,72,pl,Polish,Jeśli skończysz wcześniej, czy mógłbyś wysłać mi raport mailem?,,,,,B
5136,72,uk,Ukrainian,Якщо ви закінчите рано, чи не могли б ви надіслати мені звіт електронною поштою?,,,,B
5137,72,el,Greek,Αν τελειώσεις νωρίς, μπορείς να μου στείλεις την έκθεση μέσω email;,,,,B
5138,72,sv,Swedish,Om du blir klar tidigt, skulle du kunna skicka rapporten till mig via e-post?,,,,,B
5139,72,no,Norwegian,Hvis du blir ferdig tidlig, kunne du sendt meg rapporten på e-post?,,,,,B
5140,72,da,Danish,Hvis du er færdig tidligt, vil du så sende mig rapporten på e-mail?,,,,,B
5141,72,fi,Finnish,Jos lopetat ajoissa, voisitko lähettää minulle raportin sähköpostitse?,,,,,B
5142,72,cs,Czech,Pokud skončíte brzy, mohl(a) byste mi poslat zprávu e-mailem?,,,,,B
5143,72,hu,Hungarian,Ha korán befejezi, elküldené nekem a jelentést e-mailben?,,,,,B
5144,72,ro,Romanian,Dacă terminați devreme, ați putea să-mi trimiteți raportul prin e-mail?,,,,,B
5145,72,bg,Bulgarian,Ако завършите рано, бихте ли могли да ми изпратите доклада по имейл?,,,,B
5146,72,sr,Serbian,Ако завршите раније, да ли бисте могли да ми пошаљете извештај е-поштом?,,,,B
5147,72,sk,Slovak,Ak skončíte skôr, mohli by ste mi poslať správu e-mailom?,,,,B
5148,72,sl,Slovenian,Če končate zgodaj, bi mi lahko po e-pošti poslali poročilo?,,,,B
5149,72,lt,Lithuanian,Jei baigsite anksčiau, ar galėtumėte atsiųsti man ataskaitą el. paštu?,,,,B
5150,72,lv,Latvian,Ja jūs pabeigsat agri, vai jūs varētu man nosūtīt ziņojumu pa e-pastu?,,,,B
5151,72,et,Estonian,Kui lõpetad vara, kas saaksid mulle aruande meiliga saata?,,,,B
5152,72,he,Hebrew,אם תסיים מוקדם, האם תוכל לשלוח לי את הדוח בדוא"ל?,,,,B
5153,72,ha,Hausa,Idan ka gama da wuri, za ka iya aiko mani rahoton ta imel?,,,,B
5154,72,yo,Yoruba,Bi o ba pari ni kete, ṣe o le firanṣẹ fun mi nipasẹ imeeli?,,,,B
5155,72,ig,Igbo,Ọ bụrụ na ị mechaa n'oge, ị nwere ike izitere m akụkọ ahụ na email?,,,,B
5156,72,am,Amharic,ቀደም ብለህ ከጨረሱ, ሪፖርቱን በኢሜል መላክ ትችላለህ?,,,,B
5157,72,ti,Tigrinya,እንተወድኻ ቀዳም እንተወድኻ ተጠሪቕካ እወ ብኢመይል ኣብ እዋን ክትልእኮ ትኽእል ኢኻ?,,,,B
5158,72,ne,Nepali,यदि तपाईं चाँडै सक्नुहुन्छ भने, के तपाईं मलाई इमेल द्वारा रिपोर्ट पठाउन सक्नुहुन्छ?,,,,B
5159,72,ta,Tamil,நீங்கள் முன்கூட்டியே முடித்துவிட்டால், அறிக்கையை எனக்கு மின்னஞ்சல் மூலம் அனுப்ப முடியுமா?,,,,B
5160,72,te,Telugu,మీరు ముందుగా పూర్తి చేస్తే, నాకు ఈమెయిల్ ద్వారా రిపోర్ట్ పంపగలరు?,,,,B
5161,72,ml,Malayalam,നിങ്ങൾ വേഗം പൂർത്തിയാക്കുകയാണെങ്കിൽ, റിപ്പോർട്ട് എനിക്ക് ഇമെയിൽ ചെയ്ത് അയയ്ക്കാമോ?,,,,B
5162,72,mr,Marathi,तुम्ही लवकर संपवल्यास, तुम्ही मला ईमेलद्वारे अहवाल पाठवू शकाल का?,,,,B
5163,72,pa,Punjabi,ਜੇ ਤੁਸੀਂ ਜਲਦੀ ਖਤਮ ਕਰਦੇ ਹੋ, ਤਾਂ ਕੀ ਤੁਸੀਂ ਮੈਨੂੰ ਈਮੇਲ ਦੁਆਰਾ ਰਿਪੋਰਟ ਭੇਜ ਸਕਦੇ ਹੋ?,,,,B
5164,72,gu,Gujarati,જો તમે વહેલા પૂરું કરો, તો શું તમે મને ઈમેલ દ્વારા રિપોર્ટ મોકલી શકો છો?,,,,B
5165,72,si,Sinhala,ඔබ වේගයෙන් අවසන් කරන්නේ නම්, වාර්තාව මට ඊමේල් කර යැවිය හැකිද?,,,,B
5166,72,km,Khmer,ប្រសិនបើអ្នកបញ្ចប់មុនពេលកំណត់ តើអ្នកអាចផ្ញើរបាយការណ៍ឱ្យខ្ញុំតាមអ៊ីមែលបានទេ?,,,,B
5167,72,is,Icelandic,Ef þú lýkur snemma, gætirðu sent mér skýrsluna í tölvupósti?,,,,B
5168,72,tl,Tagalog / Filipino,Kung maaga kang matatapos, maaari mo bang ipadala sa akin ang ulat sa email?,,,,B
5169,72,ms,Malay,Jika anda selesai awal, bolehkah anda hantar laporan kepada saya melalui e-mel?,,,,B
5170,72,jv,Javanese,Menawa sampeyan rampung luwih awal, apa sampeyan bisa ngirim laporan marang aku liwat email?,,,,B
5171,72,kk,Kazakh,Егер ерте бітірсеңіз, есепті маған электрондық пошта арқылы жібере аласыз ба?,,,,B
5172,72,uz,Uzbek,Agar erta tugatsangiz, hisobotni menga elektron pochta orqali yubora olasizmi?,,,,B
5173,72,mn,Mongolian,Хэрэв та эрт дуусгавал, та надад имэйлээр тайлан илгээж чадах уу?,,,,B
5174,72,ka,Georgia,თუ ადრე დაასრულებთ, შეგიძლიათ რეპორტი ელ. ფოსტით გამომიგზავნოთ?,,,,B
5175,72,hy,Armenian,Եթե վաղ ավարտեք, կարո՞ղ եք հաշվետվությունը ինձ ուղարկել էլ. փոստով։,,,,B
5176,72,eu,Basque,Goiz amaitzen baduzu, txostena bidal diezadakezu eposta bidez?,,,,B
5177,72,ca,Catalan,Si acabes d'hora, em podries enviar l'informe per correu electrònic?,,,,B
5178,72,gl,Galician,Se rematas cedo, poderías enviarme o informe por correo electrónico?,,,,B
5179,72,ga,Irish (Gaeilge),Má chríochnaíonn tú go luath, an bhféadfá an tuarascáil a sheoladh chugam ar ríomhphost?,,,,B
5180,72,cy,Welsh,Os byddwch chi'n gorffen yn gynnar, allech chi anfon yr adroddiad ataf drwy e-bost?,,,,B
5181,72,gd,Scottish Gaelic,Ma chuireas tu crìoch air tràth, am b' urrainn dhut an aithisg a chur thugam air post-d?,,,,B
5182,72,lb,Luxembourgish,Wann Dir fréi fäerdeg sidd, kënnt Dir mir de Rapport per E-Mail schécken?,,,,B
5183,72,eo,Esperanto,Se vi finos frue, ĉu vi povus sendi al mi la raporton per retpoŝto?,,,,B
5184,72,la,Latin,Si mature confeceris, potesne mihi relationem per electronicam epistulam mittere?,,,,B
5185,73,en,English,I was tying my shoes when the phone rang unexpectedly,,,,,B
5186,73,es,Spanish,Me estaba atando los zapatos cuando el teléfono sonó inesperadamente,,,,,B
5187,73,fr,French,Je lacais mes chaussures quand le téléphone a sonné de façon inattendue,,,,,B
5188,73,pt,Portuguese,Estava amarrando meus sapatos quando o telefone tocou inesperadamente,,,,,B
5189,73,de,German,Ich band mir gerade die Schuhe zu, als das Telefon unerwartet klingelte,,,,,B
5190,73,it,Italian,Stavo allacciandomi le scarpe quando il telefono squillò all'improvviso,,,,,B
5191,73,ru,Russian,Я завязывал шнурки, когда неожиданно зазвонил телефон,Ya zavyazyval shnurki, kogda neozhidanno zazvonil telefon,,,,B
5192,73,ar,Arabic,كنت أربط حذائي عندما رن الهاتف فجأة,Kuntu urbiṭu ḥidhā'ī ʻindamā ranna al-hātif fajaʼan,,,,B
5193,73,hi,Hindi,मैं अपने जूते बाँध रहा था जब अचानक फोन बजा,Main apne jūte bāṁdh rahā thā jab acānak phon bajā,,,,B
5194,73,bn,Bengali,আমি জুতো বাঁধছিলাম যখন হঠাৎ ফোন বেজে উঠল,Āmi jutō bām̐dhachilāma yakhana haṭhāṭa phōna bējē uṭhala,,,,B
5195,73,ur,Urdu,میں اپنے جوتے باندھ رہا تھا جب اچانک فون بج اٹھا,Main apne jūte bāndh rahā thā jab achānak fon baj uṭhā,,,,B
5196,73,fa,Persian,داشتم کفش‌هایم را می‌بستم که ناگهان تلفن زنگ خورد,Dāshtam kafsh-hāyam rā mī-bastam ke nāgahān telefon zang khord,,,,B
5197,73,tr,Turkish,Ayakkabılarımı bağlıyordum ki telefon aniden çald,,,,,B
5198,73,ja,Japanese,靴紐を結んでいたら、突然電話が鳴りました,Kutsuhimo o musunde itara, totsuzen denwa ga narimashita,,,,B
5199,73,ko,Korean,신발끈을 묶고 있었는데 갑자기 전화가 울렸습니다,Sinbalkkeuneul mukgo isseonneunde gabjagi jeonhwaga ullyeotseumnida,,,,B
5200,73,zh-cn,Mandarin (Simplified),我正在系鞋带，电话突然响了,,wǒ zhèngzài xì xiédài, diànhuà túrán xiǎng le,,B
5201,73,zh-tw,Mandarin (Traditional),我正在繫鞋帶，電話突然響了,,wǒ zhèngzài xì xiédài, diànhuà túrán xiǎng le,,B
5202,73,vi,Vietnamese,Tôi đang buộc dây giày thì điện thoại đột nhiên reo,,,,,B
5203,73,th,Thai,ฉันกำลังผูกเชือกรองเท้าอยู่เมื่อโทรศัพท์ดังขึ้นอย่างกะทันหัน,Ch̄ản kảlạng p̄hūk cheụ̄̂x rxngtheā xyū̀ meụ̄̀xx thoraṣ̄p̄h dạng k̄hụ̂n xỳāng kathạnh̄ạns̄eīy,,,,B
5204,73,id,Indonesian,Saya sedang mengikat tali sepatu ketika telepon tiba-tiba berdering,,,,,B
5205,73,sw,Swahili,Nilikuwa nikifunga viatu niliposikia simu ikilia ghafla,,,,,B
5206,73,nl,Dutch,Ik was mijn schoenen aan het strikken toen de telefoon onverwacht ging,,,,,B
5207,73,pl,Polish,Wiazałam buty, gdy telefon niespodziewanie zadzwonił,,,,,B
5208,73,uk,Ukrainian,Я зав'язував шнурки, коли несподівано задзвонив телефон,Ya zav"yazuvav shnurky, koly nespodivano zadzvonyv telefon,,,,B
5209,73,el,Greek,Δένοντας τα παπούτσια μου, όταν χτύπησε απροσδόκητα το τηλέφωνο,Dénontas ta papoútsia mou, ótan chtýpise aprosdókita to tiléfono,,,,B
5210,73,sv,Swedish,Jag knöt mina skor när telefonen ringde oväntat,,,,,B
5211,73,no,Norwegian,Jeg bandt skoene mine da telefonen ringte uventet,,,,,B
5212,73,da,Danish,Jeg bandt mine sko, da telefonen ringede uventet,,,,,B
5213,73,fi,Finnish,Sitoin kengännauhojani, kun puhelin soi odottamatta,,,,,B
5214,73,cs,Czech,Právě jsem si zavazoval tkaničky, když nečekaně zazvonil telefon,,,,,B
5215,73,hu,Hungarian,Éppen a cipőfűzőmet kötöttem, amikor váratlanul csörgött a telefon,,,,,B
5216,73,ro,Romanian,Îmi legam șireturile când telefonul a sunat neașteptat,,,,,B
5217,73,bg,Bulgarian,Вързах си обувките, когато телефонът звънна неочаквано,Vŭrzah si obuvkite, kogato telefonŭt zvŭnna neochakvano,,,,B
5218,73,sr,Serbian,Везао сам ципеле када је телефон изненада зазвонио,Vezao sam cipele kada je telefon iznenada zazvonio,,,,B
5219,73,sk,Slovak,Zviazoval som si šnúrky, keď nečakane zazvonil telefón,,,,,B
5220,73,sl,Slovenian,Vezi sem si čevlje, ko je telefon nepričakovano zazvonil,,,,,B
5221,73,lt,Lithuanian,Aš rišau batus, kai netikėtai suskambėjo telefonas,,,,,B
5222,73,lv,Latvian,Es piesēju savas kurpes, kad telefons pēkšņi iemeta,,,,,B
5223,73,et,Estonian,Seotasin oma kingapaelu, kui telefon ootamatult helises,,,,,B
5224,73,he,Hebrew,קשרתי את הנעליים שלי כשהטלפון צלצל באופן לא צפוי,Kasharti et hana'alayim sheli k'shehatelefon tsiltel be'ofen lo tzafui,,,,B
5225,73,ha,Hausa,Ina ɗaura takalmina sai wayar ta yi ƙara ba zato ba tsammani,,,,,B
5226,73,yo,Yoruba,Mo ń di ẹ̀yìn bàtà mi nígbà tí fóònù kọ̀ọ́kan láìretí,,,,,B
5227,73,ig,Igbo,Anọ m agbụrụ akpụkpọ ụkwụ m mgbe ekwentị na-akpọ na mberede,,,,,B
5228,73,am,Amharic,ጫማዬን እያሰራሁ ነበር ስልኩ በማያሰብ ሁኔታ ተነገረ,Ch'amayēni iyāserahu neberi siliku bemāyasebi huneṭa tenegere,,,,B
5229,73,ti,Tigrinya,ኣነ ጫማይ እየሰሪሐ ነይረ ኣብ እዋን እቲ ተለፎን ብዘይ ተጸቢኑ ደወለ,Ana ch'amay iyeserih' neyire ab ewan iti telefon bizey tsebinu dewele,,,,B
5230,73,ne,Nepali,म जुत्ता बाँधिरहेको थिएँ जब अचानक फोन बज्यो,Ma juttā bām̐dhirahēkō thi'em̐jaba acānaka phōna bajyō,,,,B
5231,73,ta,Tamil,நான் காலணிகளைக் கட்டிக்கொண்டிருந்தபோது திடீரென தொலைபேசி அடித்தது,Nāṉ kālaṇikaḷaik kaṭṭikkoṇṭiruntapōtu tiṭīreṉa tolaipēci aṭittatu,,,,B
5232,73,te,Telugu,నేను నా షూ కట్టుతున్నప్పుడు ఫోను ఊరకే మోగింది,Nēnu nā ṣū kaṭṭtunnappuḍu phōnu ūrakē mōgindi,,,,B
5233,73,ml,Malayalam,ഞാൻ ഷൂ കെട്ടിക്കൊണ്ടിരിക്കെ പെട്ടെന്ന് ഫോൺ മുഴങ്ങി,Ñān ṣū keṭṭikkoṇṭirikke peṭṭenn phōṇ muḻaṅṅi,,,,B
5234,73,mr,Marathi,मी माझे शू बांधत होतो तेव्हा अचानक फोन वाजला,Mī mājhē śū bāndhata hōta tēvhā acānaka phōna vājalā,,,,B
5235,73,pa,Punjabi,ਮੈਂ ਆਪਣੇ ਜੁੱਤੇ ਬੰਨ੍ਹ ਰਿਹਾ ਸੀ ਜਦ ਅਚਾਨਕ ਫੋਨ ਵੱਜਿਆ,Maiṁ āpaṇē juttē bannh rihā sī jada acānaka phōna vajji'ā,,,,B
5236,73,gu,Gujarati,હું મારા જુતા બાંધતો હતો ત્યારે અચાનક ફોન વાગ્યો,Huṁ mārā jutā bāṁdhatō hatō tyārē acānaka phōna vāgyō,,,,B
5237,73,si,Sinhala,මම මගේ සපත්තු බැඳගෙන යන විට එක්කෝ දුරකථනය අනපේක්ෂිතව රිංගුණා,Mama magē sapattu bændagena yana viṭa ekkō durakathanaya anapēkṣitava rin̆guṇā,,,,B
5238,73,km,Khmer,ខ្ញុំកំពុងចងស្បែកជើង ភ្លាមៗទូរស័ព្ទបានរោទ៍,Khnhom kompong chang sbaek cheung, phleam pheak toursapt ban ro t,,,,B
5239,73,is,Icelandic,Ég var að binda skóana mína þegar síminn hringdi óvænt,,,,,B
5240,73,tl,Tagalog / Filipino,Nagtatali ako ng aking sapatos nang biglang tumunog ang telepono,,,,,B
5241,73,ms,Malay,Saya sedang mengikat kasut saya apabila telefon tiba-tiba berbunyi,,,,,B
5242,73,jv,Javanese,Aku lagi naleni sepatu nalika telpon muni kanthi ndadak,,,,,B
5243,73,kk,Kazakh,Мен аяқ киімді байлап жатқанымда телефон кенеттен қоңырау шалды,Men ayaq kıımdı baılap jatqanymda telefon kenetten qoñyrau şaldy,,,,B
5244,73,uz,Uzbek,Men poyabzalimni bog'layotganda telefon to'satdan jiringladi,,,,,B
5245,73,mn,Mongolian,Би шаахайгаа уяж байхдаа утас гэнэт дуугарсан,Bi shaakhaigaa uyaj bai khdaa utas genet duugarsan,,,,B
5246,73,ka,Georgia,ფეხსაცმლის შეკვრისას ტელეფონი მოულოდნელად დარეკა,Pekhsatsmlis shek'vrisas t'eleponi mou lodnelad darek'a,,,,B
5247,73,hy,Armenian,Ես կոշիկներս կապում էի, երբ հանկարծակի հեռախոսը զանգեց,Yes koshikners kapum ei, yerb hankartsaki heṙakhosë zangets’,,,,,B
5248,73,eu,Basuse,Zapatak lotzen ari nintzen, telefonoak ustekabean egin zuen deia,,,,,B
5249,73,ca,Catalan,M'estava lligant les sabates quan el telèfon va sonar sobtadament,,,,,B
5250,73,gl,Galician,Estaba a atar os zapatos cando o teléfono tocou de súpeto,,,,,B
5251,73,ga,Irish (Gaeilge),Bhí mé ag ceangal mo bhróga nuair a bhuail an fón gan choinne,,,,,B
5252,73,cy,Welsh,Roeddwn yn clymu fy esgidiau pan ganodd y ffôn yn annisgwyl,,,,,B
5253,73,gd,Scottish Gaelic,Bha mi a' ceangal mo bhrògan nuair a bhuail am fòn gu h-obann,,,,,B
5254,73,lb,Luxembourgish,Ech war meng Schong am bannen, wéi de Telefon onerwaart geläut huet,,,,,B
5255,73,eo,Esperanto,Mi ligis miajn ŝuojn kiam la telefono sonoris neatendite,,,,,B
5256,73,la,Latin,Calceos meos ligabam cum telephonium inopinate sonuit,,,,,B
5257,74,en,English,She whispered that she had never seen the ocean before,,,,,C
5258,74,es,Spanish,Ella susurró que nunca antes había visto el océano,,,,,C
5259,74,fr,French,Elle chuchota qu'elle n'avait jamais vu l'océan auparavant,,,,,C
5260,74,pt,Portuguese,Ela sussurrou que nunca tinha visto o oceano antes,,,,,C
5261,74,de,German,Sie flüsterte, dass sie den Ozean noch nie zuvor gesehen hatte,,,,,C
5262,74,it,Italian,Sussurrò che non aveva mai visto l'oceano prima,,,,,C
5263,74,ru,Russian,Она прошептала, что никогда раньше не видела океана,Ona prosheptala, chto nikogda ran'she ne videla okeana,,,,C
5264,74,ar,Arabic,همست بأنها لم تر المحيط من قبل,Hamasat bi'annahā lam tara al-muḥīṭ min qabl,,,,C
5265,74,hi,Hindi,उसने फुसफुसाकर कहा कि उसने पहले कभी समुद्र नहीं देखा था,Usne phusphusākar kahā ki usne pahle kabhī samudra nahī̃ dekhā thā,,,,C
5266,74,bn,Bengali,সে ফিসফিস করে বলল যে সে আগে কখনও সমুদ্র দেখেনি,Se phisaphisa karē balala yē sē āgē kakhana'ō samudra dēkhēni,,,,C
5267,74,ur,Urdu,اس نے سرگوشی کی کہ اس نے پہلے کبھی سمندر نہیں دیکھا تھا,Us ne sargoshī kī ki us ne pahle kabhī samandar nahī̃ dekhā thā,,,,C
5268,74,fa,Persian,او زمزمه کرد که هرگز قبلاً اقیانوس را ندیده است,U zamzame kard ke hargez qablan oqyānus rā nadide ast,,,,C
5269,74,tr,Turkish,Okyanusu daha önce hiç görmediğini fısıldadı,,,,,C
5270,74,ja,Japanese,彼女はこれまで海を見たことがないとささやいた,Kanojo wa kore made umi o mita koto ga nai to sasayaita,,,,C
5271,74,ko,Korean,그녀는 전에 한 번도 바다를 본 적이 없다고 속삭였습니다,Geunyeoneun jeon-e han beondo badareul bon jeogi eopdago soksagyeotseumnida,,,,C
5272,74,zh-cn,Mandarin (Simplified),她低声说自己以前从未见过大海,,tā dīshēng shuō zìjǐ yǐqián cóngwèi jiànguò dàhǎi,,C
5273,74,zh-tw,Mandarin (Traditional),她低聲說自己以前從未見過大海,,tā dīshēng shuō zìjǐ yǐqián cóngwèi jiànguò dàhǎi,,C
5274,74,vi,Vietnamese,Cô ấy thì thầm rằng trước đây cô ấy chưa bao giờ nhìn thấy đại dương,,,,,C
5275,74,th,Thai,เธอกระซิบว่าตนเองไม่เคยเห็นทะเลมาก่อน,Thoe krasib ẁā txn xeīng mị̀ key h̄ĕn thale mā k̀xn,,,,C
5276,74,id,Indonesian,Dia berbisik bahwa dia belum pernah melihat samudra sebelumnya,,,,,C
5277,74,sw,Swahili,Alinong'ona kwamba hajawahi kuona bahari hapo awali,,,,,C
5278,74,nl,Dutch,Zij fluisterde dat ze de oceaan nog nooit eerder had gezien,,,,,C
5279,74,pl,Polish,Szemrała, że nigdy wcześniej nie widziała oceanu,,,,,C
5280,74,uk,Ukrainian,Вона прошепотіла, що ніколи раніше не бачила океану,Vona proshepotila, shcho nikoly ranishe ne bachyла okeanu,,,,C
5281,74,el,Greek,Ψιθύρισε ότι δεν είχε δει ποτέ τον ωκεανό πριν,Psithýrise óti den eíche dei poté ton okeanó prin,,,,C
5282,74,sv,Swedish,Hon viskade att hon aldrig hade sett havet förut,,,,,C
5283,74,no,Norwegian,Hun hvisket at hun aldri hadde sett havet før,,,,,C
5284,74,da,Danish,Hun hviskede, at hun aldrig havde set havet før,,,,,C
5285,74,fi,Finnish,Hän kuiskasi, ettei hän ollut koskaan ennen nähnyt merta,,,,,C
5286,74,cs,Czech,Zašeptala, že předtím nikdy neviděla oceán,,,,,C
5287,74,hu,Hungarian,Suttogta, hogy soha nem látta még az óceánt,,,,,C
5288,74,ro,Romanian,Ea a șoptit că nu văzuse niciodată oceanul până atunci,,,,,C
5289,74,bg,Bulgarian,Тя прошепна, че никога преди не е виждала океана,Tya proshepnа, che nikoga predi ne e vishdala okeana,,,,C
5290,74,sr,Serbian,Шапнула је да никада пре није видела океан,Šapnula je da nikada pre nije videla okean,,,,C
5291,74,sk,Slovak,Zašepkala, že nikdy predtým nevidela oceán,,,,,C
5292,74,sl,Slovenian,Šepnila je, da še nikoli ni videla oceana,,,,,C
5293,74,lt,Lithuanian, Ji sušnibždėjo, kad niekada anksčiau nėra matęs vandenyno,,,,,C
5294,74,lv,Latvian,Viņa čukstēja, ka nekad agrāk nav redzējusi okeānu,,,,,C
5295,74,et,Estonian,Ta sosistas, et ta polnud kunagi varem ookeani näinud,,,,,C
5296,74,he,Hebrew,היא לחשה שהיא מעולם לא ראתה את האוקיינוס קודם לכן,Hi lachasha shehi me'olam lo ra'ata et ha'okiyanus kodem lechen,,,,C
5297,74,ha,Hausa,Ta rada cewa ba ta taba ganin teku ba a da,,,,,C
5298,74,yo,Yoruba,Ó fẹnu wẹ́rẹ́ pé kò tíì rí òkun rí,,,,C
5299,74,ig,Igbo,Ọ tụrụ n'olu na ya ahụtụbeghị oké osimiri mbụ,,,,,C
5300,74,am,Amharic,ከዚህ በፊት ውቅያኖስ አይታለትም ብላ ተናገረች,Kezīhi befīt wikiyanos āyitaletim bilа tenagerechi,,,,C
5301,74,ti,Tigrinya,ንሳ በቀል ብምባል ቀዲም ኣብ ዓለም ባሕሪ ከም ዘይርአቶ ነገረት,Nisa bek'el bimbal k'edim ab 'alemi bahri kem zeyir'eto negeret,,,,C
5302,74,ne,Nepali,उनले सिस्सी गरेर भनिन् कि उनले पहिले कहिल्यै सागर देखेकी थिइनन्,Unle sissī garera bhanin ki unle pahile kahilyai sāgara dehekī thi'inan,,,,C
5303,74,ta,Tamil,அவள் கடலை இதற்கு முன் பார்த்ததில்லை என்று கிசுகிசுத்தாள்,Avaḷ kaṭalai itaṟku muṉ pārttatillai eṉṟu kicukicuttāḷ,,,,C
5304,74,te,Telugu,ఆమె ఇంతకు ముందు ఎన్నడూ సముద్రం చూడలేదని పిసుకుతూ చెప్పింది,Āme intaku muṁdu ennaḍū samudraṁ cūḍalēdani pisukutū ceppindi,,,,C
5305,74,ml,Malayalam,അവൾ മുമ്പൊരിക്കലും സമുദ്രം കണ്ടിട്ടില്ലെന്ന് പതുക്കെ പറഞ്ഞു,Avaḷ mumpēārikkaluṁ samudraṁ kaṇṭiṭṭillenn patukke paṟaññu,,,,C
5306,74,mr,Marathi,तिने कुजबुजून सांगितले की तिने आधी कधीही समुद्र पाहिला नव्हता,Tīne kujabujūn sāṅgitalē kī tīne ādhī kadhīhī samudra pāhilā navhatā,,,,C
5307,74,pa,Punjabi,ਉਸ ਨੇ ਫੁਸਫੁਸਾਇਆ ਕਿ ਉਸ ਨੇ ਪਹਿਲਾਂ ਕਦੇ ਸਮੁੰਦਰ ਨਹੀਂ ਵੇਖਿਆ ਸੀ,Usa nē phusaphusā'i'ā ki usa nē pahilāṁ kadē samudara nahīṁ vēkhi'ā sī,,,,C
5308,74,gu,Gujarati,તેણીએ કાનાકાની કરીને કહ્યું કે તેણીએ પહેલાં ક્યારેય સમુદ્ર જોયો ન હતો,Tēṇī'ē kānākānī karīnē kahyuṁ kē tēṇī'ē pahēlāṁ kyārēya samudra jōyō na hatō,,,,C
5309,74,si,Sinhala,ඇය මුහුද කවදාවත් දැක නැතැයි කිනිහිට කීවාය,Æya muhuda kavadāvat dæka nætæyi kinihiṭa kīvāya,,,,C
5310,74,km,Khmer,នាងបានខ្សឹបថា នាងមិនដែលឃើញមហាសមុទ្រកាលពីមុនទេ,Neang ban khsoeb tha neang min del khoenh moha samot kal pi mun te,,,,C
5311,74,is,Icelandic,Hún hvíslaði að hún hefði aldrei séð hafið áður,,,,,C
5312,74,tl,Tagalog / Filipino,Bumulong siya na hindi pa siya nakakita ng karagatan noon,,,,,C
5313,74,ms,Malay,Dia berbisik bahawa dia tidak pernah melihat lautan sebelum ini,,,,,C
5314,74,jv,Javanese,Dheweke nggremeng manawa dheweke durung tau ndeleng segara,,,,,C
5315,74,kk,Kazakh,Ол мұхитты бұрын ешқашан көрмегенін сыбырлады,Ol muxıtty burın eşqaşan körmeginin sybyrladı,,,,C
5316,74,uz,Uzbek,U hech qachon ilgari okeanni ko'rmaganligini shivirladi,,,,,C
5317,74,mn,Mongolian,Тэр урьд нь далай хэзээ ч үзээгүй гэж шивнэв,Ter urid ni dalai khezee ch üzeeegüй gej shivnev,,,,C
5318,74,ka,Georgia,მან ჩურჩული ჩაუგდო, რომ ოკეანე არასოდეს უნახავს,Man ch'urch'uli chaugdo, rom ok'eane arasodes unakhavs,,,,C
5319,74,hy,Armenian,Նա փսփսաց, որ նախկինում երբեք չէր տեսել օվկիանոսը,Na p’sp’sats’, vor nakhkinum yerbek’ ch’er tese ovkianosy,,,,C
5320,74,eu,Basque,Xuxurlatu zuen inoiz ez zuela itsasoa ikusi aurretik,,,,,C
5321,74,ca,Catalan,Ella xiuxiuejà que mai no havia vist l'oceà abans,,,,,C
5322,74,gl,Galician,Ela susurrou que nunca antes vira o océano,,,,,C
5323,74,ga,Irish (Gaeilge),Rinne sí cogar ag rá nár fhaca sí an t-aigéan riamh roimhe,,,,,C
5324,74,cy,Welsh,Roedd hi'n sisial ei bod hi erioed wedi gweld y cefnfor o'r blaen,,,,,C
5325,74,gd,Scottish Gaelic,Rinn i osag ag ràdh nach fhaca i a-riamh a' mhuir roimhe,,,,,C
5326,74,lb,Luxembourgish,Si huet geflüstert datt si nach ni virdrun d'Mier gesinn hätt,,,,,C
5327,74,eo,Esperanto,Ŝi flustris, ke ŝi neniam antaŭe vidis la oceanon,,,,,C
5328,74,la,Latin,Insusurravit se numquam antea oceanum vidisse,,,,,C
5329,75,en,English,Please close the window because the room is getting cold,,,,,B
5330,75,es,Spanish,Por favor cierra la ventana porque la habitación se está enfriando,,,,,B
5331,75,fr,French,S'il te plaît ferme la fenêtre parce que la pièce devient froide,,,,,B
5332,75,pt,Portuguese,Por favor, feche a janela porque o quarto está ficando frio,,,,,B
5333,75,de,German,Bitte schließen Sie das Fenster, weil es im Raum kalt wird,,,,,B
5334,75,it,Italian,Per favore chiudi la finestra perché la stanza si sta raffreddando,,,,,B
5335,75,ru,Russian,Пожалуйста, закрой окно, потому что в комнате становится холодно,Pozhaluysta, zakroy okno, potomu chto v komnate stanovitsya kholodno,,,,B
5336,75,ar,Arabic,من فضلك أغلق النافذة لأن الغرفة تصبح باردة,Min faḍlik aghliq an-nāfidha li'anna al-ghurfa taṣbaḥu bārida,,,,B
5337,75,hi,Hindi,कृपया खिड़की बंद कर दें क्योंकि कमरा ठंडा हो रहा है,Kṛpayā khiṛkī band kar dēṁ kyōṅki kamrā ṭhaṇḍā ho rahā hai,,,,B
5338,75,bn,Bengali,দয়া করে জানালা বন্ধ করুন কারণ ঘরটি ঠাণ্ডা হয়ে যাচ্ছে,Daẏā karē jānālā bandha karuna kāraṇa gharaṭi ṭhāṇḍā haẏē yācchē,,,,B
5339,75,ur,Urdu,براہ کرم کھڑکی بند کریں کیونکہ کمرہ ٹھنڈا ہو رہا ہے,Barāh-e karam khiṛkī band karēṁ kyōṅki kamrā ṭhanḍā ho rahā hai,,,,B
5340,75,fa,Persian,لطفاً پنجره را ببندید چون اتاق سرد می‌شود,Lotfan panjere rā bebandid chon otāgh sard mī-shavad,,,,B
5341,75,tr,Turkish,Lütfen pencereyi kapatın çünkü oda soğuyor,,,,,B
5342,75,ja,Japanese,部屋が寒くなってきているので、窓を閉めてください,Heya ga samuku natte kite iru node, mado o shimete kudasai,,,,B
5343,75,ko,Korean,방이 추워지고 있으니 창문을 닫아 주세요,Bang-i chuwojigo isseuni changmun-eul daj-a juseyo,,,,B
5344,75,zh-cn,Mandarin (Simplified),房间变冷了，请关一下窗户,,fángjiān biàn lěng le, qǐng guān yīxià chuānghu,,B
5345,75,zh-tw,Mandarin (Traditional),房間變冷了，請關一下窗戶,,fángjiān biàn lěng le, qǐng guān yīxià chuānghu,,B
5346,75,vi,Vietnamese,Làm ơn đóng cửa sổ vì phòng đang trở nên lạnh,,,,,B
5347,75,th,Thai,กรุณาปิดหน้าต่างเพราะห้องเริ่มเย็น,Kruna pīd h̄n̂ātāng pher̂ā h̄̂xng reìm yen,,,,B
5348,75,id,Indonesian,Tolong tutup jendelanya karena ruangan mulai dingin,,,,,B
5349,75,sw,Swahili,Tafadhali funga dirisha kwa sababu chumba kinaanza kuwa baridi,,,,,B
5350,75,nl,Dutch,Sluit alsjeblieft het raam want de kamer wordt koud,,,,,B
5351,75,pl,Polish,Proszę zamknij okno, ponieważ w pokoju robi się zimno,,,,,B
5352,75,uk,Ukrainian,Будь ласка, закрийте вікно, тому що в кімнаті стає холодно,Bud' laska, zakryyte vikno, tomu shcho v kimnati staye kholodno,,,,B
5353,75,el,Greek,Παράκαμψε το παράθυρο γιατί το δωμάτιο κρυώνει,Parákampse to paráthyro giatí to domátio kryónei,,,,B
5354,75,sv,Swedish,Var snäll och stäng fönstret för rummet blir kallt,,,,,B
5355,75,no,Norwegian,Vennligst lukk vinduet fordi rommet blir kaldt,,,,,B
5356,75,da,Danish,Vær venlig at lukke vinduet, fordi værelset bliver koldt,,,,,B
5357,75,fi,Finnish,Ole hyvä ja sulje ikkuna, koska huone alkaa viiletä,,,,,B
5358,75,cs,Czech,Prosím, zavřete okno, protože v místnosti začíná být zima,,,,,B
5359,75,hu,Hungarian,Kérem zárja be az ablakot, mert a szoba hideg lesz,,,,,B
5360,75,ro,Romanian,Vă rog închideți fereastra pentru că camera se răcește,,,,,B
5361,75,bg,Bulgarian,Моля затворете прозореца, защото стаята става студена,Molya zatvorete prozoretsa, zashtoto stayata stava studena,,,,B
5362,75,sr,Serbian,Молим вас затворите прозор јер соба постаје хладна,Molim vas zatvorite prozor jer soba postaje hladna,,,,B
5363,75,sk,Slovak,Prosím, zatvorte okno, lebo v izbe je chladno,,,,,B
5364,75,sl,Slovenian,Prosim, zaprite okno, ker se soba hladi,,,,,B
5365,75,lt,Lithuanian,Prašau uždaryti langą, nes kambaryje darosi šalta,,,,,B
5366,75,lv,Latvian,Lūdzu, aizveriet logu, jo istabā kļūst auksts,,,,,B
5367,75,et,Estonian,Palun sulge aken, sest toas hakkab külmaks minema,,,,,B
5368,75,he,Hebrew,בבקשה סגור את החלון כי החדר מתקרר,Bevakasha sagor et hachaloon ki hecheder mitkarer,,,,B
5369,75,ha,Hausa,Don Allah a rufe taga domin dakin yana yin sanyi,,,,,B
5370,75,yo,Yoruba,Jọwọ ti fẹrẹẹṣẹ ni ṣi awọn ibugbe nitori ti yara ti n gba tutu,,,,,B
5371,75,ig,Igbo,Biko mechie windo n'ihi na ọnụ ụlọ ahụ na-ajụ oyi,,,,,B
5372,75,am,Amharic,እባክዎን መስኮቱን ይዝጉ ምክንያቱም ክፍሉ ቀዝቃዛ እየሆነ ስለሆነ,Ebakwonī mesikotuni yizigu mikiniyatum kifilu k'ezik'aza iyehone silehone,,,,B
5373,75,ti,Tigrinya,በጃኹም መስኮት ኣዕጽምትዎ ከመይሳ እቲ ክፍሊ ቀሊል ከም ዝኸውን ስለ ዝዀነ,,,,B
5374,75,ne,Nepali,कृपया झ्याल बन्द गर्नुहोस् किनभने कोठा चिसो हुँदैछ,Kṛpayā jhyāla banda garnuhos kinabane koṭhā ciso hum̐daicha,,,,B
5375,75,ta,Tamil,அறையில் குளிர்ச்சியாக மாறுவதால், சாளரத்தை மூடவும்,Aṟaiyil kuḷircciyāka māṟuvatāl, cāḷarattai mūṭavum,,,,B
5376,75,te,Telugu,గది చల్లబడుతుండటంతో, దయచేసి కిటికీని మూసివేయండి,Gadi callabaḍutuṇḍaṭantō, dayacēsi kiṭikīni mūsivēyaṇḍi,,,,B
5377,75,ml,Malayalam,മുറി തണുത്തുവരുന്നതിനാൽ, ജനല് അടയ്ക്കൂ,Muṟi taṇuttuvarunnatināl, janal aṭaykkū,,,,B
5378,75,mr,Marathi,कृपया खिडकी बंद करा कारण खोली थंड होत आहे,Kṛpayā khiḍakī band karā kāraṇa kholī thaṇḍa hot āhe,,,,B
5379,75,pa,Punjabi,ਕਿਰਪਾ ਕਰਕੇ ਖਿੜਕੀ ਬੰਦ ਕਰੋ ਕਿਉਂਕਿ ਕਮਰਾ ਠੰਡਾ ਹੋ ਰਿਹਾ ਹੈ,Kirapā karakē khiṛkī banda karō ki'uṅki kamarā ṭhaṇḍā hō rihā hai,,,,B
5380,75,gu,Gujarati,કૃપા કરીને બારી બંધ કરો કારણ કે રૂમ ઠંડી થઈ રહી છે,Kr̥pā karīnē bārī bandha karō kāraṇa kē rūma ṭhaṇḍī tha'ī rahī chē,,,,B
5381,75,si,Sinhala,කාමරය සීතල වෙමින් පවතින බැවින්, කරුණාකර කවුළුව වසන්න,Kāmaraya sītala vemin pavatina bævin, karuṇākara kavuḷuva vasanna,,,,B
5382,75,km,Khmer,សូមបិទបង្អួចព្រោះបន្ទប់កំពុងត្រជាក់,Som bet bangoach pross bonteub kompong trachak,,,,B
5383,75,is,Icelandic,Vinsamlegast lokaðu glugganum því að herbergið er að verða kalt,,,,,B
5384,75,tl,Tagalog / Filipino,Paki-sara ang bintana dahil nagiging malamig ang kuwarto,,,,,B
5385,75,ms,Malay,Tolong tutup tingkap kerana bilik semakin sejuk,,,,,B
5386,75,jv,Javanese,Tulung tutup jendhelane amarga kamare wiwit adhem,,,,,B
5387,75,kk,Kazakh,Терезені жабыңызшы, өйткені бөлме суып барады,Terezeni jabyñyzşy, öitkeni bölme suyp barady,,,,B
5388,75,uz,Uzbek,Iltimos, derazani yoping, chunki xona sovib ketmoqda,,,,,B
5389,75,mn,Mongolian,Өрөө хүйтэн болсоор байгаа тул цонхоо хаахаа тааварлаарай,Öröö khüiten bolsoor baigaa tul tsonkhoo khaakhaa taavarlaarai,,,,B
5390,75,ka,Georgia,გთხოვთ დახურეთ ფანჯარა, რადგან ოთახი ცივდება,Gtkhovt dak'huret p'anjara, radgan ot'akhi tsivdeba,,,,B
5391,75,hy,Armenian,Խնդրում եմ փակեք պատուհանը, քանի որ սենյակը ցրտում է,Khndrum em p’akets’ patuhany, k’anits’ senyak’y ts’rtum e,,,,B
5392,75,eu,Basuse,Itxi leihoa mesedez, gela hotz egiten ari delako,,,,,B
5393,75,ca,Catalan,Sisplau, tanca la finestra perquè l'habitació s'està refredant,,,,,B
5394,75,gl,Galical,Por favor pecha a ventá porque o cuarto está facendo frío,,,,,B
5395,75,ga,Irish (Gaeilge),Le do thoil druid an fhuinneog mar tá an seomra ag éirí fuar,,,,,B
5396,75,cy,Welsh,Caewch y ffenestr os gwelwch yn dda, gan fod yr ystafell yn oeri,,,,,B
5397,75,gd,Scottish Gaelic,Feuch an dùin thu an uinneag oir tha an seòmar a' fàs fuar,,,,,B
5398,75,lb,Luxembourgish,Wann ech gelift maacht d'Fënster zou, well d'Zëmmer kaalt gëtt,,,,,B
5399,75,eo,Esperanto,Bonvolu fermi la fenestron ĉar la ĉambro malvarmiĝas,,,,,B
5400,75,la,Latin,Obsecro claude fenestram quia conclave frigescit,,,,,B
5401,76,en,English,They will have completed the renovation by next month,,,,,C
5402,76,es,Spanish,Ellos habrán completado la renovación para el próximo mes,,,,,C
5403,76,fr,French,Ils auront terminé la rénovation d'ici le mois prochain,,,,,C
5404,76,pt,Portuguese,Eles terão concluído a renovação até o próximo mês,,,,,C
5405,76,de,German,Sie werden die Renovierung bis zum nächsten Monat abgeschlossen haben,,,,,C
5406,76,it,Italian,Avranno completato la ristrutturazione entro il prossimo mese,,,,,C
5407,76,ru,Russian,Они завершат ремонт к следующему месяцу,Oni zavershat remont k sleduyushchemu mesyatsu,,,,C
5408,76,ar,Arabic,سيكونون قد أكملوا التجديد بحلول الشهر المقبل,Sayakūnūna qad akmalu at-tajdīd bi-ḥulūli ash-shahri al-muqbil,,,,C
5409,76,hi,Hindi,वे अगले महीने तक नवीनीकरण पूरा कर चुके होंगे,Ve agle mahīne tak navīnīkaraṇ pūrā kar cuke hōṅge,,,,C
5410,76,bn,Bengali,তারা আগামী মাসের মধ্যে সংস্কার শেষ করে ফেলবে,Tārā āgāmī māsēra madhyē sanskāra śēṣa karē phēlabē,,,,C
5411,76,ur,Urdu,وہ اگلے مہینے تک تجدید مکمل کر چکے ہوں گے,Woh agle mahīne tak tajdīd mukammal kar cuke hōṅge,,,,C
5412,76,fa,Persian,آنها تا ماه آینده بازسازی را به پایان خواهند رساند,Ānhā tā māh-e āyande bāzsāzi rā be pāyān khāhand resid,,,,C
5413,76,tr,Turkish,Gelecek ay tadilatı tamamlamış olacaklar,,,,,C
5414,76,ja,Japanese,彼らは来月までに改装を完了しているでしょう,Karera wa raigetsu made ni kaisō o kanryō shite iru deshō,,,,C
5415,76,ko,Korean,그들은 다음 달까지 리모델링을 마쳤을 것입니다,Geudeureun da-eum dalkkaji rimodelling-eul machyeosseul geosimnida,,,,C
5416,76,zh-cn,Mandarin (Simplified),到下个月他们将完成装修,,dào xià gè yuè tāmen jiāng wánchéng zhuāngxiū,,C
5417,76,zh-tw,Mandarin (Traditional),到下個月他們將完成裝修,,dào xià gè yuè tāmen jiāng wánchéng zhuāngxiū,,C
5418,76,vi,Vietnamese,Họ sẽ hoàn thành việc cải tạo vào tháng tới,,,,,C
5419,76,th,Thai,พวกเขาจะได้ทำการปรับปรุงเสร็จสิ้นภายในเดือนหน้า,Phwk k̄heā ca dị̂ thả kār prabprung s̄rĕs̄ s̄in p̣hāyh̄nı deụ̄xn h̄n̂ā,,,,C
5420,76,id,Indonesian,Mereka akan menyelesaikan renovasi pada bulan depan,,,,,C
5421,76,sw,Swahili,Watakuwa wamekamilisha ukarabati kufikia mwezi ujao,,,,,C
5422,76,nl,Dutch,Zij zullen de renovatie tegen volgende maand hebben voltooid,,,,,C
5423,76,pl,Polish,Będą oni zakończyli remont do przyszłego miesiąca,,,,,C
5424,76,uk,Ukrainian,Вони завершать ремонт до наступного місяця,Vony zavershat' remont do nastupnoho misyatsya,,,,C
5425,76,el,Greek,Θα έχουν ολοκληρώσει την ανακαίνιση μέχρι τον επόμενο μήνα,Tha échoun oloklirósei tin anakínisi méchri ton epómeno mína,,,,C
5426,76,sv,Swedish,De kommer att ha slutfört renoveringen till nästa månad,,,,,C
5427,76,no,Norwegian,De vil ha fullført renovasjonen innen neste måned,,,,,C
5428,76,da,Danish,De vil have gennemført renovationen inden næste måned,,,,,C
5429,76,fi,Finnish,He ovat saaneet remontin valmiiksi ensi kuuhun mennessä,,,,,C
5430,76,cs,Czech,Budou mít rekonstrukci dokončenou do příštího měsíce,,,,,C
5431,76,hu,Hungarian,Jövő hónapra be fogják fejezni a felújítást,,,,,C
5432,76,ro,Romanian,Ei vor fi finalizat renovarea până luna viitoare,,,,,C
5433,76,bg,Bulgarian,Те ще са завършили ремонта до следващия месец,Te shte sa zavŭrshili remonta do sledvashtiya mesets,,,,C
5434,76,sr,Serbian,Они ће завршити реновирање до следећег месеца,Oni će završiti renoviranje do sledećeg meseca,,,,C
5435,76,sk,Slovak,Další mesiac budú mať rekonštrukciu hotovú,,,,,C
5436,76,sl,Slovenian,Do naslednjega meseca bodo končali obnovo,,,,,C
5437,76,lt,Lithuanian,Jie bus baigę renovaciją iki kito mėnesio,,,,,C
5438,76,lv,Latvian,Tie būs pabeiguši renovāciju līdz nākamajam mēnesim,,,,,C
5439,76,et,Estonian,Nad on renoveerimise lõpule viinud järgmiseks kuuks,,,,,C
5440,76,he,Hebrew,הם יסיימו את השיפוץ עד לחודש הבא,Hem yasaymu et hashifutz ad lachodesh haba,,,,C
5441,76,ha,Hausa,Za su gama gyaran nan da wata mai zuwa,,,,,C
5442,76,yo,Yoruba,Wọn yoo ti pari atunse naa nipasẹ oṣu t'ókè,,,,C
5443,76,ig,Igbo,Ha ga-emecha nrụgharị ahụ n'ọnwa na-abịa,,,,,C
5444,76,am,Amharic,እስከ ቀጣዩ ወር ድረስ እንደገና ማሰራታቸውን በፍጹም ያጠናቅቃሉ,Ēsike k'et'ayu weri diresi inidegena maseratachewini befits'umi yat'enak'its'alu,,,,C
5445,76,ti,Tigrinya,ንሳቶም ኣብ ውሽጢ ዝመጽእ ወርሒ እቲ ኣጽገባ ክውድኡ እዮም,Nisatom ab wishiti zimets'i werhi iti atsegba kiwidu iyom,,,,C
5446,76,ne,Nepali,उनीहरूले अर्को महिनासम्म पुनर्निर्माण पूरा गरेका हुनेछन्,Unīharūlē arkō mahināsamma punarnirmāṇa pūrā garēkā hunēchan,,,,C
5447,76,ta,Tamil,அவர்கள் அடுத்த மாதத்திற்குள் புதுப்பித்தலை முடித்திருப்பார்கள்,Avarhal aṭutta mātattiṟkuḷ putuppittalai muṭittiruppārhal,,,,C
5448,76,te,Telugu,వారు రిపేరు పని వచ్చే నెలలోపు పూర్తి చేసి ఉంటారు,Vāru ripēru pani vaccē nelalōpu pūrti cēsi uṇṭāru,,,,C
5449,76,ml,Malayalam,അടുത്ത മാസത്തോടെ അവർ പുതുക്കിപ്പണിത്തീർക്കും,Aṭutta māsattēāṭe avar putukkippaṇittīrkkum,,,,C
5450,76,mr,Marathi,ते पुढील महिन्यापर्यंत जीर्णोद्धार पूर्ण करतील,Te puḍhīl mahinyāparyanta jīrṇōddhāra pūrṇa kartīl,,,,C
5451,76,pa,Punjabi,ਉਹ ਅਗਲੇ ਮਹੀਨੇ ਤੱਕ ਮੁਰੰਮਤ ਪੂਰੀ ਕਰ ਚੁੱਕੇ ਹੋਣਗੇ,Uh agalē mahīnē taka muramata pūrī kara cukē hōṇagē,,,,C
5452,76,gu,Gujarati,તેઓ આવનારા મહિના સુધીમાં નવીનીકરણ પૂર્ણ કરી ચૂક્યા હશે,Tē'ō āvanārā mahanā sudhīmāṁ navīnīkaraṇa pūrṇa karī cūkyā haśē,,,,C
5453,76,si,Sinhala,ඔවුන් ඊළඟ මාසය වනවිට ප්‍රතිසංස්කරණය අවසන් කර ඇතිවෙති,Ovun īḷan̆ga māsaya vanaviṭa pratisanskaraṇaya avasan kara ætiveti,,,,C
5454,76,km,Khmer,ពួកគេនឹងបានបញ្ចប់ការជួសជុលនៅខែក្រោយ,Pouk ke nung ban banhchob kar chuos chol nov khae kraoy,,,,C
5455,76,is,Icelandic,Þeir munu hafa lokið endurnýjuninni fyrir næsta mánuð,,,,,C
5456,76,tl,Tagalog / Filipino,Makakumpleto na sila ng renovation sa susunod na buwan,,,,,C
5457,76,ms,Malay,Mereka akan telah menyiapkan pengubahsuaian menjelang bulan depan,,,,,C
5458,76,jv,Javanese,Dheweke bakal wis ngrampungake renovasi ing sasi ngarep,,,,,C
5459,76,kk,Kazakh,Олар келесі айға қарай жөндеуді аяқтайды,Olаr kelesі ayğа qаrаy jöndeudi ayаqtаidy,,,,C
5460,76,uz,Uzbek,Ular keyingi oygacha ta'mirlashni tugatgan bo'ladi,,,,,C
5461,76,mn,Mongolian,Тэд дараагийн сар гэхэд засварыг дуусгасан байх болно,Ted daraagin sar gekhed zasvaryg duusgasan baikh bolno,,,,C
5462,76,ka,Georgia,ისინი შემდეგი თვისთვის დაასრულებენ რემონტს,Isini shemdegі t'vist'vis daasruleben remont's,,,,C
5463,76,hy,Armenian,Նրանք կավարտեն վերանորոգումը հաջորդ ամսվա ընթացքում,Nrank' kavarten veranorogumy hajord amsva ynt'ats'k'um,,,,C
5464,76,eu,Basuse,Hurrengo hilabeterako berritzea amaituta egongo dira,,,,,C
5465,76,ca,Catalan,Hauran completat la renovació per al proper mes,,,,,C
5466,76,gl,Galician,Terán completado a renovación para o próximo mes,,,,,C
5467,76,ga,Irish (Gaeilge),Beidh an athchóiriú críochnaithe acu faoin mhí seo chugainn,,,,,C
5468,76,cy,Welsh,Byddant wedi cwblhau'r adnewyddu erbyn y mis nesaf,,,,,C
5469,76,gd,Scottish Gaelic,Bidh iad air crìoch a chur air an ath-ùrachadh ron ath mhìos,,,,,C
5470,76,lb,Luxembourgish,Si wäerten d'Renovatioun bis de nächste Mount ofgeschloss hunn,,,,,C
5471,76,eo,Esperanto,Ili estos kompletigintaj la renovigon ĝis la venonta monato,,,,,C
5472,76,la,Latin,Instaurationem proximo mense perfecerint,,,,,C
5473,77,en,English,I can’t believe how quickly this year has passed,,,,,C
5474,77,es,Spanish,No puedo creer lo rápido que ha pasado este año,,,,,C
5475,77,fr,French,Je n'arrive pas à croire à quelle vitesse cette année est passée,,,,,C
5476,77,pt,Portuguese,Não acredito como este ano passou rápido,,,,,C
5477,77,de,German,Ich kann nicht glauben, wie schnell dieses Jahr vergangen ist,,,,,C
5478,77,it,Italian,Non riesco a credere a quanto velocemente sia passato quest'anno,,,,,C
5479,77,ru,Russian,Не могу поверить, как быстро пролетел этот год,Ne mogu poverit', kak bystro proletel etot god,,,,C
5480,77,ar,Arabic,لا أصدق كيف مرت هذه السنة بهذه السرعة,Lā uṣaddiqu kayfa marrat hādhihi as-sanatu bi-hādhihi as-surʻa,,,,C
5481,77,hi,Hindi,मुझे विश्वास नहीं होता कि यह साल कितनी जल्दी बीत गया,Mujhe viśvās nahī̃ hotā ki yah sāl kitnī jaldī bīt gayā,,,,C
5482,77,bn,Bengali,আমি বিশ্বাস করতে পারছি না এই বছরটি কী দ্রুত কেটে গেছে,Āmi biśbāsa karatē pārachi nā ēi bacharaṭi kī druta kēṭē gēchē,,,,C
5483,77,ur,Urdu,مجھے یقین نہیں آ رہا کہ یہ سال کتنی جلدی گزر گیا,Mujhe yaqīn nahī̃ ā rahā ki yah sāl kitnī jaldī guzar gayā,,,,C
5484,77,fa,Persian,باور نمی‌کنم چقدر سریع این سال گذشت,Bāvar nemī-konam cheqadr sari' in sāl gozasht,,,,C
5485,77,tr,Turkish, Bu yılın ne kadar çabuk geçtiğine inanamıyorum,,,,,C
5486,77,ja,Japanese,今年があっという間に過ぎてしまったなんて信じられません,Kotoshi ga atto iu ma ni sugite shimatta nante shinjiraremasen,,,,C
5487,77,ko,Korean,올해가 이렇게 빨리 지나갔다는 것이 믿기지 않아요,Olhaega ireohge ppalli jinagatdaneun geosi mitgiji anh-ayo,,,,C
5488,77,zh-cn,Mandarin (Simplified),我简直不敢相信这一年过得这么快,,wǒ jiǎnzhí bù gǎn xiāngxìn zhè yī nián guò de zhème kuài,,C
5489,77,zh-tw,Mandarin (Traditional),我簡直不敢相信這一年過得這麼快,,wǒ jiǎnzhí bù gǎn xiāngxìn zhè yī nián guò de zhème kuài,,C
5490,77,vi,Vietnamese,Tôi không thể tin được năm nay trôi qua nhanh thế,,,,,C
5491,77,th,Thai,ฉันไม่อยากเชื่อเลยว่าปีนี้ผ่านไปเร็วขนาดนี้,Ch̄ản mị̀ xỳāk cheụ̄̂x leỵ ẁā pī nī̂ p̄h̀ān pī rew k̄hậnād nī̂,,,,C
5492,77,id,Indonesian,Aku tidak percaya betapa cepatnya tahun ini berlalu,,,,,C
5493,77,sw,Swahili,Siwezi kuamini jinsi mwaka huu umepita upesi,,,,,C
5494,77,nl,Dutch,Ik kan niet geloven hoe snel dit jaar voorbij is gegaan,,,,,C
5495,77,pl,Polish,Nie mogę uwierzyć, jak szybko minął ten rok,,,,,C
5496,77,uk,Ukrainian,Не можу повірити, як швидко промайнув цей рік,Ne mozhu poviryty, yak shvydko promaynuv tsey rik,,,,C
5497,77,el,Greek,Δεν μπορώ να πιστέψω πόσο γρήγορα πέρασε αυτό το έτος,Den boró na pistépso póso grígora pérase aftó to étos,,,,C
5498,77,sv,Swedish,Jag kan inte fatta hur fort det här året har gått,,,,,C
5499,77,no,Norwegian,Jeg kan ikke fatte hvor fort dette året har gått,,,,,C
5500,77,da,Danish,Jeg kan ikke tro, hvor hurtigt dette år er gået,,,,,C
5501,77,fi,Finnish,En voi uskoa, miten nopeasti tämä vuosi on kulunut,,,,,C
5502,77,cs,Czech,Nemůžu uvěřit, jak rychle tento rok uběhl,,,,,C
5503,77,hu,Hungarian,Nem hiszem el, milyen gyorsan telt el ez az év,,,,,C
5504,77,ro,Romanian,Nu pot să cred cât de repede a trecut acest an,,,,,C
5505,77,bg,Bulgarian,Не мога да повярвам колко бързо мина тази година,Ne moga da povyarvam kolko bărzo mina tazi godina,,,,C
5506,77,sr,Serbian,Не могу да верујем колико је брзо прошла ова година,Ne mogu da verujem koliko je brzo prošla ova godina,,,,C
5507,77,sk,Slovak,Nemôžem uveriť, ako rýchlo tento rok uplynul,,,,,C
5508,77,sl,Slovenian,Ne morem verjeti, kako hitro je leto minilo,,,,,C
5509,77,lt,Lithuanian,Negaliu patikėti, kaip greitai praėjo šie metai,,,,,C
5510,77,lv,Latvian,Es nevaru noticēt, cik ātri ir pagājis šis gads,,,,,C
5511,77,et,Estonian,Ma ei suuda uskuda, kui kiiresti see aasta on möödunud,,,,,C
5512,77,he,Hebrew,אני לא מאמין כמה מהר עברה השנה הזאת,Ani lo ma'amin kama maher avra hashanah hazot,,,,C
5513,77,ha,Hausa,Ba zan iya yarda da yadda wannan shekarar ta wuce ba,,,,,C
5514,77,yo,Yoruba,Emi kò le gbà gbọ́ bí ọdún yìí ṣe ká lọ pẹ́pẹ́pẹ́,,,,C
5515,77,ig,Igbo,Enweghị m ike ikwere otú afọ a siri gafee ngwa ngwa,,,,,C
5516,77,am,Amharic,ይህ ዓመት እንዴት በፍጥነት እንደሄደ መገንዘብ አልችልም,Yihi amet indeit befiteneti indihēde megenizebi ālichilimi,,,,C
5517,77,ti,Tigrinya,ከመይ በምጽን እዛ ዓመት ከም ዝሓለፈት ክኣምን ኣይክእልን ኢየ,Kemey bemits'i iza amet kem zih'alefet k'iamin ik'enilen iye,,,,C
5518,77,ne,Nepali,म यो वर्ष कति छिटो बित्यो भन्ने विश्वास गर्न सक्दिन,Ma yō varṣa kati chiṭo bityō bhanne viśvāsa garna sakdina,,,,C
5519,77,ta,Tamil,இந்த ஆண்டு எவ்வளவு வேகமாக கடந்துவிட்டது என்று நம்ப முடியவில்லை,Inta āṇṭu evvaḷavu vēkamāka kaṭantuviṭṭatu eṉṟu nampa muṭiyavillai,,,,C
5520,77,te,Telugu,ఈ సంవత్సరం ఎంత వేగంగా గడిచిపోయిందో నేను నమ్మలేకున్నాను,Ī sanvatsaraṁ enta vēgaṅgā gaḍicipōyindō nēnu nam'malēkunnānu,,,,C
5521,77,ml,Malayalam,ഈ വർഷം എത്ര വേഗത്തിൽ കടന്നുപോയി എന്ന് എനിക്ക് വിശ്വസിക്കാൻ കഴിയുന്നില്ല,Ī vaṟṣaṁ etra vēgattil kaṭannupōyi enn enikk viśvasikkān kaḻiyunnilla,,,,C
5522,77,mr,Marathi,हा वर्ष किती लवकर गेला यावर माझा विश्वास बसत नाही,Hā varṣa kitī lavakar gelā yāvar mājhā viśvās basat nāhī,,,,C
5523,77,pa,Punjabi,ਮੈਂ ਵਿਸ਼ਵਾਸ ਨਹੀਂ ਕਰ ਸਕਦਾ ਕਿ ਇਹ ਸਾਲ ਕਿੰਨੀ ਤੇਜ਼ੀ ਨਾਲ ਬੀਤ ਗਿਆ,Maiṁ viśavāsa nahīṁ kara sakadā ki ih sāla kinī tēzī nāla bīta gi'ā,,,,C
5524,77,gu,Gujarati,મને વિશ્વાસ નથી થતો કે આ વર્ષ કેટલું ઝડપથી પસાર થઈ ગયું,Manē viśvāsa nathī thatō kē ā varaṣa kēṭaluṁ jhaḍapathī pasāra tha'ī gayuṁ,,,,C
5525,77,si,Sinhala,මම අද වසර කෙතරම් ඉක්මනින් ගතවී දැයි විශ්වාස කළ නොහැක,Mama ada vasara ketharam ikmanin gatavī dæyi viśvāsa kaḷa nohæka,,,,C
5526,77,km,Khmer,ខ្ញុំមិនអាចជឿបានទេថាឆ្នាំនេះកន្លងផុតទៅយ៉ាងរហ័សបែបនេះ,Khnhom min ach chue ban te tha chhnam nih kanlong phot tow yang rohas baeb nih,,,,C
5527,77,is,Icelandic,Ég get ekki trúað því hversu hratt þetta ár er liðið,,,,,C
5528,77,tl,Tagalog / Filipino,Hindi ako makapaniwala kung gaano kabilis lumipas ang taong ito,,,,,C
5529,77,ms,Malay,Saya tidak percaya betapa pantasnya tahun ini berlalu,,,,,C
5530,77,jv,Javanese,Aku ora percaya kepriye cepete taun iki wis liwat,,,,,C
5531,77,kk,Kazakh,Бұл жылдың қаншалықты тез өткеніне сенемін,Bul jıldyñ qanşalyqty tez ötkenine senemin,,,,C
5532,77,uz,Uzbek,Men bu yil qanchalik tez o'tib ketganiga ishonolmayapman,,,,,C
5533,77,mn,Mongolian,Энэ жил ийм хурдан өнгөрсөнд итгэхгүй байна,Ene jil iim khurdan öngörsönd itgekhgüi baina,,,,C
5534,77,ka,Georgia,არ მჯერა, როგორ სწრაფად გავიდა ეს წელი,Ar mjera, rogor sts'rapad gavida es ts'eli,,,,C
5535,77,hy,Armenian,Չեմ հավատում, թե որքան արագ անցավ այս տարին,Chem havatun, t'e vork'an arag ants'av ays tarin,,,,C
5536,77,eu,Basuse,Ezin dut sinetsi urte hau zeinen azkar igaro den,,,,,C
5537,77,ca,Catalan,No em puc creure com de ràpid ha passat aquest any,,,,,C
5538,77,gl,Galician,Non podo crer o rápido que pasou este ano,,,,,C
5539,77,ga,Irish (Gaeilge),Ní féidir liom a chreidiúint chomh tapa agus a chuaigh an bhliain seo thart,,,,,C
5540,77,cy,Welsh,Alla i ddim credu mor gyflym mae'r flwyddyn hon wedi mynd heibio,,,,,C
5541,77,gd,Scottish Gaelic,Chan urrainn dhomh a chreidsinn dè cho luath 's a chaidh a' bhliadhna seo seachad,,,,,C
5542,77,lb,Luxembourgish,Ech kann net gleewen, wéi séier dëst Joer vergaangen ass,,,,,C
5543,77,eo,Esperanto,Ne kredas, kiel rapide ĉi tiu jaro pasis,,,,,C
5544,77,la,Latin,Vix credo quam celeriter hic annus transierit,,,,,C
5545,78,en,English,Turn left at the traffic light and keep going for two blocks,,,,,A
5546,78,es,Spanish,Gire a la izquierda en el semáforo y siga recto dos cuadras,,,,,A
5547,78,fr,French,Tournez à gauche au feu et continuez tout droit sur deux pâtés de maisons,,,,,A
5548,78,pt,Portuguese,Vire à esquerda no semáforo e siga em frente por dois quarteirões,,,,,A
5549,78,de,German,Biegen Sie an der Ampel links ab und fahren Sie zwei Straßenblöcke weiter,,,,,A
5550,78,it,Italian,Gira a sinistra al semaforo e prosegui per due isolati,,,,,A
5551,78,ru,Russian,Поверните налево на светофоре и продолжайте движение два квартала,Povemite nalevo na svetofore i prodolzhayte dvizheniye dva kvartala,,,,A
5552,78,ar,Arabic,اتجه يسارًا عند إشارة المرور واستمر في السير مقطعين,Itijah yasāran ʻinda ishārat al-murūr wastamir fī as-sayr maqṭaʻayn,,,,A
5553,78,hi,Hindi,ट्रैफिक लाइट पर बाएं मुड़ें और दो ब्लॉक तक सीधे चलते रहें,Ṭraiphik lāiṭ par bāem muṛeṁ aur do blŏk tak sīdhe calte raheṁ,,,,A
5554,78,bn,Bengali,ট্রাফিক লাইটে বাম দিকে ঘুরুন এবং দুই ব্লক এগিয়ে যান,Ṭrāphika lāiṭē bāma dikē ghuruna ēbaṁ du'i blaka ēgiẏē yāna,,,,A
5555,78,ur,Urdu,ٹریفک لائٹ پر بائیں مڑیں اور دو بلاک تک سیدھے چلتے رہیں,Ṭrefik lāiṭ par bāem muṛeṁ aur do blāk tak sīdhe calte raheṁ,,,,A
5556,78,fa,Persian,در چراغ راهنمایی به چپ بپیچید و دو بلوک به جلو بروید,Dar cherāgh-e rāhnemāyi be chap bepichid va do bolok be jolo beravid,,,,A
5557,78,tr,Turkish,Trafik ışığında sola dönün ve iki blok boyunca ilerleyin,,,,,A
5558,78,ja,Japanese,信号を左に曲がり、2ブロックまっすぐ進んでください,Shingō o hidari ni magari, ni burokku massugu susunde kudasai,,,,A
5559,78,ko,Korean,신호등에서 좌회전해서 두 블록을 직진하세요,Sinhodeung-eseo jwahoejeonhaeseo du beullogeul jikjinhaeyo,,,,A
5560,78,zh-cn,Mandarin (Simplified),在红绿灯处左转，然后直行两个街区,,zài hónglǜdēng chù zuǒzhuǎn, ránhòu zhíxíng liǎng gè jiēqū,,A
5561,78,zh-tw,Mandarin (Traditional),在紅綠燈處左轉，然後直行兩個街區,,zài hónglǜdēng chù zuǒzhuǎn, ránhòu zhíxíng liǎng gè jiēqū,,A
5562,78,vi,Vietnamese,Rẽ trái ở đèn giao thông và đi thẳng hai dãy nhà,,,,,A
5563,78,th,Thai,เลี้ยวซ้ายที่ไฟจราจรแล้วตรงไปอีกสองช่วงตึก,Lêīyw s̄ĥāy thī̀ fị crācr læ̂w trng pị xīk s̄xng ch̀wng tuk,,,,A
5564,78,id,Indonesian,Belok kiri di lampu lalu lintas dan terus lurus dua blok,,,,,A
5565,78,sw,Swahili,Pinda kushoto kwenye taa za trafiki na endelea kwa mabloku mawili,,,,A
5566,78,nl,Dutch,Sla links af bij het verkeerslicht en ga twee blokken rechtdoor,,,,,A
5567,78,pl,Polish,Skręć w lewo na światłach i jedź prosto dwa przecznice,,,,,A
5568,78,uk,Ukrainian,Поверніть ліворуч на світлофорі і продовжуйте рухатися два квартали,Povemit' livoruch na svitlofori i prodovzhuyte rukhatysya dva kvartaly,,,,A
5569,78,el,Greek,Στρίψτε αριστερά στο φανάρι και συνεχίστε για δύο τετράγωνα,Strípste aristerá sto fanári kai synechíste gia dýo tetrágona,,,,A
5570,78,sv,Swedish,Sväng vänster vid trafikljuset och fortsätt i två kvarter,,,,,A
5571,78,no,Norwegian,Sving til venstre ved trafikklyset og fortsett i to blokker,,,,,A
5572,78,da,Danish,Drej til venstre ved lyskrydset og fortsæt to blokke,,,,,A
5573,78,fi,Finnish,Käänny vasemmalle liikennevaloissa ja jatka suoraan kahden korttelin verran,,,,,A
5574,78,cs,Czech,Odbočte vlevo na semaforu a pokračujte rovně dva bloky,,,,,A
5575,78,hu,Hungarian,Forduljon balra a közlekedési lámpánál, és menjen tovább két háztömbre,,,,,A
5576,78,ro,Romanian,Virați la stânga la semafor și mergeți încă două străzi,,,,,A
5577,78,bg,Bulgarian,Завийте наляво на светофара и продължете две пресечки,Zaviyte nalяvo na svetofara i prodŭlzhete dve presechki,,,,A
5578,78,sr,Serbian,Скрените лево на семафору и идите право два блока,Skrenite levo na semaforu i idite pravo dva bloka,,,,A
5579,78,sk,Slovak,Odbočte vľavo na semafore a pokračujte dva bloky,,,,,A
5580,78,sl,Slovenian,Zavijte levo pri semaforju in nadaljujte dva bloka,,,,,A
5581,78,lt,Lithuanian,Pasukite į kairę šviesoforo ir važiuokite tiesiai du kvartalus,,,,,A
5582,78,lv,Latvian,Griezieties pa kreisi pie luksofora un turpiniet divus kvartālus,,,,,A
5583,78,et,Estonian,Pööra valgusfoori juures vasakule ja jätka kahte kvartalit edasi,,,,,A
5584,78,he,Hebrew,פנה שמאלה ברמזור והמשך ישר שני בלוקים,Pneh smola baramzor vehamshech yashar shney blokim,,,,A
5585,78,ha,Hausa,Ka karkata zuwa hagu a fitilar zirga-zirga ka ci gaba har tsakanin gine-gine biyu,,,,A
5586,78,yo,Yoruba,Tan apa osi ni ina ọkọ̀-ọkọ̀ ati tẹsiwaju fun bulọọki meji,,,,A
5587,78,ig,Igbo,Tụgharịa aka ekpe n'ọkụ okporo ụzọ ma gaa n'ihu ruo ebe abụọ,,,,A
5588,78,am,Amharic,አንድ ብሎክ በመንደር በሚገኘው ብርሃን ላይ ግራ ይዞሩ እና ለሁለት ብሎኮች ይቀጥሉ,Ānidi biloki bemederi bemīgenewi birihani layi gira yizoru ina lehulati bilokochi yik'et'ilu,,,,A
5589,78,ti,Tigrinya,ኣብቲ ትራፊክ መብራህቲ ንጸጋም ምንዳድ ከምኡውን ንኽልተ ብሎካት ንቕጽበት,Abi traffici mibrahiti nits'egam minidad kemuwin nikhiliti bilokat nik'its'ibet,,,,A
5590,78,ne,Nepali,ट्राफिक लाइटमा बायाँ घुम्नुहोस् र दुई ब्लक सम्म सिधै जानुहोस्,Ṭrāphika lāiṭamā bāyām̐ ghumunuhos ra du'ī blaka samma sidhai jānuhos,,,,A
5591,78,ta,Tamil,பாதசாரி சிக்னலில் இடதுபுறம் திரும்பி, இரண்டு தெருக்கள் வரை நேராக செல்லவும்,Pātacāri cikṉalil iṭatupuṟam tirumpi, iraṇṭu terukkaḷ varai nērāka cellavum,,,,A
5592,78,te,Telugu,ట్రాఫిక్ లైట్ వద్ద ఎడమవైపు తిరిగి, రెండు బ్లాకుల వరకు నేరుగా వెళ్ళండి,Ṭrāphik lait vadda eḍamavaipu tirigi, reṇḍu blākula varaku nērugā veḷḷaṇḍi,,,,A
5593,78,ml,Malayalam,ട്രാഫിക് ലൈറ്റിൽ ഇടതുവശത്ത് തിരിയുക, രണ്ട് ബ്ലോക്കുകൾ വരെ നേരെ പോകുക,Ṭrāphik laitil iṭatuvashatt tiriyuka, raṇṭ blōkkukaḷ vare nēre pōkuka,,,,A
5594,78,mr,Marathi,ट्रॅफिक लाईटवर डावीकडे वळा आणि दोन ब्लॉकपर्यंत सरळ चालत रहा,Ṭrĕphik lāīṭavara ḍāvīkaḍē vaḷā āṇi dōna blŏkaparyanta saraḷ cālata rahā,,,,A
5595,78,pa,Punjabi,ਟ੍ਰੈਫਿਕ ਲਾਈਟ ਤੇ ਖੱਬੇ ਮੁੜੋ ਅਤੇ ਦੋ ਬਲਾਕ ਤਕ ਸਿੱਧੇ ਚਲਦੇ ਰਹੋ,Ṭraiphika lā'īṭa tē khabbē muṛō atē dō balāka taka sidhdē caladē rahō,,,,A
5596,78,gu,Gujarati,ટ્રાફિક લાઇટ પર ડાબી બાજુએ વળો અને બે બ્લોક સુધી સીધા ચાલતા રહો,Ṭrāphika lā'iṭa para ḍābī bāju'ē vaḷō anē bē blōka sudhī sīdhā cālatā rahō,,,,A
5597,78,si,Sinhala,රෝහල් විදුලි බල්බයේ වමට හැරෙන්න සහ බ්ලොක් දෙකක් පමණ ඉදිරියට යන්න,Rōhal viduli balubayē vamaṭa hærenna saha blok dekaḳa pamaṇa idiriyaṭa yanna,,,,A
5598,78,km,Khmer,បត់ឆ្វេងនៅភ្លើងសញ្ញា ហើយបន្តទៅមុខពីរប្លុក,Bat chhveung nov phleung sannha, haey bonta tow mok pir blok,,,,A
5599,78,is,Icelandic,Beygðu til vinstri við umferðarljósið og haltu áfram í tvo kvarða,,,,,A
5600,78,tl,Tagalog / Filipino,Lumiko sa kaliwa sa traffic light at magpatuloy ng dalawang bloke,,,,,A
5601,78,ms,Malay,Belok kiri di lampu isyarat dan teruskan dua blok,,,,,A
5602,78,jv,Javanese,Belok ngiwa ing lampu lalu lintas lan terusna rong blok,,,,,A
5603,78,kk,Kazakh,Бағдаршамда солға бұрылыңыз және екі блокқа жалғастырыңыз,Bağdarşamda solğa burılıñız jäne eki blokqa jalğastırıñız,,,,A
5604,78,uz,Uzbek,Svetoforda chapga buriling va ikki kvartal davom eting,,,,,A
5605,78,mn,Mongolian,Гэрэл дохионы үед зүүн тийш эргээд хоёр хороо цааш яваарай,Gerel dokhiony üed züün tiish ergeed khoyor khooro tsaash yavaarai,,,,A
5606,78,ka,Georgia,გაიხედეთ მარცხნივ შუქნიშანთან და გააგრძელეთ ორი კვარტალის გავლა,Gaikhedet martskhniv shuknishantan da gaagrdzelet ori k'vart'alis gavla,,,,A
5607,78,hy,Armenian,Լուսափայտի մոտ շրջեք ձախ և շարունակեք երկու թաղամաս,Lusap'ayti mot shrjek' dzakh yev sharunakek' yerku t'aghamas,,,,A
5608,78,eu,Basuse,Bira ezkerretik trafiko argian eta jarraitu bi blokez,,,,,A
5609,78,ca,Catalan,Gireu a l'esquerra al semàfor i continueu dues illes,,,,,A
5610,78,gl,Galical,Xire á esquerda no semáforo e siga dous quinteiros,,,,,A
5611,78,ga,Irish (Gaeilge),Cas ar chlé ag an soilsiú tráchta agus lean ar aghaidh ar feadh dhá bhloc,,,,,A
5612,78,cy,Welsh,Trowch i'r chwith wrth y goleuadau traffig a daliwch ymlaen am ddau floc,,,,,A
5613,78,gd,Scottish Gaelic,Tionndaidh gu clì aig an solas trafaig agus lean airson dà bhloc,,,,,A
5614,78,lb,Luxembourgish,Dréit lénks bei der Verkéiersluucht a weidert zwou Bléck weider,,,,,A
5615,78,eo,Esperanto,Turnu maldekstren ĉe la trafiklumoj kaj daŭru du kvartalojn,,,,,A
5616,78,la,Latin,Flecte ad sinistram ad lumen viaticum et perge per duos insulas,,,,,A
5617,79,en,English,She had already left when I arrived at the station,,,,,B
5618,79,es,Spanish,Ella ya se había ido cuando yo llegué a la estación,,,,,B
5619,79,fr,French,Elle était déjà partie quand je suis arrivé à la gare,,,,,B
5620,79,pt,Portuguese,Ela já tinha saído quando eu cheguei à estação,,,,,B
5621,79,de,German,Sie war bereits abgereist, als ich am Bahnhof ankam,,,,,B
5622,79,it,Italian,Lei era già partita quando io arrivai alla stazione,,,,,B
5623,79,ru,Russian,Она уже уехала, когда я прибыл на станцию,Ona uzhe uekhala, kogda ya pribyl na stantsiyu,,,,B
5624,79,ar,Arabic,كانت قد غادرت بالفعل عندما وصلت إلى المحطة,Kānat qad ghādarat bil-fiʻli ʻindamā waṣaltu ilá al-maḥaṭṭa,,,,B
5625,79,hi,Hindi,जब मैं स्टेशन पहुँचा, वह पहले ही जा चुकी थी,Jab main sṭeśan pahũchā, vah pahle hī jā cukī thī,,,,B
5626,79,bn,Bengali,আমি স্টেশনে পৌঁছানোর সময় সে ইতিমধ্যেই চলে গিয়েছিল,Āmi sṭeśanē paum̐chānōra samaẏa sē itimadhyē'i calē giẏēchila,,,,B
5627,79,ur,Urdu,جب میں اسٹیشن پہنچا تو وہ پہلے ہی جا چکی تھی,Jab main isṭeśan pahunchā to woh pahle hī jā chukī thī,,,,B
5628,79,fa,Persian,وقتی به ایستگاه رسیدم او قبلاً رفته بود,Vaghti be istgāh residam u qablan rafte bud,,,,B
5629,79,tr,Turkish,Ben istasyona vardığımda o çoktan gitmişti,,,,,B
5630,79,ja,Japanese,私が駅に着いた時、彼女はもう出発していました,Watashi ga eki ni tsuita toki, kanojo wa mō shuppatsu shite imashita,,,,B
5631,79,ko,Korean,제가 역에 도착했을 때 그녀는 이미 떠난 후였습니다,Jega yeoge dochakaesseul ttae geunyeoneun imi tteonan hu-yeotseumnida,,,,B
5632,79,zh-cn,Mandarin (Simplified),我到车站时，她已经走了,,wǒ dào chēzhàn shí, tā yǐjīng zǒu le,,B
5633,79,zh-tw,Mandarin (Traditional),我到車站時，她已經走了,,wǒ dào chēzhàn shí, tā yǐjīng zǒu le,,B
5634,79,vi,Vietnamese,Cô ấy đã đi rồi khi tôi đến nhà ga,,,,,B
5635,79,th,Thai,เธอได้จากไปแล้วตอนที่ฉันมาถึงสถานี,Thoe dị̂ cāk pị læ̂w txn thī̀ c̄hạn mā t̄hụng s̄t̄hānī,,,,B
5636,79,id,Indonesian,Dia sudah pergi ketika aku tiba di stasiun,,,,,B
5637,79,sw,Swahili,Alikuwa amekwenda tayari nilipofika kituoni,,,,,B
5638,79,nl,Dutch,Zij was al vertrokken toen ik op het station aankwam,,,,,B
5639,79,pl,Polish,Ona już odjechała, kiedy przybyłem na stację,,,,,B
5640,79,uk,Ukrainian,Вона вже пішла, коли я прибув на станцію,Vona vzhe pishla, koly ya prybuv na stantsiyu,,,,B
5641,79,el,Greek,Είχε ήδη φύγει όταν έφτασα στο σταθμό,Eíche ídi fýgei ótan éftasa sto stathmó,,,,B
5642,79,sv,Swedish,Hon hade redan åkt när jag anlände till stationen,,,,,B
5643,79,no,Norwegian,Hun hadde allerede dratt da jeg ankom stasjonen,,,,,B
5644,79,da,Danish,Hun var allerede taget afsted da jeg ankom stationen,,,,,B
5645,79,fi,Finnish,Hän oli jo lähtenyt kun saavuin asemalle,,,,,B
5646,79,cs,Czech,Už byla pryč, když jsem přijel na nádraží,,,,,B
5647,79,hu,Hungarian,Már elment, amikor megérkeztem az állomásra,,,,,B
5648,79,ro,Romanian,Ea plecase deja când am ajuns la gară,,,,,B
5649,79,bg,Bulgarian,Тя вече беше тръгнала, когато пристигнах на гарата,Tya veche beshe trăgnala, kogato pristignah na garata,,,,B
5650,79,sr,Serbian,Она је већ отишла када сам стигао на станицу,Ona je već otišla kada sam stigao na stanicu,,,,B
5651,79,sk,Slovak,Už odišla, keď som prišiel na stanicu,,,,,B
5652,79,sl,Slovenian,Že odšla je, ko sem prispel na postajo,,,,,B
5653,79,lt,Lithuanian,Ji jau buvo išvykusi, kai atvykau į stotį,,,,,B
5654,79,lv,Latvian,Viņa jau bija aizgājusi, kad ierados stacijā,,,,,B
5655,79,et,Estonian,Ta oli juba lahkunud, kui ma jaamasse jõudsin,,,,,B
5656,79,he,Hebrew,היא כבר עזבה כשהגעתי לתחנה,Hi kvar azva kshehigati latahana,,,,B
5657,79,ha,Hausa,Ta riga ta tafi lokacin da na isa tashar,,,,,B
5658,79,yo,Yoruba,Ó ti lọ tẹlẹ nigbati mo de ibudo naa,,,,,B
5659,79,ig,Igbo,Ọ pụọlarị mgbe m rutere n'ọdụ ụgbọ mmiri ahụ,,,,,B
5660,79,am,Amharic,እኔ ወደ ጣት በመድረሴ እሷ አስቀድማ ተሰናብታ ነበር,Ene wede t'ati bemediresē es'wa āsik'edima tesenabitа neberi,,,,B
5661,79,ti,Tigrinya,ንሳ ኣቐዲማ እያ ከደት ኣብ እዋን ኣነ ናብቲ ጣት ምስ በጽሕት,Nisa ak'edima iya kedet ab ewan ana nabti t'at mis bets'hit,,,,B
5662,79,ne,Nepali,म स्टेशनमा आउँदा उनी पहिले नै गइसकेकी थिइन्,Ma sṭeśanamā āum̐dā unī pahile nai ga'isēkī thi'in,,,,B
5663,79,ta,Tamil,நான் நிலையத்திற்கு வந்தபோது, அவள் ஏற்கனவே புறப்பட்டுவிட்டாள்,Nāṉ nilaiyattiṟku vantapōtu, avaḷ ēṟkaṉavē puṟappaṭṭuviṭṭāḷ,,,,B
5664,79,te,Telugu,నేను స్టేషన్కు వచ్చేసరికి ఆమె ఇప్పటికే వెళ్ళిపోయింది,Nēnu sṭēṣanuku vaccēsariki āme ippaṭikē veḷḷipōyindi,,,,B
5665,79,ml,Malayalam,ഞാൻ സ്റ്റേഷനിൽ എത്തിയപ്പോൾ അവൾ ഇതിനകം പുറപ്പെട്ടിരുന്നു,Ñān sṟṟēṣanil ettiyappēāḷ avaḷ itinakaṁ puṟappeṭṭirunnu,,,,B
5666,79,mr,Marathi,मी स्टेशनवर पोहोचलो तेव्हा ती आधीच निघून गेली होती,Mī sṭeśanavara pōhōcalō tēvhā tī ādhīca nighūn gelī hōtī,,,,B
5667,79,pa,Punjabi,ਮੈਂ ਸਟੇਸ਼ਨ ਤੇ ਪਹੁੰਚਿਆ ਤਾਂ ਉਹ ਪਹਿਲਾਂ ਹੀ ਚਲੀ ਗਈ ਸੀ,Maiṁ saṭēśana tē pahunchi'ā tāṁ uha pahilāṁ hī calī ga'ī sī,,,,B
5668,79,gu,Gujarati,જ્યારે હું સ્ટેશન પર પહોંચ્યો ત્યારે તે પહેલેથી જ ચાલી ગઈ હતી,Jyārē huṁ sṭēśana para pahōnchyō tyārē tē pahēlēthī ja cālī ga'ī hatī,,,,B
5669,79,si,Sinhala,මම ස්ථානයට පැමිණි විට ඇය දැනටමත් ගමන් කර ගොස් තිබුණා,Mama sthānayaṭa pæmiṇi viṭa æya dænaṭamat gaman kara gos tibuṇā,,,,B
5670,79,km,Khmer,នាងបានចាកចេញរួចទៅហើយនៅពេលដែលខ្ញុំទៅដល់ស្ថានីយ,Khnhom ban chak chhnh ruoch tow haey nov pel del khnhom tow dol sthaney,,,,B
5671,79,is,Icelandic,Hún var þegar farin þegar ég kom á stöðina,,,,,B
5672,79,tl,Tagalog / Filipino,Umalis na siya nang dumating ako sa istasyon,,,,,B
5673,79,ms,Malay,Dia sudah pergi ketika saya tiba di stesen,,,,,B
5674,79,jv,Javanese,Dheweke wis lunga nalika aku tekan ing stasiun,,,,,B
5675,79,kk,Kazakh,Мен станцияға келгенімде ол кетіп қалған еді,Men stantsïyağa kelgenimde ol ketip qalğan edi,,,,B
5676,79,uz,Uzbek,Men stansiyaga kelganimda u ketib bo'lgan edi,,,,,B
5677,79,mn,Mongolian,Би станц дээр ирэхэд тэр аль хэдийн явчихсан байв,Bi stants deer irekhed ter al khediin yavchikhsan baiv,,,,B
5678,79,ka,Georgia,ის უკვე წავიდა, როცა სადგურზე მივედი,Is uk've ts'avida, rotsa sadgurze mivedi,,,,B
5679,79,hy,Armenian,Նա արդեն մեկնել էր, երբ ես եկա կայարան,Na arden meknel er, yerb yes eka kayaran,,,,B
5680,79,eu,Basuse,Jadanik joan zen nire geltokira iristean,,,,,B
5681,79,ca,Catalan,Ella ja havia marxat quan vaig arribar a l'estació,,,,,B
5682,79,gl,Galician,Ela xa marchara cando cheguei á estación,,,,,B
5683,79,ga,Irish (Gaeilge),Bhí sí imithe cheana féin nuair a shroich mé an stáisiún,,,,,B
5684,79,cy,Welsh,Roedd hi eisoes wedi gadael pan gyrhaeddais i'r orsaf,,,,,B
5685,79,gd,Scottish Gaelic,Bha i air falbh mar-thà nuair a ràinig mi an stèisean,,,,,B
5686,79,lb,Luxembourgish,Si war schonn fort wéi ech um Gare ukomm sinn,,,,,B
5687,79,eo,Esperanto,Ŝi jam foriris kiam mi alvenis la stacidomon,,,,,B
5688,79,la,Latin,Iam discesserat cum ad stationem perveni,,,,,B
5689,80,en,English,I woke up late and missed the bus,,,,,A
5690,80,es,Spanish,Me desperté tarde y perdí el autobús,,,,,A
5691,80,fr,French,Je me suis réveillé en retard et j'ai raté le bus,,,,,A
5692,80,pt,Portuguese,Acordei tarde e perdi o ônibus,,,,,A
5693,80,de,German,Ich bin spät aufgewacht und habe den Bus verpasst,,,,,A
5694,80,it,Italian,Mi sono svegliato tardi e ho perso l'autobus,,,,,A
5695,80,ru,Russian,Я проснулся поздно и пропустил автобус,Ya prosnulsya pozdno i propustil avtobus,,,,A
5696,80,ar,Arabic,استيقظت متأخرًا وفاتتني الحافلة,Astaqẓtu mutaʼakhkhiran wafātatnī al-ḥāfila,,,,A
5697,80,hi,Hindi,मैं देर से उठा और बस छूट गई,Main der se uṭhā aur bas chūṭ gaī,,,,A
5698,80,bn,Bengali,আমি দেরিতে ঘুম থেকে উঠলাম এবং বাস মিস করে ফেললাম,Āmi dēritē ghuma thēkē uṭhalāma ēbaṁ bāsa missa karē phēlalāma,,,,A
5699,80,ur,Urdu,میں دیر سے اٹھا اور بس چھوٹ گئی,Main der se uṭhā aur bas chhoṭ gaī,,,,A
5700,80,fa,Persian,دیر بیدار شدم و اتوبوس را از دست دادم,Dir bidār shodam va otobus rā az dast dādam,,,,A
5701,80,tr,Turkish,Geç uyandım ve otobüsü kaçırdım,,,,,A
5702,80,ja,Japanese,遅く起きてバスに乗り遅れました,Osoku okite basu ni noriokuremashita,,,,A
5703,80,ko,Korean,늦게 일어나서 버스를 놓쳤습니다,Neutge ireonaseo beoseureul nochyeotseumnida,,,,A
5704,80,zh-cn,Mandarin (Simplified),我起晚了，没赶上公交车,,wǒ qǐ wǎn le, méi gǎnshàng gōngjiāochē,,A
5705,80,zh-tw,Mandarin (Traditional),我起晚了，沒趕上公車,,wǒ qǐ wǎn le, méi gǎnshàng gōngchē,,A
5706,80,vi,Vietnamese,Tôi thức dậy muộn và lỡ chuyến xe buýt,,,,,A
5707,80,th,Thai,ฉันตื่นสายและตกรถเมล์,Ch̄ản tụ̄̀n s̄āy læa tk rṭh mel̒,,,,A
5708,80,id,Indonesian,Saya bangun terlambat dan ketinggalan bus,,,,,A
5709,80,sw,Swahili,Nimeamka marehemu na basi imenikosa,,,,,A
5710,80,nl,Dutch,Ik werd te laat wakker en miste de bus,,,,,A
5711,80,pl,Polish,Obudziłem się późno i spóźniłem się na autobus,,,,,A
5712,80,uk,Ukrainian,Я прокинувся пізно і пропустив автобус,Ya prokynuvsya pizno i propustyv avtobus,,,,A
5713,80,el,Greek,Ξύπνησα αργά και έχασα το λεωφορείο,Xýpnisa argá kai échasa to leoforeío,,,,A
5714,80,sv,Swedish,Jag vaknade sent och missade bussen,,,,,A
5715,80,no,Norwegian,Jeg våknet sent og mistet bussen,,,,,A
5716,80,da,Danish,Jeg vågnede for sent og missede bussen,,,,,A
5717,80,fi,Finnish,Heräsin myöhään ja missasin bussin,,,,,A
5718,80,cs,Czech,Vzbudil jsem se pozdě a zmeškal autobus,,,,,A
5719,80,hu,Hungarian,Későn keltem és lekéstem a buszt,,,,,A
5720,80,ro,Romanian,M-am trezit târziu și am pierdut autobuzul,,,,,A
5721,80,bg,Bulgarian,Събудих се късно и изпуснах автобуса,Săbudih se kăsno i izpusnah avtobusa,,,,A
5722,80,sr,Serbian,Пробудио сам се касно и пропустио аутобус,Probudio sam se kasno i propustio autobus,,,,A
5723,80,sk,Slovak,Zobudil som sa neskoro a zmeškal autobus,,,,,A
5724,80,sl,Slovenian,Zbudil sem se pozno in zamudil avtobus,,,,,A
5725,80,lt,Lithuanian,Prabudau vėlai ir praleidau autobusą,,,,,A
5726,80,lv,Latvian,Es pamodos vēlu un palaidu garām autobusu,,,,,A
5727,80,et,Estonian,Ärkasin hilja ja jäin bussist maha,,,,,A
5728,80,he,Hebrew,התעוררתי מאוחר ופספסתי את האוטובוס,Hit'orereti me'uchar ufisfasti et ha'otobus,,,,A
5729,80,ha,Hausa,Na farka da makara na rasa bas,,,,,A
5730,80,yo,Yoruba,Mo jí pẹ́ Mo sì padanu búsì,,,,,A
5731,80,ig,Igbo,Etetara m n'oge na-aga bọs ahụ agwụla m,,,,,A
5732,80,am,Amharic,ማልደም ተነስቼ አውቶቡስ አመለጥኩኝ,Malidemi tenesichē āwitobusi āmelet'ik'unyi,,,,A
5733,80,ti,Tigrinya,ሓደ ሰዓት ተንሲነ ነቲ ኣውቶቡስ ኣመሓላሊፍክዎ,ḥade se'at tensine neti awitobus amehalalifk'wo,,,,A
5734,80,ne,Nepali,म ढिलो उठें र बस छुट्यो,Ma ḍhilō uṭhēṁ ra basa chuṭyō,,,,A
5735,80,ta,Tamil,நான் தாமதமாக எழுந்து, பஸ்ஸை தவறவிட்டேன்,Nāṉ tāmatamāka eḻuntu, passai tavaṟaviṭṭēṉ,,,,A
5736,80,te,Telugu,నేను ఆలస్యంగా నిద్రలేచి, బస్సు కోల్పోయాను,Nēnu ālasyaṅgā nidralēci, bassu kōlpōyānu,,,,A
5737,80,ml,Malayalam,ഞാൻ വൈകി എഴുന്നേറ്റു ബസ് നഷ്ടപ്പെട്ടു,Ñān vaiki eḻunnēṟṟu bas naṣṭappeṭṭu,,,,A
5738,80,mr,Marathi,मी उशिरा उठलो आणि बस चुकली,Mī uśirā uṭhalō āṇi bas cukalī,,,,A
5739,80,pa,Punjabi,ਮੈਂ ਦੇਰ ਨਾਲ ਉੱਠਿਆ ਅਤੇ ਬਸ ਛੁੱਟ ਗਈ,Maiṁ dēra nāla uṭhi'ā atē basa chuṭa ga'ī,,,,A
5740,80,gu,Gujarati,હું મોડું ઊઠ્યો અને બસ ચૂકી ગઈ,Huṁ mōḍuṁ ūṭhyō anē basa cūkī ga'ī,,,,A
5741,80,si,Sinhala,මම ප්ලාට්පෝමයට පැමිණියේ නමුත් බස් රථය අතපසු විය,Mama plāṭpōmayaṭa pæmiṇiyē namut bas rathaya atapasu viya,,,,A
5742,80,km,Khmer,ខ្ញុំភ្ញាក់យឺតហើយខកឡានក្រុង,Khnhom phnheak yeut haey khok lan krong,,,,A
5743,80,is,Icelandic,Ég vaknaði seint og missti af rútinni,,,,,A
5744,80,tl,Tagalog / Filipino,Nagising ako nang huli at na-miss ko ang bus,,,,,A
5745,80,ms,Malay,Saya bangun lewat dan terlepas bas,,,,,A
5746,80,jv,Javanese,Aku tangi telat lan ketinggalan bis,,,,,A
5747,80,kk,Kazakh,Мен кеш ояндым және автобусты жіберіп алдым,Men keş oyandym jäne avtobysty jiberip aldym,,,,A
5748,80,uz,Uzbek,Men kech uyg'ondim va avtobusni qoldirdim,,,,,A
5749,80,mn,Mongolian,Би хожим сэрсэн, автобусаа алдсан,Bi khozhim sersen, avtobusaa aldsan,,,,A
5750,80,ka,Georgia,გვიან გავიღვიძე და ავტობუსი გამომრჩა,Gvian gavighvidze da avt'obusi gamomrch'a,,,,A
5751,80,hy,Armenian,Ուշ արթնացա և բաց թողեցի ավտոբուսը,Ush art'hnats'a yev bats' tvoghets'i avtobusy,,,,A
5752,80,eu,Basuse,Berandu esnatu nintzen eta autobusa galdu nuen,,,,,A
5753,80,ca,Catalan,Em vaig despertar tard i vaig perdre l'autobús,,,,,A
5754,80,gl,Galical,Espertei tarde e perdín o autobús,,,,,A
5755,80,ga,Irish (Gaeilge),Dhúisigh mé go déanach agus chaill mé an bus,,,,,A
5756,80,cy,Welsh,Deffrois i'n hwyr a cholli'r bws,,,,,A
5757,80,gd,Scottish Gaelic,Dhùisg mi anmoch agus chaill mi am bus,,,,,A
5758,80,lb,Luxembourgish,Ech sinn spéit opgewächt an hunn de Bus verpasst,,,,,A
5759,80,eo,Esperanto,Mi vekiĝis malfrue kaj maltrafis la aŭtobuson,,,,,A
5760,80,la,Latin,Tarde experrectus sum et raedam publicam praeterii,,,,,A
5761,81,en,English,If the system fails again, we’ll need a complete redesign,,,,,B
5762,81,es,Spanish,Si el sistema falla otra vez, necesitaremos un rediseño completo,,,,,B
5763,81,fr,French,Si le système échoue à nouveau, nous aurons besoin d'une refonte complète,,,,,B
5764,81,pt,Portuguese,Se o sistema falhar novamente, precisaremos de um redesenho completo,,,,,B
5765,81,de,German,Wenn das System noch einmal ausfällt, brauchen wir einen kompletten Neuentwurf,,,,,B
5766,81,it,Italian,Se il sistema fallisce di nuovo, avremo bisogno di una riprogettazione completa,,,,,B
5767,81,ru,Russian,Если система снова выйдет из строя, нам понадобится полная переработка,Yesli sistema snova vyydet iz stroya, nam poнадобится polnaya pererabotka,,,,B
5768,81,ar,Arabic,إذا فشل النظام مرة أخرى، فسنحتاج إلى إعادة تصميم كاملة,Idhā fashala an-niẓām marratan ukhra, fasanḥtāj ilā iʻādat taṣmīm kāmila,,,,B
5769,81,hi,Hindi,यदि सिस्टम फिर से विफल हो जाता है, तो हमें एक संपूर्ण पुनर्निर्माण की आवश्यकता होगी,Yadi sisṭam phir se viphal ho jātā hai, to hamẽ ek sampūrṇa punarnirmāṇ kī āvaśyaktā hogī,,,,B
5770,81,bn,Bengali,সিস্টেম আবার ব্যর্থ হলে, আমাদের একটি সম্পূর্ণ পুনঃনকশা প্রয়োজন হবে,Sisṭēma ābāra byartha halē, āmādēra ēkaṭi sampūrṇa punaḥnaśā parēẏōjana habē,,,,B
5771,81,ur,Urdu,اگر نظام دوبارہ ناکام ہو جاتا ہے، تو ہمیں ایک مکمل ری ڈیزائن کی ضرورت ہوگی,Agar nizām dubāra nākām ho jātā hai, to hamẽ ek mukammal rī ḍāyzan kī zarūrat hogī,,,,B
5772,81,fa,Persian,اگر سیستم دوباره خراب شود، به یک طراحی کامل نیاز خواهیم داشت,Agar sistēm dobāre kharāb shavad, be yek tarāhi-ye kāmel niyāz khāhim dāsht,,,,B
5773,81,tr,Turkish,Sistem tekrar başarısız olursa, tam bir yeniden tasarım gerekecek,,,,,B
5774,81,ja,Japanese,システムが再び失敗した場合、完全な再設計が必要になります,Shisutemu ga futatabi shippai shita baai, kanzen na sai sekkei ga hitsuyō ni narimasu,,,,B
5775,81,ko,Korean,시스템이 다시 실패하면 완전한 재설계가 필요할 것입니다,Siseutemi dasi silpaehamyeon wanjeonhan jaeseolgyega piryohal geosimnida,,,,B
5776,81,zh-cn,Mandarin (Simplified),如果系统再次失败，我们将需要一个完整的重新设计,,rúguǒ xìtǒng zàicì shībài, wǒmen jiāng xūyào yī gè wánzhěng de chóngxīn shèjì,,B
5777,81,zh-tw,Mandarin (Traditional),如果系統再次失敗，我們將需要一個完整的重新設計,,rúguǒ xìtǒng zàicì shībài, wǒmen jiāng xūyào yī gè wánzhěng de chóngxīn shèjì,,B
5778,81,vi,Vietnamese,Nếu hệ thống lại hỏng, chúng ta sẽ cần một bản thiết kế lại hoàn chỉnh,,,,,B
5779,81,th,Thai,ถ้าระบบล้มเหลวอีก เราจะต้องออกแบบใหม่อย่างสมบูรณ์,T̄hā rạb l̂m h̄elw xīk reā ca t̂xng xxk pæb h̄ım̀ xỳāng s̄mpūrn,,,,B
5780,81,id,Indonesian,Jika sistem gagal lagi, kita akan membutuhkan desain ulang yang lengkap,,,,,B
5781,81,sw,Swahili,Ikiwa mfumo utashindwa tena, tutahitaji upangaji upya kamili,,,,,B
5782,81,nl,Dutch,Als het systeem opnieuw faalt, hebben we een volledige herontwerp nodig,,,,,B
5783,81,pl,Polish,Jeśli system znów zawiedzie, będziemy potrzebować całkowitego przeprojektowania,,,,,B
5784,81,uk,Ukrainian,Якщо система знову вийде з ладу, нам знадобиться повний перепроєкт,Yakshcho sistema znovu vyyde z ladu, nam znadobyt'sya povnyy pereproyekt,,,,B
5785,81,el,Greek,Αν το σύστημα αποτύχει ξανά, θα χρειαστούμε έναν πλήρη επανασχεδιασμό,An to sýstima apotýchei xaná, tha chreiasteume énan plíri epanaschediasmó,,,,B
5786,81,sv,Swedish,Om systemet misslyckas igen behöver vi en komplett omdesign,,,,,B
5787,81,no,Norwegian,Hvis systemet svikter igjen, trenger vi en komplett redesign,,,,,B
5788,81,da,Danish,Hvis systemet svigter igen, har vi brug for en komplet redesign,,,,,B
5789,81,fi,Finnish,Järjestelmän epäonnistuessa uudelleen tarvitsemme täydellisen uudelleensuunnittelun,,,,,B
5790,81,cs,Czech,Pokud systém opět selže, budeme potřebovat kompletní přepracování,,,,,B
5791,81,hu,Hungarian,Ha a rendszer ismét meghibásodik, teljes áttervezésre lesz szükségünk,,,,,B
5792,81,ro,Romanian,Dacă sistemul eșuează din nou, vom avea nevoie de o reproiectare completă,,,,,B
5793,81,bg,Bulgarian,Ако системата отново се повреди, ще ни трябва пълно препроектиране,Ako sistemata otnovo se povredi, shte ni tryabva pŭlno preproektirane,,,,B
5794,81,sr,Serbian,Ако систем поново откаже, требаће нам потпуни редизајн,Ako sistem ponovo otkaže, trebaće nam potpuni redizajn,,,,B
5795,81,sk,Slovak,Ak systém opäť zlyhá, budeme potrebovať úplné preladenie,,,,,B
5796,81,sl,Slovenian,Če sistem spet odpove, bomo potrebovali popolno preoblikovanje,,,,,B
5797,81,lt,Lithuanian,Jei sistema vėl žlugs, mums reikės visiško perprojektavimo,,,,,B
5798,81,lv,Latvian,Ja sistēma atkal izgāsies, mums būs nepieciešams pilnīgs pārprojektēšana,,,,,B
5799,81,et,Estonian,Kui süsteem ebaõnnestub uuesti, vajame täielikku ümberprojekteerimist,,,,,B
5800,81,he,Hebrew,אם המערכת תיכשל שוב, נצטרך עיצוב מחדש מלא,Im hama'arechet tichshal shuv, nitzrach itzuv mechadash male,,,,B
5801,81,ha,Hausa,Idan tsarin ya sake kasawa, za mu buƙaci cikakken sake fasahar,,,,,B
5802,81,yo,Yoruba,Bi eto naa ba ti ṣẹ lẹẹkan si, a yoo nilo igbedapọ pipa patapata,,,,B
5803,81,ig,Igbo,Ọ bụrụ na sistemu ahụ ada ada ọzọ, anyị ga-achọ nhazi ọhụrụ zuru oke,,,,,B
5804,81,am,Amharic,ስርዓቱ እንደገና ካልተሳካ ፣ ሙሉ የሆነ ዳግም ንድፍ እንፈልጋለን,Siri'atu inidegena kaltesaka, mulu yehone dagimi nidifi inifeligalena,,,,B
5805,81,ti,Tigrinya,እቲ ስርዓት ደጊም እንተወዲኡ ፣ ምሉእ ዳግማይ ዲዛይን ክንደለዎ ኢና,Iti siri'at degim initewediu, milu'i dagimay dizayin kindelewo ina,,,,B
5806,81,ne,Nepali,प्रणाली फेरि असफल भएमा, हामीलाई पूर्ण पुन:रचना चाहिन्छ,Praṇālī pheri asaphala bha'emā, hāmīlā'ī pūrṇa punaḥracanā cāhincha,,,,B
5807,81,ta,Tamil,கணினி மீண்டும் தோல்வியுற்றால், முழுமையான மறுவடிவமைப்பு தேவைப்படும்,Kaṇiṉi mīṇṭum tōlviyuṟṟāl, muḻumaiyāṉa maṟuvaṭivamaippu tēvaippaṭum,,,,B
5808,81,te,Telugu,సిస్టమ్ మళ్లీ విఫలమైతే, మాకు పూర్తి పునర్నిర్మాణం అవసరం అవుతుంది,Sisṭam maḷlī viphamaitē, māku pūrti punarnirmāṇaṁ avasaraṁ avutundi,,,,B
5809,81,ml,Malayalam,സിസ്റ്റം വീണ്ടും പരാജയപ്പെട്ടാൽ, ഞങ്ങൾക്ക് ഒരു പൂർണ്ണ പുനർരൂപകൽപ്പന ആവശ്യമാണ്,Sisṟṟaṁ vīṇṭuṁ parājayappeṭṭāl, ñaṅṅaḷkku oru pūrṇṇa punaṟrūpakalpana āvaśyamāṇ,,,,B
5810,81,mr,Marathi,सिस्टीम पुन्हा अयशस्वी झाल्यास, आम्हाला संपूर्ण पुनर्रचना आवश्यक आहे,Sisṭīma punhā ayaśasvī jhālyāsa, āmhālā sampūrṇa punarracanā āvaśyaka āhe,,,,B
5811,81,pa,Punjabi,ਸਿਸਟਮ ਫੇਰ ਫੇਲ ਹੋ ਜਾਵੇ ਤਾਂ ਸਾਨੂੰ ਇੱਕ ਪੂਰੀ ਮੁੜ-ਡਿਜ਼ਾਈਨ ਦੀ ਲੋੜ ਹੋਵੇਗੀ,Sisaṭama phēra phēla hō jāvē tāṁ sānū ika pūrī muṛa-ḍizā'ina dī lōṛa hōvēgī,,,,B
5812,81,gu,Gujarati,સિસ્ટમ ફરીથી નિષ્ફળ થાય તો અમને સંપૂર્ણ પુનઃરચનાની જરૂર પડશે,Sisaṭama pharīthī niṣphaḷa thāya tō amanē sampūrṇa punaḥracanānī jarūra paḍaśē,,,,B
5813,81,si,Sinhala,පද්ධතිය නැවත අසාර්ථක වුවහොත්, අපට සම්පූර්ණ නැවත සැලසුම් කිරීමක් අවශ්‍ය වේ,Paddhatiya nævata asārthaka vuvahot, apaṭa sampūrṇa nævata sælasum kirīmak avaśya vē,,,,B
5814,81,km,Khmer,ប្រសិនបើប្រព័ន្ធបរាជ័យម្តងទៀត យើងនឹងត្រូវការការរចនាឡើងវិញទាំងស្រុង,Prasen bea brapnth brachel mdong tieng, young nung trauv kar kar rchona laeng vinh tong srong,,,,B
5815,81,is,Icelandic,Ef kerfið mistekst aftur, þurfum við algerlega endurhönnun,,,,,B
5816,81,tl,Tagalog / Filipino,Kung mabibigo muli ang sistema, kakailanganin natin ng kumpletong muling pagdisenyo,,,,,B
5817,81,ms,Malay,Jika sistem gagal lagi, kami memerlukan reka bentuk semula yang lengkap,,,,,B
5818,81,jv,Javanese,Yen sistem kasebut gagal maneh, kita butuh desain ulang sing lengkap,,,,,B
5819,81,kk,Kazakh,Егер жүйе тағы да сәтсіздікке ұшыраса, бізге толық қайта жобалау қажет болады,Eger jüie tağı da sätsizdikke uşyrasa, bize tolık qaıta jobalau qajet bolady,,,,B
5820,81,uz,Uzbek,Agar tizim yana ishlamasa, bizga to'liq qayta loyihalash kerak bo'ladi,,,,,B
5821,81,mn,Mongolian,Систем дахин бүтэлгүйтвэл бид бүрэн шинэчлэл хийх хэрэгтэй болно,Sistem dakhin büteleyteivel bid büren shinechlel kheikh kheregtei bolno,,,,B
5822,81,ka,Georgia,თუ სისტემა ისევ ჩავარდება, სრული გადაკეთება დაგვჭირდება,Tu sist'ema isev ch'avardeba, sruli gadak'et'eba dagvch'irdeba,,,,B
5823,81,hy,Armenian,Եթե համակարգը կրկին ձախողվի, մեզ պետք կգա ամբողջական վերագծում,Yete hamakargy krkin dzakhoghvi, mez petk kga amboghjakan veragtsum,,,,B
5824,81,eu,Basuse,Sistema berriz huts egiten badu, berriro diseinatu beharko dugu,,,,,B
5825,81,ca,Catalan,Si el sistema falla de nou, necessitarem un redisseny complet,,,,,B
5826,81,gl,Galician,Se o sistema falla de novo, necesitaremos un redeseño completo,,,,,B
5827,81,ga,Irish (Gaeilge),Má theipeann an córas arís, beidh athdhearadh iomlán ag teastáil uainn,,,,,B
5828,81,cy,Welsh,Os bydd y system yn methu eto, bydd angen ailgynllunio cyflawn arnom,,,,,B
5829,81,gd,Scottish Gaelic,Ma dh'fhàilligheas an siostam a-rithist, feumaidh sinn ath-dhealbhadh iomlan,,,,,B
5830,81,lb,Luxembourgish,Wann de System nach eng Kéier feelt, brauche mir eng komplett Nei-konzeptioun,,,,,B
5831,81,eo,Esperanto,Se la sistemo malsukcesos denove, ni bezonos kompletan redizajnon,,,,,B
5832,81,la,Latin,Si ratio iterum deficit, integrum novum consilium nobis opus erit,,,,,B
5833,82,en,English,She smiled and waved goodbye,,,,,A
5834,82,es,Spanish,Ella sonrió y se despidió con la mano,,,,,A
5835,82,fr,French,Elle sourit et fit un signe d'adieu de la main,,,,,A
5836,82,pt,Portuguese,Ela sorriu e acenou adeus,,,,,A
5837,82,de,German,Sie lächelte und winkte zum Abschied,,,,,A
5838,82,it,Italian,Lei sorrise e salutò con la mano,,,,,A
5839,82,ru,Russian,Она улыбнулась и помахала на прощание,Ona ulybnulas' i pomakhala na proshchaniye,,,,A
5840,82,ar,Arabic,ابتسمت ولوحت مودعة,Ibtasamat wa-lawwaḥat mawdiʻan,,,,A
5841,82,hi,Hindi,वह मुस्कुराई और अलविदा कहते हुए हाथ हिलाया,Vah muskuraī aur alavidā kahte hue hāth hilāyā,,,,A
5842,82,bn,Bengali,সে হাসল এবং বিদায় জানিয়ে হাত নাড়াল,Se hāsala ēbaṁ bidāẏa jāniẏē hāta nāṛāla,,,,A
5843,82,ur,Urdu,وہ مسکرائی اور الوداع کہتے ہوئے ہاتھ ہلایا,Woh muskuraī aur alvidā kahte hue hāth hilāyā,,,,A
5844,82,fa,Persian,او لبخند زد و با دست خداحافظی کرد,U labkhand zad va bā dast khodāhāfezi kard,,,,A
5845,82,tr,Turkish,O gülümsedi ve el sallayarak veda etti,,,,,A
5846,82,ja,Japanese,彼女は微笑んで手を振って別れを告げました,Kanojo wa hohoende te o futte wakare o tsu gemashita,,,,A
5847,82,ko,Korean,그녀는 미소 지으며 손을 흔들며 작별 인사를 했습니다,Geunyeoneun miso jieumyeo soneul heundeulmyeo jakbyeol insareul haetseumnida,,,,A
5848,82,zh-cn,Mandarin (Simplified),她微笑着挥手告别,,tā wēixiào zhe huīshǒu gàobié,,A
5849,82,zh-tw,Mandarin (Traditional),她微笑著揮手告別,,tā wēixiào zhe huīshǒu gàobié,,A
5850,82,vi,Vietnamese,Cô ấy mỉm cười và vẫy tay tạm biệt,,,,,A
5851,82,th,Thai,เธอยิ้มและโบกมือลาก่อน,Thoe yîm læa bok mụ̄x lā k̀xn,,,,A
5852,82,id,Indonesian,Dia tersenyum dan melambaikan tangan untuk berpamitan,,,,,A
5853,82,sw,Swahili,Alitabasamu na kutikisa mkono kwa kwaheri,,,,,A
5854,82,nl,Dutch,Zij glimlachte en zwaaide gedag,,,,,A
5855,82,pl,Polish,Uśmiechnęła się i pomachała na pożegnanie,,,,,A
5856,82,uk,Ukrainian,Вона посміхнулася і махнула на прощання,Vona posmikhnulasya i makhnula na proshchannya,,,,A
5857,82,el,Greek,Χαμογέλασε και κούνησε το χέρι στο αποχαιρετισμό,Chamogélase kai koúnise to chéri sto apochairetismó,,,,A
5858,82,sv,Swedish,Hon log och vinkade adjö,,,,,A
5859,82,no,Norwegian,Hun smilte og vinket farvel,,,,,A
5860,82,da,Danish,Hun smilede og vinkede farvel,,,,,A
5861,82,fi,Finnish,Hän hymyili ja heilautti kättään hyvästiksi,,,,,A
5862,82,cs,Czech,Usmála se a zamávala na rozloučenou,,,,,A
5863,82,hu,Hungarian,Mosolygott és integetett búcsúzóul,,,,,A
5864,82,ro,Romanian,Ea a zâmbit și a făcut cu mâna la revedere,,,,,A
5865,82,bg,Bulgarian,Тя се усмихна и махна за сбогом,Tya se usmihna i makhna za sbogom,,,,A
5866,82,sr,Serbian,Насмејала се и махнула на поздраво,Nasmejala se i mahnula na pozdravo,,,,A
5867,82,sk,Slovak,Usmiala sa a zamávala na rozlúčku,,,,,A
5868,82,sl,Slovenian,Nasmehnila se je in pomahala v slovo,,,,,A
5869,82,lt,Lithuanian,Ji nusišypsojo ir pamojavo atsisveikinimui,,,,,A
5870,82,lv,Latvian,Viņa pasmaidīja un vicināja ar roku sveicienā,,,,,A
5871,82,et,Estonian,Ta naeratas ja lehvitats jumalagajätuks,,,,,A
5872,82,he,Hebrew,היא חייכה ונופפה לשלום,Hi chiyekha venifna leshalom,,,,A
5873,82,ha,Hausa,Ta yi murmushi ta yi wa sallama,,,,,A
5874,82,yo,Yoruba,Ó ṣẹ̀rẹ̀n ó sì fẹ́ mọ́lẹ̀ sí àládé,,,,A
5875,82,ig,Igbo,Ọ mụmụrụ ọnụ ọchị ma fee aka kelee ọma,,,,A
5876,82,am,Amharic,እሷ ፈገግታ አደረገች እና እጇን አወዛወዘች ሰላምታ ለመስጠት,Es'wa fegegeta āderegechi ena ijani āwezawezechi selamita lemesitet'i,,,,A
5877,82,ti,Tigrinya,ንሳ ፈጋግራ ኣላዊታ ኣዕጸምት,Nisa fegagra alawita a'its'emit,,,,A
5878,82,ne,Nepali,उनले मुस्कुराइन् र अलविदा भनेर हात हल्लाइन्,Unle muskura'in ra alavidā bhanera hāta hallā'in,,,,A
5879,82,ta,Tamil,அவள் புன்னகைத்து விட்டுச் செல்லும் படி கைக்குறி செய்தாள்,Avaḷ puṉṉakaittu viṭṭuc cellum paṭi kaikkuṟi ceytāḷ,,,,A
5880,82,te,Telugu,ఆమె చిరునవ్వు చిందించింది మరియు వీడ్కోలు చెప్పి చేతిని ఆడించింది,Āme chirunavvu cindiñcindi mariyu vīḍkōlu ceppi cētini āḍiñcindi,,,,A
5881,82,ml,Malayalam,അവൾ പുഞ്ചിരിച്ചുകൊണ്ട് കൈകൊണ്ട് സല്യൂട്ട് അടിച്ചു,Avaḷ puñciriccukoṇṭ kaikoṇṭ salyūṯ aṭiccu,,,,A
5882,82,mr,Marathi,ती हसली आणि निरोप घेऊन हात हलवला,Tī hasalī āṇi niropa ghēūn hāta halavalā,,,,A
5883,82,pa,Punjabi,ਉਹ ਮੁਸਕਰਾਈ ਅਤੇ ਅਲਵਿਦਾ ਕਹਿ ਕੇ ਹੱਥ ਹਿਲਾਇਆ,Uh musakarā'ī atē alavidā kahi kē hatha hilā'i'ā,,,,A
5884,82,gu,Gujarati,તેણીએ સ્મિત કર્યું અને વિદાય લેતી વખતે હાથ હલાવ્યો,Tēṇī'ē smita karyuṁ anē vidāya lētī vakhtē hātha halāvyō,,,,A
5885,82,si,Sinhala,ඇය සිනහසුන් ගත්තාය සහ අත ගසා ආයුබෝවන් කීවාය,Æya sinahasun gattāya saha ata gasā āyubōvan kīvāya,,,,A
5886,82,km,Khmer,នាងបានញញឹម ហើយញាក់ដៃជំរាបលា,Neang ban nhnhem, haey nhak dai chamrob lea,,,,A
5887,82,is,Icelandic,Hún brosti og veifaði í burtu,,,,,A
5888,82,tl,Tagalog / Filipino,Ngumiti siya at kumaway ng paalam,,,,,A
5889,82,ms,Malay,Dia tersenyum dan melambai selamat tinggal,,,,,A
5890,82,jv,Javanese,Dheweke mesem lan ngono ngucapake pamit,,,,,A
5891,82,kk,Kazakh,Ол күлші және қоштасу үшін қолын шайқады,Ol külşi jäne qoştasu üşin qolın şaıqady,,,,A
5892,82,uz,Uzbek,U tabassum qildi va xayrlashish uchun qo'l silkidi,,,,,A
5893,82,mn,Mongolian,Тэр инээж, баяртай гэж гараа далав,Ter ineej, bayartai gej garaa dalav,,,,A
5894,82,ka,Georgia,მან გაღიმა და ხელის ნიშნით მიასალმა,Man gaghima da khelis nishnit miasalma,,,,A
5895,82,hy,Armenian,Նա ժպտաց և ձեռքով ցույց տվեց ցտեսություն,Na zhptats' yev dzerk'ov ts'uyts' tvets' ts'tesut'yun,,,,A
5896,82,eu,Basuse,Irribarre egin zuen eta agur esan zuen eskuaz,,,,,A
5897,82,ca,Catalan,Ella va somriure i va dir adeu amb la mà,,,,,A
5898,82,gl,Galical,Ela sorriu e despediuse acenando coa man,,,,,A
5899,82,ga,Irish (Gaeilge),Rinne sí aoibh agus chroith sí lámh ina slán,,,,,A
5900,82,cy,Welsh,Gwenodd a chwifio ffarwél,,,,,A
5901,82,gd,Scottish Gaelic,Rinn i gàire agus chrath i a làmh airson soraidh slàn,,,,,A
5902,82,lb,Luxembourgish,Si huet gelacht an Äddi gewénkt,,,,,A
5903,82,eo,Esperanto,Ŝi ridetis kaj mansignis adiaŭon,,,,,A
5904,82,la,Latin,Subrisit et vale manu dixit,,,,,A
5905,83,en,English,Turn off the lights when you leave,,,,,B
5906,83,es,Spanish,Apaga las luces cuando salgas,,,,,B
5907,83,fr,French,Éteins les lumières quand tu pars,,,,,B
5908,83,pt,Portuguese,Desligue as luzes quando sair,,,,,B
5909,83,de,German,Schalte das Licht aus, wenn du gehst,,,,,B
5910,83,it,Italian,Spegni le luci quando esci,,,,,B
5911,83,ru,Russian,Выключай свет, когда уходишь,Vyklyuchay svet, kogda ukhodish',,,,B
5912,83,ar,Arabic,أطفئ الأنوار عندما تغادر,Uṭfi' al-anwāra 'indamā tughādir,,,,B
5913,83,hi,Hindi,जब तुम जाओ तो लाइटें बंद कर दो,Jab tum jāo to lāiṭeṁ band kar do,,,,B
5914,83,bn,Bengali,তুমি যখন চলে যাবে তখন লাইট বন্ধ করে দিও,Tumi yakhana calē yābē takhana lā'iṭa bandha karē di'ō,,,,B
5915,83,ur,Urdu,جب تم جاؤ تو لائٹیں بند کر دو,Jab tum jao to lightain band kar do,,,,B
5916,83,fa,Persian,وقتی می‌روی چراغ‌ها را خاموش کن,Vaghti miravī cherāgh-hā rā khāmūsh kon,,,,B
5917,83,tr,Turkish,Çıkarken ışıkları kapat,,,,,B
5918,83,ja,Japanese,出かける時は電気を消してください,Dekakeru toki wa denki o keshite kudasai,,,,B
5919,83,ko,Korean,나갈 때는 불을 꺼주세요,Nagal ttaeneun bureul kkeojuseyo,,,,B
5920,83,zh-cn,Mandarin (Simplified),你离开时请关灯,,nǐ líkāi shí qǐng guān dēng,,B
5921,83,zh-tw,Mandarin (Traditional),你離開時請關燈,,nǐ líkāi shí qǐng guān dēng,,B
5922,83,vi,Vietnamese,Hãy tắt đèn khi bạn rời đi,,,,,B
5923,83,th,Thai,ปิดไฟเมื่อคุณจะออกไป,Pid fai meụ̄̀x khuṇ ca xxk pị,,,,B
5924,83,id,Indonesian,Matikan lampu saat kamu pergi,,,,,B
5925,83,sw,Swahili,Zima taa ukitoka,,,,,B
5926,83,nl,Dutch,Doe de lichten uit als je weggaat,,,,,B
5927,83,pl,Polish,Zgaś światła, kiedy wychodzisz,,,,,B
5928,83,uk,Ukrainian,Вимикай світло, коли виходиш,Vymykay svitlo, koly vykhodysh,,,,B
5929,83,el,Greek,Σβήσε τα φώτα όταν φεύγεις,Svíse ta fóta ótan févgeis,,,,B
5930,83,sv,Swedish,Stäng av lamporna när du går,,,,,B
5931,83,no,Norwegian,Slå av lyset når du går,,,,,B
5932,83,da,Danish,Sluk for lyset, når du går,,,,,B
5933,83,fi,Finnish,Sammuta valot, kun lähdet,,,,,B
5934,83,cs,Czech,Vypni světla, když odcházíš,,,,,B
5935,83,hu,Hungarian,Kapcsold ki a lámpát, amikor elmész,,,,,B
5936,83,ro,Romanian,Stinge luminile când pleci,,,,,B
5937,83,bg,Bulgarian,Изключи светлините, когато си тръгнеш,Izklyuchi svetlinite, kogato si trăgnesh,,,,B
5938,83,sr,Serbian,Угаси светла када изађеш,Ugasi svetla kada izađeš,,,,B
5939,83,sk,Slovak,Vypnite svetlá, keď odídete,,,,,B
5940,83,sl,Slovenian,Ugasi luči, ko greš,,,,,B
5941,83,lt,Lithuanian,Išjunk šviesą, kai išeini,,,,,B
5942,83,lv,Latvian,Izslēdz gaismu, kad aizej,,,,,B
5943,83,et,Estonian,Kustuta tuled, kui lahkud,,,,,B
5944,83,he,Hebrew,כבה את האורות כשאתה עוזב,Kabe et ha'orot kshetah ozev,,,,B
5945,83,ha,Hausa,Kashe fitilun idan za ka fita,,,,,B
5946,83,yo,Yoruba,Pa iná náà nígbà tí o bá fẹ́ lọ,,,,B
5947,83,ig,Igbo,Gbanyụọ ọkụ mgbe ị na-apụ,,,,B
5948,83,am,Amharic,ስትመለስ መብራቶቹን አጥፋ,Stimeles mebratochuni at'efa,,,,B
5949,83,ti,Tigrinya,ኣብ እዋን ምኻኻድካ ነጸልታት ጠፍእ,Abi 'iwan mikakadka ne'its'ilatat t'efi,,,,B
5950,83,ne,Nepali,तपाईं जाँदा बत्ती बन्द गर्नुहोस्,Tapāīṁ jām̐dā battī banda garnuhos,,,,B
5951,83,ta,Tamil,நீங்கள் வெளியேறும்போது விளக்குகளை அணைக்கவும்,Nīṅkaḷ veḷiyēṟumpōtu viḷakkukaḷai aṇaikkavum,,,,B
5952,83,te,Telugu,మీరు బయలుదేరేటప్పుడు లైట్లను ఆపివేయండి,Mīru bayaludērēṭappuḍu laiṭlanu āpivēyaṇḍi,,,,B
5953,83,ml,Malayalam,നിങ്ങൾ പുറപ്പെടുമ്പോൾ ലൈറ്റുകൾ ഓഫ് ചെയ്യുക,Niṅṅaḷ puṟappeṭumpēāḷ laitukaḷ ōph ceyyuka,,,,B
5954,83,mr,Marathi,तू जाताना दिवे बंद कर,Tū jātānā dive banda kar,,,,B
5955,83,pa,Punjabi,ਜਦੋਂ ਤੁਸੀਂ ਜਾਓ ਤਾਂ ਲਾਈਟਾਂ ਬੰਦ ਕਰ ਦਿਓ,Jadōṁ tusīṁ jā'ō tāṁ lā'īṭāṁ banda kar di'ō,,,,B
5956,83,gu,Gujarati,તમે જાઓ ત્યારે લાઇટો બંધ કરો,Tame jāo tyāre lā'iṭō bandh karo,,,,B
5957,83,si,Sinhala,ඔබ පිටවන විට විදුලි බල්බ නිවා දමන්න,Oba piṭavana viṭa viduli balba nivā damanna,,,,B
5958,83,km,Khmer,បិទភ្លើងនៅពេលអ្នកចាកចេញ,Bet phleung now pel anak chak chenh,,,,B
5959,83,is,Icelandic,Slökktu á ljósinum þegar þú ferð,,,,,B
5960,83,tl,Tagalog / Filipino,Patayin ang mga ilaw kapag aalis ka,,,,,B
5961,83,ms,Malay,Tutup lampu semasa anda pergi,,,,,B
5962,83,jv,Javanese,Mateni lampu nalika sampeyan metu,,,,,B
5963,83,kk,Kazakh,Кеткеніңде шамдарды өшір,Ketkenińde şamdardy öşir,,,,B
5964,83,uz,Uzbek,Chiqayotganda chiroqlarni o'chiring,,,,,B
5965,83,mn,Mongolian,Гарахдаа гэрлийг унтраагаарай,Garakhdaa gerliig untraagaarai,,,,B
5966,83,ka,Georgia,გამოსვლისას სინათლე გამორთე,Gamosvlisa sinatle gamorte,,,,B
5967,83,hy,Armenian,Անջատիր լույսերը, երբ գնաս,Anjatir luysery, yerb gnas,,,,B
5968,83,eu,Basque,Itzali argiak irteterakoan,,,,,B
5969,83,ca,Catalan,Apaga els llums quan surtis,,,,,B
5970,83,gl,Galical,Apaga as luces cando saias,,,,,B
5971,83,ga,Irish (Gaeilge),Múch na soilse nuair a imíonn tú,,,,,B
5972,83,cy,Welsh,Difoddwch y golau pan fyddwch chi'n gadael,,,,,B
5973,83,gd,Scottish Gaelic,Cuir dheth na solais nuair a thèid thu air falbh,,,,,B
5974,83,lb,Luxembourgish,Maacht d'Liichten aus wanns er fortgitt,,,,,B
5975,83,eo,Esperanto,Estingu la lumojn kiam vi foriras,,,,,B
5976,83,la,Latin,Extingue lumina cum discedis,,,,,B
5977,84,en,English,I like warm coffee in the morning,,,,,A
5978,84,es,Spanish,Me gusta el café caliente por la mañana,,,,,A
5979,84,fr,French,J'aime le café chaud le matin,,,,,A
5980,84,pt,Portuguese,Eu gosto de café quente de manhã,,,,,A
5981,84,de,German,Ich mag morgens warmen Kaffee,,,,,A
5982,84,it,Italian,Mi piace il caffè caldo al mattino,,,,,A
5983,84,ru,Russian,Я люблю тёплый кофе по утрам,Ya lyublyu tyoplyy kofe po utram,,,,A
5984,84,ar,Arabic,أنا أحب القهوة الدافئة في الصباح,Anā uḥibbu al-qahwa al-dāfi'a fī al-ṣabāḥ,,,,A
5985,84,hi,Hindi,मुझे सुबह गर्म कॉफी पसंद है,Mujhe subah garm kŏphī pasand hai,,,,A
5986,84,bn,Bengali,সকালে আমি গরম কফি পছন্দ করি,Śakāle āmi garama kaphi pachanda kari,,,,A
5987,84,ur,Urdu,مجھے صبح گرم کافی پسند ہے,Mujhe subah garm coffee pasand hai,,,,A
5988,84,fa,Persian,من قهوه گرم صبحگاهی را دوست دارم,Man ghahve garm sobhgāhi rā dust dāram,,,,A
5989,84,tr,Turkish,Sabahları sıcak kahve severim,,,,,A
5990,84,ja,Japanese,私は朝の温かいコーヒーが好きです,Watashi wa asa no atatakai kōhī ga suki desu,,,,A
5991,84,ko,Korean,저는 아침에 따뜻한 커피를 좋아합니다,Jeoneun achime ttatteuthan keopireul joahamnida,,,,A
5992,84,zh-cn,Mandarin (Simplified),我喜欢早上喝热咖啡,,wǒ xǐhuān zǎoshang hē rè kāfēi,,A
5993,84,zh-tw,Mandarin (Traditional),我喜歡早上喝熱咖啡,,wǒ xǐhuān zǎoshang hē rè kāfēi,,A
5994,84,vi,Vietnamese,Tôi thích uống cà phê nóng vào buổi sáng,,,,,A
5995,84,th,Thai,ฉันชอบกาแฟอุ่นๆ ในตอนเช้า,Chạn chxb kāæf xùn «xùn» nı txn cheā,,,,A
5996,84,id,Indonesian,Saya suka kopi hangat di pagi hari,,,,,A
5997,84,sw,Swahili,Ninapenda kahawa ya joto asubuhi,,,,,A
5998,84,nl,Dutch,Ik hou van warme koffie in de ochtend,,,,,A
5999,84,pl,Polish,Lubię ciepłą kawę rano,,,,,A
6000,84,uk,Ukrainian,Я люблю теплу каву вранці,Ya lyublyu teplu kavu vrantsi,,,,A
6001,84,el,Greek,Μου αρέσει ο ζεστός καφές το πρωί,Mou arései o zestós kafés to proï,,,,A
6002,84,sv,Swedish,Jag gillar varmt kaffe på morgonen,,,,,A
6003,84,no,Norwegian,Jeg liker varm kaffe om morgenen,,,,,A
6004,84,da,Danish,Jeg kan lide varm kaffe om morgenen,,,,,A
6005,84,fi,Finnish,Pidän lämpimästä kahvista aamulla,,,,,A
6006,84,cs,Czech,Ráno mám rád teplou kávu,,,,,A
6007,84,hu,Hungarian,Szeretem a meleg kávét reggel,,,,,A
6008,84,ro,Romanian,Mie îmi place cafeaua caldă dimineața,,,,,A
6009,84,bg,Bulgarian,Обичам топла кафе сутрин,Obicham topla kafe sutrin,,,,A
6010,84,sr,Serbian,Волим топлу кафу ујутру,Volim toplu kafu ujutru,,,,A
6011,84,sk,Slovak,Mám rád teplú kávu ráno,,,,,A
6012,84,sl,Slovenian,Rad imam toplo kavo zjutraj,,,,,A
6013,84,lt,Lithuanian,Aš mėgstu šiltą kavą ryte,,,,,A
6014,84,lv,Latvian,Man patīk silta kafija no rīta,,,,,A
6015,84,et,Estonian,Mulle meeldib hommikul soe kohv,,,,,A
6016,84,he,Hebrew,אני אוהב קפה חם בבוקר,Ani ohev kafe cham baboker,,,,A
6017,84,ha,Hausa,Ina son kofi mai dumi da safe,,,,,A
6018,84,yo,Yoruba,Mo fẹran kofi gbigbọnà ní àárọ̀,,,,A
6019,84,ig,Igbo,Ọ na-amasị m kọfị na-ekpo ọkụ n'ụtụtụ,,,,A
6020,84,am,Amharic,እኔ ከፍዬ ሞቅ ባለ ቡና እወዳለሁ,Ene kefye mok' bale buna iwedalehu,,,,A
6021,84,ti,Tigrinya,ኣነ ንግሆ ውዑይ ቡን እፈቱ,Nena nigho wu'uy bun ifetu,,,,A
6022,84,ne,Nepali,मलाई बिहान तातो कफी मन पर्छ,Malāī bihāna tāto kaphī mana parcha,,,,A
6023,84,ta,Tamil,காலையில் சூடான காபி எனக்கு பிடிக்கும்,Kālaiyil cūṭāṉa kāpi eṉakku piṭikkum,,,,A
6024,84,te,Telugu,నాకు ఉదయం వేడి కాఫీ ఇష్టం,Nāku udayaṁ vēḍi kāphī iṣṭaṁ,,,,A
6025,84,ml,Malayalam,രാവിലെ ചൂടുള്ള കാപ്പി എനിക്ക് ഇഷ്ടമാണ്,Rāvile cūṭuḷḷa kāppi enikk iṣṭamāṇ,,,,A
6026,84,mr,Marathi,मला सकाळी गरम कॉफी आवडते,Malā sakāḷī garama kŏphī āvaḍate,,,,A
6027,84,pa,Punjabi,ਮੈਨੂੰ ਸਵੇਰੇ ਗਰਮ ਕੌਫੀ ਪਸੰਦ ਹੈ,Mainū savere garam kauphī pasad hai,,,,A
6028,84,gu,Gujarati,મને સવારે ગરમ કોફી ગમે છે,Manē savārē garama kōphī gamē chē,,,,A
6029,84,si,Sinhala,මට උදේ උණුසුම් කෝපි එකට කැමතියි,Maṭa udē uṇusum kōpi ekaṭa kæmatiyi,,,,A
6030,84,km,Khmer,ខ្ញុំចូលចិត្តកាហ្វេក្តៅនៅពេលព្រឹក,Khnhom cholchet kahvektau now pel prɨk,,,,A
6031,84,is,Icelandic,Mér líkar við heitt kaffi á morgnana,,,,,A
6032,84,tl,Tagalog / Filipino,Gusto ko ng mainit na kape sa umaga,,,,,A
6033,84,ms,Malay,Saya suka kopi panas pada waktu pagi,,,,,A
6034,84,jv,Javanese,Aku seneng kopi anget esuk-esuk,,,,,A
6035,84,kk,Kazakh,Маған таңертең жылы кофе ұнайды,Mağan tañerteñ jılı kofe ūnaıdy,,,,A
6036,84,uz,Uzbek,Men ertalab iliq kofe yoqtiraman,,,,,A
6037,84,mn,Mongolian,Би өглөө дулаан кофе дуртай,Bi öglöö dulaan kofe durtai,,,,A
6038,84,ka,Georgia,მე მიყვარს ცხელი ყავა დილით,Me miqvars tskheli q'ava dilit,,,,A
6039,84,hy,Armenian,Ես սիրում եմ տաք սուրճ առավոտյան,Yes sirum em tak' surch arravotyan,,,,A
6040,84,eu,Basque,Gustatzen zait goizean kafe epela,,,,,A
6041,84,ca,Catalan,M'agrada el café calent al matí,,,,,A
6042,84,gl,Galical,Gústame o café quente pola mañá,,,,,A
6043,84,ga,Irish (Gaeilge),Is maith liom caife te ar maidin,,,,,A
6044,84,cy,Welsh,Dwi'n hoffi coffi cynnes yn y bore,,,,,A
6045,84,gd,Scottish Gaelic,Is toil leam cofaidh blàth sa mhadainn,,,,,A
6046,84,lb,Luxembourgish,Ech hunn gär waarme Kaffi moies,,,,,A
6047,84,eo,Esperanto,Mi ŝatas varman kafon matene,,,,,A
6048,84,la,Latin,Placet mihi calidum cafaeum mane,,,,,A
6049,85,en,English,Rapid urbanization continues to strain public infrastructure,,,,,C
6050,85,es,Spanish,La rápida urbanización sigue tensionando la infraestructura pública,,,,,C
6051,85,fr,French,L'urbanisation rapide continue de mettre à rude épreuve les infrastructures publiques,,,,,C
6052,85,pt,Portuguese,A rápida urbanização continua a sobrecarregar a infraestrutura pública,,,,,C
6053,85,de,German,Die rasante Urbanisierung strapaziert weiterhin die öffentliche Infrastruktur,,,,,C
6054,85,it,Italian,La rapida urbanizzazione continua a mettere sotto sforzo le infrastrutture pubbliche,,,,,C
6055,85,ru,Russian,Быстрая урбанизация продолжает создавать нагрузку на общественную инфраструктуру,Bystraya urbanizatsiya prodolzhayet sozdavat' nagruzku na obshchestvennuyu infrastrukturu,,,,C
6056,85,ar,Arabic,لا تزال التحضر السريع يضغط على البنية التحتية العامة,Lā tazālu al-taḥaḍḍur al-sarīʿ yuḍghiṭu ʿalā al-bināyah al-taḥtīyah al-ʿāmmah,,,,C
6057,85,hi,Hindi,तेजी से हो रहे शहरीकरण से सार्वजनिक बुनियादी ढांचे पर दबाव बना हुआ है,Tejī se ho rahe śaharīkaraṇ se sārvajanik buniyādī ḍhānce par dabāv banā huā hai,,,,C
6058,85,bn,Bengali,দ্রুত নগরায়ণ জনসাধারণের অবকাঠামোতে চাপ সৃষ্টি করে চলেছে,Druta nagarāẏaṇa janasādhāraṇera abakāṭhāmōtē cāpa sr̥ṣṭi karē calēchē,,,,C
6059,85,ur,Urdu,تیزی سے ہونے والی شہری کاری عوامی بنیادی ڈھانچے پر دباؤ ڈالتی رہتی ہے,Tezi se hone wali shehri kari awami bunyadi dhanche par dabao dalti rehti hai,,,,C
6060,85,fa,Persian,شهرسازی سریع همچنان زیرساخت‌های عمومی را تحت فشار قرار می‌دهد,Shahrsāzi sari' hamchenān zīrsākht-hā-ye 'omūmī rā taḥt-e fešār qarār mīdahad,,,,C
6061,85,tr,Turkish,Hızlı kentleşme, kamu altyapısını zorlamaya devam ediyor,,,,,C
6062,85,ja,Japanese,急速な都市化は公共インフラに負担をかけ続けています,Kyūsoku na toshika wa kōkyō infura ni futan o kake tsuzukete imasu,,,,C
6063,85,ko,Korean,급속한 도시화는 공공 인프라에 부담을 계속 주고 있습니다,Geubsokan dosihwaneun gonggong inpueae budameul gyesok jugo itseumnida,,,,C
6064,85,zh-cn,Mandarin (Simplified),快速的城市化继续给公共基础设施带来压力,,kuàisù de chéngshìhuà jìxù gěi gōnggòng jīchǔ shèshī dài lái yālì,,C
6065,85,zh-tw,Mandarin (Traditional),快速的城市化繼續給公共基礎設施帶來壓力,,kuàisù de chéngshìhuà jìxù gěi gōnggòng jīchǔ shèshī dài lái yālì,,C
6066,85,vi,Vietnamese,Đô thị hóa nhanh chóng tiếp tục gây áp lực lên cơ sở hạ tầng công cộng,,,,,C
6067,85,th,Thai,การขยายตัวของเมืองอย่างรวดเร็วยังคงสร้างแรงกดดันต่อโครงสร้างพื้นฐานสาธารณะ,Kār k̄hyāy tạw k̄hxng meụ̄xng xỳāng rwdrĕṇ yạngkhng s̄r̂ạng ræng kd dận t̀x khorngs̄r̂ạng pĕn p̄hṇ s̄āṭhārṇa,,,,C
6068,85,id,Indonesian,Urbanisasi yang cepat terus membebani infrastruktur publik,,,,,C
6069,85,sw,Swahili,Makazi ya mijini yanayoendelea kasi yanaendelea kuwakabili miundombinu ya umma,,,,,C
6070,85,nl,Dutch,Snelle verstedelijking blijft de publieke infrastructuur belasten,,,,,C
6071,85,pl,Polish,Szybka urbanizacja nadal obciąża infrastrukturę publiczną,,,,,C
6072,85,uk,Ukrainian,Швидка урбанізація продовжує навантажувати громадську інфраструктуру,Shvydka urbanizatsiya prodovzhuye navantazhuvaty hromads'ku infrastrukturu,,,,C
6073,85,el,Greek,Η ταχεία αστικοποίηση συνεχίζει να επιβαρύνει τις δημόσιες υποδομές,I tacheía astikopoíisi synechízei na epivarýnei tis dimósies ypodomés,,,,C
6074,85,sv,Swedish,Snabb urbanisering fortsätter att sätta press på den offentliga infrastrukturen,,,,,C
6075,85,no,Norwegian,Rask urbanisering fortsetter å belaste offentlig infrastruktur,,,,,C
6076,85,da,Danish,Hurtig urbanisering fortsætter med at belaste den offentlige infrastruktur,,,,,C
6077,85,fi,Finnish,Nopea kaupungistuminen jatkaa julkisen infrastruktuurin kuormittamista,,,,,C
6078,85,cs,Czech,Rychlá urbanizace i nadále zatěžuje veřejnou infrastrukturu,,,,,C
6079,85,hu,Hungarian,A gyors városiasodás tovább terheli a közinfrastruktúrát,,,,,C
6080,85,ro,Romanian,Urbanizarea rapidă continuă să pună presiune pe infrastructura publică,,,,,C
6081,85,bg,Bulgarian,Бързата урбанизация продължава да обременява обществената инфраструктура,Bŭrzata urbanizatsiya prodŭlzhava da obremenyava obshtestvenata infrastruktura,,,,C
6082,85,sr,Serbian,Брза урбанизација и даље оптерећује јавну инфраструктуру,Brza urbanizacija i dalje opterećuje javnu infrastrukturu,,,,C
6083,85,sk,Slovak,Rýchla urbanizácia naďalej zaťažuje verejnú infraštruktúru,,,,,C
6084,85,sl,Slovenian,Hitra urbanizacija še naprej obremenjuje javno infrastrukturo,,,,,C
6085,85,lt,Lithuanian,Spartus urbanizacinis procesas ir toliau apkrauna visuomeninę infrastruktūrą,,,,,C
6086,85,lv,Latvian,Straujā urbanizācija turpina slodzēt publisko infrastruktūru,,,,,C
6087,85,et,Estonian,Kiire linnastumine jätkab avaliku taristu koormamist,,,,,C
6088,85,he,Hebrew,העיור המהיר ממשיך להעמיס על התשתיות הציבוריות,Haur hamehir mamshich leha'emis al hatashtiyot hatziburiot,,,,C
6089,85,ha,Hausa,Saurin birane yana ci gaba da takura wa ababen more rayuwar jama'a,,,,,C
6090,85,yo,Yoruba,Iṣẹ́ ilu tí ó ń gbéra lọ́nà ìjàǹbá ń bá ń ta kókó láti dènà ètò ìlera ìjọba lọ́,,,,C
6091,85,ig,Igbo,Ọsọ obodo ukwu nọgidere na-akpagbu akụrụngwa ọha,,,,,C
6092,85,am,Amharic,ፈጣኑ ከተማ ማሰፋፋት የህዝብ መሠረተ ልማት ንብረቶችን መጫን ይቀጥላል,Fet'anu ketema masefafat yehizib mešerete limat nibiretochen mech’an yik’et’ilali,,,,C
6093,85,ti,Tigrinya,እቲ ቅልጡፍ ከተማ ምግባር ንህዝባዊ ሃንጻ መሰረታት ጸቕጢ ኣቕሪቡ ይጸንሕ,Iti k'ilit'uf ketema migibar nihizibawi hants'a meseratat tsekt'iti ak'iribu yits'enih,,,,C
6094,85,ne,Nepali,द्रुत सहरीकरणले सार्वजनिक पूर्वाधारमा दबाब दिँदै छ,Duruta saharīkaraṇalē sārvajanika pūrvādhāramā dabāba dim̐dai cha,,,,C
6095,85,ta,Tamil,விரைவான நகரமயமாக்கம் பொது உள்கட்டமைப்பில் அழுத்தத்தை ஏற்படுத்தி வருகிறது,Viraivāṉa nakaramayamākkam potu uḷkaṭṭamaippil aḻuttattai ēṟpaṭutti varukiṟatu,,,,C
6096,85,te,Telugu,వేగవంతమైన నగరీకరణ ప్రజా పునాది సదుపాయాలపై ఒత్తిడిని కొనసాగిస్తోంది,Vēgavantamaina nagarīkaraṇa prajā punādi sadupāyālapai ottiḍini konasāgistōndi,,,,C
6097,85,ml,Malayalam,ദ്രുത നഗരവൽക്കരണം പൊതു അടിസ്ഥാന സൗകര്യങ്ങളിൽ സമ്മർദ്ദം ചെലുത്തുന്നു,Druta nagaravalkkaraṇam potu aṭisthāna saukaryaṅṅaḷil sammarddaṁ celuttunnu,,,,C
6098,85,mr,Marathi,वेगवान शहरीकरण सार्वजनिक पायाभूत सुविधांवर ताण टाकत आहे,Vegavān śaharīkaraṇa sārvajanika pāyābhūta suvidhānvara tāṇa ṭākata āhē,,,,C
6099,85,pa,Punjabi,ਤੇਜ਼ ਸ਼ਹਿਰੀਕਰਨ ਜਨਤਕ ਢਾਂਚੇ 'ਤੇ ਦਬਾਅ ਪਾਉਂਦਾ ਰਹਿੰਦਾ ਹੈ,Tēza śahirīkarana janataka ḍhān̄cē 'tē dabā'a pā'undā rahindā hai,,,,C
6100,85,gu,Gujarati,ઝડપી શહેરીકરણ જાહેર ઇન્ફ્રાસ્ટ્રક્ચર પર દબાણ કરતું રહે છે,Jhaḍapī śahērīkaraṇa jāhēra inphrāsṭrakcar para dabāṇa karatuṁ rahē chē,,,,C
6101,85,si,Sinhala,වේගවත් නාගරීකරණය පොදු යටිතල පහසුකම් මත ආතතිය ඇති කරයි,Vēgavat nāgarīkaraṇaya podu yaṭitala pahasukam mata ātatiya æti karayi,,,,C
6102,85,km,Khmer,ការអភិវឌ្ឍន៍ទីក្រុងយ៉ាងរហ័សបន្តធ្វើឱ្យមានសម្ពាធលើហេដ្ឋារចនាសម្ព័ន្ធសាធារណៈ,Kar aphivŏdthn tikrong yeang rohas bnt thveu aoy mean sampheath leu hehtthar chnasamphorng sathéarn,,,,C
6103,85,is,Icelandic,Skjót þéttbýlisþróun heldur áfram að leggja álag á innviði almennings,,,,,C
6104,85,tl,Tagalog / Filipino,Ang mabilis na urbanisasyon ay patuloy na nagpapabigat sa imprastraktura ng publiko,,,,,C
6105,85,ms,Malay,Urbanisasi pesat terus membebankan infrastruktur awam,,,,,C
6106,85,jv,Javanese,Kutha sing cepet saya terus nandur modal ing infrastruktur umum,,,,,C
6107,85,kk,Kazakh,Жылдам қаладану қоғамдық инфрақұрылымды серпіндіруде жалғасуда,Jyldam qaladanu qoğamdıq infraqūrylymdy serpındırude jalğasuda,,,,C
6108,85,uz,Uzbek,Tez urbanizatsiya jamoat infratuzilmasini zo'riqtirishda davom etmoqda,,,,,C
6109,85,mn,Mongolian,Түргэн хотын хөгжил нийтийн дэд бүтцийг дарамтлуулсаар байна,Türgen khotyn khögjil niitiin ded bütsiig daramtluulsaar baina,,,,C
6110,85,ka,Georgia,სწრაფი ურბანიზაცია აგრძელებს საზოგადოებრივი ინფრასტრუქტურის დატვირთვას,Ssts'rap'i urbanizatsia agrdzelebs sazogadoebrivi infrast'rukt'uris dat'virtvas,,,,C
6111,85,hy,Armenian,Արագ քաղաքատնտեսումը շարունակում է ճնշում գործադրել հանրային ենթակառուցվածքի վրա,Arag k'aghak'atntesumə sharunakum e chnshum gortsadrel hanrayin yent'akarruts'vatsk'i vra,,,,C
6112,85,eu,Basque,Azkar urbanizatzeak biztanleria azpiegitura publikoan presioa jartzen jarraitzen du,,,,,C
6113,85,ca,Catalan,La ràpida urbanització continua tensant les infraestructures públiques,,,,,C
6114,85,gl,Galical,A rápida urbanización continúa a sobrecargar a infraestrutura pública,,,,,C
6115,85,ga,Irish (Gaeilge),Leanann an tíriú mear ag cur strain ar bonneagar poiblí,,,,,C
6116,85,cy,Welsh,Mae trefoli cyflym yn parhau i roi straen ar seilwaith cyhoeddus,,,,,C
6117,85,gd,Scottish Gaelic,Tha luath-bhailteachadh a’ leantainn air adhart a’ cur cuideam air bun-structair poblach,,,,,C
6118,85,lb,Luxembourgisch,Séier Urbaniséierung bleift ëffentlech Infrastruktur belaaschten,,,,,C
6119,85,eo,Esperanto,Rapida urbanizado daŭre streĉas la publikan infrastrukturon,,,,,C
6120,85,la,Latin,Celeris urbanizationes publicam infrastructuram contendere pergit,,,,,C
6121,86,en,English,Can you help me carry this box?,,,,,A
6122,86,es,Spanish,¿Puedes ayudarme a llevar esta caja?,,,,,A
6123,86,fr,French,Pouvez-vous m'aider à porter cette boîte?,,,,,A
6124,86,pt,Portuguese,Você pode me ajudar a carregar esta caixa?,,,,,A
6125,86,de,German,Kannst du mir helfen, diese Kiste zu tragen?,,,,,A
6126,86,it,Italian,Potresti aiutarmi a portare questa scatola?,,,,,A
6127,86,ru,Russian,Ты можешь помочь мне донести эту коробку?,Ty mozhesh' pomoch' mne donesti etu korobku?,,,,A
6128,86,ar,Arabic,هل يمكنك مساعدتي في حمل هذا الصندوق?,Hal yumkinuka musāʿadatī fī ḥamli hādhā al-ṣundūq?,,,,A
6129,86,hi,Hindi,क्या आप मेरी मदद कर सकते हैं इस डिब्बे को ले जाने में?,Kyā āp merī madad kar sakte hain is dibbe ko le jāne mẽ?,,,,A
6130,86,bn,Bengali,তুমি কি আমাকে এই বাক্সটা বহিতে সাহায্য করতে পারো?,Tumi ki āmākē ē'i bāksaṭā bahitē sāhāyya karatē pārō?,,,,A
6131,86,ur,Urdu,کیا آپ میری مدد کر سکتے ہیں اس ڈبے کو اٹھانے میں؟,Kya aap meri madad kar sakte hain is dabbe ko uthane mein?,,,,A
6132,86,fa,Persian,میشه کمکم کنی این جعبه رو حمل کنم?,Mishe komakam koni in ja'be ro haml konam?,,,,A
6133,86,tr,Turkish,Bu kutuyu taşımama yardım eder misin?,,,,,A
6134,86,ja,Japanese,この箱を運ぶのを手伝ってもらえますか？,Kono hako o hakobu no o tetsudatte moraemasu ka?,,,,A
6135,86,ko,Korean,이 상자 옮기는 것 좀 도와주시겠어요?,I sangja omgineun geot jom dowajusigesseoyo?,,,,A
6136,86,zh-cn,Mandarin (Simplified),你能帮我搬这个箱子吗？,,nǐ néng bāng wǒ bān zhège xiāngzi ma?,,A
6137,86,zh-tw,Mandarin (Traditional),你能幫我搬這個箱子嗎？,,nǐ néng bāng wǒ bān zhège xiāngzi ma?,,A
6138,86,vi,Vietnamese,Bạn có thể giúp tôi mang cái hộp này được không?,,,,,A
6139,86,th,Thai,คุณช่วยฉันหิ้วกล่องนี้ได้ไหม,Khuṇ ch̀wy c̄hạn hîw klxng nī̂ dị̂ h̄ịm?,,,,A
6140,86,id,Indonesian,Bisakah kamu membantuku membawa kotak ini?,,,,,A
6141,86,sw,Swahili,Unaweza kunisaidia kubeba sanduku hili?,,,,,A
6142,86,nl,Dutch,Kun je me helpen deze doos te dragen?,,,,,A
6143,86,pl,Polish,Czy możesz mi pomóc nieść to pudełko?,,,,,A
6144,86,uk,Ukrainian,Чи можеш ти допомогти мені донести цю коробку?,Chy mozhesh ty dopomohty meni donesty tsyu korobku?,,,,A
6145,86,el,Greek,Μπορείς να με βοηθήσεις να κουβαλήσω αυτό το κουτί?,Boreis na me voithiseis na kouvaliso afto to kouti?,,,,A
6146,86,sv,Swedish,Kan du hjälpa mig att bära den här lådan?,,,,,A
6147,86,no,Norwegian,Kan du hjelpe meg å bære denne esken?,,,,,A
6148,86,da,Danish,Kan du hjælpe mig med at bære denne kasse?,,,,,A
6149,86,fi,Finnish,Voitko auttaa minua kantamaan tätä laatikkoa?,,,,,A
6150,86,cs,Czech,Můžeš mi pomoct odnést tuhle krabici?,,,,,A
6151,86,hu,Hungarian,Tudnál segíteni ezt a dobozt cipelni?,,,,,A
6152,86,ro,Romanian,Mă poți ajuta să car cutia asta?,,,,,A
6153,86,bg,Bulgarian,Можеш ли да ми помогнеш да пренеса тази кутия?,Mozhesh li da mi pomognesh da prenesa tazi kutiya?,,,,A
6154,86,sr,Serbian,Можеш ли да ми помогнеш да понесем ову кутију?,Možeš li da mi pomogneš da ponesem ovu kutiju?,,,,A
6155,86,sk,Slovak,Môžeš mi pomôcť odniesť túto krabicu?,,,,,A
6156,86,sl,Slovenian,Mi lahko pomagaš nesti to škatlo?,,,,,A
6157,86,lt,Lithuanian,Ar galėtum man padėti nunešti šią dėžę?,,,,,A
6158,86,lv,Latvian,Vai varētu man palīdzēt aiznest šo kasti?,,,,,A
6159,86,et,Estonian,Kas sa saaksid mind aidata seda kasti kanda?,,,,,A
6160,86,he,Hebrew,אתה יכול לעזור לי לשאת את הקופסה הזאת?,Ata yachol la'azor li laset et hakufsa hazot?,,,,A
6161,86,ha,Hausa,Za ka iya taimaka mini d'aukar wannan akwati?,,,,,A
6162,86,yo,Yoruba,Ṣe o le ran mi lọ́wọ́ láti gbé apoti yìí?,,,,,A
6163,86,ig,Igbo,Ị nwere ike nyere m aka ibu igbe a?,,,,,A
6164,86,am,Amharic,ይህን ሳጥን ለማጓጓዝ ልትረዳኝ ትችላለህ?,Yihini satini lemagwagwazi litsiredanyi tichilalehi?,,,,A
6165,86,ti,Tigrinya,ነዛ ሳንዱቕ ክተሓትም ከተሓግዝኒ ትኽእል ዲኻ?,Neza sandukh' kitihatmi ketihagzini tikh'il diha?,,,,A
6166,86,ne,Nepali,के तपाईं मलाई यो बाकस बोक्न मद्दत गर्न सक्नुहुन्छ?,Ke tapāīṁ malā'ī yō bākasa bōkna maddata garna saknuhuncha?,,,,A
6167,86,ta,Tamil,இந்தப் பெட்டியை எடுத்துச் செல்ல எனக்கு உதவ முடியுமா?,Intap peṭṭiyai eṭuttuc cella eṉakku utava muṭiyumā?,,,,A
6168,86,te,Telugu,మీరు ఈ పెట్టెను మోయడానికి నాకు సహాయం చేయగలరా?,Mīru ī peṭṭenu mōyaḍāniki nāku sahāyaṁ cēyagalarā?,,,,A
6169,86,ml,Malayalam,ഈ ബോക്സ് എടുക്കാൻ നിങ്ങൾക്ക് എന്നെ സഹായിക്കാമോ?,Ī bōks eṭukkān niṅṅaḷkk enne sahāyikkāmō?,,,,A
6170,86,mr,Marathi,तू हा बॉक्स नेण्यात मला मदत करू शकतोस का?,Tū hā bŏksa neṇyāta malā madata karū śakatōsa kā?,,,,A
6171,86,pa,Punjabi,ਕੀ ਤੁਸੀਂ ਮੇਰੀ ਮਦਦ ਕਰ ਸਕਦੇ ਹੋ ਇਸ ਬਾਕਸ ਨੂੰ ਚੁੱਕਣ ਵਿੱਚ?,Kī tusīṁ merī madada kara sakadē hō isa bākasa nū cukaṇa vica?,,,,A
6172,86,gu,Gujarati,શું તમે મને આ બોક્સ ઉપાડવામાં મદદ કરી શકો છો?,Śuṁ tamē manē ā bōksa upāḍavāmāṁ madada karī śakō chō?,,,,A
6173,86,si,Sinhala,මේ පෙට්ටිය ගෙනයාමට ඔබට මට උදව් කළ හැකිද?,Mē peṭṭiya genayāmaṭa obaṭa maṭa udav kaḷa hækida?,,,,A
6174,86,km,Khmer,តើអ្នកអាចជួយខ្ញុំយកប្រអប់នេះបានទេ?,Tae anak ach chuoy khnhom yok bra'ab neih ban te?,,,,A
6175,86,is,Icelandic,Geturðu hjálpað mér að bera þennan kassa?,,,,,A
6176,86,tl,Tagalog / Filipino,Pwede mo ba akong tulungan na dalhin itong kahon?,,,,,A
6177,86,ms,Malay,Bolehkah kamu tolong saya membawa kotak ini?,,,,,A
6178,86,jv,Javanese,Apa sampeyan bisa nulungi aku nggawa kothak iki?,,,,,A
6179,86,kk,Kazakh,Сен маған мына жәшікті көтеруге көмектесе аласың ба?,Sen mağan mına jäşikti köteruge kömektese alasıñ ba?,,,,A
6180,86,uz,Uzbek,Siz menga bu qutuni ko'tarishda yordam bera olasizmi?,,,,,A
6181,86,mn,Mongolian,Чи надад энэ хайрцгийг зөөхөд туслах уу?,Chi nadad ene khairtsgiig zöökhöd tuslakh uu?,,,,A
6182,86,ka,Georgia,შეგიძლიათ დამეხმაროთ ამ ყუთის მოტანაში?,Shegidzliat damekmarot am q'utis mot'anashi?,,,,A
6183,86,hy,Armenian,Կարող ե՞ս ինձ օգնել այս տուփը կրելու հարցում,Karogh es? indz ognel ays tup'ə krelu harts'um,,,,A
6184,86,eu,Basque,Kaxa hau eramatean lagunduko al didazu?,,,,,A
6185,86,ca,Catalan,Pots ajudar-me a portar aquesta caixa?,,,,,A
6186,86,gl,Galical,Pódesme axudar a levar esta caixa?,,,,,A
6187,86,ga,Irish (Gaeilge),An féidir leat cabhrú liom an bosca seo a iompar?,,,,,A
6188,86,cy,Welsh,Allwch chi fy helpu i gario'r bocs yma?,,,,,A
6189,86,gd,Scottish Gaelic,An urrainn dhut mo chuideachadh le bhith a' giùlan a' bhocsa seo?,,,,,A
6190,86,lb,Luxembourgish,Kanns du mir hëllefen dës Këscht ze droen?,,,,,A
6191,86,eo,Esperanto,Ĉu vi povas helpi min porti ĉi tiun skatolon?,,,,,A
6192,86,la,Latin,Potesne me adiuvare hanc arcam ferre?,,,,,A
6193,87,en,English,phone battery is low,,,,,A
6194,87,es,Spanish,la batería del teléfono está baja,,,,,A
6195,87,fr,French,la batterie du téléphone est faible,,,,,A
6196,87,pt,Portuguese,a bateria do telefone está fraca,,,,,A
6197,87,de,German,der Telefonakku ist schwach,,,,,A
6198,87,it,Italian,la batteria del telefono è scarica,,,,,A
6199,87,ru,Russian,батарея телефона разряжена,batareya telefona razryazhena,,,,A
6200,87,ar,Arabic,بطارية الهاتف منخفضة,Baṭāriyyat al-hātif munkhafiḍah,,,,A
6201,87,hi,Hindi,फोन की बैटरी कम है,Phon kī baiṭarī kam hai,,,,A
6202,87,bn,Bengali,ফোনের ব্যাটারি কম,Phōnēra byāṭāri kama,,,,A
6203,87,ur,Urdu,فون کی بیٹری کم ہے,Phone ki battery kam hai,,,,A
6204,87,fa,Persian,باتری تلفن کم است,Bātri-ye telefon kam ast,,,,A
6205,87,tr,Turkish,telefon bataryası düşük,,,,,A
6206,87,ja,Japanese,携帯電話のバッテリーが少ないです,Keitai denwa no batterī ga sukunai desu,,,,A
6207,87,ko,Korean,휴대폰 배터리가 부족합니다,Hyudaepon baeteoriga bujokhamnida,,,,A
6208,87,zh-cn,Mandarin (Simplified),手机电量低,,shǒujī diànliàng dī,,A
6209,87,zh-tw,Mandarin (Traditional),手機電量低,,shǒujī diànliàng dī,,A
6210,87,vi,Vietnamese,pin điện thoại yếu,,,,,A
6211,87,th,Thai,แบตเตอรี่โทรศัพท์อ่อนแอ,Bæt̩texrī̀ thors̄ạphth x̀xnxæ,,,,A
6212,87,id,Indonesian,baterai ponsel lemah,,,,,A
6213,87,sw,Swahili,bet ya simu imechakaa,,,,,A
6214,87,nl,Dutch,de telefoonbatterij is bijna leeg,,,,,A
6215,87,pl,Polish,bateria w telefonie jest słaba,,,,,A
6216,87,uk,Ukrainian,батарея телефону розряджена,batareya telefonu rozryadzhena,,,,A
6217,87,el,Greek,η μπαταρία του τηλεφώνου είναι χαμηλή,i bataria tou tilefonou einai chamili,,,,A
6218,87,sv,Swedish,telefonens batteri är svagt,,,,,A
6219,87,no,Norwegian,telefonbatteriet er svakt,,,,,A
6220,87,da,Dansk,telefonens batteri er lavt,,,,,A
6221,87,fi,Finnish,puhelimen akku on vähissä,,,,,A
6222,87,cs,Czech,baterie telefonu je vybitá,,,,,A
6223,87,hu,Hungarian,a telefon akkumulátora gyenge,,,,,A
6224,87,ro,Romanian,bateria telefonului este descărcată,,,,,A
6225,87,bg,Bulgarian,батерията на телефона е ниска,bateriyata na telefona e niska,,,,A
6226,87,sr,Serbian,батерија телефона је слаба,baterija telefona je slaba,,,,A
6227,87,sk,Slovak,batéria telefónu je vybitá,,,,,A
6228,87,sl,Slovenian,baterija telefona je prazna,,,,,A
6229,87,lt,Lithuanian,telefono baterija išsikrovusi,,,,,A
6230,87,lv,Latvian,telefona baterija ir vāja,,,,,A
6231,87,et,Estonian,telefoni aku on nõrk,,,,,A
6232,87,he,Hebrew,הסוללה של הטלפון נמוכה,Hasola shel hatelefon nemukha,,,,A
6233,87,ha,Hausa,baturin waya ya yi karanci,,,,,A
6234,87,yo,Yoruba,bátírì fóònù kéré,,,,,A
6235,87,ig,Igbo,batrị ekwentị adịghị ike,,,,,A
6236,87,am,Amharic,ሞባይል ባትሪው ዝቅተኛ ነው,Mobayil batiriwu zik’itenya newi,,,,A
6237,87,ti,Tigrinya,ባትሪ ተለፎን ትሑት እዩ,Batri telefoni tiḥut iyu,,,,A
6238,87,ne,Nepali,फोनको ब्याट्री कम छ,Phōnako byāṭrī kama cha,,,,A
6239,87,ta,Tamil,கைப்பேசி பேட்டரி குறைந்துவிட்டது,Kaippēci pēṭṭari kuṟaintuviṭṭatu,,,,A
6240,87,te,Telugu,ఫోన్ బ్యాటరీ తక్కువగా ఉంది,Phōn byāṭarī takkuvagā undi,,,,A
6241,87,ml,Malayalam,ഫോൺ ബാറ്ററി കുറവാണ്,Phōṇ bāṟṟaṟi kuṟavāṇ,,,,A
6242,87,mr,Marathi,फोनची बॅटरी कमी आहे,Phonacī bĕṭarī kamī āhē,,,,A
6243,87,pa,Punjabi,ਫੋਨ ਦੀ ਬੈਟਰੀ ਘੱਟ ਹੈ,Phōna dī baiṭarī ghaṭa hai,,,,A
6244,87,gu,Gujarati,ફોનની બૅટરી ઓછી છે,Phōnanī bĕṭarī ochī chē,,,,A
6245,87,si,Sinhala,දුරකථනයේ බැටරිය අඩුයි,Durakathanayē bæṭariya aḍuyi,,,,A
6246,87,km,Khmer,ថ្មទូរស័ព្ទខ្សោយ,Thmroursabp ksaoy,,,,A
6247,87,is,Icelandic,símalónið er veikt,,,,,A
6248,87,tl,Tagalog / Filipino,ang baterya ng telepono ay mahina,,,,,A
6249,87,ms,Malay,bateri telefon lemah,,,,,A
6250,87,jv,Javanese,batré téléponé sithik,,,,,A
6251,87,kk,Kazakh,телефон батареясы әлсіз,telefon batareyası älsiz,,,,A
6252,87,uz,Uzbek,telefon batareyasi zaif,,,,,A
6253,87,mn,Mongolian,утасны батарей сул байна,utasny batarei sul baina,,,,A
6254,87,ka,Georgia,ტელეფონის ბატარეა დაბალია,t'eleponis bat'area dabelia,,,,A
6255,87,hy,Armenian,հեռախոսի մարտկոցը թույլ է,heṙakhosi martkots’ə t’uyl e,,,,A
6256,87,eu,Basque,telefonoaren bateria ahula dago,,,,,A
6257,87,ca,Catalan,la bateria del telèfon és baixa,,,,,A
6258,87,gl,Galical,a batería do teléfono está baixa,,,,,A
6259,87,ga,Irish (Gaeilge),tá ceallra an fhóin íseal,,,,,A
6260,87,cy,Welsh,mae batri'r ffôn yn isel,,,,,A
6261,87,gd,Scottish Gaelic,tha bataraidh an fhòn ìosal,,,,,A
6262,87,lb,Luxembourgish,d'Telefonsbatterie ass schwaach,,,,,A
6263,87,eo,Esperanto,telefona baterio estas malalta,,,,,A
6264,87,la,Latin,telephoni pila infirma est,,,,,A
6265,88,en,English,The teacher explained the concept using real-life examples,,,,,B
6266,88,es,Spanish,El profesor explicó el concepto usando ejemplos de la vida real,,,,,B
6267,88,fr,French,Le professeur a expliqué le concept en utilisant des exemples concrets,,,,,B
6268,88,pt,Portuguese,O professor explicou o conceito usando exemplos da vida real,,,,,B
6269,88,de,German,Der Lehrer erklärte das Konzept anhand von Beispielen aus dem echten Leben,,,,,B
6270,88,it,Italian,L'insegnante ha spiegato il concetto utilizzando esempi pratici,,,,,B
6271,88,ru,Russian,Учитель объяснил концепцию на примерах из реальной жизни,Uchitel' ob"yasnil kontseptsiyu na primerakh iz real'noy zhizni,,,,B
6272,88,ar,Arabic,شرح المعلم المفهوم باستخدام أمثلة من واقع الحياة,Sharaha al-muʿallim al-mafhūm bi-istikhdāmi amthilah min wāqiʿ al-ḥayāh,,,,B
6273,88,hi,Hindi,शिक्षक ने वास्तविक जीवन के उदाहरणों का उपयोग करके अवधारणा समझाई,Śikṣak ne vāstavik jīvan ke udāharaṇõ kā upayog karke avdhāraṇā samjhāī,,,,B
6274,88,bn,Bengali,শিক্ষক বাস্তব জীবনের উদাহরণ ব্যবহার করে ধারণাটি ব্যাখ্যা করেছিলেন,Śikṣaka bāstaba jībanēra udāharaṇa byabahāra karē dhāraṇāṭi byākhyā karēchilēna,,,,B
6275,88,ur,Urdu,استاد نے حقیقی زندگی کی مثالیں استعمال کرتے ہوئے تصور سمجھایا,Ustād ne haqīqī zindagī kī misālēn istemāl karte hue taṣavvur samjhāyā,,,,B
6276,88,fa,Persian,معلم مفهوم را با استفاده از مثال‌های واقعی توضیح داد,Mo'allem mafhum rā bā estefāde az masal-hāye vāqe'i tozih dād,,,,B
6277,88,tr,Turkish,Öğretmen, gerçek hayattan örnekler kullanarak kavramı açıkladı,,,,,B
6278,88,ja,Japanese,先生は実際の例を使ってその概念を説明しました,Sensei wa jissai no rei o tsukatte sono gainen o setsumei shimashita,,,,B
6279,88,ko,Korean,선생님은 실제 생활의 예를 들어 그 개념을 설명했습니다,Seonsaengnim-eun silje saenghwal-ui ye-reul deureo geu gaenyeom-eul seolmyeonghaetseumnida,,,,B
6280,88,zh-cn,Mandarin (Simplified),老师用现实生活中的例子解释了这个概念,,lǎoshī yòng xiànshí shēnghuó zhōng de lìzi jiěshìle zhège gàiniàn,,B
6281,88,zh-tw,Mandarin (Traditional),老師用現實生活中的例子解釋了這個概念,,lǎoshī yòng xiànshí shēnghuó zhōng de lìzi jiěshìle zhège gàiniàn,,B
6282,88,vi,Vietnamese,Giáo viên đã giải thích khái niệm bằng cách sử dụng các ví dụ thực tế,,,,,B
6283,88,th,Thai,ครูอธิบายแนวคิดโดยใช้ตัวอย่างจากชีวิตจริง,Khrū xṭhibāy næwkhiḍ doy chı̂ xỳāngtā cāk chīwit cring,,,,B
6284,88,id,Indonesian,Guru menjelaskan konsep itu dengan menggunakan contoh kehidupan nyata,,,,,B
6285,88,sw,Swahili,Mwalimu alielezea dhana kwa kutumia mifano ya kweli ya maisha,,,,,B
6286,88,nl,Dutch,De leraar legde het concept uit aan de hand van voorbeelden uit het echte leven,,,,,B
6287,88,pl,Polish,Nauczyciel wyjaśnił pojęcie na przykładach z życia wziętych,,,,,B
6288,88,uk,Ukrainian,Вчитель пояснив концепцію на прикладах із реального життя,Vchytel' poiasnyv kontseptsiyu na prykladakh iz real'noho zhyttia,,,,B
6289,88,el,Greek,Ο δάσκαλος εξήγησε την έννοια χρησιμοποιώντας παραδείγματα από την πραγματική ζωή,O daskalos exigise tin ennoia chrisimopoióntas paradeigmata apo tin pragmatiki zoi,,,,B
6290,88,sv,Swedish,Läraren förklarade konceptet med hjälp av verklighetsförankrade exempel,,,,,B
6291,88,no,Norwegian,Læreren forklarte konseptet ved å bruke eksempler fra det virkelige liv,,,,,B
6292,88,da,Dansk,Læreren forklarede konceptet ved at bruge eksempler fra det virkelige liv,,,,,B
6293,88,fi,Finnish,Opettaja selitti käsitteen käyttämällä esimerkkejä oikeasta elämästä,,,,,B
6294,88,cs,Czech,Učitel vysvětlil pojem na příkladech ze skutečného života,,,,,B
6295,88,hu,Hungarian,A tanár a való élet példáival magyarázta el a fogalmat,,,,,B
6296,88,ro,Romanian,Profesorul a explicat conceptul folosind exemple din viața reală,,,,,B
6297,88,bg,Bulgarian,Учителят обясни концепцията, използвайки примери от реалния живот,Uchitelyat obyasni kontseptsiyata, izpolzvayki primeri ot realniya zhivot,,,,B
6298,88,sr,Serbian,Учитељ је објаснио концепт користећи примере из стварног живота,Učitelj je objasnio koncept koristeći primere iz stvarnog života,,,,B
6299,88,sk,Slovak,Učiteľ vysvetlil pojem pomocou príkladov zo skutočného života,,,,,B
6300,88,sl,Slovenian,Učitelj je razložil koncept z uporabo primerov iz resničnega življenja,,,,,B
6301,88,lt,Lithuanian,Mokytojas paaiškino sąvoką naudodamas realaus gyvenimo pavyzdžius,,,,,B
6302,88,lv,Latvian,Skolotājs izskaidroja jēdzienu, izmantojot piemērus no reālās dzīves,,,,,B
6303,88,et,Estonian,Õpetaja selgitas mõistet reaalsete näidetega,,,,,B
6304,88,he,Hebrew,המורה הסביר את המושג בעזרת דוגמאות מהחיים, hamore hesvir et hamushag be'ezrat dugmaot mehakhayim,,,,B
6305,88,ha,Hausa,Malam ya bayyana ra'ayin ta amfani da misalan rayuwa ta ainihi,,,,,B
6306,88,yo,Yoruba,Olùkọ́ náà ṣàlàyé ìgbágbọ́ náà nípa lílo àpẹẹrẹ ìṣẹ̀dá,,,,B
6307,88,ig,Igbo,Onye nkụzi kọwara echiche ahụ site n'iji ihe atụ ndị e mere n'ezie,,,,B
6308,88,am,Amharic,መምህሩ ጽንሰ ሃሳቡን ከእውነተኛ ህይወት ምሳሌዎች በመጠቀም ገለጸበት,Memihiru ts'insi hasabuni ke'iwinitenya hiyaweti misalēwochi bemet'ek'emi megeleţebeti,,,,B
6309,88,ti,Tigrinya,መምህር እቲ ጽንሰ ሓሳብ ብምጥቃም ናይ ሓቂ ህይወት ኣብነታት ፈለጠቶ,Memihri iti ts'insi ḥasab bimt'ik'am nay ḥaḳi hiyawet abinetat felete'ito,,,,B
6310,88,ne,Nepali,शिक्षकले वास्तविक जीवनका उदाहरणहरू प्रयोग गरी अवधारणा बुझाए,Śikṣakalē vāstavika jīvanakā udāharaṇaharū prayoga garī avadhāraṇā bujhā'ē,,,,B
6311,88,ta,Tamil,ஆசிரியர் நிஜ வாழ்க்கை எடுத்துக்காட்டுகளைப் பயன்படுத்தி கருத்தை விளக்கினார்,Āciriyar nija vāḻkkai eṭuttukāṭṭukaḷaip payaṉpaṭutti karuttai viḷakkiṉār,,,,B
6312,88,te,Telugu,గురువు నిజ జీవిత ఉదాహరణలను ఉపయోగించి ఆ భావనను వివరించారు,Guruvu nija jīvita udāharaṇalanu upayōgiñci ā bhāvananu vivariñcāru,,,,B
6313,88,ml,Malayalam,ഉപാദ്ധ്യായൻ യഥാർത്ഥ ജീവിത ഉദാഹരണങ്ങൾ ഉപയോഗിച്ച് ആ ആശയം വിശദീകരിച്ചു,Upād'dhyāyan yathārt'tha jīvita udāharaṇaṅṅaḷ upayōgicc ā āśayaṁ viśadīkariccu,,,,B
6314,88,mr,Marathi,शिक्षकांनी वास्तविक जीवनातील उदाहरणे वापरून संकल्पना समजावून दिली,Śikṣakānnī vāstavik jīvanātīl udāharaṇē vāparūn saṅkalpanā samajāvūn dilī,,,,B
6315,88,pa,Punjabi,ਅਧਿਆਪਕ ਨੇ ਅਸਲ ਜ਼ਿੰਦਗੀ ਦੀਆਂ ਉਦਾਹਰਨਾਂ ਦੀ ਵਰਤੋਂ ਕਰਕੇ ਧਾਰਨਾ ਸਮਝਾਈ,Adhi'āpaka nē asala zidagī dī'āṁ udāharanāṁ dī varatōṁ karakē dhāranā samajhā'ī,,,,B
6316,88,gu,Gujarati,શિક્ષકે વાસ્તવિક જીવનના ઉદાહરણોનો ઉપયોગ કરીને ખ્યાલ સમજાવ્યો,Śikṣakē vāstavika jīvananā udāharaṇōnō upayōga karīnē khyāla samajāvyō,,,,B
6317,88,si,Sinhala,ගුරුවරයා සැබෑ ජීවිත උදාහරණ භාවිතා කරමින් එම සංකල්පය පැහැදිලි කළේය,Guruvara-ya sæbǣ jīvita udāharaṇa bhāvitā karamin ema saṁkalpaya pæhædili kaḷēya,,,,B
6318,88,km,Khmer,គ្រូបានពន្យល់ពីគំនិតដោយប្រើឧទាហរណ៍ពីជីវិតពិត, Krou ban ponyal pi komnit dauy bra uea ke chivit pit,,,,B
6319,88,is,Icelandic,Kennarinn útskýrði hugtakið með raunverulegum dæmum,,,,,B
6320,88,tl,Tagalog / Filipino,Ipinaliwanag ng guro ang konsepto gamit ang mga halimbawa mula sa totoong buhay,,,,,B
6321,88,ms,Malay,Guru menjelaskan konsep itu dengan menggunakan contoh-contoh kehidupan sebenar,,,,,B
6322,88,jv,Javanese,Guru nerangake konsèp kasebut kanthi nggunakake conto saka urip nyata,,,,,B
6323,88,kk,Kazakh,Мұғалим түсінікті нақты өмірден алынған мысалдарды қолданып түсіндірді,Muğalım tüsınıktı naqtı ömırden alınğan mısaldardı qoldanıp tüsındırdı,,,,B
6324,88,uz,Uzbek,O'qituvchi tushunchani haqiqiy hayotdan olingan misollar bilan tushuntirdi,,,,,B
6325,88,mn,Mongolian,Багш ойлголтыг бодит амьдралын жишээнүүдийг ашиглан тайлбарлав,Bagsh oilgoltig bodit am'draliin jisheenüüdiig ashiglan tailbarlav,,,,B
6326,88,ka,Georgia,მასწავლებელმა ცნება რეალური ცხოვრების მაგალითების გამოყენებით ახსნა,Masts'avlebelma tsneba realuri tskhovrebis magalit'ebis gamoq'enebit akhsna,,,,B
6327,88,hy,Armenian,Ուսուցիչը բացատրեց գաղափարը՝ օգտագործելով իրական կյանքի օրինակներ,Usutsich'ə bats'atrec gaghaṙə, ogtagortselov irakan kyanqi orinakner,,,,B
6328,88,eu,Basque,Irakasleak kontzeptua azaldu zuen benetako bizitzako adibideak erabiliz,,,,,B
6329,88,ca,Catalan,El professor va explicar el concepte utilitzant exemples de la vida real,,,,,B
6330,88,gl,Galical,O profesor explicou o concepto usando exemplos da vida real,,,,,B
6331,88,ga,Irish (Gaeilge),Mhínigh an múinteoir an coincheap ag baint úsáide as samplaí fíorshaoil,,,,,B
6332,88,cy,Welsh,Esboniodd yr athro y cysyniad gan ddefnyddio enghreifftiau o fywyd go iawn,,,,,B
6333,88,gd,Scottish Gaelic,Mhìnich an tidsear a' bhun-bheachd a' cleachdadh eisimpleirean beò fìor,,,,,B
6334,88,lb,Luxembourgish,De Professer huet d'Konzept mat Beispiller aus dem reale Liewen erkläert,,,,,B
6335,88,eo,Esperanto,La instruisto klarigis la koncepton per ekzemploj el reala vivo,,,,,B
6336,88,la,Latin,Magister notionem exemplis vitae verae utens explicavit,,,,,B
6337,89,en,English,Close the door, please,,,,,A
6338,89,es,Spanish,Cierra la puerta, por favor,,,,,A
6339,89,fr,French,Ferme la porte, s'il te plaît,,,,,A
6340,89,pt,Portuguese,Feche a porta, por favor,,,,,A
6341,89,de,German,Schließ bitte die Tür,,,,,A
6342,89,it,Italian,Chiudi la porta, per favore,,,,,A
6343,89,ru,Russian,Закрой дверь, пожалуйста,Zakroy dver', pozhaluysta,,,,A
6344,89,ar,Arabic,أغلق الباب من فضلك,Aglaq al-bāb min faḍlik,,,,A
6345,89,hi,Hindi,कृपया दरवाज़ा बंद करो,Kṛpayā daravāzā band karo,,,,A
6346,89,bn,Bengali,দয়া করে দরজা বন্ধ করুন,Daẏā karē darajā bandha karuna,,,,A
6347,89,ur,Urdu,براہ کرم دروازہ بند کریں,Barāh-e karam darvāzah band kareṁ,,,,A
6348,89,fa,Persian,لطفاً در را ببندید,Lotfan dar rā bebandid,,,,A
6349,89,tr,Turkish,Lütfen kapıyı kapatın,,,,,A
6350,89,ja,Japanese,ドアを閉めてください,Doa o shimete kudasai,,,,A
6351,89,ko,Korean,문 좀 닫아 주세요, Mun jom datta juseyo,,,,A
6352,89,zh-cn,Mandarin (Simplified),请关上门,,qǐng guānshàng mén,,A
6353,89,zh-tw,Mandarin (Traditional),請關上門,,qǐng guānshàng mén,,A
6354,89,vi,Vietnamese,Vui lòng đóng cửa,,,,,A
6355,89,th,Thai,ปิดประตูด้วยนะครับ/ค่ะ,Pid pratū d̂wy na khrạb/kha,,,,A
6356,89,id,Indonesian,Tolong tutup pintunya,,,,,A
6357,89,sw,Swahili,Tafadhali funga mlango,,,,,A
6358,89,nl,Dutch,Doe de deur dicht, alsjeblieft,,,,,A
6359,89,pl,Polish,Zamknij drzwi, proszę,,,,,A
6360,89,uk,Ukrainian,Будь ласка, закрийте двері,Bud' laska, zakryyte dveri,,,,A
6361,89,el,Greek,Κλείσε την πόρτα, σε παρακαλώ,Klíse tin pórta, se parakaló,,,,A
6362,89,sv,Swedish,Stäng dörren, tack,,,,,A
6363,89,no,Norwegian,Lukk døren, vær så snill,,,,,A
6364,89,da,Dansk,Luk døren, tak,,,,,A
6365,89,fi,Finnish,Sulje ovi, kiitos,,,,,A
6366,89,cs,Czech,Zavřete dveře, prosím,,,,,A
6367,89,hu,Hungarian,Kérem, csukja be az ajtót,,,,,A
6368,89,ro,Romanian,Închide ușa, te rog,,,,,A
6369,89,bg,Bulgarian,Моля, затворете вратата,Molya, zatvorete vratata,,,,A
6370,89,sr,Serbian,Затворите врата, молим вас,Zatvorite vrata, molim vas,,,,A
6371,89,sk,Slovak,Zatvorte dvere, prosím,,,,,A
6372,89,sl,Slovenian,Prosim, zaprite vrata,,,,,A
6373,89,lt,Lithuanian,Uždarykite duris, prašau,,,,,A
6374,89,lv,Latvian,Lūdzu, aizveriet durvis,,,,,A
6375,89,et,Estonian,Palun sulge uks,,,,,A
6376,89,he,Hebrew,סגור בבקשה את הדלת,Sagur bevakasha et hadalet,,,,A
6377,89,ha,Hausa,Don Allah a rufe ƙofar,,,,,A
6378,89,yo,Yoruba,Jọwọ, ti ẹnu-ọna ni,,,,A
6379,89,ig,Igbo,Biko, mechie ọnụ ụzọ,,,,A
6380,89,am,Amharic,እባክህ በር ዝጋ,Ebakh ber ziga,,,,A
6381,89,ti,Tigrinya,በጃኹም ኣፍ ደጊፉ,Bejak'um af degifu,,,,A
6382,89,ne,Nepali,कृपया ढोका बन्द गर्नुहोस्,Kr̥payā ḍhōkā banda garnuhōs,,,,A
6383,89,ta,Tamil,தயவு செய்து கதவை மூடுங்கள்,Tayavu ceytu katavai mūṭuṅkaḷ,,,,A
6384,89,te,Telugu,దయచేసి తలుపు మూయండి,Dayacēsi talupu mūyaṇḍi,,,,A
6385,89,ml,Malayalam,ദയവായി വാതിൽ അടയ്ക്കുക,Dayavāyi vātil aṭaykkuka,,,,A
6386,89,mr,Marathi,कृपया दार बंद करा,Kr̥payā dāra banda karā,,,,A
6387,89,pa,Punjabi,ਕ੍ਰਿਪਾ ਕਰਕੇ ਦਰਵਾਜ਼ਾ ਬੰਦ ਕਰੋ,Kripā karakē daravāzā banda karō,,,,A
6388,89,gu,Gujarati,કૃપા કરીને દરવાજો બંધ કરો,Kr̥pā karīnē daravājō bandha karō,,,,A
6389,89,si,Sinhala,කරුණාකර දොර වසන්න,Karuṇākara dora vasanna,,,,A
6390,89,km,Khmer,សូមបិទទ្វារ,Som bet tvear,,,,A
6391,89,is,Icelandic,Lokaðu hurðinni, takk,,,,,A
6392,89,tl,Tagalog / Filipino,Pakisara ang pinto,,,,,A
6393,89,ms,Malay,Tolong tutup pintu,,,,,A
6394,89,jv,Javanese,Tulung tutup lawange,,,,,A
6395,89,kk,Kazakh,Есікті жабыңыз, өтінемін,Esikti jabıñız, ötinemin,,,,A
6396,89,uz,Uzbek,Iltimos, eshikni yoping,,,,,A
6397,89,mn,Mongolian,Хаалгаа хаа, уучлаарай,Khaalgaa khaa, uuchlaarai,,,,A
6398,89,ka,Georgia,გთხოვთ, დახურეთ კარი,Gtkhovt, dakhuret k'ari,,,,A
6399,89,hy,Armenian,Խնդրում եմ, փակիր դուռը,Khndrum em, p’akir durrə,,,,A
6400,89,eu,Basque,Itxi atea, mesedez,,,,,A
6401,89,ca,Catalan,Tanca la porta, si us plau,,,,,A
6402,89,gl,Galical,Pecha a porta, por favor,,,,,A
6403,89,ga,Irish (Gaeilge),Dún an doras, le do thoil,,,,,A
6404,89,cy,Welsh,Cau'r drws, os gwelwch yn dda,,,,,A
6405,89,gd,Scottish Gaelic,Dùin an doras, mas e do thoil e,,,,,A
6406,89,lb,Luxembourgish,Maacht w.e.g. Dier zou,,,,,A
6407,89,eo,Esperanto,Bonvolu fermi la pordon,,,,,A
6408,89,la,Latin,Claude ianuam, quaeso,,,,,A
6409,90,en,English,Long-term investment strategies require patience and emotional discipline,,,,,C
6410,90,es,Spanish,Las estrategias de inversión a largo plazo requieren paciencia y disciplina emocional,,,,,C
6411,90,fr,French,Les stratégies d'investissement à long terme exigent de la patience et une discipline émotionnelle,,,,,C
6412,90,pt,Portuguese,Estratégias de investimento de longo prazo requerem paciência e disciplina emocional,,,,,C
6413,90,de,German,Langfristige Anlagestrategien erfordern Geduld und emotionale Disziplin,,,,,C
6414,90,it,Italian,Le strategie di investimento a lungo termine richiedono pazienza e disciplina emotiva,,,,,C
6415,90,ru,Russian,Стратегии долгосрочных инвестиций требуют терпения и эмоциональной дисциплины,Strategii dolgosrochnykh investitsiy trebuyut terpeniya i emotsional'noy distsipliny,,,,C
6416,90,ar,Arabic,تتطلب استراتيجيات الاستثمار طويلة الأجل الصبر والانضباط العاطفي,Tatṭalubu istrātījiyāt al-istithmār ṭawīlat al-ajal al-ṣabr wa-al-inḍibāṭ al-ʿāṭifī,,,,C
6417,90,hi,Hindi,दीर्घकालिक निवेश रणनीतियों को धैर्य और भावनात्मक अनुशासन की आवश्यकता होती है,Dīrghakālik nivesh raṇnītiyon ko dhairya aur bhāvanātmak anushāsan kī āvaśyakta hotī hai,,,,C
6418,90,bn,Bengali,দীর্ঘমেয়াদী বিনিয়োগ কৌশলের জন্য ধৈর্য এবং মানসিক শৃঙ্খলা প্রয়োজন,Dīrghamēẏādī biniẏōga kauśalēra jan'ya dhairya ēbaṁ mānasika śr̥ṅkhalā praẏōjana,,,,C
6419,90,ur,Urdu,طویل مدتی سرمایہ کاری کی حکمت عملیوں کے لیے صبر اور جذباتی نظم و ضبط درکار ہے,Tawīl muddatī sarmāyah kārī kī ḥikmat-i ʿamliyōṁ ke lie ṣabr aur jazbātī naẓm o żabṭ darkār hai,,,,C
6420,90,fa,Persian,استراتژی‌های سرمایه‌گذاری بلندمدت به صبر و انضباط عاطفی نیاز دارند,Estārātezhī-hāye sarmāye-gozārī-ye boland-modat be sabr o enżebāṭ-e ātefī nīyāz dārand,,,,C
6421,90,tr,Turkish,Uzun vadeli yatırım stratejileri sabır ve duygusal disiplin gerektirir,,,,,C
6422,90,ja,Japanese,長期投資戦略には忍耐と感情の規律が必要です,Chōki tōshi senryaku ni wa nintai to kanjō no kiritsu ga hitsuyō desu,,,,C
6423,90,ko,Korean,장기 투자 전략에는 인내심과 감정적 절제가 필요합니다,Janggi tuja jeollyak-eneun innaesim-gwa gamjeongjeok jeoljega piryohamnida,,,,C
6424,90,zh-cn,Mandarin (Simplified),长期投资策略需要耐心和情绪自律,,chángqī tóuzī cèlüè xūyào nàixīn hé qíngxù zìlǜ,,C
6425,90,zh-tw,Mandarin (Traditional),長期投資策略需要耐心和情緒自律,,chángqī tóuzī cèlüè xūyào nàixīn hé qíngxù zìlǜ,,C
6426,90,vi,Vietnamese,Các chiến lược đầu tư dài hạn đòi hỏi sự kiên nhẫn và kỷ luật cảm xúc,,,,,C
6427,90,th,Thai,กลยุทธ์การลงทุนระยะยาวต้องการความอดทนและวินัยทางอารมณ์,Klyuthṭ̄h̒ kār lngthun rāya yāw t̂xngkār khwām xdthn læa winạy thāng xārmph,,,,C
6428,90,id,Indonesian,Strategi investasi jangka panjang membutuhkan kesabaran dan disiplin emosional,,,,,C
6429,90,sw,Swahili,Mikakati ya uwekezaji wa muda mrefu inahitaji uvumilivu na nidhamu ya kihemko,,,,,C
6430,90,nl,Dutch,Lange-termijn investeringsstrategieën vragen om geduld en emotionele discipline,,,,,C
6431,90,pl,Polish,Długoterminowe strategie inwestycyjne wymagają cierpliwości i dyscypliny emocjonalnej,,,,,C
6432,90,uk,Ukrainian,Довгострокові інвестиційні стратегії вимагають терпіння та емоційної дисципліни,Dovhostrokovi investytsiyni stratehiyi vymahayut' terpinnya ta emotsiynoyi dystsypliny,,,,C
6433,90,el,Greek,Οι μακροπρόθεσμες στρατηγικές επένδυσης απαιτούν υπομονή και συναισθηματική πειθαρχία,I makropróthesmes stratigikés epéndyseis apaitoun ypomoní kai synaisthimatikí peitharchía,,,,C
6434,90,sv,Swedish,Långsiktiga investeringsstrategier kräver tålamod och emotionell disciplin,,,,,C
6435,90,no,Norwegian,Langtidssatsinger krever tålmodighet og emosjonell disiplin,,,,,C
6436,90,da,Dansk,Langsigtede investeringsstrategier kræver tålmodighed og følelsesmæssig disciplin,,,,,C
6437,90,fi,Finnish,Pitkän tähtäimen sijoitusstrategiat vaativat kärsivällisyyttä ja emotionaalista kuria,,,,,C
6438,90,cs,Czech,Dlouhodobé investiční strategie vyžadují trpělivost a emoční disciplínu,,,,,C
6439,90,hu,Hungarian,A hosszú távú befektetési stratégiák türelmet és érzelmi fegyelmet igényelnek,,,,,C
6440,90,ro,Romanian,Strategiile de investiții pe termen lung necesită răbdare și disciplină emoțională,,,,,C
6441,90,bg,Bulgarian,Дългосрочните инвестиционни стратегии изискват търпение и емоционална дисциплина,Dŭlgosrochnite investitsionni strategii iziskvat tŭrpenie i emotsionalna distsiplina,,,,C
6442,90,sr,Serbian,Дугорочне инвестиционе стратегије захтевају стрпљење и емоционалну дисциплину,Dugoročne investicione strategije zahtevaju strpljenje i emocionalnu disciplinu,,,,C
6443,90,sk,Slovak,Dlhodobé investičné stratégie vyžadujú trpezlivosť a emocionálnu disciplínu,,,,,C
6444,90,sl,Slovenian,Dolgoročne investicijske strategije zahtevajo potrpežljivost in čustveno disciplino,,,,,C
6445,90,lt,Lithuanian,Ilgalaikės investavimo strategijos reikalauja kantrybės ir emocinės disciplinos,,,,,C
6446,90,lv,Latvian,Ilgtermiņa investīciju stratēģijām nepieciešama pacietība un emocionāla disciplīna,,,,,C
6447,90,et,Estonian,Pikaajalised investeerimisstrateegiad nõuavad kannatlikkust ja emotsionaalset distsipliini,,,,,C
6448,90,he,Hebrew,אסטרטגיות השקעה לטווח ארוך דורשות סבלנות ומשמעת רגשית,Astrategiot hashka'a letovakh arokh dorsot savlanut umishma'ut regshit,,,,C
6449,90,ha,Hausa,Dabarun saka jari na dogon lokaci suna buƙatar haƙuri da kuma horon da ya shafi motsin rai,,,,,C
6450,90,yo,Yoruba,Ilana iwura isuna fun igba pipẹ n gba sùúrù àti iṣakoso iwa inú,,,,C
6451,90,ig,Igbo,Atụmatụ itinye ego n'ime ogologo oge chọrọ ndidi na ịdọ aka ná ntị n'uche,,,,C
6452,90,am,Amharic,ረጅም ጊዜ የኢንቨስትመንት ስትራቴጂዎች ትዕግሥትና ስሜታዊ ዲሲፕሊን ይጠይቃሉ,Rejim gīze ye'īnvēsitimeniti sitiratējīwochi ti‘igishit’ina simietawī dīsīpilīni yit’eyik’alu,,,,C
6453,90,ti,Tigrinya,ናይ ነዊሕ ግዜ ውህበት ስልጣነ ትዕግስትን ስምዒታዊ ተግሳጽን ይደልዩ,Nay newiḥ gīze wihibet silt'anate ti'igisitini simi'itawi tegisats'ini yideliuyu,,,,C
6454,90,ne,Nepali,दीर्घकालीन लगानी रणनीतिहरूले धैर्य र भावनात्मक अनुशासनको आवश्यकता पर्छ,Dīrghakālīna lagānī raṇanītiharūlē dhairya ra bhāvanātmaka anuśāsanakō āvaśyakatā parcha,,,,C
6455,90,ta,Tamil,நீண்டகால முதலீட்டு உத்திகள் பொறுமை மற்றும் உணர்ச்சி ஒழுக்கம் தேவைப்படுகின்றன,Nīṇṭakāla mutalīṭṭu uttikaḷ poṟumai maṟṟum uṇarcci oḻukkam tēvaippaṭukiṉṟaṉa,,,,C
6456,90,te,Telugu,దీర్ఘకాలిక పెట్టుబడి వ్యూహాలు ఓపిక మరియు భావోద్వేగ క్రమశిక్షణ అవసరం,Dīrghakālika peṭṭubaḍi vyūhālu ōpika mariyu bhāvōdvēga kramaśikṣaṇa avasaraṁ,,,,C
6457,90,ml,Malayalam,ദീർഘകാല നിക്ഷേപ തന്ത്രങ്ങൾക്ക് ക്ഷമയും വൈകാരിക ശിക്ഷണവും ആവശ്യമാണ്,Dīrghakāla nikṣēpa tantraṅṅaḷkk kṣamayuṁ vaikārika śikṣaṇavuṁ āvaśyamāṇ,,,,C
6458,90,mr,Marathi,दीर्घकालीन गुंतवणूक धोरणांना संयम आणि भावनिक शिस्त आवश्यक आहे,Dīrghakālīna guntavaṇūka dhoraṇānnā sanyama āṇi bhāvanika śista āvaśyaka āhē,,,,C
6459,90,pa,Punjabi,ਲੰਮੇ ਸਮੇਂ ਦੀਆਂ ਨਿਵੇਸ਼ ਰਣਨੀਤੀਆਂ ਨੂੰ ਸਬਰ ਅਤੇ ਭਾਵਨਾਤਮਕ ਅਨੁਸ਼ਾਸਨ ਦੀ ਲੋੜ ਹੁੰਦੀ ਹੈ, Lamē samēṁ dī'āṁ nivēśa raṇanītī'āṁ nū sabara atē bhāvanātmaka anuśāsana dī lōṛa hundī hai,,,,C
6460,90,gu,Gujarati,લાંબા ગાળાની રોકાણ વ્યૂહરચનાઓને ધીરજ અને ભાવનાત્મક શિસ્તની જરૂર છે,Lāmbā gāḷānī rōkāṇa vyūharacanā'onē dhīraja anē bhāvanātmaka śistanī jarūra chē,,,,C
6461,90,si,Sinhala,දික් කාලීන ආයෝජන ක්‍රමවේදවලට ඉවසීම සහ චිත්තවේගීය විනය අවශ්‍ය වේ,Dik kālīna āyōjana kramavēdavalaṭa ivasīma saha cittavēgīya vinaya avaśya vē,,,,C
6462,90,km,Khmer,យុទ្ធសាស្ត្រវិនិយោគរយៈពេលវែងទាមទារភាពអត់ធ្មត់ និងវិន័យផ្លូវចិត្ត,Yutthĕsastr vinĭyoŭk rôyăpelvêngtéamtor phéapʼâtthmŭt ning vĭny phlovchĕt,,,,C
6463,90,is,Icelandic,Langtímafjárfestingarstefnur krefjast þols og tilfinningalegrar aga,,,,,C
6464,90,tl,Tagalog / Filipino,Ang mga estratehiya sa pamumuhunan sa pangmatagalan ay nangangailangan ng pasensya at disiplinang emosyonal,,,,,C
6465,90,ms,Malay,Strategi pelaburan jangka panjang memerlukan kesabaran dan disiplin emosi,,,,,C
6466,90,jv,Javanese,Strategi investasi jangka panjang mbutuhake sabar lan disiplin emosional,,,,,C
6467,90,kk,Kazakh,Ұзақ мерзімді инвестициялық стратегиялар шыдамдылық пен эмоционалды тәртіпті талап етеді,Uzaq merzimdi investïcïyalıq strategïyalar şıdamdılıq pen emotsïonaldı tärtipti talap etedi,,,,C
6468,90,uz,Uzbek,Uzoq muddatli investitsiya strategiyalari sabr va hissiy intizomni talab qiladi,,,,,C
6469,90,mn,Mongolian,Урт хугацааны хөрөнгө оруулалтын стратеги нь тэвчээр, сэтгэл хөдлөлийн сахилга батыг шаарддаг,Urt khugatsaany khörönö oruulaltyn strategi ni tevcheer, setgel khödlöliin sakhilga batyg shaarddag,,,,C
6470,90,ka,Georgia,გრძელვადიანი საინვესტიციო სტრატეგიები მოითხოვს მოთმინებას და ემოციურ დისციპლინას,Grtselvadiani sainv'est'itsio st'rat'egiebi moitkhovs motminebas da emotsiur distsip'linas,,,,C
6471,90,hy,Armenian,Երկարաժամկետ ներդրումային ռազմավարությունները պահանջում են համբերություն և էմոցիոնալ կարգապահություն,Yerkarazhamket nerdrumayin razmavarut’yunnerə pahandzum en hamberut’yun yev emot’sional kargapahut’yun,,,,C
6472,90,eu,Basque,Inbertsio estrategia luzekrek pazientzia eta diziplina emozionala eskatzen dute,,,,,C
6473,90,ca,Catalan,Les estratègies d'inversió a llarg termini requereixen paciència i disciplina emocional,,,,,C
6474,90,gl,Galical,As estratexias de investimento a longo prazo requiren paciencia e disciplina emocional,,,,,C
6475,90,ga,Irish (Gaeilge),Éilíonn straitéisí fadtéarmacha infheistíochta foighne agus smacht mothúchánach,,,,,C
6476,90,cy,Welsh,Mae strategaethau buddsoddi tymor hir angen amynedd a disgyblaeth emosiynol,,,,,C
6477,90,gd,Scottish Gaelic,Feumaidh ro-innleachdan tasgaidh fad-ùine foighidinn agus smachd faireachdainneach,,,,,C
6478,90,lb,Luxembourgisch,Langfristeg Investitiounsstrategien brauche Gedold a emotional Disziplin,,,,,C
6479,90,eo,Esperanto,Longtempe investaj strategioj postulas paciencon kaj emocian disciplinon,,,,,C
6480,90,la,Latin,Consilia collocationis diutinae patientiam disciplinamque animi postulant,,,,,C
6481,91,en,English,I lost my keys again,,,,,A
6482,91,es,Spanish,Perdí mis llaves de nuevo,,,,,A
6483,91,fr,French,J'ai encore perdu mes clés,,,,,A
6484,91,pt,Portuguese,Perdi minhas chaves novamente,,,,,A
6485,91,de,German,Ich habe meine Schlüssel schon wieder verloren,,,,,A
6486,91,it,Italian,Ho perso di nuovo le mie chiavi,,,,,A
6487,91,ru,Russian,Я снова потерял свои ключи,Ya snova poteryal svoi klyuchi,,,,A
6488,91,ar,Arabic,لقد أضعت مفاتيحي مرة أخرى,Laqad aḍaʿtu mafātīḥī marrah ukhrā,,,,A
6489,91,hi,Hindi,मैंने फिर से अपनी चाबियाँ खो दीं,Mainne phir se apanī chābiyām̐ kho dīṁ,,,,A
6490,91,bn,Bengali,আমি আবার আমার চাবি হারিয়ে ফেলেছি,Āmi ābāra āmāra cābi hāriẏē phēlechēchi,,,,A
6491,91,ur,Urdu,میں نے اپنی چابیاں پھر سے کھو دیں,Main ne apni chabiyan phir se kho dein,,,,A
6492,91,fa,Persian,دوباره کلیدهایم را گم کردم,Dobāre kelid-hāyam rā gom kardam,,,,A
6493,91,tr,Turkish,Yine anahtarlarımı kaybettim,,,,,A
6494,91,ja,Japanese,また鍵をなくしてしまいました,Mata kagi o nakushite shimaimashita,,,,A
6495,91,ko,Korean,또 열쇠를 잃어버렸어요,Tto yeolsoereul ireobeoryeosseoyo,,,,A
6496,91,zh-cn,Mandarin (Simplified),我又把钥匙弄丢了,,wǒ yòu bǎ yàoshi nòngdiū le,,A
6497,91,zh-tw,Mandarin (Traditional),我又把鑰匙弄丟了,,wǒ yòu bǎ yàoshi nòngdiū le,,A
6498,91,vi,Vietnamese,Tôi lại làm mất chìa khóa rồi,,,,,A
6499,91,th,Thai,ฉันทำกุญแจหายอีกแล้ว,Chạn thả kunchæ h̄āy xīk læ̂w,,,,A
6500,91,id,Indonesian,Saya kehilangan kunci saya lagi,,,,,A
6501,91,sw,Swahili,Nimepoteza funguo zangu tena,,,,,A
6502,91,nl,Dutch,Ik heb mijn sleutels weer verloren,,,,,A
6503,91,pl,Polish,Znowu zgubiłem swoje klucze,,,,,A
6504,91,uk,Ukrainian,Я знову загубив свої ключі,Ya znovu zahubyv svoï klyuchi,,,,A
6505,91,el,Greek,Έχασα τα κλειδιά μου πάλι,Échasa ta kleidiá mou páli,,,,A
6506,91,sv,Swedish,Jag tappade mina nycklar igen,,,,,A
6507,91,no,Norwegian,Jeg mistet nøklene mine igjen,,,,,A
6508,91,da,Dansk,Jeg har mistet mine nøgler igen,,,,,A
6509,91,fi,Finnish,Hukkasin avaimeni taas,,,,,A
6510,91,cs,Czech,Zase jsem ztratil klíče,,,,,A
6511,91,hu,Hungarian,Újra elvesztettem a kulcsaimat,,,,,A
6512,91,ro,Romanian,Am pierdut din nou cheile,,,,,A
6513,91,bg,Bulgarian,Отново изгубих ключовете си,Otnovo izgubikh klyuchovete si,,,,A
6514,91,sr,Serbian,Поново сам изгубио кључеве,Ponovo sam izgubio ključeve,,,,A
6515,91,sk,Slovak,Znovu som stratil kľúče,,,,,A
6516,91,sl,Slovenian,Spet sem izgubil ključe,,,,,A
6517,91,lt,Lithuanian,Vėl pametei raktus,,,,,A
6518,91,lv,Latvian,Es atkal pazaudēju savas atslēgas,,,,,A
6519,91,et,Estonian,Kaotasin oma võtmed uuesti,,,,,A
6520,91,he,Hebrew,איבדתי את המפתחות שלי שוב,Ibadeti et hamaftehot sheli shuv,,,,A
6521,91,ha,Hausa,Na sake rasa makullina,,,,,A
6522,91,yo,Yoruba,Mo ti padanu kokoro mi lẹẹkansi,,,,A
6523,91,ig,Igbo,Efuruola m igodo m ọzọ,,,,A
6524,91,am,Amharic,ማንጎሌዬን እንደገና ጠፋሁ,Manigoleye-n indegena t'efahu,,,,A
6525,91,ti,Tigrinya,ደጊሐ መፍትሕይ ሓጺረ እየ,Degihi meftiḥi ḥats'ire iye,,,,A
6526,91,ne,Nepali,मैले फेरि मेरो झ्याल गुमाएँ,Maile pheri mero jhyāl gumaem̐,,,,A
6527,91,ta,Tamil,நான் மீண்டும் என் சாவியை தொலைத்துவிட்டேன்,Nāṉ mīṇṭum eṉ cāviyai tolaittuviṭṭēṉ,,,,A
6528,91,te,Telugu,నేను మళ్ళీ నా చావీలను పోగొట్టుకున్నాను,Nēnu maḷḷī nā cāvīlanu pōgoṭṭukunnānu,,,,A
6529,91,ml,Malayalam,ഞാൻ വീണ്ടും എന്റെ താക്കോലുകൾ നഷ്ടപ്പെടുത്തി,Ñān vīṇṭuṁ enṟe tākkōlukaḷ naṣṭappeṭutti,,,,A
6530,91,mr,Marathi,मी पुन्हा माझ्या कळ्या हरवल्या,Mī punhā mājhyā kaḷyā haravalyā,,,,A
6531,91,pa,Punjabi,ਮੈਂ ਫਿਰ ਆਪਣੀਆਂ ਚਾਬੀਆਂ ਗੁਆ ਦਿੱਤੀਆਂ ਹਨ,Main phir āpaṇī'āṁ cābī'āṁ gu'ā dittī'āṁ han,,,,A
6532,91,gu,Gujarati,મેં ફરીથી મારી ચાવીઓ ગુમાવી દીધી,Mem pharīthī mārī cāvī'ō gumāvī dīdhī,,,,A
6533,91,si,Sinhala,මම නැවත මගේ යතුරු දැම්මා,Mama nævata magē yaturu dæmmā,,,,A
6534,91,km,Khmer,ខ្ញុំបានបាត់កូនសោរទៀតហើយ,Khnhom ban bat koun sa ti tiat haey,,,,A
6535,91,is,Icelandic,Ég missti lyklana mína aftur,,,,,A
6536,91,tl,Tagalog / Filipino,Nawala ko na naman ang susi ko,,,,,A
6537,91,ms,Malay,Saya kehilangan kunci saya lagi,,,,,A
6538,91,jv,Javanese,Aku ilang kunciku maneh,,,,,A
6539,91,kk,Kazakh,Мен қайтадан кілттерімді жоғалтып алдым,Men qaıtadan kiltterimdi joğaltyp aldym,,,,A
6540,91,uz,Uzbek,Men yana kalitlarimni yo'qotib qo'ydim,,,,,A
6541,91,mn,Mongolian,Би дахиад түлхүүрээ алдлаа,Bi dakhhad tülkhüüree aldlaa,,,,A
6542,91,ka,Georgia,მე ისევ დავკარგე ჩემი გასაღებები,Me isev davk'arge chemi gasaghebebi,,,,A
6543,91,hy,Armenian,Կրկին կորցրեցի բանալիներս,Krkin korts’rets’i banaliners,,,,A
6544,91,eu,Basque,Berriz galdutako giltzak ditut,,,,,A
6545,91,ca,Catalan,He tornat a perdre les claus,,,,,A
6546,91,gl,Galical,Volvín perder as chaves,,,,,A
6547,91,ga,Irish (Gaeilge),Chaill mé mo eochracha arís,,,,,A
6548,91,cy,Welsh,Collais fy allweddi eto,,,,,A
6549,91,gd,Scottish Gaelic,Chaill mi na h-iuchraichean agam a-rithist,,,,,A
6550,91,lb,Luxembourgisch,Ech hunn meng Schlësselen nees verluer,,,,,A
6551,91,eo,Esperanto,Mi denove perdis miajn ŝlosilojn,,,,,A
6552,91,la,Latin,Claves meas iterum amisi,,,,,A
6553,92,en,English,Had the warning been taken seriously, the accident could have been avoided,,,,,C
6554,92,es,Spanish,Si se hubiera tomado en serio la advertencia, el accidente se podría haber evitado,,,,,C
6555,92,fr,French,Si l'avertissement avait été pris au sérieux, l'accident aurait pu être évité,,,,,C
6556,92,pt,Portuguese,Se o aviso tivesse sido levado a sério, o acidente poderia ter sido evitado,,,,,C
6557,92,de,German,Wäre die Warnung ernst genommen worden, hätte der Unfall vermieden werden können,,,,,C
6558,92,it,Italian,Se l'avvertimento fosse stato preso sul serio, l'incidente avrebbe potuto essere evitato,,,,,C
6559,92,ru,Russian,Если бы к предупреждению отнеслись серьёзно, аварии можно было бы избежать,Yesli by k preduprezhdeniyu otnelis' ser'yozno, avarii mozhno bylo by izbezhat',,,,,C
6560,92,ar,Arabic,لو أخذ التحذير على محمل الجد لكان بالإمكان تجنب الحادث,Law ukhidha al-taḥdhīr ʿalā maḥmal al-jadd lakāna bil-imkān tajannub al-ḥādith,,,,C
6561,92,hi,Hindi,यदि चेतावनी को गंभीरता से लिया गया होता, तो दुर्घटना से बचा जा सकता था,Yadi chetāvnī ko gambhīratā se liyā gayā hotā, to durghaṭnā se bacā jā sakatā thā,,,,C
6562,92,bn,Bengali,সতর্কতাটি যদি গুরুত্ব সহকারে নেওয়া হত, তাহলে দুর্ঘটনাটি এড়ানো যেত,Satarkatāṭi yadi gurutba sahakārē nē'ōẏā hata, tāhalē durghaṭanāṭi ēṛānō yēta,,,,C
6563,92,ur,Urdu,اگر انتباہ کو سنجیدگی سے لیا جاتا تو حادثے سے بچا جا سکتا تھا,Agar intibah ko sanjidgi se liya jata to hadse se bacha ja sakta tha,,,,C
6564,92,fa,Persian,اگر هشدار جدی گرفته شده بود، می‌شد از حادثه جلوگیری کرد,Agar hoshdār jadī gerefte shode būd, mi-shod az ḥādese jologīrī kard,,,,C
6565,92,tr,Turkish,Uyarı ciddiye alınsaydı, kaza önlenebilirdi,,,,,C
6566,92,ja,Japanese,警告が真剣に受け止められていたならば、事故は防げたはずです,Keikoku ga shinken ni uketomerarete ita naraba, jiko wa fusegeta hazu desu,,,,C
6567,92,ko,Korean,경고가 진지하게 받아들여졌더라면 그 사고는 피할 수 있었을 것입니다,Gyeonggo-ga jinjihage badadeullyeojyeotdeoramyeon geu sago-neun pihal su isseosseul geosimnida,,,,C
6568,92,zh-cn,Mandarin (Simplified),如果警告被认真对待，事故本可以避免,,rúguǒ jǐnggào bèi rènzhēn duìdài, shìgù běn kěyǐ bìmiǎn,,C
6569,92,zh-tw,Mandarin (Traditional),如果警告被認真對待，事故本可以避免,,rúguǒ jǐnggào bèi rènzhēn duìdài, shìgù běn kěyǐ bìmiǎn,,C
6570,92,vi,Vietnamese,Nếu cảnh báo được xem xét nghiêm túc, vụ tai nạn đã có thể tránh được,,,,,C
6571,92,th,Thai,หากคำเตือนถูกนำไปพิจารณาอย่างจริงจัง อุบัติเหตุก็คงจะหลีกเลี่ยงได้,H̄āk khả teụ̄xn t̄hūk nả pị picārṇā xỳāng cringcạng xubạtiḥ̄et̩ k̒ khng ca h̄līklī̀ng dị̂,,,,C
6572,92,id,Indonesian,Andaikan peringatan itu ditanggapi dengan serius, kecelakaan itu bisa dihindari,,,,,C
6573,92,sw,Swahili,Angalau onyo lingeliitwaa kwa umakini, ajali ingeepukika,,,,,C
6574,92,nl,Dutch,Als de waarschuwing serieus was genomen, had het ongeluk voorkomen kunnen worden,,,,,C
6575,92,pl,Polish,Gdyby ostrzeżenie potraktowano poważnie, wypadku dałoby się uniknąć,,,,,C
6576,92,uk,Ukrainian,Якби попередження сприйняли серйозно, аварії можна було б уникнути,Yakby poperedzhennya spryynyialy seryozno, avariyi mozhna bulo b unyknuty,,,,C
6577,92,el,Greek,Αν είχε ληφθεί σοβαρά η προειδοποίηση, το ατύχημα θα μπορούσε να είχε αποφευχθεί,An eíche liftheí sovará i proeidopoíisi, to atýchima tha boroúse na eíche apofefchtí,,,,C
6578,92,sv,Swedish,Hade varningen tagits på allvar hade olyckan kunnat undvikas,,,,,C
6579,92,no,Norwegian,Hadde advarselen blitt tatt på alvor, kunne ulykken vært unngått,,,,,C
6580,92,da,Dansk,Havde advarslen været taget alvorligt, kunne ulykken være blevet undgået,,,,,C
6581,92,fi,Finnish,Jos varoitukseen olisi suhtauduttu vakavasti, onnettomuutta olisi voitu välttää,,,,,C
6582,92,cs,Czech,Kdyby se na varování bránilo vážně, nehodě se dalo předejít,,,,,C
6583,92,hu,Hungarian,Ha a figyelmeztetést komolyan vették volna, a baleset elkerülhető lett volna,,,,,C
6584,92,ro,Romanian,Dacă avertismentul ar fi fost luat în serios, accidentul ar fi putut fi evitat,,,,,C
6585,92,bg,Bulgarian,Ако предупреждението беше взето на сериозно, катастрофата щеше да бъде избегната,Ako preduprezhdenieto beshe vzeto na seriozno, katastrofata shteshe da bǎde izbegnata,,,,C
6586,92,sr,Serbian,Да је упозорење било схваћено озбиљно, несрећа се могла избећи,Da je upozorenje bilo shvaćeno ozbiljno, nesreća se mogla izbeći,,,,C
6587,92,sk,Slovak,Keby sa varovanie bralo vážne, nehoda sa dala vyhnúť,,,,,C
6588,92,sl,Slovenian,Če bi bili na opozorilo resno pozorni, bi se lahko izognili nesreči,,,,,C
6589,92,lt,Lithuanian,Jei įspėjimas būtų buvęs priimtas rimtai, nelaimės būtų buvę galima išvengti,,,,,C
6590,92,lv,Latvian,Ja brīdinājums būtu ņemts nopietni, negadījums būtu varējis izvairīties,,,,,C
6591,92,et,Estonian,Kui hoiatus oleks tõsiselt võetud, oleks õnnetust saanud vältida,,,,,C
6592,92,he,Hebrew,אילו האזהרה הייתה נלקחת ברצינות, היה ניתן למנוע את התאונה,Il'u ha'azhara hayta nilkakhat beretsinut, haya yit'kan limno'a et hate'una,,,,C
6593,92,ha,Hausa,Da an dauki gargadin da muhimmanci, da an guje wa hatsarin,,,,,C
6594,92,yo,Yoruba,Bi a ti gba ikilo naa sile, a le se e lati yago fun ijaamba naa,,,,C
6595,92,ig,Igbo,Ọ bụrụ na a na-ewere ịdọ aka ná ntị ahụ n'ụzọ siri ike, a gaara ezere ihe mberede ahụ,,,,C
6596,92,am,Amharic,ማስጠንቀቂያው በቁም ነገር ተወስዶ ነበር ኖሮ አደጋው ሊቀር ይችል ነበር,Masitenik'ek'iya-wu bek'umi negiri tewesido neber noro ādegawu līk'eri yichili neberi,,,,C
6597,92,ti,Tigrinya,እቲ መጠንቀቒት ብተገዳስነት ተወሲዱ እንተ ነይሩ እቲ ሓደጋ ክኽልካል ነይሩ ነይሩ,Iti met'enik'ek'it bitegedasineti tewesidu inti neyiru iti ḥadega kikhilkali neyiru,,,,C
6598,92,ne,Nepali,चेतावनीलाई गम्भीरतापूर्वक लिइएको भए दुर्घटना टारिन सक्थ्यो,Cetāvanīlā'ī gambhīratāpūrvaka li'i'ēkō bha'ē durghaṭanā ṭārina sakthyō,,,,C
6599,92,ta,Tamil,எச்சரிக்கை தீவிரமாக எடுத்துக்கொள்ளப்பட்டிருந்தால், விபத்தைத் தவிர்த்திருக்க முடியும்,Eccarikkai tīviramāka eṭuttukkoḷḷappaṭṭiruntāl, vipattaith tavirtirukka muṭiyum,,,,C
6600,92,te,Telugu,హెచ్చరికను తీవ్రంగా పరిగణించి ఉంటే, ప్రమాదాన్ని నివారించవచ్చు,Heccarikanu tīvraṅgā parigaṇiñci uṇṭē, pramādānni nivāriñcavaccu,,,,C
6601,92,ml,Malayalam,മുന്നറിയിപ്പ് ഗൗരവമായി എടുത്തിരുന്നെങ്കിൽ, അപകടം തടയാൻ കഴിയുമായിരുന്നു,Munnaṟiyipp gauravamāyi eṭuttirunneṅkil, apakaṭaṁ taṭayān kaḻiyumāyirunnu,,,,C
6602,92,mr,Marathi,इशारा गंभीरपणे घेतला असता तर अपघात टाळता आला असता,Iśārā gambhīrapaṇe ghētalā asatā tara apaghāta ṭāḷatā ālā asatā,,,,C
6603,92,pa,Punjabi,ਚੇਤਾਵਨੀ ਨੂੰ ਗੰਭੀਰਤਾ ਨਾਲ ਲਿਆ ਜਾਂਦਾ ਤਾਂ ਦੁਰਘਟਨਾ ਤੋਂ ਬਚਿਆ ਜਾ ਸਕਦਾ ਸੀ,Cētāvanī nū gabhīratā nāla li'ā jāndā tā duraghaṭanā tōṁ baci'ā jā sakadā sī,,,,C
6604,92,gu,Gujarati,ચેતવણીને ગંભીરતાથી લેવામાં આવી હોત તો અકસ્માતથી બચી શકાયું હોત,Cetavaṇīnē gambhīratāthī lēvāmāṁ āvī hōta tō akasmātathī bacī śakāyuṁ hōta,,,,C
6605,92,si,Sinhala,අනතුරු හැඟවීම බරපතල ලෙස ගත්තේ නම්, අනතුර අවම කළ හැකිව තිබෙනු ඇත,Anaturu hæṇavīma barapatala lesa gattē nam, anatura avama kaḷa hækivi tibenu æta,,,,C
6606,92,km,Khmer,ប្រសិនបើការព្រមានត្រូវបានយកដាក់យ៉ាងរិតតេក គ្រោះថ្នាក់នេះអាចជៀសវាងបាន,Prɑsen bɑə kɑɑ prɔmien trəv bɑn yɔk dak yeang rɨt tek, kruh thnak nih ach chias veang bɑn,,,,C
6607,92,is,Icelandic,Hefði viðvöruninni verið tekið alvarlega hefði slysinu mátt forðast,,,,,C
6608,92,tl,Tagalog / Filipino,Kung seryosong sinunod ang babala, maiiwasan sana ang aksidente,,,,,C
6609,92,ms,Malay,Sekiranya amaran itu diambil serius, kemalangan itu boleh dielakkan,,,,,C
6610,92,jv,Javanese,Menawi wewaton punika dipunpikantuk kanthi serius, kacilakan punika saged dipunhindari,,,,,C
6611,92,kk,Kazakh,Ескерту байыпты түрде қаралса, апаттан сақтануға болатын еді,Еskertu baıypty türde qaralsa, apattan saqtanuğa bolatyn edi,,,,C
6612,92,uz,Uzbek,Agar ogohlantirish jiddiy qabul qilinganida, baxtsiz hodisaning oldini olish mumkin bo'lar edi,,,,,C
6613,92,mn,Mongolian,Анхааруулгыг ноцтой авч үзсэн бол ослоос зайлсхийх боломжтой байсан,Ankhaarulgyg notsoi avch ütsen bol osloos zailskhiikh bolomjtoi baisan,,,,C
6614,92,ka,Georgia,გაფრთხილება რომ სერიოზულად ყოფილიყო მიღებული, შეიძლებოდა შემთხვევის თავიდან აცილება,Gaprtkhileba rom seriozulad q'opiliq'o mighebuli, sheidzle bodas shemtkhvevis tavidan atsileba,,,,C
6615,92,hy,Armenian,Եթե նախազգուշացումը լուրջ ընդունված լիներ, կարելի էր խուսափել վթարից,Yete nakhazgushats’umə lurj əndunvats liner, kareli er khusap’el vtarits’,,,,C
6616,92,eu,Basque,Abisua serio hartu izan balitz, istripua saihestu zitekeen,,,,,C
6617,92,ca,Catalan,Si l'avís s'hagués pres seriosament, l'accident s'hauria pogut evitar,,,,,C
6618,92,gl,Galical,De ter tomado a advertencia en serio, o accidente poderíase evitar,,,,,C
6619,92,ga,Irish (Gaeilge),Dá mba gur tugadh faoi deara an rabhadh, d'fhéadfaí an timpiste a sheachaint,,,,,C
6620,92,cy,Welsh,Pe bai'r rhybudd wedi cael ei gymryd o ddifrif, gellid osgoi'r ddamwain,,,,,C
6621,92,gd,Scottish Gaelic,Nam biodh an rabhadh air a ghabhail gu trom, dh’ fhaodte gun do sheachainte an tubaist,,,,,C
6622,92,lb,Luxembourgisch,Wier d'Warnung ernst geholl gi wier, hätt sech d'Accident verhëllefe loossen,,,,,C
6623,92,eo,Esperanto,Se la averto estus serioze prenita, la akcidento estus evitebla,,,,,C
6624,92,la,Latin,Si monitum serio captum esset, casus vitari potuisset,,,,,C
6625,93,en,English,The baby laughed loudly,,,,,A
6626,93,es,Spanish,El bebé se rió fuerte,,,,,A
6627,93,fr,French,Le bébé a ri très fort,,,,,A
6628,93,pt,Portuguese,O bebê riu alto,,,,,A
6629,93,de,German,Das Baby lachte laut,,,,,A
6630,93,it,Italian,Il bambino rise rumorosamente,,,,,A
6631,93,ru,Russian,Ребёнок громко смеялся,Rebyonok gromko smeyalsya,,,,A
6632,93,ar,Arabic,ضحك الطفل بصوت عال,Ḍaḥika al-ṭifl biṣawt ʿāl,,,,A
6633,93,hi,Hindi,बच्चा जोर से हँसा,Baccā jor se hãsā,,,,A
6634,93,bn,Bengali,শিশুটি জোরে হেসে উঠল,Śiśuṭi jōrē hēsē uṭhala,,,,A
6635,93,ur,Urdu,بچہ زور سے ہنسا,Bacha zor se hansa,,,,A
6636,93,fa,Persian,بچه با صدای بلند خندید,Bache bā sedā-ye boland khandid,,,,A
6637,93,tr,Turkish,Bebek yüksek sesle güldü,,,,,A
6638,93,ja,Japanese,赤ちゃんが大きな声で笑いました,Akachan ga ooki na koe de waraimashita,,,,A
6639,93,ko,Korean,아기가 크게 웃었습니다,Agiga keuge useotseumnida,,,,A
6640,93,zh-cn,Mandarin (Simplified),宝宝大声地笑了,,bǎobǎo dàshēng de xiàole,,A
6641,93,zh-tw,Mandarin (Traditional),寶寶大聲地笑了,,bǎobǎo dàshēng de xiàole,,A
6642,93,vi,Vietnamese,Em bé cười to,,,,,A
6643,93,th,Thai,ทารกหัวเราะเสียงดัง,Thārak h̄ūarx s̄eīyng dạng,,,,A
6644,93,id,Indonesian,Bayi itu tertawa keras,,,,,A
6645,93,sw,Swahili,Mtoto alicheka kwa sauti,,,,,A
6646,93,nl,Dutch,De baby lachte luid,,,,,A
6647,93,pl,Polish,Dziecko głośno się śmiało,,,,,A
6648,93,uk,Ukrainian,Дитина гучно сміялася,Dytyna huchno smiyalasya,,,,A
6649,93,el,Greek,Το μωρό γέλασε δυνατά,To moró gélase dynatá,,,,A
6650,93,sv,Swedish,Barnet skrattade högt,,,,,A
6651,93,no,Norwegian,Babyen lo høyt,,,,,A
6652,93,da,Dansk,Babyen grinede højt,,,,,A
6653,93,fi,Finnish,Vauva nauroi äänekkäästi,,,,,A
6654,93,cs,Czech,Miminko se hlasitě smálo,,,,,A
6655,93,hu,Hungarian,A baba hangosan nevetett,,,,,A
6656,93,ro,Romanian,Bebelușul a râs tare,,,,,A
6657,93,bg,Bulgarian,Бебето се засмя силно,Bebeto se zasmia silno,,,,A
6658,93,sr,Serbian,Беба се гласно смејала,Beba se glasno smejala,,,,A
6659,93,sk,Slovak,Bábätko sa nahlas smialo,,,,,A
6660,93,sl,Slovenian,Dojenček se je glasno zasmejal,,,,,A
6661,93,lt,Lithuanian,Kūdikis garsiai juokėsi,,,,,A
6662,93,lv,Latvian,Bērns skaļi smējās,,,,,A
6663,93,et,Estonian,Laps naeris valjult,,,,,A
6664,93,he,Hebrew,התינוק צחק בקול גדול,HaTinok tsakhak bekol gadol,,,,A
6665,93,ha,Hausa,Jaririn ya yi dariya da karfi,,,,,A
6666,93,yo,Yoruba,Ọmọ wẹ́wẹ́ rẹrìn-ín fọn fọn,,,,A
6667,93,ig,Igbo,Nwa ọhụrụ ahụ chịrị ọchị nke ukwuu,,,,A
6668,93,am,Amharic,መላው ሕፃኑ በቃል ጮኸ,Melaw ḥits'ani bekal ch'oḥe,,,,A
6669,93,ti,Tigrinya,ቆልዓ ብድምጺ ሰሓቐ,K'ol'a bidimits'i seḧaḳ'e,,,,A
6670,93,ne,Nepali,बच्चा ठुलो स्वरमा हाँस्यो,Baccā ṭhulō svaramā hām̐syō,,,,A
6671,93,ta,Tamil,குழந்தை சத்தமாக சிரித்தது,Kuḻantai cattamāka cirittatu,,,,A
6672,93,te,Telugu,పాప బిగ్గరగా నవ్వింది,Pāpa biggaragā navvindi,,,,A
6673,93,ml,Malayalam,കുഞ്ഞു് ഉറക്കെ ചിരിച്ചു,Kuññŭ uṟakke ciriccu,,,,A
6674,93,mr,Marathi,बाळाचे जोरात हसणे झाले,Bāḷācē jōrāta hasaṇē jhālē,,,,A
6675,93,pa,Punjabi,ਬੱਚਾ ਉੱਚੀ ਹੱਸਿਆ,Bacā ucī hasiā,,,,A
6676,93,gu,Gujarati,બાળક જોરથી હસ્યું,Bāḷaka jōrathī hasyuṁ,,,,A
6677,93,si,Sinhala,ළදරුවා හඬලා හිනා වී,Ḷadaruvā han̆ḍalā hinā vī,,,,A
6678,93,km,Khmer,ទារកសើចយ៉ាងខ្លាំង,Tearok saech yeang khlam,,,,A
6679,93,is,Icelandic,Barnið hló hátt,,,,,A
6680,93,tl,Tagalog / Filipino,Tumawa nang malakas ang sanggol,,,,,A
6681,93,ms,Malay,Bayi itu ketawa kuat,,,,,A
6682,93,jv,Javanese,Bayi kuwi ngguyu banter,,,,,A
6683,93,kk,Kazakh,Нәресте айқайлап күлді,Năreste aıqailaıp küldi,,,,A
6684,93,uz,Uzbek,Chaqaloq baland ovozda kuldi,,,,,A
6685,93,mn,Mongolian,Хүүхэд чангаар инээв,Khüükhed changaar ineev,,,,A
6686,93,ka,Georgia,ბავშვმა ხმამაღლა გაიცინა,Bavshvma khmamaaghla gaitsina,,,,A
6687,93,hy,Armenian,Մանուկը բարձրաձայն ծիծաղեց,Manukə bardzradzayn tsitsaghets’,,,,,A
6688,93,eu,Basque,Haurrak ozenegi barre egin zuen,,,,,A
6689,93,ca,Catalan,El nadó va riure fort,,,,,A
6690,93,gl,Galical,O bebé ríu alto,,,,,A
6691,93,ga,Irish (Gaeilge,Rinne an naíonán gáire ard,,,,,A
6692,93,cy,Welsh,Chwarddodd y babi'n uchel,,,,,A
6693,93,gd,Scottish Gaelic,Rinn an leanabh gàire mòr,,,,,A
6694,93,lb,Luxembourgisch,D'Baby huet haart gelacht,,,,,A
6695,93,eo,Esperanto,La bebo laŭte ridis,,,,,A
6696,93,la,Latin,Infans magno risu cachinnavit,,,,,A
6697,94,en,English,Please wait here for a moment,,,,,A
6698,94,es,Spanish,Por favor, espera aquí un momento,,,,,A
6699,94,fr,French,Veuillez attendre ici un instant, s'il vous plaît,,,,,A
6700,94,pt,Portuguese,Por favor, espere aqui um momento,,,,,A
6701,94,de,German,Bitte warten Sie hier einen Moment,,,,,A
6702,94,it,Italian,Per favore, aspetta qui un attimo,,,,,A
6703,94,ru,Russian,Пожалуйста, подождите здесь минутку,Pozhaluysta, podozhdite zdes' minutku,,,,A
6704,94,ar,Arabic,من فضلك انتظر هنا للحظة,Min faḍlik intaẓir hunā lil-ḥaẓah,,,,A
6705,94,hi,Hindi,कृपया यहाँ एक पल प्रतीक्षा करें,Krpayā yahā̃ ekal pratikṣā kareṁ,,,,A
6706,94,bn,Bengali,দয়া করে এখানে এক মুহূর্ত অপেক্ষা করুন,Daẏā karē ēkhānē ēka muhūrta apēkṣā karuna,,,,A
6707,94,ur,Urdu,براہ کرم یہاں ایک لمحے کے لیے انتظار کریں,Barāh-e karam yahāṁ ek lamhe ke lie intizār kareṁ,,,,A
6708,94,fa,Persian,لطفاً یک لحظه اینجا صبر کنید,Lotfan yek lahze injā sabr konid,,,,A
6709,94,tr,Turkish,Lütfen burada bir dakika bekleyin,,,,,A
6710,94,ja,Japanese,ここで少々お待ちください,Koko de shōshō omachi kudasai,,,,A
6711,94,ko,Korean,여기서 잠시만 기다려 주세요,Yeogiseo jamsiman gidaryeo juseyo,,,,A
6712,94,zh-cn,Mandarin (Simplified),请在这里等一下,,qǐng zài zhèlǐ děng yīxià,,A
6713,94,zh-tw,Mandarin (Traditional),請在這裡等一下,,qǐng zài zhèlǐ děng yīxià,,A
6714,94,vi,Vietnamese,Vui lòng đợi ở đây một chút,,,,,A
6715,94,th,Thai,กรุณารอสักครู่ตรงนี้,Krṇā rx s̄ạk khrū̀ t̀rng nī̂,,,,A
6716,94,id,Indonesian,Tolong tunggu sebentar di sini,,,,,A
6717,94,sw,Swahili,Tafadhali ngoja hapa kwa dakika moja,,,,,A
6718,94,nl,Dutch,Wacht hier even, alstublieft,,,,,A
6719,94,pl,Polish,Proszę chwilę tu poczekać,,,,,A
6720,94,uk,Ukrainian,Будь ласка, почекайте тут хвилинку,Bud' laska, pochekayte tut khvylynku,,,,A
6721,94,el,Greek,Παρακαλώ περιμένετε εδώ για μια στιγμή,Parakaló periménete edó gia mia stigmí,,,,A
6722,94,sv,Swedish,Vänligen vänta här en stund,,,,,A
6723,94,no,Norwegian,Vennligst vent her et øyeblikk,,,,,A
6724,94,da,Dansk,Vent venligst her et øjeblik,,,,,A
6725,94,fi,Finnish,Ole hyvä ja odota hetki täällä,,,,,A
6726,94,cs,Czech,Prosím, počkejte chvíli zde,,,,,A
6727,94,hu,Hungarian,Kérlek, várj itt egy pillanatot,,,,,A
6728,94,ro,Romanian,Te rog așteaptă aici un moment,,,,,A
6729,94,bg,Bulgarian,Моля, изчакайте тук за момент,Molya, izchakayte tuk za moment,,,,A
6730,94,sr,Serbian,Молим вас, сачекајте овде на тренутак,Molim vas, sačekajte ovde na trenutak,,,,A
6731,94,sk,Slovak,Počkajte tu chvíľku, prosím,,,,,A
6732,94,sl,Slovenian,Prosim, počakajte tukaj za trenutek,,,,,A
6733,94,lt,Lithuanian,Prašau palaukite čia akimirką,,,,,A
6734,94,lv,Latvian,Lūdzu, uzgaidiet šeit brīdi,,,,,A
6735,94,et,Estonian,Palun oodake siin hetk,,,,,A
6736,94,he,Hebrew,אנא חכה כאן לרגע,Ana chake kan larega,,,,A
6737,94,ha,Hausa,Don Allah jira nan na minti daya,,,,,A
6738,94,yo,Yoruba,Jọwọ duro ibi yi fun igba diẹ,,,,A
6739,94,ig,Igbo,Biko chere ebe a obere oge,,,,A
6740,94,am,Amharic,እባክዎን እዚህ ቁጠባ ያድርጉ,Ebakwoni izih k'ut'eba yadirigu,,,,A
6741,94,ti,Tigrinya,በጃኹም ኣብዚ ንሓጺር እዋን ተጸበዩ,Bejak'um abzi niḥats'ir iwan tets'ebeyu,,,,A
6742,94,ne,Nepali,कृपया यहाँ एकछिन प्रतीक्षा गर्नुहोस्,Kr̥payā yahām̐ ekachina pratīkṣā garnuhōs,,,,A
6743,94,ta,Tamil,தயவு செய்து இங்கே சிறிது நேரம் காத்திருங்கள்,Tayavu ceytu iṅkē ciṟitu nēram kāttiruṅkaḷ,,,,A
6744,94,te,Telugu,దయచేసి ఇక్కడ కొద్దిసేపు వేచి ఉండండి,Dayacēsi ikkaḍa koddisēpu vēci uṇḍaṇḍi,,,,A
6745,94,ml,Malayalam,ദയവായി ഇവിടെ ഒരു നിമിഷം കാത്തിരിക്കുക,Dayavāyi iviṭe oru nimiṣaṁ kāttirikkuka,,,,A
6746,94,mr,Marathi,कृपया येथे क्षणभर थांबा,Kr̥payā yēthē kṣaṇabhara thāmbā,,,,A
6747,94,pa,Punjabi,ਕ੍ਰਿਪਾ ਕਰਕੇ ਇੱਥੇ ਇੱਕ ਪਲ ਲਈ ਉਡੀਕ ਕਰੋ,Kripā karakē ithē ika pala la'ī uḍīka karō,,,,A
6748,94,gu,Gujarati,કૃપા કરીને અહીં એક ક્ષણ માટે રાહ જુઓ,Kr̥pā karīnē ahīṁ ēka kṣaṇa māṭē rāha ju'ō,,,,A
6749,94,si,Sinhala,කරුණාකර මෙහි මොහොතක් රැඳී සිටින්න,Karuṇākara mehi mohotak ræn̆dī siṭinna,,,,A
6750,94,km,Khmer,សូមរងចាំត្រង់នេះសិនមួយភ្លែត,Som rong cham trong nih sin muoy phlet,,,,A
6751,94,is,Icelandic,Vinsamlegast bíðið hér í eina stund,,,,,A
6752,94,tl,Tagalog / Filipino,Pakiintay muna dito sandali,,,,,A
6753,94,ms,Malay,Sila tunggu di sini sebentar,,,,,A
6754,94,jv,Javanese,Mangga ngenteni ing kene sedhela,,,,,A
6755,94,kk,Kazakh,Мұнда бір сәт күтіңіз,Mında bir sät kütiñiz,,,,A
6756,94,uz,Uzbek,Iltimos, bu yerda bir oz kuting,,,,,A
6757,94,mn,Mongolian,Энд хэсэг хугацаанд хүлээгээрэй,End kheseg khugatsaand khülegeerei,,,,A
6758,94,ka,Georgia,გთხოვთ, დაელოდეთ აქ ერთი წუთით,Gtkhovt, daelodet ak ert'i ts'utit,,,,A
6759,94,hy,Armenian,Խնդրում ենք սպասեք այստեղ մի պահ,Khndrum enk’ spasek’ aystegh mi pah,,,,A
6760,94,eu,Basque,Itxaron hemen une batez, mesedez,,,,,A
6761,94,ca,Catalan,Sisplau, espereu aquí un moment,,,,,A
6762,94,gl,Galical,Por favor, espera aquí un momento,,,,,A
6763,94,ga,Irish (Gaeilge),Fan anseo le do thoil ar feadh nóiméid,,,,,A
6764,94,cy,Welsh,Arhoswch yma am eiliad, os gwelwch yn dda,,,,,A
6765,94,gd,Scottish Gaelic,Feuch an fuirich thu an seo airson mionaid,,,,,A
6766,94,lb,Luxembourgisch,Waart w.e.g. hei eng Kéier,,,,,A
6767,94,eo,Esperanto,Bonvolu atendi ĉi tie dum momento,,,,,A
6768,94,la,Latin,Exspecta hic paulisper, quaeso,,,,,A
6769,95,en,English,She drinks tea every afternoon,,,,,A
6770,95,es,Spanish,Ella bebe té todas las tardes,,,,,A
6771,95,fr,French,Elle boit du thé tous les après-midi,,,,,A
6772,95,pt,Portuguese,Ela bebe chá todas as tardes,,,,,A
6773,95,de,German,Sie trinkt jeden Nachmittag Tee,,,,,A
6774,95,it,Italian,Lei beve il tè ogni pomeriggio,,,,,A
6775,95,ru,Russian,Она пьёт чай каждый день после полудня,Ona p'yot chay kazhdyy den' posle poludnya,,,,A
6776,95,ar,Arabic,هي تشرب الشاي كل مساء,Hi tashrab al-shāy kulla masāʾ,,,,A
6777,95,hi,Hindi,वह हर दोपहर चाय पीती है,Vah har dopehar cāy pītī hai,,,,A
6778,95,bn,Bengali,তিনি প্রতিদিন বিকালে চা পান করেন,Tini pratidina bikālē cā pāna karēna,,,,A
6779,95,ur,Urdu,وہ ہر دوپہر چائے پیتی ہے,Woh har dopehar chai peeti hai,,,,A
6780,95,fa,Persian,او هر بعدازظهر چای می نوشد,U har ba'd az zohr chāy mi nushad,,,,A
6781,95,tr,Turkish,O her öğleden sonra çay içer,,,,,A
6782,95,ja,Japanese,彼女は毎日午後にお茶を飲みます,Kanojo wa mainichi gogo ni ocha o nomimasu,,,,A
6783,95,ko,Korean,그녀는 매일 오후에 차를 마십니다,Geunyeoneun maeil ohue chareul masimnida,,,,A
6784,95,zh-cn,Mandarin (Simplified),她每天下午喝茶,,tā měitiān xiàwǔ hē chá,,A
6785,95,zh-tw,Mandarin (Traditional),她每天下午喝茶,,tā měitiān xiàwǔ hē chá,,A
6786,95,vi,Vietnamese,Cô ấy uống trà mỗi buổi chiều,,,,,A
6787,95,th,Thai,เธอดื่มชาทุกบ่าย,Thoer dụ̀m chā thuk b̀āy,,,,A
6788,95,id,Indonesian,Dia minum teh setiap sore,,,,,A
6789,95,sw,Swahili,Anakunywa chai kila alasiri,,,,,A
6790,95,nl,Dutch,Zij drinkt elke middag thee,,,,,A
6791,95,pl,Polish,Ona pije herbatę każdego popołudnia,,,,,A
6792,95,uk,Ukrainian,Вона п'є чай кожного дня після полудня,Vona p'ye chay kozhnoho dnya pislya poludnya,,,,A
6793,95,el,Greek,Πίνει τσάι κάθε απόγευμα,Pínei tsái káthe apógevma,,,,A
6794,95,sv,Swedish,Hon dricker te varje eftermiddag,,,,,A
6795,95,no,Norwegian,Hun drikker te hver ettermiddag,,,,,A
6796,95,da,Dansk,Hun drikker te hver eftermiddag,,,,,A
6797,95,fi,Finnish,Hän juo teetä joka iltapäivä,,,,,A
6798,95,cs,Czech,Ona pije čaj každé odpoledne,,,,,A
6799,95,hu,Hungarian,Minden délután teát iszik,,,,,A
6800,95,ro,Romanian,Ea bea ceai în fiecare după-amiază,,,,,A
6801,95,bg,Bulgarian,Тя пие чай всеки следобед,Tya pie chay vseki sledobed,,,,A
6802,95,sr,Serbian,Она пије чај сваког поподнева,Ona pije čaj svakog popodneva,,,,A
6803,95,sk,Slovak,Ona pije čaj každé popoludnie,,,,,A
6804,95,sl,Slovenian,Ona popoldne pije čaj,,,,,A
6805,95,lt,Lithuanian,Ji kiekvieną popietę geria arbatą,,,,,A
6806,95,lv,Latvian,Viņa dzer tēju katru pēcpusdienu,,,,,A
6807,95,et,Estonian,Ta joob iga pärastlõuna teed,,,,,A
6808,95,he,Hebrew,היא שותה תה כל אחר הצהריים,Hi shota te kol akhar hatzohorayim,,,,A
6809,95,ha,Hausa,Tana shan shayi kowace rana da rana,,,,A
6810,95,yo,Yoruba,Ó máa ń mu tii lọ́jọ́ọ̀jọ́ ọ̀sán,,,,A
6811,95,ig,Igbo,Ọ na-aṅụ tii n'ehihie ọ bụla,,,,A
6812,95,am,Amharic,እሷ እያንዳንዱ ከሰዓት በኋላ ሻይ ትጠጣለች,Es'wa iyandinī kesa'iti behwala shayi tit'et'alechi,,,,A
6813,95,ti,Tigrinya,ንሳ ኣብ ውሽጢ መዓልቲ ሻሂ ትሰቲ,Nisa ab weshit'i me'aliti shahi tiseti,,,,A
6814,95,ne,Nepali,उनी हरेक दिउँसो चिया पिछिन्,Unī harēka di'um̐sō ciyā pichin,,,,A
6815,95,ta,Tamil,அவள் ஒவ்வொரு மதியத்திலும் தேநீர் குடிக்கிறாள்,Avaḷ ovvoru matiyattilum tēnīr kuṭikkiṟāḷ,,,,A
6816,95,te,Telugu,ఆమె ప్రతి మధ్యాహ్నం టీ తాగుతుంది,Āme prati madhyāhnaṁ ṭī tāgutundi,,,,A
6817,95,ml,Malayalam,അവൾ എല്ലാ മദ്ധ്യാഹ്നവും ചായ കുടിക്കുന്നു,Avaḷ ellā mad'dhyāhnavuṁ cāya kuṭikkunnu,,,,A
6818,95,mr,Marathi,ती दर दुपारी चहा पिते,Tī dara dupārī cahā pite,,,,A
6819,95,pa,Punjabi,ਉਹ ਹਰ ਦੁਪਹਿਰ ਚਾਹ ਪੀਂਦੀ ਹੈ,Uh hara dupahira cāh pīndī hai,,,,A
6820,95,gu,Gujarati,તેણી દરેક બપોરે ચા પીએ છે,Tēṇī darēka bapōrē cā pī'ē chē,,,,A
6821,95,si,Sinhala,ඇය සෑම මධ්‍යාහ්නයකම තේ බොයි,Æya sǣma madhyāhnayakama tē boyi,,,,A
6822,95,km,Khmer,នាងផឹកតែរាល់ថ្ងៃរសៀល,Neang phk te real thngai rosiel,,,,A
6823,95,is,Icelandic,Hún drekkur te á alla vetrar- og sumardaga,,,,A
6824,95,tl,Tagalog / Filipino,Umiinom siya ng tsaa tuwing hapon,,,,,A
6825,95,ms,Malay,Dia minum teh setiap petang,,,,,A
6826,95,jv,Javanese,Dheweke ngombe teh saben sore,,,,,A
6827,95,kk,Kazakh,Ол әр күндіз түстен кейін шай ішеді,Ol är kündiz tüsten keyin şai işedi,,,,A
6828,95,uz,Uzbek,U har kuni tushdan keyin choy ichadi,,,,,A
6829,95,mn,Mongolian,Тэр өдөр бүр үдээс хойш цай уудаг,Ter ödör bür üdees khoish tsai uudag,,,,A
6830,95,ka,Georgia,ის ყოველ დღე შუადღის შემდეგ ჩაის სვამს,Is q'ovel dghe shuadghis shemded chais svams,,,,A
6831,95,hy,Armenian,Նա ամեն օր կեսօրից հետո թեյ է խմում,Na amen or kesorits’ heto t’ey e khmum,,,,A
6832,95,eu,Basuse,Bera arratsalde guztietan tea edaten du,,,,,A
6833,95,ca,Catalan,Ella beu te cada tarda,,,,,A
6834,95,gl,Galical,Ela bebe té todas as tardes,,,,,A
6835,95,ga,Irish (Gaeilge),Ólann sí tae gach tráthnóna,,,,,A
6836,95,cy,Welsh,Mae hi'n yfed te bob prynhawn,,,,,A
6837,95,gd,Scottish Gaelic,Bidh i ag òl tì a h-uile feasgar,,,,,A
6838,95,lb,Luxembourgisch,Si drénkt all Mëtteg Téi,,,,,A
6839,95,eo,Esperanto,Ŝi trinkas teon ĉiun posttagmezon,,,,,A
6840,95,la,Latin,Illā omnibus pomeridianis horis theam bibit,,,,,A
6841,96,en,English,If we leave now, we can catch the early train,,,,,B
6842,96,es,Spanish,Si salimos ahora, podemos tomar el tren temprano,,,,,B
6843,96,fr,French,Si nous partons maintenant, nous pouvons prendre le premier train,,,,,B
6844,96,pt,Portuguese,Se sairmos agora, podemos pegar o trem cedo,,,,,B
6845,96,de,German,Wenn wir jetzt gehen, können wir den frühen Zug erwischen,,,,,B
6846,96,it,Italian,Se partiamo ora, possiamo prendere il treno delle prime ore,,,,,B
6847,96,ru,Russian,Если мы уедем сейчас, мы сможем успеть на ранний поезд,Yesli my uyedem seychas, my smozhem uспеть na ranniy poyezd,,,,B
6848,96,ar,Arabic,إذا غادرنا الآن، يمكننا أن نلحق بالقطار المبكر,Ithā ghādamnā al-ān, yumkinunā an nalḥaq bi-al-qiṭār al-mubakkir,,,,B
6849,96,hi,Hindi,अगर हम अभी चले, तो हम जल्दी की ट्रेन पकड़ सकते हैं,Agar ham abhī chale, to ham jaldī kī ṭren pakaṛ sakte hain,,,,B
6850,96,bn,Bengali,যদি আমরা এখনই চলে যাই, তাহলে আমরা ভোরের ট্রেন ধরতে পারি,Yadi āmarā ēkhana'i calē yā'i, tāhalē āmarā bhōrēra ṭrēna dharatē pāri,,,,B
6851,96,ur,Urdu,اگر ہم ابھی چلیں، تو ہم جلدی ٹرین پکڑ سکتے ہیں,Agar hum abhi chalein, to hum jaldi train pakar sakte hain,,,,B
6852,96,fa,Persian,اگر الان برویم، می‌توانیم قطار زودرس را بگیریم,Agar alān beravīm, mītavānīm qatār-e zudras rā begīrīm,,,,B
6853,96,tr,Turkish,Şimdi gidersek, erken treni yakalayabiliriz,,,,,B
6854,96,ja,Japanese,今出発すれば、始発列車に間に合います,Ima shuppatsu sureba, shihatsu ressha ni maniaimasu,,,,B
6855,96,ko,Korean,지금 출발하면 초기 열차를 탈 수 있습니다,Jigeum chulbalhamyeon chogi yeolchareul tal su itseumnida,,,,B
6856,96,zh-cn,Mandarin (Simplified),如果我们现在离开，就能赶上早班火车,,rúguǒ wǒmen xiànzài líkāi, jiù néng gǎnshàng zǎobān huǒchē,,B
6857,96,zh-tw,Mandarin (Traditional),如果我們現在離開，就能趕上早班火車,,rúguǒ wǒmen xiànzài líkāi, jiù néng gǎnshàng zǎobān huǒchē,,B
6858,96,vi,Vietnamese,Nếu chúng ta đi bây giờ, chúng ta có thể bắt chuyến tàu sớm,,,,,B
6859,96,th,Thai,ถ้าเราออกเดินทางตอนนี้ เราจะสามารถขึ้นรถไฟต้นสายได้,Th̀ā reā xxk deinthāng txn nī̂ reā ca s̄āmārt̄h k̄hụn rọtfị t̂n s̄āy dị̂,,,,B
6860,96,id,Indonesian,Jika kita berangkat sekarang, kita bisa mengejar kereta pagi,,,,,B
6861,96,sw,Swahili,Tukitoka sasa, tunaweza kukamata treni ya mapema,,,,,B
6862,96,nl,Dutch,Als we nu gaan, kunnen we de vroege trein halen,,,,,B
6863,96,pl,Polish,Jeśli wyjedziemy teraz, zdążymy na wczesny pociąg,,,,,B
6864,96,uk,Ukrainian,Якщо ми підемо зараз, ми встигнемо на ранній потяг,Yakshcho my pidemo zaraz, my vstyhnemo na ranniy potyah,,,,B
6865,96,el,Greek,Αν φύγουμε τώρα, μπορούμε να προλάβουμε το πρωινό τρένο,An fýgoume tóra, boroúme na proláboume to proinó tréno,,,,B
6866,96,sv,Swedish,Om vi åker nu kan vi hinna med det tidiga tåget,,,,,B
6867,96,no,Norwegian,Hvis vi drar nå, kan vi rekke det tidlige toget,,,,,B
6868,96,da,Dansk,Hvis vi tager afsted nu, kan vi nå det tidlige tog,,,,,B
6869,96,fi,Finnish,Jos lähdemme nyt, ehdimme varhaiseen junaan,,,,,B
6870,96,cs,Czech,Pokud vyjedeme teď, stihneme časný vlak,,,,,B
6871,96,hu,Hungarian,Ha most indulunk, el tudunk kapni a korai vonatot,,,,,B
6872,96,ro,Romanian,Dacă plecăm acum, putem prinde trenul de dimineață,,,,,B
6873,96,bg,Bulgarian,Ако тръгнем сега, ще можем да хванем ранния влак,Ako trăgnem sega, shte mozhem da khvanem ranniya vlak,,,,B
6874,96,sr,Serbian,Ако кренемо сада, можемо да ухватимо рани воз,Ako krenemo sada, možemo da uhvatimo rani voz,,,,B
6875,96,sk,Slovak,Ak odídeme teraz, stihneme skorý vlak,,,,,B
6876,96,sl,Slovenian,Če gremo zdaj, lahko ujamemo zgodnji vlak,,,,,B
6877,96,lt,Lithuanian,Jei išeisime dabar, suspėsime į ankstyvą traukinį,,,,,B
6878,96,lv,Latvian,Ja mēs aizbrauksim tagad, mēs varēsim paspēt uz agru vilcienu,,,,,B
6879,96,et,Estonian,Kui me nüüd lahku läheme, saame varase rongi kätte,,,,,B
6880,96,he,Hebrew,אם נצא עכשיו, נוכל לתפוס את הרכבת המוקדמת,Im netze achshav, nuchal litfos et harakevet hamukdemet,,,,B
6881,96,ha,Hausa,Idan muka tashi yanzu, za mu iya kama tashin jirgin da wuri,,,,,B
6882,96,yo,Yoruba,Bi a ba lọ ni bayi, a le mu ọkọ oju irin ti o ba rọrùn,,,,B
6883,96,ig,Igbo,Ọ bụrụ na anyị apụ ugbu a, anyị nwere ike ijide ụgbọ oloko n'isi ụtụtụ,,,,B
6884,96,am,Amharic,አሁን ከተለየን ወደ አዲሱ ባቡር እንችላለን,Āhun ketelenyewī wede ādisu baburi inichilaleni,,,,B
6885,96,ti,Tigrinya,ኣብዚ እዋን እንተ ወጺእና ነታ ናይ ንግሆ ባቡር ክንሕዝ ንኽእል,Nitsi iwan inte weits'i'ena neta nay nighe babur kiniḥiz nik'il,,,,B
6886,96,ne,Nepali,यदि हामी अहिले निस्कन्छौं, हामी चाडैको ट्रेन समात्न सक्छौं,Yadi hāmī ahile niskanchauṁ, hāmī cāḍaikō ṭrēna samātna sakchauṁ,,,,B
6887,96,ta,Tamil,நாம் இப்போது புறப்பட்டால், காலை ரயிலைப் பிடிக்கலாம்,Nāṉ ippōtu puṟappaṭṭāl, kālai rayilai piṭikkalām,,,,B
6888,96,te,Telugu,మనం ఇప్పుడు బయలుదేరితే, తొందరగా ఉన్న రైలును పట్టవచ్చు,Manan ippuḍu bayaludēritē, tondarugā unna railunu paṭṭavaccu,,,,B
6889,96,ml,Malayalam,നാം ഇപ്പോൾ പുറപ്പെട്ടാൽ, ആദ്യത്തെ ട്രെയിൻ പിടിക്കാം,Nāṉ ippēāḷ puṟappeṭṭāl, ādyatte ṭreyin piṭikkāṁ,,,,B
6890,96,mr,Marathi,आपण आत्ता निघालो तर, लवकरची ट्रेन पकडू शकतो,Āpaṇa āttā nighālo tara, lavakaracī ṭrena pakaḍū śakato,,,,B
6891,96,pa,Punjabi,ਜੇ ਅਸੀਂ ਹੁਣ ਚੱਲੀਏ, ਤਾਂ ਅਸੀਂ ਜਲਦੀ ਟ੍ਰੇਨ ਨੂੰ ਪਕੜ ਸਕਦੇ ਹਾਂ,Je asīṁ huṇa callī'ē, tāṁ asīṁ jaldī ṭrēna nū pakaṛa sakadē hāṁ,,,,B
6892,96,gu,Gujarati,જો આપણે હવે નીકળીએ, તો આપણે વહેલી ટ્રેન પકડી શકીએ છીએ,Jo āpaṇe have nīkaḷī'ē, tō āpaṇe vahēlī ṭrēna pakaḍī śakī'ē chī'ē,,,,B
6893,96,si,Sinhala,අපි දැන් ගමන් කළහොත්, අපට උදේ රළ දුම්රිය අල්ලාගත හැක,Api dæna gaman kaḷahot, apaṭa udē raḷa dumriya allāgata hæka,,,,B
6894,96,km,Khmer,ប្រសិនបើយើងចាកចេញឥឡូវនេះ យើងអាចចាប់រថភ្លើងព្រឹកបាន,Prɑsen bɑə yeung chak chenh eilouv nih, yeung ach chab rotphleung prɨk bɑn,,,,B
6895,96,is,Icelandic,Ef við förum núna, getum við náð snemmbílnum,,,,,B
6896,96,tl,Tagalog / Filipino,Kung aalis na tayo ngayon, makakahabol tayo sa maagang tren,,,,,B
6897,96,ms,Malay,Jika kita bertolak sekarang, kita boleh mengejar kereta api awal,,,,,B
6898,96,jv,Javanese,Yen saiki budhal, kita bisa nyekel sepur enom,,,,,B
6899,96,kk,Kazakh,Егер біз қазір кетсек, ерте пойызды ұстай аламыз,Eger bız qazir ketsek, erte poiyızdı ustaı alamız,,,,B
6900,96,uz,Uzbek,Agar biz hozir ketadigan bo'lsak, erta poezdni ushlay olamiz,,,,,B
6901,96,mn,Mongolian,Хэрэв бид яг одоо явбал, эртний галт тэргийг барих боломжтой,Kherev bid yag odoo yaval, ertnii galt tergiig barih bolomjtoi,,,,B
6902,96,ka,Georgia,თუ ახლა წავალთ, შევძლებთ ადრეულ მატარებელს დავიჭიროთ,Tu akhla ts'avalt, shevdzlebt adreul mat'arebels davich'irot,,,,B
6903,96,hy,Armenian,Եթե հիմա մեկնենք, կկարողանանք բռնել վաղ գնացքը,Yete hima meknenk’, kkaroghankan bṙnel vagh gnats’k’ə,,,,B
6904,96,eu,Basque,Orain abiatzen bagara, goizeko trena har dezakegu,,,,,B
6905,96,ca,Catalan,Si marxem ara, podem agafar el tren matiner,,,,,B
6906,96,gl,Galical,Se marchamos agora, podemos coller o tren matinal,,,,,B
6907,96,ga,Irish (Gaeilge),Má fhágann muid anois, is féidir linn an traein luath a fháil,,,,,B
6908,96,cy,Welsh,Os ydym yn gadael nawr, gallwn ni ddal y trên cynnar,,,,,B
6909,96,gd,Scottish Gaelic,Ma dh'fhàgas sinn a-nis, is urrainn dhuinn an trèan tràth a ghlacadh,,,,,B
6910,96,lb,Luxembourgisch,Wann mer elo fortgoen, kënne mir de fréien Zuch erreechen,,,,,B
6911,96,eo,Esperanto,Se ni foriros nun, ni povos kapti la fruan vagonaron,,,,,B
6912,96,la,Latin,Si nunc proficiscimur, matutinum tramen consequi possumus,,,,,B
6913,97,en,English,The cat jumped onto the sofa,,,,,A
6914,97,es,Spanish,El gato saltó al sofá,,,,,A
6915,97,fr,French,Le chat a sauté sur le canapé,,,,,A
6916,97,pt,Portuguese,O gato pulou no sofá,,,,,A
6917,97,de,German,Die Katze ist auf das Sofa gesprungen,,,,,A
6918,97,it,Italian,Il gatto è saltato sul divano,,,,,A
6919,97,ru,Russian,Кот прыгнул на диван,Kot prygnul na divan,,,,A
6920,97,ar,Arabic,قفزت القطة على الأريكة,Qafazat al-qiṭṭah ʿalá al-arīkah,,,,A
6921,97,hi,Hindi,बिल्ली सोफे पर कूद गई,Billī sophē par kūd gaī,,,,A
6922,97,bn,Bengali,বিড়ালটি সোফার উপরে লাফিয়ে উঠল,Biṛālaṭi sōphāra uparē lāphiẏē uṭhala,,,,A
6923,97,ur,Urdu,بلی صوفے پر کود گئی,Bili sofa par kood gayi,,,,A
6924,97,fa,Persian,گربه روی مبل پرید,Gorbe roye mobel parid,,,,A
6925,97,tr,Turkish,Kedi kanepenin üzerine atladı,,,,,A
6926,97,ja,Japanese,猫がソファに飛び乗りました,Neko ga sofa ni tobinorimashita,,,,A
6927,97,ko,Korean,고양이가 소파 위로 뛰어올랐습니다,Goyang'iga sopa wiro ttwieoollatseumnida,,,,A
6928,97,zh-cn,Mandarin (Simplified),猫跳到了沙发上,,māo tiàodàole shāfā shàng,,A
6929,97,zh-tw,Mandarin (Traditional),貓跳到了沙發上,,māo tiàodàole shāfā shàng,,A
6930,97,vi,Vietnamese,Con mèo nhảy lên ghế sofa,,,,,A
6931,97,th,Thai,แมวกระโดดขึ้นไปบนโซฟา,Mæw kradod k̄hụ̂n pị bn sofā,,,,A
6932,97,id,Indonesian,Kucing itu melompat ke sofa,,,,,A
6933,97,sw,Swahili,Paka aliruka kwenye sofa,,,,,A
6934,97,nl,Dutch,De kat sprong op de bank,,,,,A
6935,97,pl,Polish,Kot wskoczył na sofę,,,,,A
6936,97,uk,Ukrainian,Кіт стрибнув на диван,Kit strybnuv na dyvan,,,,A
6937,97,el,Greek,Η γάτα πήδηκε στον καναπέ,I gáta pídike ston kanapé,,,,A
6938,97,sv,Swedish,Katten hoppade upp på soffan,,,,,A
6939,97,no,Norwegian,Katten hoppet opp på sofaen,,,,,A
6940,97,da,Dansk,Katten hoppede op på sofaen,,,,,A
6941,97,fi,Finnish,Kissa hyppi sohvalle,,,,,A
6942,97,cs,Czech,Kočka skočila na pohovku,,,,,A
6943,97,hu,Hungarian,A macska felugrott a kanapéra,,,,,A
6944,97,ro,Romanian,Pisica a sărit pe canapea,,,,,A
6945,97,bg,Bulgarian,Котката скочи на дивана,Kotkata skochi na divana,,,,A
6946,97,sr,Serbian,Мачка је скочила на кауч,Mаčka je skočila na kauch,,,,A
6947,97,sk,Slovak,Mačka skočila na pohovku,,,,,A
6948,97,sl,Slovenian,Mačka je skočila na kavč,,,,,A
6949,97,lt,Lithuanian,Katė peršoko ant sofos,,,,,A
6950,97,lv,Latvian,Kaķis uzlēca uz dīvāna,,,,,A
6951,97,et,Estonian,Kass hüppas diivanile,,,,,A
6952,97,he,Hebrew,החתול קפץ על הספה,Hakhatul kafats al hasapa,,,,A
6953,97,ha,Hausa,Kyanwa ta yi tsalle a kan kujera,,,,,A
6954,97,yo,Yoruba,Ológbò náà sáré lọ sórí sofa,,,,A
6955,97,ig,Igbo,Nwamba ahụ wụliri n'elu sofa,,,,A
6956,97,am,Amharic,ድመቷ እስራዊው ላይ ተወረወረች,Dimet'wa isirawīwi layi tewerewerechi,,,,A
6957,97,ti,Tigrinya,ድሙ ኣብ ልዕሊ ሶፋ ኣዝዩ ዝዀነ ጽገ,Dimu ab l'ili sofa azuy zikhune ts'ige,,,,A
6958,97,ne,Nepali,बिरालो सोफामा उफ्रियो,Birālō sōphāmā uphriyō,,,,A
6959,97,ta,Tamil,பூனை சோபாவின் மீது குதித்தது,Pūṉai cōpāviṉ mītu kutittatu,,,,A
6960,97,te,Telugu,పిల్లి సోఫా మీదకి దూకింది,Pilli sōphā mīdaki dūkindi,,,,A
6961,97,ml,Malayalam,പൂച്ച സോഫയിലേക്ക് ചാടി,Pūcca sōphayilēkk cāṭi,,,,A
6962,97,mr,Marathi,मांजर सोफ्यावर उडी मारली,Māñjara sōphyāvara uḍī māralī,,,,A
6963,97,pa,Punjabi,ਬਿੱਲੀ ਸੋਫੇ 'ਤੇ ਛਾਲ ਮਾਰੀ,Bilī sōphē 'tē chāla mārī,,,,A
6964,97,gu,Gujarati,બિલાડી સોફા પર કૂદી પડી,Bilāḍī sōphā para kūdī paḍī,,,,A
6965,97,si,Sinhala,බළලා සෝෆාව මත පැන ගියා,Baḷalā sōfāva mata pæna giyā,,,,A
6966,97,km,Khmer,ឆ្មាលោតទៅលើសូផា,Chhma loot tow leu soupha,,,,A
6967,97,is,Icelandic,Kötturinn stökk upp á sófann,,,,,A
6968,97,tl,Tagalog / Filipino,Tumalon ang pusa sa sopa,,,,,A
6969,97,ms,Malay,Kucing itu melompat ke atas sofa,,,,,A
6970,97,jv,Javanese,Kucing mau mlumpat menyang sofa,,,,,A
6971,97,kk,Kazakh,Мысық диванға секірді,Mısıq dïvang'a sekirdi,,,,A
6972,97,uz,Uzbek,Mushuk divanga sakradi,,,,,A
6973,97,mn,Mongolian,Муур буйдан дээр үсрэв,Muur buidan deer üsrev,,,,A
6974,97,ka,Georgia,კატამ ტახტზე ხტომა დაიწყო,K'atam t'akht'ze kht'oma daits'q'o,,,,A
6975,97,hy,Armenian,Կատուն ցատկեց բազմոցի վրա,Katun ts’atkets’ bamots’i vra,,,,A
6976,97,eu,Basuse,Katuak sofa gainera salto egin zuen,,,,,A
6977,97,ca,Catalan,El gat va saltar al sofà,,,,,A
6978,97,gl,Galical,O gato saltou ao sofá,,,,,A
6979,97,ga,Irish (Gaeilge),Léim an cat isteach ar an tolg,,,,,A
6980,97,cy,Welsh,Neidiodd y gath ar y soffa,,,,,A
6981,97,gd,Scottish Gaelic,Leum an cat air an suidheachan-sèimh,,,,,A
6982,97,lb,Luxembourgish,D'Kaz ass op d'Sofa gesprongen,,,,,A
6983,97,eo,Esperanto,La kato saltis sur la sofon,,,,,A
6984,97,la,Latin,Feles in lectum desiluit,,,,,A
6985,98,en,English,I need a new notebook,,,,,A
6986,98,es,Spanish,Necesito un cuaderno nuevo,,,,,A
6987,98,fr,French,J'ai besoin d'un nouveau cahier,,,,,A
6988,98,pt,Portuguese,Preciso de um caderno novo,,,,,A
6989,98,de,German,Ich brauche ein neues Notizbuch,,,,,A
6990,98,it,Italian,Ho bisogno di un nuovo quaderno,,,,,A
6991,98,ru,Russian,Мне нужна новая тетрадь,Mne nuzhna novaya tetrad',,,,,A
6992,98,ar,Arabic,أحتاج إلى دفتر جديد,Aḥtāj ilā daftar jadīd,,,,A
6993,98,hi,Hindi,मुझे एक नई नोटबुक चाहिए,Mujhe ek naī notabuk cāhiye,,,,A
6994,98,bn,Bengali,আমার একটি নতুন নোটবুক দরকার,Āmāra ēkaṭi natuna nōṭabuka darakāra,,,,A
6995,98,ur,Urdu,مجھے ایک نیا نوٹ بک چاہیے,Mujhe ek naya not book chahiye,,,,A
6996,98,fa,Persian,من به یک دفترچه جدید نیاز دارم,Man be yek daftarche jadid niaz daram,,,,A
6997,98,tr,Turkish,Yeni bir deftere ihtiyacım var,,,,,A
6998,98,ja,Japanese,新しいノートが必要です,Atarashii nōto ga hitsuyō desu,,,,A
6999,98,ko,Korean,새 공책이 필요해요,Sae gongchaegi piryohaeyo,,,,A
7000,98,zh-cn,Mandarin (Simplified),我需要一个新笔记本,,wǒ xūyào yīgè xīn bǐjìběn,,A
7001,98,zh-tw,Mandarin (Traditional),我需要一個新筆記本,,wǒ xūyào yīgè xīn bǐjìběn,,A
7002,98,vi,Vietnamese,Tôi cần một quyển sổ mới,,,,,A
7003,98,th,Thai,ฉันต้องการสมุดบันทึกเล่มใหม่,Chạn t̂xngkār smud bạnt̄hụk lèm h̄ım̀,,,,A
7004,98,id,Indonesian,Saya perlu buku catatan baru,,,,,A
7005,98,sw,Swahili,Nahitaji daftari jipya,,,,,A
7006,98,nl,Dutch,Ik heb een nieuw notitieboek nodig,,,,,A
7007,98,pl,Polish,Potrzebuję nowego notatnika,,,,,A
7008,98,uk,Ukrainian,Мені потрібен новий зошит,Meni potriben novyy zoshyt,,,,A
7009,98,el,Greek,Χρειάζομαι ένα νέο σημειωματάριο,Chreiázomai éna néo simiomatário,,,,A
7010,98,sv,Swedish,Jag behöver en ny anteckningsbok,,,,,A
7011,98,no,Norwegian,Jeg trenger en ny notatbok,,,,,A
7012,98,da,Dansk,Jeg har brug for en ny notesbog,,,,,A
7013,98,fi,Finnish,Tarvitsen uuden muistilehtiön,,,,,A
7014,98,cs,Czech,Potřebuji nový zápisník,,,,,A
7015,98,hu,Hungarian,Szükségem van egy új jegyzetfüzetre,,,,,A
7016,98,ro,Romanian,Am nevoie de un caiet nou,,,,,A
7017,98,bg,Bulgarian,Имам нужда от нова тетрадка,Imam nuzhda ot nova tetradka,,,,A
7018,98,sr,Serbian,Треба ми нова свеска,Treba mi nova sveska,,,,A
7019,98,sk,Slovak,Potrebujem nový zošit,,,,,A
7020,98,sl,Slovenian,Potrebujem nov zvezek,,,,,A
7021,98,lt,Lithuanian,Man reikia naujo sąsiuvinio,,,,,A
7022,98,lv,Latvian,Man vajag jaunu piezīmju grāmatiņu,,,,,A
7023,98,et,Estonian,Mul on vaja uut märkmikku,,,,,A
7024,98,he,Hebrew,אני צריך מחברת חדשה,Ani tsarich machberet chadasha,,,,A
7025,98,ha,Hausa,Ina bukatan sabuwar littafi,,,,,A
7026,98,yo,Yoruba,Mo nilo iwe titun kan,,,,A
7027,98,ig,Igbo,Achọrọ m akwụkwọ ndetu ọhụrụ,,,,A
7028,98,am,Amharic,አዲስ ኖትቡክ ያስፈልገኛል,Ādisi notibuki yasifeligeňali,,,,A
7029,98,ti,Tigrinya,ሓድሽ ኖትቡክ የድልየኒ,Ḥadishi notibuki yediliyeni,,,,A
7030,98,ne,Nepali,मलाई नयाँ नोटबुक चाहिन्छ,Malā'ī nayām̐ nōṭabuka cāhincha,,,,A
7031,98,ta,Tamil,எனக்கு ஒரு புதிய நோட்புக் வேண்டும்,Eṉakku oru putiya nōṭpuk vēṇṭum,,,,A
7032,98,te,Telugu,నాకు ఒక కొత్త నోట్బుక్ కావాలి,Nāku oka kotta nōṭbuk kāvāli,,,,A
7033,98,ml,Malayalam,എനിക്ക് ഒരു പുതിയ നോട്ട്ബുക്ക് വേണം,Enikk oru putiya nōṭṭbuk vēṇaṁ,,,,A
7034,98,mr,Marathi,मला एक नवीन नोटबुक हवी आहे,Malā ēka navīna nōṭabuka havī āhē,,,,A
7035,98,pa,Punjabi,ਮੈਨੂੰ ਇੱਕ ਨਵੀਂ ਨੋਟਬੁੱਕ ਦੀ ਲੋੜ ਹੈ,Mainū ika navīṁ nōṭabuka dī lōṛa hai,,,,A
7036,98,gu,Gujarati,મારે નવી નોટબુક જોઈએ છે,Mārē navī nōṭabuka jō'ī'ē chē,,,,A
7037,98,si,Sinhala,මට නව සටහන් පොතක් අවශ්‍යයි,Maṭa nava saṭahan potak avaśyayi,,,,A
7038,98,km,Khmer,ខ្ញុំត្រូវការសៀវភៅកំណត់ហេតុថ្មីមួយ,Khnhom trou kar sievphouv kamnote haet thme muoy,,,,A
7039,98,is,Icelandic,Ég þarf nýjan vinnubók,,,,,A
7040,98,tl,Tagalog / Filipino,Kailangan ko ng bagong kuwaderno,,,,,A
7041,98,ms,Malay,Saya perlukan buku nota baru,,,,,A
7042,98,jv,Javanese,Aku butuh buku anyar,,,,,A
7043,98,kk,Kazakh,Маған жаңа дәптер керек,Mağan jaña däpter kerek,,,,A
7044,98,uz,Uzbek,Menga yangi daftar kerak,,,,,A
7045,98,mn,Mongolian,Надад шинэ дэвтэр хэрэгтэй,Nadad shine devter kheregtei,,,,A
7046,98,ka,Georgia,მე ახალი რვეული მჭირდება,Me akhali rveuli mch'irdeba,,,,A
7047,98,hy,Armenian,Ինձ անհրաժեշտ է նոր նոթատետր,Indz anhražesht e nor not’atetr,,,,A
7048,98,eu,Basuse,Koaderno berri bat behar dut,,,,,A
7049,98,ca,Catalan,Necessito un quadern nou,,,,,A
7050,98,gl,Galical,Necesito un caderno novo,,,,,A
7051,98,ga,Irish (Gaeilge),Teastaíonn leabhar nótaí nua uaim,,,,,A
7052,98,cy,Welsh,Rwyf angen llyfr nodiadau newydd,,,,,A
7053,98,gd,Scottish Gaelic,Tha feum agam air leabhar notaichean ùr,,,,,A
7054,98,lb,Luxembourgish,Ech brauch en neit Notizbuch,,,,,A
7055,98,eo,Esperanto,Mi bezonas novan kajeron,,,,,A
7056,98,la,Latin,Novi commentarii mihi opus est,,,,,A
7057,99,en,English,He admitted that he had misunderstood the instructions,,,,,B
7058,99,es,Spanish,Él admitió que había entendido mal las instrucciones,,,,,B
7059,99,fr,French,Il a admis qu'il avait mal compris les instructions,,,,,B
7060,99,pt,Portuguese,Ele admitiu que tinha entendido mal as instruções,,,,,B
7061,99,de,German,Er gab zu, dass er die Anweisungen missverstanden hatte,,,,,B
7062,99,it,Italian,Ha ammesso di aver frainteso le istruzioni,,,,,B
7063,99,ru,Russian,Он признал, что неправильно понял инструкции,On priznal, chto nepravil'no ponyal instruktsii,,,,B
7064,99,ar,Arabic,اعترف بأنه أساء فهم التعليمات,Iʿtarafa bi-annahu asā'a fahm al-taʿlīmāt,,,,B
7065,99,hi,Hindi,उसने स्वीकार किया कि उसने निर्देशों को गलत समझा था,Usne svīkār kiyā ki usne nirdeshõ ko galat samjhā thā,,,,B
7066,99,bn,Bengali,সে স্বীকার করেছিল যে সে নির্দেশাবলী ভুল বুঝেছিল,Sē sbīkāra karēchila yē sē nirdēśābalī bhula bujhiẏēchila,,,,B
7067,99,ur,Urdu,اس نے اعتراف کیا کہ اس نے ہدایات کو غلط سمجھا تھا,Us ne aitraaf kiya ke us ne hidayaat ko ghalat samjha tha,,,,B
7068,99,fa,Persian,او اعتراف کرد که دستورالعمل‌ها را اشتباه فهمیده است,U e'teraf kard ke dastor-al-amal-hâ râ eshtebâh fahmide ast,,,,B
7069,99,tr,Turkish,Talimatları yanlış anladığını itiraf etti,,,,,B
7070,99,ja,Japanese,彼は指示を誤解していたことを認めました,Kare wa shiji o gokai shite ita koto o mitomemashita,,,,B
7071,99,ko,Korean,그는 지시를 오해했다고 시인했습니다,Geuneun jisireul ohaehaetdago siinhaetseumnida,,,,B
7072,99,zh-cn,Mandarin (Simplified),他承认自己误解了指示,,tā chéngrèn zìjǐ wùjiěle zhǐshì,,B
7073,99,zh-tw,Mandarin (Traditional),他承認自己誤解了指示,,tā chéngrèn zìjǐ wùjiěle zhǐshì,,B
7074,99,vi,Vietnamese,Anh ấy thừa nhận rằng mình đã hiểu sai hướng dẫn,,,,,B
7075,99,th,Thai,เขายอมรับว่าเขาเข้าใจคำแนะนำผิด,Khā yxm rạb ẁā k̄heā k̄hêācı khả næanả p̄hid,,,,B
7076,99,id,Indonesian,Dia mengaku bahwa dia telah salah paham terhadap instruksi,,,,,B
7077,99,sw,Swahili,Alikiri kwamba alikuwa ameelewa vibaya maagizo,,,,,B
7078,99,nl,Dutch,Hij gaf toe dat hij de instructies verkeerd had begrepen,,,,,B
7079,99,pl,Polish,Przyznał, że źle zrozumiał instrukcje,,,,,B
7080,99,uk,Ukrainian,Він зізнався, що неправильно зрозумів інструкції,Vin ziznavsya, shcho nepravyl'no zrozumiv instruktsiyi,,,,B
7081,99,el,Greek,Παραδέχτηκε ότι είχε καταλάβει λάθος τις οδηγίες,Paradéchthike óti eíche katalávei láthos tis odigíes,,,,B
7082,99,sv,Swedish,Han medgav att han hade missförstått instruktionerna,,,,,B
7083,99,no,Norwegian,Han innrømmet at han hadde misforstått instruksjonene,,,,,B
7084,99,da,Dansk,Han indrømmede, at han havde misforstået instruktionerne,,,,,B
7085,99,fi,Finnish,Hän myönsi, että oli ymmärtänyt ohjeet väärin,,,,,B
7086,99,cs,Czech,Přiznal, že pokyny nepochopil správně,,,,,B
7087,99,hu,Hungarian,Elismerte, hogy félreértette az utasításokat,,,,,B
7088,99,ro,Romanian,El a recunoscut că a înțeles greșit instrucțiunile,,,,,B
7089,99,bg,Bulgarian,Той призна, че е разбрал погрешно инструкциите,Toi prizna, che e razbral pogreshno instruktsiite,,,,B
7090,99,sr,Serbian,Признао је да је погрешно разумео упутства,Priznao je da je pogrešno razumeo uputstva,,,,B
7091,99,sk,Slovak,Priznal, že zle pochopil inštrukcie,,,,,B
7092,99,sl,Slovenian,Priznal je, da je narobe razumel navodila,,,,,B
7093,99,lt,Lithuanian,Jis pripažino, kad buvo neteisingai supratęs nurodymus,,,,,B
7094,99,lv,Latvian,Vins atzina, ka nepareizi bija sapratis norādījumus,,,,,B
7095,99,et,Estonian,Ta tunnistas, et oli juhiseid valesti mõistnud,,,,,B
7096,99,he,Hebrew,הוא הודה שהוא לא הבין נכון את ההוראות,Hu hoda shehu lo hevin nachon et hahor'ot,,,,B
7097,99,ha,Hausa,Ya yarda cewa ya fahimci umarnin ba daidai ba,,,,,B
7098,99,yo,Yoruba,O gbà pé ó ti yẹra fun itọsọna náà,,,,B
7099,99,ig,Igbo,O kwetara na ọ ghọtahieghị ntuziaka ahụ nke ọma,,,,B
7100,99,am,Amharic,መመሪያዎቹን በስህተት እንዳስተወለ ተረዳ,Memiriyawochuni besihiteti inidase-tewele tereda,,,,B
7101,99,ti,Tigrinya,ንሱ ከምዚ ነቲ መምርሒታት ብጌጋ ከምዝርደኣ ተኣምነ,Nisu kemizi neti memirḥitat bigega kemizirde'a te'amene,,,,B
7102,99,ne,Nepali,उनले निर्देशनहरू बुझ्न गल्ती गरेको स्वीकारे,Unle nirdeshanaharu bujhna galti gareko svikare,,,,B
7103,99,ta,Tamil,அவர் வழிமுறைகளை தவறாக புரிந்துகொண்டதை ஒப்புக்கொண்டார்,Avar vaḻimuṟaikaḷai tavaṟāka purintukoṇṭatai oppukkoṇṭār,,,,B
7104,99,te,Telugu,అతను సూచనలను తప్పుగా అర్థం చేసుకున్నాడని అంగీకరించాడు,Atanu sūchanalanu tappugā arthaṁ cēsukunnāḍani aṅgīkariñcāḍu,,,,B
7105,99,ml,Malayalam,അവൻ നിർദ്ദേശങ്ങൾ തെറ്റായി മനസ്സിലാക്കിയതായി സമ്മതിച്ചു,Avan nirddēśaṅṅaḷ teṟṟāyi manassilākkiyatāyi sammaticcu,,,,B
7106,99,mr,Marathi,त्यांनी सूचना चुकीच्या पद्धतीने समजल्या होत्या याची कबुली दिली,Tyānnī sūcanā cukīcyā paddhatīnē samajalyā hotyā yācī kabulī dilī,,,,B
7107,99,pa,Punjabi,ਉਸ ਨੇ ਮੰਨਿਆ ਕਿ ਉਸ ਨੇ ਨਿਰਦੇਸ਼ਾਂ ਨੂੰ ਗਲਤ ਸਮਝਿਆ ਸੀ,Us ne manni'ā ki us ne nirdēśāṁ nū galata samajhi'ā sī,,,,B
7108,99,gu,Gujarati,તેણે કબૂલ કર્યું કે તેણે સૂચનાઓને ખોટી રીતે સમજી લીધી હતી,Tēṇē kabūla karyuṁ kē tēṇē sūcanā'ōnē khōṭī rītē samajī līdhī hatī,,,,B
7109,99,si,Sinhala,ඔහු උපදෙස් වැරදි ලෙස තේරුම් ගත් බව පිළිගත්තේය,Ohu upades væradi lesa terum gat bava piḷigatteya,,,,B
7110,99,km,Khmer,គាត់បានទទួលស្គាល់ថាគាត់បានយល់ច្រឡំពីការណែនាំ,Koat ban totoul skal tha koat ban yol chrolom pi karnenam,,,,B
7111,99,is,Icelandic,Hann viðurkenndi að hann hafði misskilið leiðbeiningarnar,,,,,B
7112,99,tl,Tagalog / Filipino,Inamin niya na mali ang kanyang pag-intindi sa mga tagubilin,,,,,B
7113,99,ms,Malay,Dia mengakui bahawa dia telah salah faham arahan,,,,,B
7114,99,jv,Javanese,Dia ngakoni manawa wis salah paham karo instruksi kasebut,,,,,B
7115,99,kk,Kazakh,Ол нұсқауларды дұрыс түсінбегенін мойындады,Ol nusqaulardı durıs tüsinbegenin moıyndadı,,,,B
7116,99,uz,Uzbek,U ko'rsatmalarni noto'g'ri tushunganini tan oldi,,,,,B
7117,99,mn,Mongolian,Тэр зааврыг буруу ойлгосноо хүлээн зөвшөөрлөө,Ter zaavrig buruu oilgosnoo khüleen zövshörlöö,,,,B
7118,99,ka,Georgia,მან აღიარა, რომ ინსტრუქციები არასწორად გაიგო,Man aghyara, rom inst'rukt'siebi arasts'orad gaigo,,,,B
7119,99,hy,Armenian,Նա խոստովանեց, որ սխալ էր հասկացել հրահանգները,Na khos’tovanets’, vor skhal er haskats’el hrahangnery,,,,B
7120,99,eu,Basuse,Onartu zuen argibideak gaizki ulertu zituela,,,,,B
7121,99,ca,Catalan,Ell va admetre que havia malentès les instruccions,,,,,B
7122,99,gl,Galical,El admitiu que malinterpretara as instrucións,,,,,B
7123,99,ga,Irish (Gaeilge),D'admhaigh sé go raibh míthuiscint aige ar na treoracha,,,,,B
7124,99,cy,Welsh,Cyfaddefodd ei fod wedi camddeall y cyfarwyddiadau,,,,,B
7125,99,gd,Scottish Gaelic,Dh'aontaich e gun do mhì-thuig e na stiùiridhean,,,,,B
7126,99,lb,Luxembourgisch,Hien huet zouginn, datt hien d'Instruktiounen falsch verstane hat,,,,,B
7127,99,eo,Esperanto,Li konfesis, ke li miskomprenis la instrukciojn,,,,,B
7128,99,la,Latin,Fatebatur se mandata perpetam intellexisse,,,,,B
7129,100,en,English,The lights are too bright,,,,,A
7130,100,es,Spanish,Las luces son demasiado brillantes,,,,,A
7131,100,fr,French,Les lumières sont trop vives,,,,,A
7132,100,pt,Portuguese,As luzes estão muito brilhantes,,,,,A
7133,100,de,German,Die Lichter sind zu hell,,,,,A
7134,100,it,Italian,Le luci sono troppo luminose,,,,,A
7135,100,ru,Russian,Свет слишком яркий,Svet slishkom yarkiy,,,,A
7136,100,ar,Arabic,الأضواء ساطعة جدًا,Al-aḍwā' sāṭiʿah jiddan,,,,A
7137,100,hi,Hindi,रोशनी बहुत तेज है,Rośnī bahut tej hai,,,,A
7138,100,bn,Bengali,আলোগুলো খুব উজ্জ্বল,Ālōgulō khuba ujjbala,,,,A
7139,100,ur,Urdu,روشنی بہت تیز ہے,Roshni bohat tez hai,,,,A
7140,100,fa,Persian,چراغ‌ها خیلی روشن هستند,Cherāgh-hā kheyli roshan hastand,,,,A
7141,100,tr,Turkish,Işıklar çok parlak,,,,,A
7142,100,ja,Japanese,ライトが明るすぎます,Raito ga akarusugimasu,,,,A
7143,100,ko,Korean,불빛이 너무 밝아요,Bulbichi neomu balkayo,,,,A
7144,100,zh-cn,Mandarin (Simplified),灯光太亮了,,dēngguāng tài liàng le,,A
7145,100,zh-tw,Mandarin (Traditional),燈光太亮了,,dēngguāng tài liàng le,,A
7146,100,vi,Vietnamese,Đèn sáng quá,,,,,A
7147,100,th,Thai,ไฟสว่างเกินไป,Fị s̄ẁāng kein pị,,,,A
7148,100,id,Indonesian,Lampunya terlalu terang,,,,,A
7149,100,sw,Swahili,Taa zinang'aa sana,,,,,A
7150,100,nl,Dutch,Het licht is te fel,,,,,A
7151,100,pl,Polish,Światła są zbyt jasne,,,,,A
7152,100,uk,Ukrainian,Світло надто яскраве,Svitlo nadto yaskrave,,,,A
7153,100,el,Greek,Τα φώτα είναι πολύ φωτεινά,Ta fóta eínai polý foteiná,,,,A
7154,100,sv,Swedish,Ljuset är för starkt,,,,,A
7155,100,no,Norwegian,Lysene er for lyse,,,,,A
7156,100,da,Dansk,Lysene er for lyse,,,,,A
7157,100,fi,Finnish,Valot ovat liian kirkkaita,,,,,A
7158,100,cs,Czech,Světla jsou příliš jasná,,,,,A
7159,100,hu,Hungarian,Túl fényesek a lámpák,,,,,A
7160,100,ro,Romanian,Luminile sunt prea strălucitoare,,,,,A
7161,100,bg,Bulgarian,Светлините са твърде ярки,Svetlinite sa tvurde yarki,,,,A
7162,100,sr,Serbian,Светла су превише јака,Svetla su previše jaka,,,,A
7163,100,sk,Slovak,Svetlá sú príliš jasné,,,,,A
7164,100,sl,Slovenian,Luce so preveč svetle,,,,,A
7165,100,lt,Lithuanian,Šviesos per ryškios,,,,,A
7166,100,lv,Latvian,Lukturi ir pārāk spoži,,,,,A
7167,100,et,Estonian,Valgustid on liiga eredad,,,,,A
7168,100,he,Hebrew,האורות בהירים מדי,Ha'orot bahirim midai,,,,A
7169,100,ha,Hausa,Hasken suna da haske sosai,,,,,A
7170,100,yo,Yoruba,Ina tì wọ̀n jùlọ,,,,A
7171,100,ig,Igbo,Ọkụ ndị ahụ na-egbuke egbuke nke ukwuu,,,,A
7172,100,am,Amharic,ብርሃኑ በጣም ብሩህ ነው,Birihanu betami biruh newi,,,,A
7173,100,ti,Tigrinya,ብርሃን ኣዝዩ ብሩህ እዩ,Birihan azuy biruh iyu,,,,A
7174,100,ne,Nepali,बत्तीहरू धेरै चम्किलो छन्,Battīharū dhērai camkilō chan,,,,A
7175,100,ta,Tamil,விளக்குகள் மிகவும் பிரகாசமாக உள்ளன,Vilakkukaḷ mikavum pirakācamāka uḷḷaṉa,,,,A
7176,100,te,Telugu,దీపాలు చాలా ప్రకాశవంతంగా ఉన్నాయి,Dīpālu cālā prakāśavantaṁgā unnāyi,,,,A
7177,100,ml,Malayalam,വെളിച്ചം വളരെ തെളിച്ചമുള്ളതാണ്,Veḷiccaṁ vaḷare teḷiccamuḷḷatāṇ,,,,A
7178,100,mr,Marathi,दिवे खूप तेजस्वी आहेत,Divē khūp tejasvī āhēt,,,,A
7179,100,pa,Punjabi,ਲਾਈਟਾਂ ਬਹੁਤ ਚਮਕਦਾਰ ਹਨ,Lā'īṭāṁ bahuta camakadāra hana,,,,A
7180,100,gu,Gujarati,દીવા ખૂબ જ તેજસ્વી છે,Dīvā khūba ja tējasvī chē,,,,A
7181,100,si,Sinhala,විදුලි බල්බ ඉතා බැරෑරුම්ය,Viduli balba itā bærǣrumya,,,,A
7182,100,km,Khmer,ពន្លឺភ្លឺពេក, Ponlu phleu pek,,,,A
7183,100,is,Icelandic,Ljósin eru of björt,,,,,A
7184,100,tl,Tagalog / Filipino,Masyadong maliwanag ang mga ilaw,,,,,A
7185,100,ms,Malay,Lampu terlalu terang,,,,,A
7186,100,jv,Javanese,Lampu-lampune padhang banget,,,,,A
7187,100,kk,Kazakh,Жарық тым жарық,Jaryq tym jaryq,,,,A
7188,100,uz,Uzbek,Chiroqlar juda yorug',,,,,A
7189,100,mn,Mongolian,Гэрэл хэт гэрэлтэй,Gerel khet gereltei,,,,A
7190,100,ka,Georgia,ნათურები ძალიან კაშკაშაა,Nat'urebi dzalian k'ashk'ashaa,,,,A
7191,100,hy,Armenian,Լույսերը չափազանց պայծառ են,Luysery ch’ap’azants’ paytsarr en,,,,A
7192,100,eu,Basuse,Argizagiak gehiegi dira,,,,,A
7193,100,ca,Catalan,Les llums són massa brillants,,,,,A
7194,100,gl,Galical,As luces son demasiado brillantes,,,,,A
7195,100,ga,Irish (Gaeilge),Tá na soilse ró-ghéar,,,,,A
7196,100,cy,Welsh,Mae'r golau'n rhy ddisglair,,,,,A
7197,100,gd,Scottish Gaelic,Tha na solais ro shoilleir,,,,,A
7198,100,lb,Luxembourgisch,D'Liichter si ze hell,,,,,A
7199,100,eo,Esperanto,La lumoj estas tro helaj,,,,,A
7200,100,la,Latin,Lumina nimis splendida sunt,,,,,A
7201,101,en,English,Global supply chains remain vulnerable to geopolitical tension,,,,,C
7202,101,es,Spanish,Las cadenas de suministro globales siguen siendo vulnerables a la tensión geopolítica,,,,,C
7203,101,fr,French,Les chaînes d'approvisionnement mondiales restent vulnérables aux tensions géopolitiques,,,,,C
7204,101,pt,Portuguese,As cadeias de suprimentos globais permanecem vulneráveis à tensão geopolítica,,,,,C
7205,101,de,German,Globale Lieferketten bleiben anfällig für geopolitische Spannungen,,,,,C
7206,101,it,Italian,Le catene di approvvigionamento globali rimangono vulnerabili alle tensioni geopolitiche,,,,,C
7207,101,ru,Russian,Глобальные цепочки поставок остаются уязвимыми для геополитической напряжённости,Global'nyye tsepochki postavok ostayutsya uyazvimymi dlya geopoliticheskoy napryazhyonnosti,,,,C
7208,101,ar,Arabic,تظل سلاسل التوريد العالمية عرضة للتوتر الجيوسياسي,Taẓall silasil al-tawrīd al-ʿālamīyah ʿarḍatan lil-tawatur al-jīyūsīyāsī,,,,C
7209,101,hi,Hindi,वैश्विक आपूर्ति श्रृंखलाएँ भू-राजनीतिक तनाव के प्रति संवेदनशील बनी हुई हैं,Vaiśvik āpūrti śrr̥ṅkhalāẽ bhū-rājnītik tanāv ke prati saṁvedanśīl banī huī hain,,,,C
7210,101,bn,Bengali,বৈশ্বিক সরবরাহ শৃঙ্খলা ভূ-রাজনৈতিক উত্তেজনার প্রতি সংবেদনশীল থাকে,Baiśbika sarabarahā śr̥ṅkhalā bhū-rājanaitika uttējanāra prati sambēdanaśīla thākē,,,,C
7211,101,ur,Urdu,عالمی رسد کے سلسلے جغرافیائی سیاسی تناؤ کے لیے کمزور رہتے ہیں,Ālamī rasd ke silsile jughrāfiyā'ī siyāsī tanā'o ke liye kamzor rahte hain,,,,C
7212,101,fa,Persian,زنجیره‌های تأمین جهانی در برابر تنش‌های ژئوپلیتیکی آسیب‌پذیر باقی می‌مانند,Zanjire-hâye ta'min-e jahani dar barâbare taneš-hâye je'opolitiki âsib-pazir bâqi mi-mânand,,,,C
7213,101,tr,Turkish,Küresel tedarik zincirleri jeopolitik gerilime karşı savunmasız kalmaktadır,,,,,C
7214,101,ja,Japanese,グローバルサプライチェーンは地政学的緊張に対して脆弱なままです,Gurōbaru sapuraicheen wa chiseijakuteki kinchō ni taishite zeijakuna mama desu,,,,C
7215,101,ko,Korean,글로벌 공급망은 지정학적 긴장에 취약한 상태로 남아 있습니다,Geullobeol gonggeummang-eun jijeonghagjeok ginjang-e chwiyaghan sangtaero nama itseumnida,,,,C
7216,101,zh-cn,Mandarin (Simplified),全球供应链仍然容易受到地缘政治紧张局势的影响,,quánqiú gōngyìng liàn réngrán róngyì shòudào dìyuán zhèngzhì jǐnzhāng júshì de yǐngxiǎng,,C
7217,101,zh-tw,Mandarin (Traditional),全球供應鏈仍然容易受到地緣政治緊張局勢的影響,,quánqiú gōngyìng liàn réngrán róngyì shòudào dìyuán zhèngzhì jǐnzhāng júshì de yǐngxiǎng,,C
7218,101,vi,Vietnamese,Các chuỗi cung ứng toàn cầu vẫn dễ bị tổn thương trước căng thẳng địa chính trị,,,,,C
7219,101,th,Thai,ห่วงโซ่อุปทานระดับโลกยังคงเปราะบางต่อความตึงเครียดทางการเมือง,H̄wngxos̄xup thān radạb lok yạngkhng perxbkàr t̀x khwām tụng kherīyd thāng kārmeụ̄xng,,,,C
7220,101,id,Indonesian,Rantai pasokan global tetap rentan terhadap ketegangan geopolitik,,,,,C
7221,101,sw,Swahili,Minong'ono ya usambazaji duniani bado ni nyeti kwa mvutano wa kisiasa-kijiografia,,,,,C
7222,101,nl,Dutch,Wereldwijde toeleveringsketens blijven kwetsbaar voor geopolitieke spanningen,,,,,C
7223,101,pl,Polish,Globalne łańcuchy dostaw pozostają wrażliwe na napięcia geopolityczne,,,,,C
7224,101,uk,Ukrainian,Глобальні ланцюги поставок залишаються вразливими до геополітичної напруги,Hlobal'ni lantsyuhy postavok zalyshayut'sya vrazlyvymy do heopolitychnoyi napruhy,,,,C
7225,101,el,Greek,Οι παγκόσμιες εφοδιαστικές αλυσίδες παραμένουν ευάλωτες στη γεωπολιτική ένταση,I pagkósmiés efodiastikés alysídes paraménoun eválotes sti geopolitikí éntasi,,,,C
7226,101,sv,Swedish,Globala leveranskedjor förblir sårbara för geopolitisk spänning,,,,,C
7227,101,no,Norwegian,Globale forsyningskjeder forblir sårbare for geopolitisk spenning,,,,,C
7228,101,da,Dansk,Globale forsyningskæder forblir sårbare over for geopolitisk spænding,,,,,C
7229,101,fi,Finnish,Globaalit toimitusketjut säilyvät haavoittuvina geopoliittiselle jännitteelle,,,,,C
7230,101,cs,Czech,Globální dodavatelské řetězce zůstávají zranitelné vůči geopolitickému napětí,,,,,C
7231,101,hu,Hungarian,A globális ellátási láncok továbbra is sebezhetőek a geopolitikai feszültségekkel szemben,,,,,C
7232,101,ro,Romanian,Lanțurile globale de aprovizionare rămân vulnerabile la tensiunea geopolitică,,,,,C
7233,101,bg,Bulgarian,Глобалните вериги на доставки остават уязвими за геополитическо напрежение,Globalnite verigi na dostavki ostavat uyazvimi za geopolitichesko naprezenie,,,,C
7234,101,sr,Serbian,Глобални ланци снабдевања остају рањиви на геополитичке тензије,Globalni lanci snabdevanja ostaju ranjivi na geopolitičke tenzije,,,,C
7235,101,sk,Slovak,Globálne dodávateľské reťazce zostávajú zraniteľné voči geopolitickému napätiu,,,,,C
7236,101,sl,Slovenian,Globalne dobavne verige ostajajo ranljive za geopolitično napetost,,,,,C
7237,101,lt,Lithuanian,Pasauliniai tiekimo grandiniai išlieka pažeidžiami dėl geopolitinės įtampos,,,,,C
7238,101,lv,Latvian,Globālās piegādes ķēdes paliek neaizsargātas pret ģeopolitisko spriedzi,,,,,C
7239,101,et,Estonian,Globaalsed tarneahelad jäävad geopoliitilise pinge suhtes haavatavaks,,,,,C
7240,101,he,Hebrew,שרשרות האספקה הגלובליות נותרות פגיעות למתח גיאופוליטי,Sharsharot ha'aspaka ha'globaliyot notrot pigiot lematakh giopoliti,,,,C
7241,101,ha,Hausa,Sarkar samar da kayayyaki a duniya suna ci gaba da zama masu rauni ga tashin hankali na siyasa,,,,,C
7242,101,yo,Yoruba,Awọn ẹwọn iṣọdi agbaye ti wa ni ailewu si ijamba iṣelu-aye,,,,C
7243,101,ig,Igbo,Ụdọ ndị na-ebubata ngwaahịa n'ụwa niile ka na-adị mfe ịdaba na esemokwu ndọrọ ndọrọ ọchịchị,,,,C
7244,101,am,Amharic,ዓለም አቀፍ አቅርቦት ሰንሰለቶች ለጂኦፖሊቲካዊ ውጥረት ሊጎዳ ይችላሉ,Ālemi āk'efi āk'iroboti seniseletochi lejīopolītīkawī wit'ireti līgoda yichilalu,,,,C
7245,101,ti,Tigrinya,ዓለማዊ ሰንሰለት ኣቅርቦት ንጂኦፖለቲካዊ ሽቅብ ተጋላጋሊ ይኸውን ኣሎ,Ālemawi seniseleti ak'iroboti nijīopolētīkawī shik'ibi tegalagali yikhewini alo,,,,C
7246,101,ne,Nepali,वैश्विक आपूर्ति शृङ्खलाहरू भूराजनीतिक तनावको लागि सुभेद्य रहन्छन्,Vaiśvika āpūrti śr̥ṅkhalāharū bhūrājanītika tanāvakō lāgi subhēdya rahanchan,,,,C
7247,101,ta,Tamil,உலகளாவிய விநியோகச் சங்கிலிகள் புவியியல் அரசியல் பதட்டத்திற்கு உள்ளாகின்றன,Ulakalāviya viniyōkac caṅkilikaḷ puviyiyal araciyal pataṭṭattiṟku uḷḷākiṉṟaṉa,,,,C
7248,101,te,Telugu,ప్రపంచ సరఫరా గొలుసులు భౌగోళిక రాజకీయ ఉద్రేకానికి హాని కలిగించే అవకాశం ఉంది,Prapan̄ca sarapharā golusulu bhaughōḷika rājakīya udrēkāniki hāni kaligin̄cē avakāśaṁ undi,,,,C
7249,101,ml,Malayalam,ആഗോള വിതരണ ശൃംഖലകൾ ഭൂരാഷ്ട്രീയ പതടുത്തിന് ദുർബലമായി തുടരുന്നു,Āgōḷa vitaraṇa śr̥ṅkhalakaḷ bhūrāṣṭrīya pataṭuttin durbalamāyi tuṭarunnu,,,,C
7250,101,mr,Marathi,जागतिक पुरवठा साखळ्या भूराजकीय तणावापुढे असुरक्षित राहतात,Jāgatika puravaṭhā sākhaḷyā bhūrājakīya taṇāvāpuḍhe asurakṣita rāhatāta,,,,C
7251,101,pa,Punjabi,ਵਿਸ਼ਵ ਵਿਕਰੀ ਸੰਪਰਕ ਜੀਓਪੋਲਿਟੀਕਲ ਤਣਾਅ ਦੇ ਪ੍ਰਤੀ ਸੰਵੇਦਨਸ਼ੀਲ ਰਹਿੰਦੇ ਹਨ,Viśav vikarī saparaka jī'ōpōliṭīkala taṇā'a dē pratī savēdanaśīla rahindē hana,,,,C
7252,101,gu,Gujarati,વૈશ્વિક સપ્લાય ચેનો ભૂરાજકીય તણાવને અસુરક્ષિત રહે છે,Vaiśvika saplāya cēnō bhūrājakīya taṇāvanē asurakṣita rahē chē,,,,C
7253,101,si,Sinhala,ගෝලීය සැපයුම් දාමයන් භූරාජ්යතාන්ත්රික ආතතියට අවදිව පවතී,Gōlīya sæpayum dāmayan bhūrājyatāntrika ātatiyaṭa avadiva pavatī,,,,C
7254,101,km,Khmer,ខ្សែសង្វាក់ផ្គត់ផ្គង់ពិភពលោកនៅតែងាយរងគ្រោះដោយតង្កៀបភូមិសាស្ត្រនយោបាយ,Khsae sangveak phkotphkung piphop lok now tae ngeay rong kruh dauy tngkiep phumisastr noyoubai,,,,C
7255,101,is,Icelandic,Alþjóðlegar birgðakeðjur haldast viðkvæmar fyrir landfræðilegri spennu,,,,,C
7256,101,tl,Tagalog / Filipino,Ang mga pandaigdigang supply chain ay nananatiling mahina sa geopolitikal na tensyon,,,,,C
7257,101,ms,Malay,Rangkaian bekalan global kekal terdedah kepada ketegangan geopolitik,,,,,C
7258,101,jv,Javanese,Ranté pasokan global tetep rentan karo ketegangan geopolitik,,,,,C
7259,101,kk,Kazakh,Жаһандық жеткізу тізбектері геосаяси шиеленіске осал болады,Jahandyq jetkizu tizbekteri geosayasi şieleniske osal bolady,,,,C
7260,101,uz,Uzbek,Global ta'minot zanjirlari geopolitik keskinlikka nisbatan zaif bo'lib qolmoqda,,,,,C
7261,101,mn,Mongolian,Дэлхийн нийлүүлэлтийн сүлжээ газрын улс төрийн хурцадмал байдлын эрсдэлд өртсөөр байна,Delkhin niilüülteiin süljee gazryn uls töriin khurtsadmali baidlyn ersdeld örtsöör baina,,,,C
7262,101,ka,Georgia,გლობალური მიწოდების ჯაჭვები გეოპოლიტიკური დაძაბულობის მიმართ დაუცველი რჩება,Globāluri mits'odebis jach'vebi geopolit'ik'uri dadzabulobis mimart dautsveli rcheba,,,,C
7263,101,hy,Armenian,Գլոբալ մատակարարման շղթաները մնում են խոցելի երկրաքաղաքական լարվածության համար,Global matakararman shght’anery mnum en khots’eli yerkrak’aghak’akan larvatsut’yan hamar,,,,C
7264,101,eu,Basuse,Elikadura-kate globalak geopolitikako tentsioarekiko sentikor jarraitzen dute,,,,,C
7265,101,ca,Catalan,Les cadenes de subministrament globals continuen sent vulnerables a la tensió geopolítica,,,,,C
7266,101,gl,Galical,As cadeas de subministración globais seguen sendo vulnerables á tensión xeopolítica,,,,,C
7267,101,ga,Irish (Gaeilge),Fanann slabhraí soláthair domhanda so-ghonta d'fhonn teannas geopholaitiúil,,,,,C
7268,101,cy,Welsh,Mae cadwyni cyflenwi byd-eang yn parhau'n agored i densiwn daearyddol-wleidyddol,,,,,C
7269,101,gd,Scottish Gaelic,Tha slabhraidhean solar cruinneil fhathast so-leònte do theannsachadh geopolitigeach,,,,,C
7270,101,lb,Luxembourgisch,Global Fournissementsketten bleiwen ufälleg fir geopolitesch Spannungen,,,,,C
7271,101,eo,Esperanto,Globalaj provizaj ĉenoj restas vundeblaj al geopolitika streĉiĝo,,,,,C
7272,101,la,Latin,Orbis terrarum commeatus catenae obnoxii manent ad contentionem geopoliticam,,,,,C
7273,102,en,English,Can you open the window?,,,,,A
7274,102,es,Spanish,Puedes abrir la ventana?,,,,,A
7275,102,fr,French,Pouvez-vous ouvrir la fenêtre?,,,,,A
7276,102,pt,Portuguese,Você pode abrir a janela?,,,,,A
7277,102,de,German,Kannst du das Fenster öffnen?,,,,,A
7278,102,it,Italian,Potresti aprire la finestra?,,,,,A
7279,102,ru,Russian,Можешь открыть окно?,Mozhesh' otkryt' okno?,,,,A
7280,102,ar,Arabic,هل يمكنك فتح النافذة؟,Hal yumkinuka fataḥ al-nāfidhah?,,,,A
7281,102,hi,Hindi,क्या आप खिड़की खोल सकते हैं?,Kyā āp khiṛkī khol sakte hain?,,,,A
7282,102,bn,Bengali,তুমি কি জানালা খুলতে পারো?,Tumi ki jānālā khulatē pārō?,,,,A
7283,102,ur,Urdu,کیا آپ کھڑکی کھول سکتے ہیں؟,Kya aap khidki khol sakte hain?,,,,A
7284,102,fa,Persian,میشه پنجره رو باز کنی؟,Mishe panjere ro baz koni?,,,,A
7285,102,tr,Turkish,Pencereyi açabilir misin?,,,,,A
7286,102,ja,Japanese,窓を開けてもらえますか？,Mado o akete moraemasu ka?,,,,A
7287,102,ko,Korean,창문 좀 열어 주시겠어요?,Changmun jom yeoreo jusigesseoyo?,,,,A
7288,102,zh-cn,Mandarin (Simplified),你能打开窗户吗？,,nǐ néng dǎkāi chuānghù ma?,,A
7289,102,zh-tw,Mandarin (Traditional),你能打開窗戶嗎？,,nǐ néng dǎkāi chuānghù ma?,,A
7290,102,vi,Vietnamese,Bạn có thể mở cửa sổ được không?,,,,,A
7291,102,th,Thai,คุณเปิดหน้าต่างได้ไหม,Khuṇ peid n̂ả tả̀ng dị̂ h̄ịm?,,,,A
7292,102,id,Indonesian,Bisakah kamu membuka jendela?,,,,,A
7293,102,sw,Swahili,Unaweza kufungua dirisha?,,,,,A
7294,102,nl,Dutch,Kun je het raam openen?,,,,,A
7295,102,pl,Polish,Czy możesz otworzyć okno?,,,,,A
7296,102,uk,Ukrainian,Чи можете ви відкрити вікно?,Chy mozhete vy vidkryty vikno?,,,,A
7297,102,el,Greek,Μπορείς να ανοίξεις το παράθυρο?,Boreis na anoikseis to parathyro?,,,,A
7298,102,sv,Swedish,Kan du öppna fönstret?,,,,,A
7299,102,no,Norwegian,Kan du åpne vinduet?,,,,,A
7300,102,da,Dansk,Kan du åbne vinduet?,,,,,A
7301,102,fi,Finnish,Voitko avata ikkunan?,,,,,A
7302,102,cs,Czech,Můžeš otevřít okno?,,,,,A
7303,102,hu,Hungarian, Kinyitnád az ablakot?,,,,,A
7304,102,ro,Romanian,Poți să deschizi fereastra?,,,,,A
7305,102,bg,Bulgarian,Можеш ли да отвориш прозореца?,Mozhesh li da otvorish prozoretsa?,,,,A
7306,102,sr,Serbian,Можеш ли да отвориш прозор?,Možeš li da otvoriš prozor?,,,,A
7307,102,sk,Slovak,Môžeš otvoriť okno?,,,,,A
7308,102,sl,Slovenian,Lahko odpreš okno?,,,,,A
7309,102,lt,Lithuanian,Ar galėtum atidaryti langą?,,,,,A
7310,102,lv,Latvian,Vai vari atvērt logu?,,,,,A
7311,102,et,Estonian,Kas sa saaksid akna avada?,,,,,A
7312,102,he,Hebrew,אתה יכול לפתוח את החלון?,Ata yachol liftoach et hachalon?,,,,A
7313,102,ha,Hausa,Za ka iya bude taga?,,,,,A
7314,102,yo,Yoruba,Ṣe o le ṣii fèrèsé náà?,,,,A
7315,102,ig,Igbo,Ị nwere ike imeghe windo?,,,,,A
7316,102,am,Amharic,መስኮቱን መክፈት ትችላለህ?,Mesikotuni mekifet tichilalehi?,,,,A
7317,102,ti,Tigrinya,ነታ መስኮት ክትከፍታ ትኽእል ዲኻ?,Neta mesikit kitkifeta tikh'il diha?,,,,A
7318,102,ne,Nepali,ढोका खोल्न सक्नुहुन्छ?,Ḍhōkā kholna saknuhuncha?,,,,A
7319,102,ta,Tamil,நீங்கள் சாளரத்தை திறக்க முடியுமா?,Nīṅkaḷ cāḷarattai tiṟakka muṭiyumā?,,,,A
7320,102,te,Telugu,మీరు కిటికీ తెరవగలరా?,Mīru kiṭikī teravagalarā?,,,,A
7321,102,ml,Malayalam,നിങ്ങൾക്ക് ജനല് തുറക്കാമോ?,Niṅṅaḷkk janaluṟakāṁ teṟakkāmō?,,,,A
7322,102,mr,Marathi,तू खिडकी उघडू शकतोस का?,Tū khiḍakī ughaḍū śakatōsa kā?,,,,A
7323,102,pa,Punjabi,ਕੀ ਤੁਸੀਂ ਖਿੜਕੀ ਖੋਲ ਸਕਦੇ ਹੋ?,Kī tusīṁ khiṛkī khōla sakadē hō?,,,,A
7324,102,gu,Gujarati,શું તમે બારી ખોલી શકો છો?,Śuṁ tamē bārī khōlī śakō chō?,,,,A
7325,102,si,Sinhala,ඔබට කවුළුව විවෘත කළ හැකිද?,Obaṭa kavuḷuva vivṛta kaḷa hækida?,,,,A
7326,102,km,Khmer,តើអ្នកអាចបើកបង្អួចបានទេ?,Tae anak ach baek bang'uoch ban te?,,,,A
7327,102,is,Icelandic,Geturðu opnað gluggann?,,,,,A
7328,102,tl,Tagalog / Filipino,Pwede mo bang buksan ang bintana?,,,,,A
7329,102,ms,Malay,Bolehkah anda membuka tingkap?,,,,,A
7330,102,jv,Javanese,Apa sampeyan bisa mbukak jendhela?,,,,,A
7331,102,kk,Kazakh,Терезені аша аласың ба?,Terezeni asha alasıñ ba?,,,,A
7332,102,uz,Uzbek,Darchani ocha olasizmi?,,,,,A
7333,102,mn,Mongolian,Та цонхыг нээж чадах уу?,Ta tsonkhig neej chadakh uu?,,,,A
7334,102,ka,Georgia,შეგიძლია ფანჯარა გაუღო?,Shegidzlia panjara gaugho?,,,,A
7335,102,hy,Armenian,Կարող ե՞ս բացել պատուհանը,Karogh es? bats’el patuhanə,,,,A
7336,102,eu,Basque,Ireki dezakezu leihoa?,,,,,A
7337,102,ca,Catalan,Pots obrir la finestra?,,,,,A
7338,102,gl,Galical,Podes abrir a fiestra?,,,,,A
7339,102,ga,Irish (Gaeilge),An féidir leat an fhuinneog a oscailt?,,,,,A
7340,102,cy,Welsh,Allwch chi agor y ffenestr?,,,,,A
7341,102,gd,Scottish Gaelic,An urrainn dhut an uinneag fhosgladh?,,,,,A
7342,102,lb,Luxembourgisch,Kanns du d'Fënster opmaachen?,,,,,A
7343,102,eo,Esperanto,Ĉu vi povas malfermi la fenestron?,,,,,A
7344,102,la,Latin,Potesne fenestram aperire?,,,,,A
7345,103,en,English,Although the data appeared reliable, hidden biases distorted the conclusions,,,,,C
7346,103,es,Spanish,Aunque los datos parecían fiables, los sesgos ocultos distorsionaron las conclusiones,,,,,C
7347,103,fr,French,Bien que les données aient paru fiables, des biais cachés ont faussé les conclusions,,,,,C
7348,103,pt,Portuguese,Embora os dados parecessem confiáveis, vieses ocultos distorceram as conclusões,,,,,C
7349,103,de,German,Obwohl die Daten zuverlässig schienen, verzerrten versteckte Verzerrungen die Schlussfolgerungen,,,,,C
7350,103,it,Italian,Nonostante i dati sembrassero affidabili, pregiudizi nascosti hanno distorto le conclusioni,,,,,C
7351,103,ru,Russian,Хотя данные казались надёжными, скрытые предубеждения исказили выводы,Khotya dannyye kazalis' nadyozhnymi, skrytyye predubezhdeniya iskazili vyvody,,,,C
7352,103,ar,Arabic,على الرغم من أن البيانات بدت موثوقة، فإن التحيزات الخفية شوهت الاستنتاجات,ʿAlā al-raghm min an al-bayānāt badat mawthūqah, fa-inna al-taḥayyuzāt al-khafīyah shawwahat al-istintājāt,,,,C
7353,103,hi,Hindi,हालांकि डेटा विश्वसनीय प्रतीत हुआ, लेकिन छिपे हुए पूर्वाग्रहों ने निष्कर्षों को विकृत कर दिया,Hālāṅki ḍeṭā viśvasnīya pratīt huā, lekin chipe hue pūrvāgrahõ ne niṣkarṣõ ko vikr̥t kar diyā,,,,C
7354,103,bn,Bengali,যদিও তথ্যগুলি নির্ভরযোগ্য বলে মনে হয়েছিল, তবে লুকিয়ে থাকা পক্ষপাতিত্ব সিদ্ধান্তগুলিকে বিকৃত করেছিল,Yadi'ō tathyaguli nirbharayōgya balē manē haẏēchila, tabē lukiyē thākā pakṣapātitba siddhāntagulikē bikr̥ta karēchila,,,,C
7355,103,ur,Urdu,اگرچہ اعداد و شمار قابل اعتماد معلوم ہوتے تھے، لیکن پوشیدہ تعصبات نے نتائج کو مسخ کر دیا,Agarchah a'adad o shumar qabil-e-etemaad maloom hotay thay, lekin posheeda taasubaat ne nataij ko maskh kar diya,,,,C
7356,103,fa,Persian,اگرچه داده‌ها قابل اعتماد به نظر می‌رسیدند، اما تعصبات پنهان نتیجه‌گیری‌ها را تحریف کردند,Agarchah dade-hâ qâbel-e e'tebâd be nazar mi-residand, ammâ ta'assobât-e penhân natije-giri-hâ râ tahrif kardand,,,,C
7357,103,tr,Turkish,Veriler güvenilir görünse de, gizli önyargılar sonuçları çarpıttı,,,,,C
7358,103,ja,Japanese,データは信頼できるように見えたが、隠れた偏見が結論を歪めた,Deeta wa shinrai dekiru yō ni mieta ga, kakureta henken ga ketsuron o yugameta,,,,C
7359,103,ko,Korean,데이터는 신뢰할 수 있는 것처럼 보였지만, 숨겨진 편향이 결론을 왜곡했습니다,Deiteoneun silloehal su inneun geotcheoleom boyeotjiman, sumgyeojin pyeonhyang-i gyeollon-eul waegokhaetseumnida,,,,C
7360,103,zh-cn,Mandarin (Simplified),虽然数据看起来可靠，但隐藏的偏见扭曲了结论,,suīrán shùjù kàn qǐlái kěkào, dàn yǐncáng de piānjiàn niǔqūle jiélùn,,C
7361,103,zh-tw,Mandarin (Traditional),雖然數據看起來可靠，但隱藏的偏見扭曲了結論,,suīrán shùjù kàn qǐlái kěkào, dàn yǐncáng de piānjiàn niǔqūle jiélùn,,C
7362,103,vi,Vietnamese,Mặc dù dữ liệu có vẻ đáng tin cậy, nhưng những định kiến ẩn đã làm sai lệch kết luận,,,,,C
7363,103,th,Thai,แม้ว่าข้อมูลจะดูน่าเชื่อถือ แต่ความลำเอียงที่ซ่อนอยู่ได้บิดเบือนข้อสรุป,Mæ̂ẁā kh̀xmūl ca dū n̂ả cheụ̄̀xthī̀ tæ̀ khwām lảxeīyng thī̀ s̄xn xyū̀ dị̂ bidbeụ̄xn kh̀xs̄rup,,,,C
7364,103,id,Indonesian,Meskipun datanya tampak andal, bias tersembunyi mendistorsi kesimpulan,,,,,C
7365,103,sw,Swahili,Ingawa data ilionekana kuwa ya kuaminika, upendeleo uliofichika ulipotosha hitimisho,,,,,C
7366,103,nl,Dutch,Hoewel de data betrouwbaar leek, vervormden verborgen vooroordelen de conclusies,,,,,C
7367,103,pl,Polish,Chociaż dane wydawały się wiarygodne, ukryte uprzedzenia wypaczyły wnioski,,,,,C
7368,103,uk,Ukrainian,Хоча дані здавалися надійними, приховані упередження спотворили висновки,Khotya dani zdavalysya nadiynymy, prykhovani uperedzhennya spotvoryly vysnovky,,,,C
7369,103,el,Greek,Παρόλο που τα δεδομένα φαίνονταν αξιόπιστα, οι κρυφές προκαταλήψεις διέστρεψαν τα συμπεράσματα,Parólo pou ta dedoména faínontan axiópista, oi kryfés prokatalípseis diéstrefsan ta symperásmata,,,,C
7370,103,sv,Swedish,Även om datan verkade tillförlitlig, förvrängdes slutsatserna av dolda fördomar,,,,,C
7371,103,no,Norwegian,Selv om dataene så pålitelige ut, forvrengte skjulte fordommer konklusjonene,,,,,C
7372,103,da,Dansk,Selvom dataene syntes pålidelige, forvrængede skjulte bias konklusionerne,,,,,C
7373,103,fi,Finnish,Vaikka tiedot vaikuttivat luotettavilta, piilotetut ennakkoasenteet vääristivät johtopäätöksiä,,,,,C
7374,103,cs,Czech,Přestože se data zdála být spolehlivá, skryté předsudky zkreslily závěry,,,,,C
7375,103,hu,Hungarian,Bár az adatok megbízhatónak tűntek, a rejtett torzítások elferdítették a következtetéseket,,,,,C
7376,103,ro,Romanian,Deși datele păreau fiabile, prejudecățile ascunse au denaturat concluziile,,,,,C
7377,103,bg,Bulgarian,Въпреки че данните изглеждаха надеждни, скритите пристрастия изкривиха заключенията,Vŭpreki che dannite izglezhdaha nadezhdni, skritite pristrastiya izkriviha zaklyucheniyata,,,,C
7378,103,sr,Serbian,Иако су подаци изгледали поуздани, скривена пристрасност је изобличила закључке,Iako su podaci izgledali pouzdani, skrivena pristrasnost je izobličila zaključke,,,,C
7379,103,sk,Slovak,Hoci údaje sa zdali spoľahlivé, skryté predsudky skreslili závery,,,,,C
7380,103,sl,Slovenian,Čeprav so se podatki zdeli zanesljivi, so skriti pristranskosti izkrivili zaključke,,,,,C
7381,103,lt,Lithuanian,Nors duomenys atrodė patikimi, paslėpti šališkumai iškraipė išvadas,,,,,C
7382,103,lv,Latvian,Lai gan dati šķita ticami, slēptās aizspriedumas izkropļoja secinājumus,,,,,C
7383,103,et,Estonian,Kuigi andmed näisid usaldusväärsed, moonutasid varjatud kallutamised järeldusi,,,,,C
7384,103,he,Hebrew,למרות שהנתונים נראו אמינים, דעות קדומות מוסתרות עיוותו את המסקנות,Lamrot shehanetunim nir'u aminit, de'ot kadumot mustarot iwetu et hamaskanot,,,,C
7385,103,ha,Hausa,Ko da yake bayanan sun yi kama da abin dogara, amma ra'ayoyin da aka boye sun karkatar da sakamakon,,,,,C
7386,103,yo,Yoruba,Bó tilẹ̀ jẹ́ pé àwọn dátà ṣe dà bí ohun tí a lè gbẹkẹ̀ lé, àwọn ìṣọ̀rí ihamọ̀ ti ṣe àìtọ́ àwọn ìparí,,,,C
7387,103,ig,Igbo,N'agbanyeghị na data ahụ dị ka ihe a pụrụ ịtụkwasị obi, echiche ndị zoro ezo mebiri nkwubi okwu ahụ,,,,C
7388,103,am,Amharic,ውሂቡ አስተማማኝ ቢመስልም, የተደበቁ አድልዎዎች መደምደሚያዎቹን አዛባቸው,Wehibu āsitemamany bimesilimi, yetedebek'u ādiliwowochi medemidemīyawochini āzabachewi,,,,C
7389,103,ti,Tigrinya,ከምኡ እኳ እቲ ዳታ ኣማንነት ዝብል ዝመስል እኳ እዩ, ደቂቁ ኣድልዎታት ነቲ መደምደምታታት ኣበላሽዩ።,Kemu iwa iti data amaninet zibil zimisil iwa iyu, dek'iku adiliwoitat neti medemidemitatat abelashiyu,,,,C
7390,103,ne,Nepali,यद्यपि डाटा विश्वसनीय देखिएको थियो, तर लुकेका पूर्वाग्रहहरूले निष्कर्षहरू विकृत गरे, Yadyapi ḍāṭā viśvasanīya dekhiekō thiyō, tara lukekā pūrvāgrahaharūle niṣkarṣaharū vikr̥ta gare,,,,C
7391,103,ta,Tamil,தரவு நம்பகமானதாகத் தோன்றினாலும், மறைந்திருந்த பக்கச்சார்புகள் முடிவுகளை வக்கிரப்படுத்தின,Taravu nampakamāṉatākat tōṉṟiṉālum, maṟaintirunta pakkaccārpukaḷ muṭivukaḷai vakkirapaṭuttiṉa,,,,C
7392,103,te,Telugu,డేటా నమ్మదగినదిగా కనిపించినప్పటికీ, దాచి ఉంచబడిన పక్షపాతాలు తీర్మానాలను వికృతం చేశాయి,Ḍēṭā nammadaginadigā kanipiñcinappaṭikī, dāci uñcabadiṇa pakṣapātālu tīrmānalanu vikr̥taṁ cēśāyi,,,,C
7393,103,ml,Malayalam,ഡാറ്റ വിശ്വസനീയമായി തോന്നിയെങ്കിലും, മറഞ്ഞിരുന്ന പക്ഷപാതിത്വം നിഗമനങ്ങളെ വികൃതമാക്കി,Ṭāṟṟa viśvasanīyamāyi tōnniyeṅkiluṁ, maṟaññirunna pakṣapātitvaṁ nigamanaṅṅaḷe vikr̥tamākki,,,,C
7394,103,mr,Marathi,डेटा विश्वसनीय दिसत असला तरी, लपलेल्या पूर्वग्रहांनी निष्कर्ष विकृत केले,Ḍeṭā viśvasnīya disata asalā tarī, lapalelyā pūrvagrahānnī niṣkarṣ vikr̥ta kele,,,,C
7395,103,pa,Punjabi,ਹਾਲਾਂਕਿ ਡੇਟਾ ਭਰੋਸੇਯੋਗ ਲੱਗ ਰਿਹਾ ਸੀ, ਪਰ ਲੁਕੇ ਹੋਏ ਪੱਖਪਾਤਾਂ ਨੇ ਨਤੀਜਿਆਂ ਨੂੰ ਵਿਗਾੜ ਦਿੱਤਾ,Hālāṅki ḍēṭā bharōsēyōga laga rihā sī, para lukē hō'ē pakkhapātāṁ nē natīji'āṁ nū vigāṛa ditā,,,,C
7396,103,gu,Gujarati,જોકે ડેટા વિશ્વસનીય લાગતો હતો, છતાં છુપાયેલા પૂર્વગ્રહોએ તારણોને વિકૃત કરી નાંખ્યા,Jōkē ḍēṭā viśvasanīya lāgatō hatō, chhatāṁ chupāyēlā pūrvagrahō'ē tāraṇōnē vikr̥ta karī nāṅkhyā,,,,C
7397,103,si,Sinhala,දත්ත විශ්වාසනීය යැයි පෙනුනද, සැඟවුණු පක්ෂපාතීන් නිගමන විකෘත කළහ,Datta viśvāsanīya yæyi penunada, sæⁿgavuṇu pakṣapātī nigamana vikruta kaḷaha,,,,C
7398,103,km,Khmer,ទោះបីជាទិន្នន័យហាក់ដូចជាគួរឱ្យជឿក៏ដោយ ការលម្អៀងដែលលាក់ទៅបានបំផ្លាញការសន្និដ្ឋាន,Toah bei chea tinnonay hat doch chea kuor aoy cheu ka dauy, kar lom'eng del leak tow ban bamphlanh karsannidthan,,,,C
7399,103,is,Icelandic,Þótt gögnin virtust áreiðanleg, skekktu falin hlutdrægni niðurstöðurnar,,,,,C
7400,103,tl,Tagalog / Filipino,Bagama't ang datos ay mukhang maaasahan, binago ng nakatagong biases ang mga konklusyon,,,,,C
7401,103,ms,Malay,Walaupun data kelihatan boleh dipercayai, bias tersembunyi telah memutarbelitkan kesimpulan,,,,,C
7402,103,jv,Javanese,Sanajan datane katon dipercaya, bias sing didhelikake nggawe kesimpulan dadi miring,,,,,C
7403,103,kk,Kazakh,Деректер сенімді болып көрінсе де, жасырын бейімділіктер қорытындыларды бұрды,Derekter senimdi bolıp körinse de, jasıryn beimdilikter qorytyndılardı burdı,,,,C
7404,103,uz,Uzbek,Ma'lumotlar ishonchli ko'rinsa-da, yashirin tarafkashliklar xulosalarni buzdi,,,,,C
7405,103,mn,Mongolian,Өгөгдөл найдвартай санагдаж байсан ч, далд адисгууд дүгнэлтүүдийг гажуудуулсан,Ögödlöl naidvartai sanagdaj baisan ch, dald adisguud dügneltüüdiig gajuuduulsan,,,,C
7406,103,ka,Georgia,მიუხედავად იმისა, რომ მონაცემები საიმედოდ ჩანდა, ფარული მიკერძოებებმა დასკვნები გადახრა,Miukhedavad imisa, rom monatsemebi saimedod chanda, paruli mik'erdzoebebma dask'vnebi gadakhra,,,,C
7407,103,hy,Armenian,Չնայած տվյալները հուսալի էին թվում, թաքնված նախապաշարումները խեղաթյուրեցին եզրակացությունները,Ch’nayats’ tvyalnery husali ein tvum, t’ak’nvats nakhapasharumner’ kheghat’yurets’in yezrakats’ut’yunner’e,,,,C
7408,103,eu,Basuse,Datuak fidagarriak ziruditen arren, ezkutuko aurreiritziek ondorioak desitxuratu zituzten,,,,,C
7409,103,ca,Catalan,Encara que les dades semblaven fiables, els biaixos ocults van distorsionar les conclusions,,,,,C
7410,103,gl,Galical,Aínda que os datos parecían fiables, os prexuízos ocultos distorsionaron as conclusións,,,,,C
7411,103,ga,Irish (Gaeilge),Cé go raibh cuma iontaofa ar na sonraí, chuir claontachtaí folaithe na conclúidí as a riocht,,,,,C
7412,103,cy,Welsh,Er bod y data yn ymddangos yn ddibynadwy, gwyrdrodd rhagfarnau cudd y casgliadau,,,,,C
7413,103,gd,Scottishish Gaelic,Ged a bha an dàta a' coimhead earbsach, chlaon claonaidhean falaichte na co-dhùnaidhean,,,,,C
7414,103,lb,Luxembourgisch,Obwuel d'Donnéiere verlässlech geschéngt hunn, hunn verstoppte Viruerdeelungen d'Schlëss verzerrt,,,,,C
7415,103,eo,Esperanto,Kvankam la datumoj ŝajnis fidindaj, kaŝitaj partiecoj distordis la konkludojn,,,,,C
7416,103,la,Latin,Quamquam data certa esse visa sunt, latentes pravae opiniones conclusiones depravaverunt,,,,,C
7417,104,en,English,I hear music outside,,,,,A
7418,104,es,Spanish,Escucho música afuera,,,,,A
7419,104,fr,French,J'entends de la musique dehors,,,,,A
7420,104,pt,Portuguese,Ouço música lá fora,,,,,A
7421,104,de,German,Ich höre draußen Musik,,,,,A
7422,104,it,Italian,Sento musica fuori,,,,,A
7423,104,ru,Russian,Я слышу музыку снаружи,Ya slyshu muzyku snaruzhi,,,,A
7424,104,ar,Arabic,أسمع موسيقى بالخارج,Asmaʿū mūsīqā bil-khārij,,,,A
7425,104,hi,Hindi,मैं बाहर संगीत सुनता हूँ,Main bāhar sangīt suntā hūṁ,,,,A
7426,104,bn,Bengali,আমি বাইরে গান শুনছি,Āmi bā'irē gāna śunachi,,,,A
7427,104,ur,Urdu,میں باہر موسیقی سن رہا ہوں,Main bahir moseeqi sun raha hun,,,,A
7428,104,fa,Persian,من بیرون موسیقی می‌شنوم,Man birun musiqi mi-shenavam,,,,A
7429,104,tr,Turkish,Dışarıdan müzik duyuyorum,,,,,A
7430,104,ja,Japanese,外で音楽が聞こえます,Soto de ongaku ga kikoemasu,,,,A
7431,104,ko,Korean,밖에서 음악이 들려요,Bakk-eseo eum-ag-i deullyeoyo,,,,A
7432,104,zh-cn,Mandarin (Simplified),我听到外面有音乐,,wǒ tīngdào wàimiàn yǒu yīnyuè,,A
7433,104,zh-tw,Mandarin (Traditional),我聽到外面有音樂,,wǒ tīngdào wàimiàn yǒu yīnyuè,,A
7434,104,vi,Vietnamese,Tôi nghe thấy tiếng nhạc ở bên ngoài,,,,,A
7435,104,th,Thai,ฉันได้ยินเสียงเพลงอยู่ข้างนอก,Chạn dị̂yin s̄eīyng phelng xyū̀ k̄ĥāngh̄xxk,,,,A
7436,104,id,Indonesian,Saya mendengar musik di luar,,,,,A
7437,104,sw,Swahili,Nasikia muziki nje,,,,,A
7438,104,nl,Dutch,Ik hoor muziek buiten,,,,,A
7439,104,pl,Polish,Słyszę muzykę na zewnątrz,,,,,A
7440,104,uk,Ukrainian,Я чую музику на вулиці,Ya chuyu muzyku na vulitsi,,,,A
7441,104,el,Greek,Ακούω μουσική έξω,Akouo mousiki exo,,,,A
7442,104,sv,Swedish,Jag hör musik utanför,,,,,A
7443,104,no,Norwegian,Jeg hører musikk utenfor,,,,,A
7444,104,da,Dansk,Jeg hører musik udenfor,,,,,A
7445,104,fi,Finnish,Kuulen musiikkia ulkona,,,,,A
7446,104,cs,Czech,Slyším venku hudbu,,,,,A
7447,104,hu,Hungarian,Zenét hallok odakint,,,,,A
7448,104,ro,Romanian,Aud muzică afară,,,,,A
7449,104,bg,Bulgarian,Чувам музика отвън,Chuvam muzika otvŭn,,,,A
7450,104,sr,Serbian,Чујем музику напољу,Čujem muziku napolju,,,,A
7451,104,sk,Slovak,Počujem hudbu vonku,,,,,A
7452,104,sl,Slovenian,Slišim glasbo zunaj,,,,,A
7453,104,lt,Lithuanian,Girdžiu muziką lauke,,,,,A
7454,104,lv,Latvian,Es dzirdu mūziku ārā,,,,,A
7455,104,et,Estonian,Ma kuulen väljast muusikat,,,,,A
7456,104,he,Hebrew,אני שומע מוזיקה בחוץ,Ani shomea muzika bakhutz,,,,A
7457,104,ha,Hausa,Ina jin kida a waje,,,,,A
7458,104,yo,Yoruba,Mo gbọ́ orin ni ta,ara,,,,A
7459,104,ig,Igbo,Anụrụ m egwu n'èzí,,,,A
7460,104,am,Amharic,ከውጭ ሙዚቃ እሰማለሁ,Kewich'i muzīk'a isemalehu,,,,A
7461,104,ti,Tigrinya,ካብ ደገ ሙዚቃ እሰምዕ ኣለኹ,Kab dege muzīk'a isemi' alikhu,,,,A
7462,104,ne,Nepali,म बाहिर संगीत सुन्छु,Ma bāhira sangīta sunchu,,,,A
7463,104,ta,Tamil,நான் வெளியே இசை கேட்கிறேன்,Nāṉ veḷiyē icai kēṭkiṟēṉ,,,,A
7464,104,te,Telugu,నేను బయట సంగీతం వింటున్నాను,Nēnu bayaṭa saṅgītaṁ viṇṭunnānu,,,,A
7465,104,ml,Malayalam,ഞാൻ പുറത്ത് സംഗീതം കേൾക്കുന്നു,Ñān puṟatt saṅgītaṁ kēḷkkunnu,,,,A
7466,104,mr,Marathi,मला बाहेर संगीत ऐकू येत आहे,Malā bāhēra saṅgīta aikū yeta āhē,,,,A
7467,104,pa,Punjabi,ਮੈਂ ਬਾਹਰ ਸੰਗੀਤ ਸੁਣ ਰਿਹਾ ਹਾਂ,Main bāhara sagīta suṇa rihā hāṁ,,,,A
7468,104,gu,Gujarati,હું બહાર સંગીત સાંભળું છું,Huṁ bahāra saṅgīta sāmbhaḷuṁ chuṁ,,,,A
7469,104,si,Sinhala,මම පිටත සංගීතයක් ඇසෙනවා,Mama piṭata saṁgītayak æsenavā,,,,A
7470,104,km,Khmer,ខ្ញុំឮតន្ត្រីនៅខាងក្រៅ,Khnhom leu tontrei now khang kraw,,,,A
7471,104,is,Icelandic,Ég heyri tónlist úti,,,,,A
7472,104,tl,Tagalog / Filipino,Naririnig ko ang musika sa labas,,,,,A
7473,104,ms,Malay,Saya mendengar muzik di luar,,,,,A
7474,104,jv,Javanese,Aku krungu musik ing njaba,,,,,A
7475,104,kk,Kazakh,Сыртта музыка естимін,Syrtta muzıka estimin,,,,A
7476,104,uz,Uzbek,Tashqaridan musiqani eshityapman,,,,,A
7477,104,mn,Mongolian,Би гадаа хөгжим сонсож байна,Bi gadaa khögjim sonsoj baina,,,,A
7478,104,ka,Georgia,გარეთ მუსიკას ვისმენ,Garet musik'as vismen,,,,A
7479,104,hy,Armenian,Ես դրսից երաժշտություն եմ լսում,Yes drsits’ yerazhshtut’yun em lsum,,,,A
7480,104,eu,Basuse,Musika entzuten dut kanpoan,,,,,A
7481,104,ca,Catalan,Sento música a fora,,,,,A
7482,104,gl,Galical,Ouo música fora,,,,,A
7483,104,ga,Irish (Gaeilge),Cloisim ceol amuigh,,,,,A
7484,104,cy,Welsh,Rwy'n clywed cerddoriaeth y tu allan,,,,,A
7485,104,gd,Scottish Gaelic,Cluinnidh mi ceòl a-muigh,,,,,A
7486,104,lb,Luxembourgisch,Ech héieren dohannen Musek,,,,,A
7487,104,eo,Esperanto,Mi aŭdas muzikon ekstere,,,,,A
7488,104,la,Latin,Foris musicam audio,,,,,A
7489,105,en,English,She plans to start her own business next year,,,,,B
7490,105,es,Spanish,Ella planea empezar su propio negocio el próximo año,,,,,B
7491,105,fr,French,Elle prévoit de créer sa propre entreprise l'année prochaine,,,,,B
7492,105,pt,Portuguese,Ela planeja abrir seu próprio negócio no próximo ano,,,,,B
7493,105,de,German,Sie plant, im nächsten Jahr ihr eigenes Unternehmen zu gründen,,,,,B
7494,105,it,Italian,Lei prevede di avviare la sua attività l'anno prossimo,,,,,B
7495,105,ru,Russian,Она планирует начать свой собственный бизнес в следующем году,Ona planiruyet nachat' svoy sobstvennyy biznes v sleduyushchem godu,,,,B
7496,105,ar,Arabic,تخطط لبدء عملها التجاري الخاص العام المقبل,Tukhaṭṭiṭ libidʾ ʿamalihā al-tijārī al-khāṣṣ al-ʿām al-muqbil,,,,B
7497,105,hi,Hindi,वह अगले साल अपना खुद का व्यवसाय शुरू करने की योजना बना रही है,Vah agle sāl apnā khud kā vyavasāy śurū karne kī yojnā banā rahī hai,,,,B
7498,105,bn,Bengali,সে পরের বছর তার নিজের ব্যবসা শুরু করার পরিকল্পনা করছে,Sē pērēra bachara tāra nijēra byabasā śuru karāra parikalpaṇā karachē,,,,B
7499,105,ur,Urdu,وہ اگلے سال اپنا کاروبار شروع کرنے کا منصوبہ بنا رہی ہے,Woh aglay saal apna karobar shuru karne ka mansooba bana rahi hai,,,,B
7500,105,fa,Persian,او قصد دارد سال آینده کسب و کار خودش را شروع کند,U ghasd dārd sāl-e āyande kasb o kār-e khodesh rā shorū' konad,,,,B
7501,105,tr,Turkish,O, gelecek yıl kendi işini kurmayı planlıyor,,,,,B
7502,105,ja,Japanese,彼女は来年自分のビジネスを始める予定です,Kanojo wa rainen jibun no bijinesu o hajimeru yotei desu,,,,B
7503,105,ko,Korean,그녀는 내년에 자신의 사업을 시작할 계획입니다,Geunyeoneun naenyeone jasinui saeobeul sijakhal gyehoegimnida,,,,B
7504,105,zh-cn,Mandarin (Simplified),她计划明年开始自己的事业,,tā jìhuà míngnián kāishǐ zìjǐ de shìyè,,B
7505,105,zh-tw,Mandarin (Traditional),她計畫明年開始自己的事業,,tā jìhuà míngnián kāishǐ zìjǐ de shìyè,,B
7506,105,vi,Vietnamese,Cô ấy dự định bắt đầu công việc kinh doanh riêng vào năm sau,,,,,B
7507,105,th,Thai,เธอวางแผนที่จะเริ่มต้นธุรกิจของตัวเองในปีหน้า,Thoer wāngp̄hæn thī̀ ca reìm t̀n ṭhurkiḍ k̄hxng taw xeng nı pī h̄n̂a,,,,B
7508,105,id,Indonesian,Dia berencana memulai usahanya sendiri tahun depan,,,,,B
7509,105,sw,Swahili,Anapanga kuanzisha biashara yake mwenyewe mwaka ujao,,,,,B
7510,105,nl,Dutch,Zij is van plan volgend jaar haar eigen bedrijf te starten,,,,,B
7511,105,pl,Polish,Ona planuje założyć własny biznes w przyszłym roku,,,,,B
7512,105,uk,Ukrainian,Вона планує розпочати власний бізнес наступного року,Vona planuye rozpochaty vlasnyy biznes nastupnoho roku,,,,B
7513,105,el,Greek,Σχεδιάζει να ξεκινήσει τη δική της επιχείρηση τον επόμενο χρόνο,Schediázei na xekinísei ti dikí tis epicheírisi ton epómeno chróno,,,,B
7514,105,sv,Swedish,Hon planerar att starta sitt eget företag nästa år,,,,,B
7515,105,no,Norwegian,Hun planlegger å starte sin egen bedrift neste år,,,,,B
7516,105,da,Dansk,Hun planlægger at starte sin egen virksomhed næste år,,,,,B
7517,105,fi,Finnish,Hän suunnittelee oman yrityksen perustamista ensi vuonna,,,,,B
7518,105,cs,Czech,Plánuje příští rok začít vlastní podnikání,,,,,B
7519,105,hu,Hungarian,Azt tervezi, hogy jövőre saját vállalkozást indít,,,,,B
7520,105,ro,Romanian,Ea plănuiește să-și înceapă propria afacere anul viitor,,,,,B
7521,105,bg,Bulgarian,Тя планира да започне собствен бизнес следващата година,Tya planira da zapochnе sobstven biznes sledvashtata godina,,,,B
7522,105,sr,Serbian,Она планира да покрене свој посао следеће године,Ona planira da pokrene svoj posao sledeće godine,,,,B
7523,105,sk,Slovak,Plánuje začať svoje vlastné podnikanie budúci rok,,,,,B
7524,105,sl,Slovenian,Načrtuje, da bo naslednje leto ustanovila lastno podjetje,,,,,B
7525,105,lt,Lithuanian,Ji planuoja kitais metais pradėti savo verslą,,,,,B
7526,105,lv,Latvian,Viņa plāno nākamgad uzsākt savu uzņēmumu,,,,,B
7527,105,et,Estonian,Ta kavatseb järgmisel aastal oma äri alustada,,,,,B
7528,105,he,Hebrew,היא מתכננת לפתוח עסק משלה בשנה הבאה,Hi mitkhenenet liftokh asak meshala bashanah haba'ah,,,,B
7529,105,ha,Hausa,Tana shirin fara kamfaninta a shekara mai zuwa,,,,,B
7530,105,yo,Yoruba,Ó ń gbìyànjú láti bẹ̀rẹ̀ iṣẹ́ tirẹ̀ ní ọdún tó ń bọ̀,,,,B
7531,105,ig,Igbo,Ọ na-ezube ịmalite azụmahịa nke ya n'afọ ọzọ,,,,B
7532,105,am,Amharic,እሷ በሚቀጥለው አመት የራሷን ንግድ ለመጀመር ታቅዳለች,Es'wa bemīk'et'ilewi āmeti yerasheni nigidi lemejemeri tak'idalechi,,,,B
7533,105,ti,Tigrinya,ንሳ ኣብ ዝመጽእ ዓመት ናይ ገዛእ ርእሳ ቢዝነስ ክትጅምር ትቕዶ ኣላ,Nisa ab zimets'i 'ameti nay gezai r'isa bizinesi kitijimiri tik'ido ala,,,,B
7534,105,ne,Nepali,उनी आउने वर्ष आफ्नो व्यवसाय सुरु गर्ने योजना बनाउँदै छिन्,Unī ā'unē varṣa āphnō vyavasāya suru garnē yōjanā banā'um̐dai chin,,,,B
7535,105,ta,Tamil,அவள் அடுத்த ஆண்டு தனது சொந்த தொழிலைத் தொடங்க திட்டமிட்டுள்ளார்,Avaḷ aṭutta āṇṭu taṉatu conta toḻilait toṭaṅka tiṭṭamiṭṭuḷḷār,,,,B
7536,105,te,Telugu,ఆమె తన స్వంత వ్యాపారాన్ని వచ్చే సంవత్సరంలో ప్రారంభించాలని ప్లాన్ చేస్తోంది,Āme tana svanta vyāpārānni vaccē sanvatsaraṁlō prārambhiñcālanai plān cēstōndi,,,,B
7537,105,ml,Malayalam,അവൾ അടുത്ത വർഷം സ്വന്തം ബിസിനസ്സ് ആരംഭിക്കാൻ പദ്ധതിയിടുന്നു,Avaḷ aṭutta vaṟṣaṁ svantaṁ bisinass ārambhikkān paddhatiyiṭunnu,,,,B
7538,105,mr,Marathi,ती पुढच्या वर्षी स्वतःचे व्यवसाय सुरू करण्याची योजना आखत आहे,Tī puḍhacyā varṣī svataḥce vyavasāya surū karaṇyācī yojnā ākhata āhē,,,,B
7539,105,pa,Punjabi,ਉਹ ਅਗਲੇ ਸਾਲ ਆਪਣਾ ਖੁਦ ਦਾ ਕਾਰੋਬਾਰ ਸ਼ੁਰੂ ਕਰਨ ਦੀ ਯੋਜਨਾ ਬਣਾ ਰਹੀ ਹੈ,Uh agalē sāla āpaṇā khuda dā kārōbāra śurū karana dī yōjanā baṇā rahī hai,,,,B
7540,105,gu,Gujarati,તેણીએ આવતા વર્ષે પોતાનો વ્યવસાય શરૂ કરવાની યોજના બનાવી છે,Tēṇī'ē āvatā varṣē pōtānō vyavasāya śarū karavānī yōjanā banāvī chē,,,,B
7541,105,si,Sinhala,ඇය ලඟදීම ඇගේම ව්‍යාපාරයක් ආරම්භ කිරීමට සැලසුම් කරයි,Æya laṅadīma ægēma vyāpārayak ārambha kirīmaṭa sælasum karayi,,,,B
7542,105,km,Khmer,នាងមានគម្រោងចាប់ផ្តើមអាជីវកម្មផ្ទាល់ខ្លួននាពេលខាងមុខ,Neang mean kromng chab phdaem achivokamm phtal khluan nea pel khang mokh,,,,B
7543,105,is,Icelandic,Hún ætlar að stofna eigið fyrirtæki á næsta ári,,,,,B
7544,105,tl,Tagalog / Filipino,Nagpaplano siyang magsimula ng kanyang sariling negosyo sa susunod na taon,,,,,B
7545,105,ms,Malay,Dia merancang untuk memulakan perniagaannya sendiri tahun depan,,,,,B
7546,105,jv,Javanese,Dheweke arep miwiti usahane dhewe taun ngarep,,,,,B
7547,105,kk,Kazakh,Ол келесі жылы өз бизнесін бастауды жоспарлап отыр,Ol kelesi jılı öz bıznesin bastaudı josparlap otır,,,,B
7548,105,uz,Uzbek,U kelasi yili o'z biznesini boshlashni rejalashtirmoqda,,,,,B
7549,105,mn,Mongolian,Тэр ирэх жил өөрийн бизнесээ эхлүүлэхээр төлөвлөж байна,Ter irekh jil ööriin bizneseekh ekhliükheekher tölövlöj baina,,,,B
7550,105,ka,Georgia,მას აქვს გეგმა, შემდეგ წელს საკუთარი ბიზნესი დაიწყოს,Mas akvs gegma, shemdeg ts'elis sak'utari biznesi daits'q'os,,,,B
7551,105,hy,Armenian,Նա նախատեսում է հաջորդ տարի սկսել սեփական բիզնեսը,Na nakhatesum e hajord tari sksel sep’ak’on biznesy,,,,B
7552,105,eu,Basuse,Datorren urtean bere negozioa abiatzeko asmoa du,,,,,B
7553,105,ca,Catalan,Ella planeja iniciar el seu propi negoci el proper any,,,,,B
7554,105,gl,Galical,Ela planea comezar o seu propio negocio o próximo ano,,,,,B
7555,105,ga,Irish (Gaeilge),Tá sé beartaithe aici a gnó féin a thosú an bhliain seo chugainn,,,,,B
7556,105,cy,Welsh,Mae hi'n bwriadu dechrau ei busnes ei hun y flwyddyn nesaf,,,,,B
7557,105,gd,Scottish Gaelic,Tha i an dùil a gnìomhachas fhèin a thòiseachadh an ath-bhliadhna,,,,,B
7558,105,lb,Luxembourgisch,Si plangt nächst Joer hiren eegenen Entreprise unzefänken,,,,,B
7559,105,eo,Esperanto,Ŝi planas komenci sian propran entreprenon venontjare,,,,,B
7560,105,la,Latin,In animo habet suum negotium proximo anno incipere,,,,,B
7561,106,en,English,The floor feels cold,,,,,A
7562,106,es,Spanish,El suelo está frío,,,,,A
7563,106,fr,French,Le sol est froid,,,,,A
7564,106,pt,Portuguese,O chão está frio,,,,,A
7565,106,de,German,Der Boden fühlt sich kalt an,,,,,A
7566,106,it,Italian,Il pavimento è freddo,,,,,A
7567,106,ru,Russian,Пол холодный,Pol kholodnyy,,,,A
7568,106,ar,Arabic,الأرضية باردة,Al-arḍīyah bāridah,,,,A
7569,106,hi,Hindi,फर्श ठंडा लगता है,Pharś ṭhaṇḍā lagtā hai,,,,A
7570,106,bn,Bengali,মেঝেটা ঠাণ্ডা লাগছে,Mējhēṭā ṭhānḍā lāgachē,,,,A
7571,106,ur,Urdu,فرش ٹھنڈا محسوس ہوتا ہے,Farsh thanda mehsoos hota hai,,,,A
7572,106,fa,Persian,کف زمین سرد است,Kaf-e zamin sard ast,,,,A
7573,106,tr,Turkish,Yer soğuk,,,,,A
7574,106,ja,Japanese,床が冷たいです,Yuka ga tsumetai desu,,,,A
7575,106,ko,Korean,바닥이 차갑게 느껴집니다,Badag-i chagabge neukkyeojimnida,,,,A
7576,106,zh-cn,Mandarin (Simplified),地板感觉很凉,,dìbǎn gǎnjué hěn liáng,,A
7577,106,zh-tw,Mandarin (Traditional),地板感覺很涼,,dìbǎn gǎnjué hěn liáng,,A
7578,106,vi,Vietnamese,Sàn nhà cảm thấy lạnh,,,,,A
7579,106,th,Thai,พื้นรู้สึกเย็น,P̄hụ̄̂n rū̂s̄eụk yen,,,,A
7580,106,id,Indonesian,Lantainya terasa dingin,,,,,A
7581,106,sw,Swahili,Sakafu inahisi baridi,,,,,A
7582,106,nl,Dutch,De vloer voelt koud aan,,,,,A
7583,106,pl,Polish,Podłoga jest zimna,,,,,A
7584,106,uk,Ukrainian,Підлога холодна,Pidloha kholodna,,,,A
7585,106,el,Greek,Το πάτωμα είναι κρύο,To pátoma eínai krýo,,,,A
7586,106,sv,Swedish,Golvet känns kallt,,,,,A
7587,106,no,Norwegian,Gulvet føles kaldt,,,,,A
7588,106,da,Dansk,Gulvet føles koldt,,,,,A
7589,106,fi,Finnish,Lattia tuntuu kylmältä,,,,,A
7590,106,cs,Czech,Podlaha je studená,,,,,A
7591,106,hu,Hungarian,Hideg a padló,,,,,A
7592,106,ro,Romanian,Podea este rece,,,,,A
7593,106,bg,Bulgarian,Подът е студен,Podŭt e studen,,,,A
7594,106,sr,Serbian,Под је хладан,Pod je hladan,,,,A
7595,106,sk,Slovak,Podlaha je studená,,,,,A
7596,106,sl,Slovenian,Tla so hladna,,,,,A
7597,106,lt,Lithuanian,Grindys šaltos,,,,,A
7598,106,lv,Latvian,Grīda ir auksta,,,,,A
7599,106,et,Estonian,Põrand tundub külm,,,,,A
7600,106,he,Hebrew,הרצפה מרגישה קרה,Haritspah margishah kara,,,,A
7601,106,ha,Hausa,Kasa tana ji sanyi,,,,,A
7602,106,yo,Yoruba,Ilẹ̀ náà ti fẹ́ràn tutu,,,,A
7603,106,ig,Igbo,Ala ahụ na-ajụ oyi,,,,A
7604,106,am,Amharic,መሬቱ ቀዝቃዛ ይሰማል,Merētuni k'ezik'aza yisemali,,,,A
7605,106,ti,Tigrinya,መሬቱ ቁሪ ኮይኑ ይስምዓኒ,Merētuni k'uri koyinu yismi'ani,,,,A
7606,106,ne,Nepali,भुइँ चिसो छ,Bhuim̐ cisō cha,,,,A
7607,106,ta,Tamil,தரை குளிர்ச்சியாக உள்ளது,Tarai kuḷircciyāka uḷḷatu,,,,A
7608,106,te,Telugu,నేల చల్లగా ఉంది,Nēla callagā undi,,,,A
7609,106,ml,Malayalam,നിലം തണുപ്പായി തോന്നുന്നു,Nilaṁ taṇuppāyi tēānnunnu,,,,A
7610,106,mr,Marathi,जमीन थंड वाटते,Jamīna thaṇḍa vāṭate,,,,A
7611,106,pa,Punjabi,ਫਰਸ਼ ਠੰਡਾ ਮਹਿਸੂਸ ਹੁੰਦਾ ਹੈ,Pharaśa ṭhaḍā mahisūsa hundā hai,,,,A
7612,106,gu,Gujarati,ફ્લોર ઠંડી લાગે છે,Phlōra ṭhaṇḍī lāgē chē,,,,A
7613,106,si,Sinhala,පාෂාණය සීතලයි,Pāṣāṇaya sītalayi,,,,A
7614,106,km,Khmer,ឥដ្ឋមានអារម្មណ៍ត្រជាក់,Idth mean arom troschak,,,,A
7615,106,is,Icelandic,Gólfið er kalt,,,,,A
7616,106,tl,Tagalog / Filipino,Malamig ang sahig,,,,,A
7617,106,ms,Malay,Lantai terasa sejuk,,,,,A
7618,106,jv,Javanese,Lantai rasane adhem,,,,,A
7619,106,kk,Kazakh,Еден салқын,Еden salqın,,,,A
7620,106,uz,Uzbek,Pol sovuq,,,,,A
7621,106,mn,Mongolian,Шал хүйтэн байна,Shal khüiten baina,,,,A
7622,106,ka,Georgia,იატაკი ცივია,Iat'ak'i tsivia,,,,A
7623,106,hy,Armenian,Հատակը սառը է,Hatakan sarr e,,,,A
7624,106,eu,Basuse,Zorua hotza da,,,,,A
7625,106,ca,Catalan,El terra està fred,,,,,A
7626,106,gl,Galical,O chan está frío,,,,,A
7627,106,ga,Irish (Gaeilge),Tá an t-urlár fuar,,,,,A
7628,106,cy,Welsh,Mae'r llawr yn oer,,,,,A
7629,106,gd,Scottish Gaelic,Tha an làr fuar,,,,,A
7630,106,lb,Luxembourgisch,De Buedem ass kal,,,,,A
7631,106,eo,Esperanto,La planko sentiĝas malvarma,,,,,A
7632,106,la,Latin,Solum frigidum sentitur,,,,,A
7633,107,en,English,Ethical leadership fosters long-term organizational trust,,,,,C
7634,107,es,Spanish,El liderazgo ético fomenta la confianza organizacional a largo plazo,,,,,C
7635,107,fr,French,Le leadership éthique favorise la confiance organisationnelle à long terme,,,,,C
7636,107,pt,Portuguese,A liderança ética promove a confiança organizacional de longo prazo,,,,,C
7637,107,de,German,Ethische Führung fördert langfristiges organisatorisches Vertrauen,,,,,C
7638,107,it,Italian,La leadership etica favorisce la fiducia organizzativa a lungo termine,,,,,C
7639,107,ru,Russian,Этическое лидерство способствует долгосрочному организационному доверию,Eticheskoye liderstvo sposobstvuyet dolgosrochnomu organizatsionnomu doveriyu,,,,C
7640,107,ar,Arabic,القيادة الأخلاقية تعزز الثقة التنظيمية طويلة الأمد,Al-qiyādah al-akhlāqīyah tuʿazziz al-thiqah al-tanẓīmīyah ṭawīlat al-amad,,,,C
7641,107,hi,Hindi,नैतिक नेतृत्व दीर्घकालिक संगठनात्मक विश्वास को बढ़ावा देता है,Naitik netr̥tv dīrghakālik saṅgaṭhnātmak viśvās ko baṛhāvā detā hai,,,,C
7642,107,bn,Bengali,নৈতিক নেতৃত্ব দীর্ঘমেয়াদী প্রতিষ্ঠানিক আস্থা সৃষ্টি করে,Naitika nētr̥tba dīrghamēẏādī pratiṣṭhānika āsthā sr̥ṣṭi karē,,,,C
7643,107,ur,Urdu,اخلاقی قیادت طویل المدتی تنظیمی اعتماد کو فروغ دیتی ہے,Akhlāqī qiyādat ṭavīl al-muddati tanẓīmī itimād ko farogh deti hai,,,,C
7644,107,fa,Persian,رهبری اخلاقی اعتماد سازمانی بلندمدت را تقویت می‌کند,Rahbari-ye akhlāqi e'tebār-e sāzmāni-ye boland-modat rā taqviyat mikonad,,,,C
7645,107,tr,Turkish,Etik liderlik, uzun vadeli örgütsel güveni besler,,,,,C
7646,107,ja,Japanese,倫理的リーダーシップは長期的な組織的信頼を育みます,Rinriteki rīdāshippu wa chōkiteki na soshikiteki shinrai o hagukumimasu,,,,C
7647,107,ko,Korean,윤리적 리더십은 장기적인 조직 신뢰를 조성합니다,Yullijeok rideosib-eun jang-gijeog-in jojig sinloereul joseonghabnida,,,,C
7648,107,zh-cn,Mandarin (Simplified),道德领导力能促进长期的组织信任,,dàodé lǐngdǎo lì néng cùjìn chángqī de zǔzhī xìnrèn,,C
7649,107,zh-tw,Mandarin (Traditional),道德領導力能促進長期的組織信任,,dàodé lǐngdǎo lì néng cùjìn chángqī de zǔzhī xìnrèn,,C
7650,107,vi,Vietnamese,Lãnh đạo đạo đức thúc đẩy lòng tin tổ chức lâu dài,,,,,C
7651,107,th,Thai,ภาวะผู้นำทางจริยธรรมส่งเสริมความไว้วางใจในองค์กรในระยะยาว,Phāwa p̄hū̂ nả thāng crryṭhrrm s̄ngs̄erm khwām wịwāngcı nı xngkrr nı rāya yāw,,,,C
7652,107,id,Indonesian,Kepemimpinan etis memupuk kepercayaan organisasi jangka panjang,,,,,C
7653,107,sw,Swahili,Uongozi wa kiadili huimarisha imani ya kitaasisi kwa muda mrefu,,,,,C
7654,107,nl,Dutch,Ethisch leiderschap bevordert vertrouwen in de organisatie op lange termijn,,,,,C
7655,107,pl,Polish,Etyczne przywództwo sprzyja długoterminowemu zaufaniu organizacyjnemu,,,,,C
7656,107,uk,Ukrainian,Етичне лідерство сприяє довгостроковій організаційній довірі,Etychne liderstvo spryyaye dovhostrokoviy orhanizatsiyniy doviri,,,,C
7657,107,el,Greek,Η ηθική ηγεσία ενισχύει την μακροπρόθεσμη οργανωτική εμπιστοσύνη,I ithikí igesía enischýei tin makropróthesmi organotikí empistosýni,,,,C
7658,107,sv,Swedish,Etiskt ledarskap främjar långsiktigt organisatoriskt förtroende,,,,,C
7659,107,no,Norwegian,Etisk lederskap fremmer langsiktig organisatorisk tillit,,,,,C
7660,107,da,Dansk,Etisk ledelse fremmer langsigtet organisatorisk tillid,,,,,C
7661,107,fi,Finnish,Eettinen johtaminen edistää pitkäaikaista organisatorista luottamusta,,,,,C
7662,107,cs,Czech,Etické vedení podporuje dlouhodobou organizační důvěru,,,,,C
7663,107,hu,Hungarian,Az etikai vezetés elősegíti a hosszú távú szervezeti bizalmat,,,,,C
7664,107,ro,Romanian,Conducerea etică sporește încrederea organizațională pe termen lung,,,,,C
7665,107,bg,Bulgarian,Етичното лидерство насърчава дългосрочното организационно доверие,Etichnoto liderstvo nasŭrchava dŭlgosrochnoto organizatsionno doverie,,,,C
7666,107,sr,Serbian,Етичко вођство подстиче дугорочно организационо поверење,Etičko vođstvo podstiče dugoročno organizaciono poverenje,,,,C
7667,107,sk,Slovak,Etické vedenie podporuje dlhodobú organizačnú dôveru,,,,,C
7668,107,sl,Slovenian,Etično vodenje spodbuja dolgoročno organizacijsko zaupanje,,,,,C
7669,107,lt,Lithuanian,Etiškas vadovavimas skatina ilgalaikį organizacinį pasitikėjimą,,,,,C
7670,107,lv,Latvian,Ētisks vadības veids veicina ilgtermiņa organizatorisku uzticību,,,,,C
7671,107,et,Estonian,Eetiline juhtimine soodustab pikaajalist organisatsioonilist usaldust,,,,,C
7672,107,he,Hebrew,מנהיגות אתית מטפחת אמון ארגוני לטווח ארוך,Manhigut etit metapachat emun argoni letovakh arokh,,,,C
7673,107,ha,Hausa,Shugabanci na da'a yana haɓaka amincin ƙungiya na dogon lokaci,,,,,C
7674,107,yo,Yoruba,Ìṣàkóso ìwà rere ń gbígbé ìgbẹ́kẹ̀lé àjọ fún ìgbà gígùn,,,,C
7675,107,ig,Igbo,Onye ndu omume ọma na-akwalite ntụkwasị obi nzukọ n'ime ogologo oge,,,,C
7676,107,am,Amharic,ሥነ ምግባራዊ አመራር ረጅም ጊዜ የሚቆይ ድርጅታዊ ተአማኒነትን ያሳድጋል,Śine migibarawi āmerari rejim gīze yemīk'oyi dirijitawi te'āmanīnetini yasadigali,,,,C
7677,107,ti,Tigrinya,ናይ ስነ ምግባር መራሕትነት ነቲ ናይ ነዊሕ ግዜ ውህበት ዝተመሰረተ ርእሰ ኣበይ ዝሓየፍ ኣለዎ,Nay sine migibar merahitneti neti nay newiḥ gīze wihibet zitemeserete r'ise abey zihayef alewo,,,,C
7678,107,ne,Nepali,नैतिक नेतृत्वले दीर्घकालीन संस्थागत विश्वासलाई बढावा दिन्छ,Naitika netr̥tvalē dīrghakālīna sansthāgata viśvāsalā'ī baḍhāvā dincha,,,,C
7679,107,ta,Tamil,நெறிமுறை தலைமையானது நீண்டகால நிறுவன நம்பிக்கையை வளர்க்கிறது,Neṟimuṟai talaimaiyāṉatu nīṇṭakāla niṟuvaṉa nampikkaiyai vaḷarkkiṟatu,,,,C
7680,107,te,Telugu,నైతిక నాయకత్వం దీర్ఘకాలిక సంస్థాగత విశ్వాసాన్ని పెంపొందిస్తుంది,Naitika nāyakatvaṁ dīrghakālika sansthāgata viśvāsānni pempondistundi,,,,C
7681,107,ml,Malayalam,നൈതിക നേതൃത്വം ദീർഘകാല സംഘടനാ വിശ്വാസത്തെ പരിപോഷിപ്പിക്കുന്നു,Naitika nētr̥tvaṁ dīrghakāla saṅghaṭanā viśvāsatte paripōṣippikkunnu,,,,C
7682,107,mr,Marathi,नैतिक नेतृत्व दीर्घकालीन संस्थात्मक विश्वासाला चालना देत,Naitika netr̥tv dīrghakālīna sansthātmak viśvāsālā cālanā det,,,,C
7683,107,pa,Punjabi,ਨੈਤਿਕ ਲੀਡਰਸ਼ਿਪ ਲੰਬੇ ਸਮੇਂ ਦੇ ਸੰਗਠਨਾਤਮਕ ਵਿਸ਼ਵਾਸ ਨੂੰ ਉਤਸ਼ਾਹਿਤ ਕਰਦੀ ਹੈ,Naitika līḍaraśipa labē samēṁ dē saghaṭhanātmaka viśavāsa nū utaśāhita karadī hai,,,,C
7684,107,gu,Gujarati,નૈતિક લીડરશિપ લાંબા ગાળાનું સંસ્થાગત વિશ્વાસને પ્રોત્સાહિત કરે છે,Naitika līḍaraśipa lāmbā gāḷānuṁ sansthāgata viśvāsanē prōtsāhita karē chē,,,,C
7685,107,si,Sinhala,නිත්‍ය නායකත්වය දිගුකාලීන සංවිධානික විශ්වාසය පෝෂණය කරයි,Nitya nāyakatvaya digukālīna saṁvidhānika viśvāsaya pōṣaṇaya karayi,,,,C
7686,107,km,Khmer,ការដឹកនាំសីលធម៌ជំរុញឱ្យមានទំនុកចិត្តស្ថាប័នរយៈពេលវែង,Kar doek noam selthorm chomronh aoy mean tomnokchet sthaban royapel veng,,,,C
7687,107,is,Icelandic,Siðferðilegt forysta stuðlar að langtíma trausti innan stofnunar,,,,,C
7688,107,tl,Tagalog / Filipino,Ang etikal na pamumuno ay nagpapalago ng pangmatagalang tiwala sa organisasyon,,,,,C
7689,107,ms,Malay,Kepimpinan etika memupuk kepercayaan organisasi jangka panjang,,,,,C
7690,107,jv,Javanese,Kepemimpinan etika nggedhekake kapercayan organisasi jangka panjang,,,,,C
7691,107,kk,Kazakh,Этикалық көшбасшылық ұзақ мерзімді ұйымдық сенімді арттырады,Etïkalıq köşbaşşılıq ūzaq merzimdi ūıymdıq senimdi arttıradı,,,,C
7692,107,uz,Uzbek,Etik etakchilik uzoq muddatli tashkiliy ishonchni oshiradi,,,,,C
7693,107,mn,Mongolian,Ёс зүйн удирдлага нь урт хугацааны байгууллагын итгэлийг хөгжүүлдэг,Yos züin udirdlaga ni urt khugatsaany baiguullagyn itgeliig khögjüüldeg,,,,C
7694,107,ka,Georgia,ეთიკური ლიდერობა ხელს უწყობს გრძელვადიან ორგანიზაციულ ნდობას,Etik'uri lideroba khels uts'q'obs grdselvadian organizatsiul ndobas,,,,C
7695,107,hy,Armenian,Էթիկական առաջնորդությունը խթանում է երկարաժամկետ կազմակերպչական վստահությունը,Et’ikakan arrajnordut’yuny kht’anum e yerkarazhamket kazmakerpch’akan vstahut’yuny,,,,C
7696,107,eu,Basuse,Lider etikoak luzerako konfiantza instituzionala bultzatzen du,,,,,C
7697,107,ca,Catalan,El lideratge ètic fomenta la confiança organitzativa a llarg termini,,,,,C
7698,107,gl,Galical,O liderado ético fomenta a confianza organizativa a longo prazo,,,,,C
7699,107,ga,Irish (Gaeilge),Cothaíonn ceannaireacht eiticiúil muinín eagraíochta fadtéarmach,,,,,C
7700,107,cy,Welsh,Mae arweinyddiaeth foesol yn meithrin ymddiriedaeth sefydliadol tymor hir,,,,,C
7701,107,gd,Scottish Gaelic,Brosnaichidh ceannas beusail earbsa buidhne fad-ùine,,,,,C
7702,107,lb,Luxembourgisch,Eetesch Féierung ënnerstëtzt laangfristeg organisatoresch Vertrauen,,,,,C
7703,107,eo,Esperanto,Etika gvidado subtenas longdaŭran organizan fidon,,,,,C
7704,107,la,Latin,Ducatus ethicus fidem institutivam diuturnam fovet,,,,,C
7705,108,en,English,Please sit down,,,,,A
7706,108,es,Spanish,Por favor, siéntate,,,,,A
7707,108,fr,French,Asseyez-vous, s'il vous plaît,,,,,A
7708,108,pt,Portuguese,Por favor, sente-se,,,,,A
7709,108,de,German,Bitte setzen Sie sich,,,,,A
7710,108,it,Italian,Per favore, siediti,,,,,A
7711,108,ru,Russian,Пожалуйста, садитесь,Pozhaluysta, sadites',,,,,A
7712,108,ar,Arabic,من فضلك اجلس,Min faḍlik ijlis,,,,A
7713,108,hi,Hindi,कृपया बैठ जाइए,Krpayā baiṭh jāi'e,,,,A
7714,108,bn,Bengali,দয়া করে বসুন,Daẏā karē basuna,,,,A
7715,108,ur,Urdu,براہ کرم بیٹھ جائیں,Barāh-e karam baiṭh jāiṁ,,,,A
7716,108,fa,Persian,لطفاً بنشینید,Lotfan beshinid,,,,A
7717,108,tr,Turkish,Lütfen oturun,,,,,A
7718,108,ja,Japanese,座ってください,Suwatte kudasai,,,,A
7719,108,ko,Korean,앉아 주세요,Anja juseyo,,,,A
7720,108,zh-cn,Mandarin (Simplified),请坐下,,qǐng zuò xià,,A
7721,108,zh-tw,Mandarin (Traditional),請坐下,,qǐng zuò xià,,A
7722,108,vi,Vietnamese,Vui lòng ngồi xuống,,,,,A
7723,108,th,Thai,กรุณานั่งลง,Krṇā n̂ả lng,,,,A
7724,108,id,Indonesian,Silakan duduk,,,,,A
7725,108,sw,Swahili,Tafadhali keti,,,,,A
7726,108,nl,Dutch,Ga zitten, alstublieft,,,,,A
7727,108,pl,Polish,Proszę usiąść,,,,,A
7728,108,uk,Ukrainian,Будь ласка, сідайте,Bud' laska, sidayte,,,,A
7729,108,el,Greek,Παρακαλώ καθίστε,Parakaló kathíste,,,,A
7730,108,sv,Swedish,Var snäll och sitt ner,,,,,A
7731,108,no,Norwegian,Vennligst sitt ned,,,,,A
7732,108,da,Dansk,Vær venlig at sidde ned,,,,,A
7733,108,fi,Finnish,Ole hyvä ja istu alas,,,,,A
7734,108,cs,Czech,Prosím, posaďte se,,,,,A
7735,108,hu,Hungarian,Kérem, üljön le,,,,,A
7736,108,ro,Romanian,Vă rog, luați loc,,,,,A
7737,108,bg,Bulgarian,Моля, седнете,Molya, sednete,,,,A
7738,108,sr,Serbian,Молим вас, седите,Molim vas, sedite,,,,A
7739,108,sk,Slovak,Prosím, posaďte sa,,,,,A
7740,108,sl,Slovenian,Prosim, sedite,,,,,A
7741,108,lt,Lithuanian,Prašau, atsisėskite,,,,,A
7742,108,lv,Latvian,Lūdzu, apsēdieties,,,,,A
7743,108,et,Estonian,Palun istuge,,,,,A
7744,108,he,Hebrew,בבקשה שב בבקשה,Bevakasha shev bevakasha,,,,A
7745,108,ha,Hausa,Don Allah zauna,,,,,A
7746,108,yo,Yoruba,Jọwọ, joko silẹ,,,,A
7747,108,ig,Igbo,Biko, nọdụ ala,,,,A
7748,108,am,Amharic,እባክህ ተቀመጥ,Ebakh tek'emit'i,,,,A
7749,108,ti,Tigrinya,በጃኹም ኮፍ በሉ,Bejak'um kof belu,,,,A
7750,108,ne,Nepali,कृपया बस्नुहोस्,Kr̥payā basnuhōs,,,,A
7751,108,ta,Tamil,தயவு செய்து அமருங்கள்,Tayavu ceytu amaruṅkaḷ,,,,A
7752,108,te,Telugu,దయచేసి కూర్చోండి,Dayacēsi kūrcōṇḍi,,,,A
7753,108,ml,Malayalam,ദയവായി ഇരിക്കുക,Dayavāyi irikkuka,,,,A
7754,108,mr,Marathi,कृपया बसा,Kr̥payā basā,,,,A
7755,108,pa,Punjabi,ਕ੍ਰਿਪਾ ਕਰਕੇ ਬੈਠ ਜਾਓ,Kripā karakē baiṭha jā'ō,,,,A
7756,108,gu,Gujarati,કૃપા કરીને બેસો,Kr̥pā karīnē bēsō,,,,A
7757,108,si,Sinhala,කරුණාකර අසුන් ගන්න,Karuṇākara asun ganna,,,,A
7758,108,km,Khmer,សូមអង្គុយ,Som angkuy,,,,A
7759,108,is,Icelandic,Vinsamlegast settu þig,,,,,A
7760,108,tl,Tagalog / Filipino,Maaari po bang umupo,,,,,A
7761,108,ms,Malay,Silakan duduk,,,,,A
7762,108,jv,Javanese,Mangga lenggah,,,,,A
7763,108,kk,Kazakh,Өтінемін, отырыңыз,Ötinemin, otırıñız,,,,A
7764,108,uz,Uzbek,Iltimos, o'tiring,,,,,A
7765,108,mn,Mongolian,Садлаа ч бай,Sadlaa ch bai,,,,A
7766,108,ka,Georgia,გთხოვთ, დაბრძანდით,Gtkhovt, dabrdzanvit,,,,A
7767,108,hy,Armenian,Խնդրում եմ, նստեք,Khndrum em, nstek’,,,,A
7768,108,eu,Basuse,Mesedez, eseri zaitez,,,,,A
7769,108,ca,Catalan,Sisplau, segeu,,,,,A
7770,108,gl,Galical,Por favor, séntate,,,,,A
7771,108,ga,Irish (Gaeilge),Suigh síos, le do thoil,,,,,A
7772,108,cy,Welsh,Eisteddwch, os gwelwch yn dda,,,,,A
7773,108,gd,Scottish Gaelic,Suidh sìos, mas e do thoil e,,,,,A
7774,108,lb,Luxembourgisch,W.e.g. setzt Iech,,,,,A
7775,108,eo,Esperanto,Bonvolu sidiĝi,,,,,A
7776,108,la,Latin,Quaeso, considite,,,,,A
7777,109,en,English,He was surprised by how quickly the project evolved,,,,,B
7778,109,es,Spanish,Se sorprendió por la rapidez con la que evolucionó el proyecto,,,,,B
7779,109,fr,French,Il a été surpris par la rapidité avec laquelle le projet a évolué,,,,,B
7780,109,pt,Portuguese,Ele ficou surpreso com a rapidez com que o projeto evoluiu,,,,,B
7781,109,de,German,Er war überrascht, wie schnell sich das Projekt entwickelte,,,,,B
7782,109,it,Italian,Rimase sorpreso dalla rapidità con cui il progetto si evolse,,,,,B
7783,109,ru,Russian,Он был удивлён тем, как быстро развивался проект,On byl udivlyon tem, kak bystro razvivalsya proyekt,,,,B
7784,109,ar,Arabic,لقد فوجئ بسرعة تطور المشروع,Laqad fūji'a bisur'ati taṭawwur al-mashrūʿ,,,,B
7785,109,hi,Hindi,वह इस बात से हैरान था कि परियोजना कितनी जल्दी विकसित हो गई,Vah is bāt se hairān thā ki pariyojnā kitnī jaldī viksit ho gaī,,,,B
7786,109,bn,Bengali,প্রকল্পটি কত দ্রুত বিকশিত হয়েছে তা দেখে তিনি অবাক হয়েছিলেন,Prakalpaṭi kata druta bikaśita haẏēchē tā dēkhē tini abāka haẏēchilēna,,,,B
7787,109,ur,Urdu,وہ اس بات سے حیران تھا کہ منصوبہ کتنی جلدی ترقی کر گیا,Woh is baat se hairan tha ke mansooba kitni jaldi taraqqi kar gaya,,,,B
7788,109,fa,Persian,او از اینکه پروژه چقدر سریع پیشرفت کرد متعجب شد,U az inke proje cheghadr sari' pishraft kard mota'ajjeb shod,,,,B
7789,109,tr,Turkish,Projenin ne kadar hızlı geliştiğine şaşırdı,,,,,B
7790,109,ja,Japanese,プロジェクトの進化の速さに彼は驚きました,Purojekuto no shinka no hayasa ni kare wa odorokimashita,,,,B
7791,109,ko,Korean,그는 프로젝트가 얼마나 빨리 발전했는지 놀랐습니다,Geuneun peurojekteuga eolmana ppalli balhaetneunji nollatseumnida,,,,B
7792,109,zh-cn,Mandarin (Simplified),他对项目进展如此之快感到惊讶,,tā duì xiàngmù jìnzhǎn rúcǐ zhī kuài gǎndào jīngyà,,B
7793,109,zh-tw,Mandarin (Traditional),他對項目進展如此之快感到驚訝,,tā duì xiàngmù jìnzhǎn rúcǐ zhī kuài gǎndào jīngyà,,B
7794,109,vi,Vietnamese,Anh ấy ngạc nhiên trước sự phát triển nhanh chóng của dự án,,,,,B
7795,109,th,Thai,เขาประหลาดใจกับความเร็วที่โครงการพัฒนาไป,Khā pralaḏcı kạb khwām rew thī khorngkār phatḥanā pị,,,,B
7796,109,id,Indonesian,Dia terkejut betapa cepatnya proyek itu berkembang,,,,,B
7797,109,sw,Swahili,Alishangaa jinsi mradi ulivyokua haraka,,,,,B
7798,109,nl,Dutch,Hij was verbaasd over hoe snel het project evolueerde,,,,,B
7799,109,pl,Polish,Zaskoczyła go szybkość, z jaką projekt się rozwijał,,,,,B
7800,109,uk,Ukrainian,Він був здивований тим, як швидко розвивався проект,Vin buv zdyvovanyy tym, yak shvydko rozvyvavsya proyekt,,,,B
7801,109,el,Greek,Έμεινε έκπληκτος από το πόσο γρήγορα εξελίχθηκε το έργο,Émeine ékpliktos apó to póso grígora exelíchthike to érgo,,,,B
7802,109,sv,Swedish,Han förvånades över hur snabbt projektet utvecklades,,,,,B
7803,109,no,Norwegian,Han ble overrasket over hvor raskt prosjektet utviklet seg,,,,,B
7804,109,da,Dansk,Han blev overrasket over, hvor hurtigt projektet udviklede sig,,,,,B
7805,109,fi,Finnish,Hän yllättyi siitä, kuinka nopeasti projekti kehittyi,,,,,B
7806,109,cs,Czech,Byl překvapen, jak rychle se projekt vyvíjel,,,,,B
7807,109,hu,Hungarian,Meglepődött, milyen gyorsan fejlődött a projekt,,,,,B
7808,109,ro,Romanian,A fost surprins de cât de repede a evoluat proiectul,,,,,B
7809,109,bg,Bulgarian,Той беше изненадан от това колко бързо се разви проектът,Toi beshe iznenadan ot tova kolko bŭrzo se razvi proektŭt,,,,B
7810,109,sr,Serbian,Изненадио се колико брзо се пројекат развио,Iznenadio se koliko brzo se projekat razvio,,,,B
7811,109,sk,Slovak,Bol prekvapený tým, ako rýchlo sa projekt rozvinul,,,,,B
7812,109,sl,Slovenian,Bil je presenečen, kako hitro se je projekt razvil,,,,,B
7813,109,lt,Lithuanian,Jis nustebino, kaip greitai projektas išsivystė,,,,,B
7814,109,lv,Latvian,Vins bija pārsteigts, cik ātri projekts attīstījās,,,,,B
7815,109,et,Estonian,Ta oli üllatunud, kui kiiresti projekt arenema hakkas,,,,,B
7816,109,he,Hebrew,הוא הופתע מכמה מהר הפרויקט התפתח,Hu hufeta mekama maher haproyekt hitpatch,,,,B
7817,109,ha,Hausa,Ya yi mamaki da saurin da aikin ya ci gaba,,,,,B
7818,109,yo,Yoruba,Ó yà tì í bí iṣẹ́ náà ṣe pẹ́ láì pẹ́,,,,B
7819,109,ig,Igbo,O juru ya anya n'otú ọrụ ahụ si too ngwa ngwa,,,,B
7820,109,am,Amharic,ፕሮጀክቱ እንዴት በፍጥነት እንደተሻሻለ ተገረመ,Projektu inidīti befiteneti inideteshashale tegegeme,,,,B
7821,109,ti,Tigrinya,ንሱ ብኸመይ እቲ ፕሮጀክት ቀልጢፉ ከምዝዓበየ ተገረመ,Nisu bikemi iti projekti k'elit'ifu kemizi'abeye tegeme,,,,B
7822,109,ne,Nepali,उनी परियोजना कति चाँडो विकसित भयो भन्ने कुरामा आश्चर्यचकित भए,Unī pariyōjanā kati cām̐ḍō vikasita bhayo bhanne kurāmā āścaryacakita bha'e,,,,B
7823,109,ta,Tamil,திட்டம் எவ்வளவு வேகமாக முன்னேறியது என்பதில் அவர் ஆச்சரியப்பட்டார்,Tiṭṭam evvaḷavu vēkamāka muṉṉēṟiyatu eṉpatil avar āccariyappaṭṭār,,,,B
7824,109,te,Telugu,ప్రాజెక్ట్ ఎంత త్వరగా అభివృద్ధి చెందిందో చూసి ఆయన ఆశ్చర్యపోయాడు,Prājekṭ enta tvaragā abhivr̥ddhi cendindō cūsi āyana āścaryapōyāḍu,,,,B
7825,109,ml,Malayalam,പ്രോജക്റ്റ് എത്ര വേഗത്തിൽ വികസിച്ചു എന്നതിൽ അദ്ദേഹം അമ്പരന്നു,Prējeakṟṟ etra vēgattil vikasiccu ennathil addēhaṁ amparannu,,,,B
7826,109,mr,Marathi,प्रकल्प किती लवकर विकसित झाला याचे त्याला आश्चर्य वाटले,Prakalpa kitī lavakara vikasita jhālā yāce tyālā āścarya vāṭale,,,,B
7827,109,pa,Punjabi,ਉਹ ਇਸ ਗੱਲ 'ਤੇ ਹੈਰਾਨ ਸੀ ਕਿ ਪ੍ਰੋਜੈਕਟ ਕਿੰਨੀ ਤੇਜ਼ੀ ਨਾਲ ਵਿਕਸਿਤ ਹੋਇਆ,Uh isa gala 'tē hairāna sī kī prōjaikaṭa kinī tēzī nāla vikasita hō'i'ā,,,,B
7828,109,gu,Gujarati,તે પ્રોજેક્ટ કેટલી ઝડપથી વિકસિત થયું તે જોઈને આશ્ચર્યચકિત થયા,Tē prōjēkṭa kēṭalī jhaḍapathī vikasita thayuṁ tē jō'īnē āścaryacakita thayā,,,,B
7829,109,si,Sinhala,ව්‍යාපෘතිය කෙතරම් ඉක්මනින් වර්ධනය වුණේද යන්න ගැන ඔහු අමාරුවට පත් විය,Vyāpr̥tiya ketharam ikmanin vardhanaya vuṇēda yanna gæna ohu amāruvaṭa pat viya,,,,B
7830,109,km,Khmer,គាត់ភ្ញាក់ផ្អើលនឹងល្បឿនដែលគម្រោងបានវិវត្តន៍,Koat phnheak phael nung lbuen del komrong ban vivott,,,,C
7831,109,is,Icelandic,Hann var hissa á hversu hratt verkefnið þróaðist,,,,,B
7832,109,tl,Tagalog / Filipino,Nagulat siya sa bilis ng pag-unlad ng proyekto,,,,,B
7833,109,ms,Malay,Dia terkejut dengan seberapa cepat projek itu berkembang,,,,,B
7834,109,jv,Javanese,Dheweke gumun kepiye cepete proyek kasebut berkembang,,,,,B
7835,109,kk,Kazakh,Ол жобаның қаншалықты тез дамығанына таң қалды,Ol jobanyñ qanşalyqty tez damyğanyna tañ qaldı,,,,B
7836,109,uz,Uzbek,U loyihaning qanchalik tez rivojlanganiga hayron qoldi,,,,,B
7837,109,mn,Mongolian,Тэр төсөл хэр хурдан хөгжсөнийг нь гайхсан,Ter tösöl kher khurdan khögjsöniig ni gaikhsan,,,,B
7838,109,ka,Georgia,იგი გაკვირვებული იყო, თუ რამდენად სწრაფად განვითარდა პროექტი,Igi gak'virvebuli iq'o, tu ramdenad sts'rap'ad ganvitarda p'roekt'i,,,,B
7839,109,hy,Armenian,Նա զարմացավ, թե ինչպես արագ է ծրագիրը զարգացել,Na zarmats’av, t’e inch’pes arag e tsragiry zargats’el,,,,B
7840,109,eu,Basuse,Proiektua zenbat azkar garatu zen harrituta geratu zen,,,,,B
7841,109,ca,Catalan,Es va sorprendre per la rapidesa amb què va evolucionar el projecte,,,,,B
7842,109,gl,Galical,Sorprendeulle a rapidez coa que evolucionou o proxecto,,,,,B
7843,109,ga,Irish (Gaeilge),Bhí sé iontas aige cé chomh tapa agus a d'fhorbair an tionscadal,,,,,B
7844,109,cy,Welsh,Roedd yn synnu at ba mor gyflym y datblygodd y prosiect,,,,,B
7845,109,gd,Scottish Gaelic,Bha e iongantach dha na choisinn am pròiseact cho luath,,,,,B
7846,109,lb,Luxembourgisch,Hien war iwwerrascht, wéi séier de Projet sech entwéckelt huet,,,,,B
7847,109,eo,Esperanto,Li miris pri kiel rapide la projekto evoluis,,,,,B
7848,109,la,Latin,Miratus est quam celeriter consilium progressum est,,,,,B
7849,110,en,English,The bird flew away,,,,,A
7850,110,es,Spanish,El pájaro voló lejos,,,,,A
7851,110,fr,French,L'oiseau s'est envolé,,,,,A
7852,110,pt,Portuguese,O pássaro voou para longe,,,,,A
7853,110,de,German,Der Vogel flog weg,,,,,A
7854,110,it,Italian,L'uccello volò via,,,,,A
7855,110,ru,Russian,Птица улетела,Ptitsa uletela,,,,A
7856,110,ar,Arabic,طار الطائر بعيدًا,Ṭāra al-ṭāʾir baʿīdan,,,,A
7857,110,hi,Hindi,चिड़िया उड़ गई,Chiṛiyā uṛ gaī,,,,A
7858,110,bn,Bengali,পাখি উড়ে গেল,Pākhi uṛē gēla,,,,A
7859,110,ur,Urdu,پرندہ اڑ گیا,Parindah ur gaya,,,,A
7860,110,fa,Persian,پرنده پرواز کرد و رفت,Parande parvaz kard va raft,,,,A
7861,110,tr,Turkish,Kuş uçtu gitti,,,,,A
7862,110,ja,Japanese,鳥が飛び去りました,Tori ga tobi sarimashita,,,,A
7863,110,ko,Korean,새가 날아갔습니다,Saega naragatseumnida,,,,A
7864,110,zh-cn,Mandarin (Simplified),鸟飞走了,,niǎo fēizǒu le,,A
7865,110,zh-tw,Mandarin (Traditional),鳥飛走了,,niǎo fēizǒu le,,A
7866,110,vi,Vietnamese,Con chim bay đi rồi,,,,,A
7867,110,th,Thai,นกบินหนีไป,Nk bin h̄nī pị,,,,A
7868,110,id,Indonesian,Burung itu terbang pergi,,,,,A
7869,110,sw,Swahili,Ndege aliruka mbali,,,,,A
7870,110,nl,Dutch,De vogel vloog weg,,,,,A
7871,110,pl,Polish,Ptak odleciał,,,,,A
7872,110,uk,Ukrainian,Птах полетів,Ptakh poletiv,,,,A
7873,110,el,Greek,Το πουλί πέταξε μακριά,To pouli pétaxe makriá,,,,A
7874,110,sv,Swedish,Fågeln flög iväg,,,,,A
7875,110,no,Norwegian,Fuglen fløy bort,,,,,A
7876,110,da,Dansk,Fuglen fløj væk,,,,,A
7877,110,fi,Finnish,Lintu lensi pois,,,,,A
7878,110,cs,Czech, Pták odletěl,,,,,A
7879,110,hu,Hungarian,A madár elrepült,,,,,A
7880,110,ro,Romanian,Pasărea a zburat departe,,,,,A
7881,110,bg,Bulgarian,Птицата отлетя,Ptitcata otletia,,,,A
7882,110,sr,Serbian,Птица је одлетела,Ptica je odletela,,,,A
7883,110,sk,Slovak,Vták odletel,,,,,A
7884,110,sl,Slovenian,Ptica je odletela,,,,,A
7885,110,lt,Lithuanian,Paukštis nuskrido,,,,,A
7886,110,lv,Latvian,Putns aizlidoja,,,,,A
7887,110,et,Estonian,Lind lendas minema,,,,,A
7888,110,he,Hebrew,הציפור עפה,Hatsipor afa,,,,A
7889,110,ha,Hausa, Tsuntsu ya tashi ya tafi,,,,,A
7890,110,yo,Yoruba,Ẹyẹ fò lọ,,,,A
7891,110,ig,Igbo,Nnụnụ ahụ fepụrụ,,,,A
7892,110,am,Amharic,ወፉ ተከተለ,Wefu teketele,,,,A
7893,110,ti,Tigrinya,ዑፍ በረር ኢዩ,Əuf berer iyu,,,,A
7894,110,ne,Nepali,चरा उड्यो,Cara uḍyō,,,,A
7895,110,ta,Tamil,பறவை பறந்து சென்றது,Paṟavai paṟantu ceṉṟatu,,,,A
7896,110,te,Telugu,పక్షి పారిపోయింది,Pakṣi pāripōyindi,,,,A
7897,110,ml,Malayalam,പക്ഷി പറന്നു പോയി,Pakṣi paṟannu pēāyi,,,,A
7898,110,mr,Marathi,पक्षी दूर उडून गेला,Pakṣī dūra uḍūn gēlā,,,,A
7899,110,pa,Punjabi,ਪੰਛੀ ਉਡ ਗਿਆ,Panchī uḍa gi'ā,,,,A
7900,110,gu,Gujarati,પક્ષી ઉડી ગયું,Pakṣī uḍī gayuṁ,,,,A
7901,110,si,Sinhala,කුරුල්ලා පියාඹා ගියා,Kurullā piyāṁbā giyā,,,,A
7902,110,km,Khmer,បក្សីហើរទៅ,Paksei haer tow,,,,A
7903,110,is,Icelandic,Fuglinn flaug í burtu,,,,,A
7904,110,tl,Tagalog / Filipino,Lumipad ang ibon,,,,,A
7905,110,ms,Malay,Burung itu terbang pergi,,,,,A
7906,110,jv,Javanese,Manuk mabur,,,,,A
7907,110,kk,Kazakh,Құс ұшып кетті,Qūs uşıp kettı,,,,A
7908,110,uz,Uzbek,Qush uchib ketdi,,,,,A
7909,110,mn,Mongolian,Шувуу нисч одов,Shuvuu nisch odov,,,,A
7910,110,ka,Georgia,ჩიტი გაფრინდა,Chiti gap'rinda,,,,A
7911,110,hy,Armenian,Թռչունը թռավ,Trrchunə trrav,,,,A
7912,110,eu,Basuse,Txoria hegan joan zen,,,,,A
7913,110,ca,Catalan,L'ocell s'en va volar,,,,,A
7914,110,gl,Galical,O paxaro voou,,,,,A
7915,110,ga,Irish (Gaeilge),D'eitil an t-éan ar shiúl,,,,,A
7916,110,cy,Welsh,Fe hedfanodd yr aderyn i ffwrdd,,,,,A
7917,110,gd,Scottish Gaelic,Dh'fhalbh an t-eun air iteig,,,,,A
7918,110,lb,Luxembourgisch,De Vugel ass ewechgeflunn,,,,,A
7919,110,eo,Esperanto,La birdo flugis for,,,,,A
7920,110,la,Latin,Avis avolavit,,,,,A
7921,111,en,English,I like fresh bread,,,,,A
7922,111,es,Spanish,Me gusta el pan fresco,,,,,A
7923,111,fr,French,J'aime le pain frais,,,,,A
7924,111,pt,Portuguese,Eu gosto de pão fresco,,,,,A
7925,111,de,German,Ich mag frisches Brot,,,,,A
7926,111,it,Italian,Mi piace il pane fresco,,,,,A
7927,111,ru,Russian,Я люблю свежий хлеб,Ya lyublyu svezhiy khleb,,,,A
7928,111,ar,Arabic,أحب الخبز الطازج,ʾUḥibbu al-khubz al-ṭāzaj,,,,A
7929,111,hi,Hindi,मुझे ताज़ी रोटी पसंद है,Mujhe tāzī roṭī pasand hai,,,,A
7930,111,bn,Bengali,আমি টাটকা রুটি পছন্দ করি,Āmi ṭāṭakā ruṭi pachanda kari,,,,A
7931,111,ur,Urdu,مجھے تازہ روٹی پسند ہے,Mujhe taaza roti pasand hai,,,,A
7932,111,fa,Persian,من نان تازه را دوست دارم,Man nān-e tāzeh rā dust dāram,,,,A
7933,111,tr,Turkish,Taze ekmeği severim,,,,,A
7934,111,ja,Japanese,私は新鮮なパンが好きです,Watashi wa shinsen na pan ga suki desu,,,,A
7935,111,ko,Korean,저는 신선한 빵을 좋아합니다,Jeoneun sinseonhan ppang-eul joahamnida,,,,A
7936,111,zh-cn,Mandarin (Simplified),我喜欢新鲜面包,,wǒ xǐhuān xīnxiān miànbāo,,A
7937,111,zh-tw,Mandarin (Traditional),我喜歡新鮮麵包,,wǒ xǐhuān xīnxiān miànbāo,,A
7938,111,vi,Vietnamese,Tôi thích bánh mì tươi,,,,,A
7939,111,th,Thai,ฉันชอบขนมปังสด,Chạn chxb khnmp̄hạng s̄d,,,,A
7940,111,id,Indonesian,Saya suka roti segar,,,,,A
7941,111,sw,Swahili,Ninapenda mkate mchanga,,,,,A
7942,111,nl,Dutch,Ik hou van vers brood,,,,,A
7943,111,pl,Polish,Lubię świeży chleb,,,,,A
7944,111,uk,Ukrainian,Я люблю свіжий хліб,Ya lyublyu svizhyy khlib,,,,A
7945,111,el,Greek,Μου αρέσει το φρέσκο ψωμί,Mou arései to frésko psomí,,,,A
7946,111,sv,Swedish,Jag gillar färskt bröd,,,,,A
7947,111,no,Norwegian,Jeg liker ferskt brød,,,,,A
7948,111,da,Dansk,Jeg kan lide frisk brød,,,,,A
7949,111,fi,Finnish,Pidän tuoreesta leivästä,,,,,A
7950,111,cs,Czech,Mám rád čerstvý chléb,,,,,A
7951,111,hu,Hungarian,Szeretem a friss kenyeret,,,,,A
7952,111,ro,Romanian,Îmi place pâinea proaspătă,,,,,A
7953,111,bg,Bulgarian,Обичам пресен хляб,Obicham presen khlab,,,,A
7954,111,sr,Serbian,Волим свеж хлеб,Volim svež hleb,,,,A
7955,111,sk,Slovak,Mám rád čerstvý chlieb,,,,,A
7956,111,sl,Slovenian,Rad imam svež kruh,,,,,A
7957,111,lt,Lithuanian,Mėgstu šviežią duoną,,,,,A
7958,111,lv,Latvian,Man patīk svaigs maize,,,,,A
7959,111,et,Estonian,Mulle meeldib värske leib,,,,,A
7960,111,he,Hebrew,אני אוהב לחם טרי,Ani ohev lekhem tari,,,,A
7961,111,ha,Hausa,Ina son burodi mai danyen,,,,,A
7962,111,yo,Yoruba,Mo fẹran buredi tuntun,,,,A
7963,111,ig,Igbo,Ọ na-amasị m achịcha ọhụrụ,,,,A
7964,111,am,Amharic,አዲስ እንጀራ እወዳለሁ,Ādisi injera iwedalehu,,,,A
7965,111,ti,Tigrinya,ኣዲስ ባኒ እፈቱ,Adisi bani ifetu,,,,A
7966,111,ne,Nepali,मलाई ताजा रोटी मन पर्छ,Malā'ī tājā rōṭī mana parcha,,,,A
7967,111,ta,Tamil,நான் புதிய ரொட்டியை விரும்புகிறேன்,Nāṉ putiya roṭṭiyai virumpukiṟēṉ,,,,A
7968,111,te,Telugu,నాకు తాజా రొట్టె ఇష్టం,Nāku tājā roṭṭe iṣṭaṁ,,,,A
7969,111,ml,Malayalam,എനിക്ക് പുതിയ റൊട്ടി ഇഷ്ടമാണ്,Enikk putiya ṟeaṭṭi iṣṭamāṇ,,,,A
7970,111,mr,Marathi,मला ताजी भाकरी आवडते,Malā tājī bhākarī āvaḍate,,,,A
7971,111,pa,Punjabi,ਮੈਨੂੰ ਤਾਜ਼ੀ ਰੋਟੀ ਪਸੰਦ ਹੈ,Mainū tāzī rōṭī pasada hai,,,,A
7972,111,gu,Gujarati,મને તાજી રોટલી ગમે છે,Manē tājī rōṭalī gamē chē,,,,A
7973,111,si,Sinhala,මම නව දුම්කොළ රෝටි කැමතියි,Mama nava dumkoḷa rōṭi kæmatiyi,,,,A
7974,111,km,Khmer,ខ្ញុំចូលចិត្តនំប៉័ងស្រស់,Khnhom cholchet nompang sras,,,,A
7975,111,is,Icelandic,Mér líkar við ferskt brauð,,,,,A
7976,111,tl,Tagalog / Filipino,Gusto ko ng sariwang tinapay,,,,,A
7977,111,ms,Malay,Saya suka roti segar,,,,,A
7978,111,jv,Javanese,Aku seneng roti seger,,,,,A
7979,111,kk,Kazakh,Мен жаңа нанды ұнатамын,Men jaña nandı ūnatamın,,,,A
7980,111,uz,Uzbek,Men yangi nonni yoqtiraman,,,,,A
7981,111,mn,Mongolian,Би шинэ талх дуртай,Bi shine talkh durtai,,,,A
7982,111,ka,Georgia,მე მიყვარს ახალი პური,Me miqvars akhali p'uri,,,,A
7983,111,hy,Armenian,Ես սիրում եմ թարմ հաց,Yes sirum em t’arm hats’,,,,,A
7984,111,eu,Basuse,Ogi freskoa gustatzen zait,,,,,A
7985,111,ca,Catalan,M'agrada el pa fresc,,,,,A
7986,111,gl,Galical,Gústame o pan fresco,,,,,A
7987,111,ga,Irish (Gaeilge),Is maith liom arán úr,,,,,A
7988,111,cy,Welsh,Rwy'n hoffi bara ffres,,,,,A
7989,111,gd,Scottish Gaelic,Is toil leam aran ùr,,,,,A
7990,111,lb,Luxembourgisch,Ech hunn gär frësch Brout,,,,,A
7991,111,eo,Esperanto,Mi ŝatas freŝan panon,,,,,A
7992,111,la,Latin,Placet mihi panis recens,,,,,A
7993,112,en,English,If the price increases, demand may decline sharply,,,,,B
7994,112,es,Spanish,Si el precio aumenta, la demanda puede disminuir drásticamente,,,,,B
7995,112,fr,French,Si le prix augmente, la demande peut diminuer fortement,,,,,B
7996,112,pt,Portuguese,Se o preço aumentar, a demanda pode cair drasticamente,,,,,B
7997,112,de,German,Wenn der Preis steigt, kann die Nachfrage stark zurückgehen,,,,,B
7998,112,it,Italian,Se il prezzo aumenta, la domanda potrebbe diminuire drasticamente,,,,,B
7999,112,ru,Russian,Если цена увеличится, спрос может резко упасть,Yesli tsena uvelichitsya, spros mozhet rezko upast',,,,,B
8000,112,ar,Arabic,إذا ارتفع السعر، قد ينخفض الطلب بشكل حاد,Ithā irtafaʿa al-siʿr, qad yankhafiḍ al-ṭalab bishakl ḥādd,,,,B
8001,112,hi,Hindi,यदि कीमत बढ़ती है, तो माँग तेज़ी से गिर सकती है,Yadi kimat baṛhtī hai, to mām̐g tezī se gir saktī hai,,,,B
8002,112,bn,Bengali,যদি দাম বাড়ে, চাহিদা তীব্রভাবে কমতে পারে,Yadi dāma bāṛē, cāhidā tībrabhābē kamatē pārē,,,,B
8003,112,ur,Urdu,اگر قیمت بڑھتی ہے، تو طلب تیزی سے گر سکتی ہے,Agar qeemat barhti hai, to talab taizi se gir sakti hai,,,,B
8004,112,fa,Persian,اگر قیمت افزایش یابد، تقاضا ممکن است به شدت کاهش یابد,Agar gheymat afzayesh yabad, taghaza momken ast be shiddat kāhish yabad,,,,B
8005,112,tr,Turkish,Fiyat artarsa, talep keskin bir şekilde düşebilir,,,,,B
8006,112,ja,Japanese,価格が上昇すれば、需要は急激に減少する可能性があります,Kakaku ga jōshō sureba, juyō wa kyūgeki ni genshō suru kanōsei ga arimasu,,,,B
8007,112,ko,Korean,가격이 상승하면 수요가 급격히 감소할 수 있습니다,Gagyeog-i sangseunghamyeon suyoga geubgyeokhi gamsohal su issseumnida,,,,B
8008,112,zh-cn,Mandarin (Simplified),如果价格上涨，需求可能会急剧下降,,rúguǒ jiàgé shàngzhǎng, xūqiú kěnéng huì jíjù xiàjiàng,,B
8009,112,zh-tw,Mandarin (Traditional),如果價格上漲，需求可能會急劇下降,,rúguǒ jiàgé shàngzhǎng, xūqiú kěnéng huì jíjù xiàjiàng,,B
8010,112,vi,Vietnamese,Nếu giá tăng, nhu cầu có thể giảm mạnh,,,,,B
8011,112,th,Thai,หากราคาเพิ่มขึ้น ความต้องการอาจลดลงอย่างรวดเร็ว,H̄āk rākhā pheìm k̄hụ̂n khwām t̂xngkār xād lḍ lng xỳāng rwdrĕṇ,,,,B
8012,112,id,Indonesia,Jika harga naik, permintaan bisa menurun drastis,,,,,B
8013,112,sw,Swahili,Ikiwa bei itaongezeka, mahitaji yanaweza kupungua kwa kasi,,,,,B
8014,112,nl,Dutch,Als de prijs stijgt, kan de vraag sterk dalen,,,,,B
8015,112,pl,Polish,Jeśli cena wzrośnie, popyt może gwałtownie spaść,,,,,B
8016,112,uk,Ukrainian,Якщо ціна зросте, попит може різко впасти,Yakshcho tsina zroste, popyt mozhe rizko vpasty,,,,B
8017,112,el,Greek,Αν η τιμή αυξηθεί, η ζήτηση μπορεί να μειωθεί δραστικά,An i timí afxithei, i zítisi boreí na meiotheí drastiká,,,,B
8018,112,sv,Swedish,Om priset ökar kan efterfrågan minska kraftigt,,,,,B
8019,112,no,Norwegian,Hvis prisen øker, kan etterspørselen falle kraftig,,,,,B
8020,112,da,Dansk,Hvis prisen stiger, kan efterspørgslen falde kraftigt,,,,,B
8021,112,fi,Finnish,Jos hinta nousee, kysyntä voi laskea jyrkästi,,,,,B
8022,112,cs,Czech,Pokud cena vzroste, poptávka může výrazně klesnout,,,,,B
8023,112,hu,Hungarian,Ha az ár emelkedik, a kereslet meredeken csökkenhet,,,,,B
8024,112,ro,Romanian,Dacă prețul crește, cererea poate scădea brusc,,,,,B
8025,112,bg,Bulgarian,Ако цената се увеличи, търсенето може рязко да спада,Ako tsenata se uvelichi, tŭrseneto mozhe ryazko da spada,,,,B
8026,112,sr,Serbian,Ако цена порасте, потражња може нагло да опада,Ako cena poraste, potražnja može naglo da opada,,,,B
8027,112,sk,Slovak,Ak cena stúpne, dopyt môže prudko klesnúť,,,,,B
8028,112,sl,Slovenian,Če se cena poveča, se lahko povpraševanje strmo zmanjša,,,,,B
8029,112,lt,Lithuanian,Jei kaina padidės, paklausa gali smarkiai sumažėti,,,,,B
8030,112,lv,Latvian,Ja cena pieaugs, pieprasījums var strauji samazināties,,,,,B
8031,112,et,Estonian,Kui hind tõuseb, võib nõudlus järsult langeda,,,,,B
8032,112,he,Hebrew,אם המחיר יעלה, הביקוש עשוי לרדת בחדות,Im hamakhir ya'aleh, habikush ashui laredet bakhdut,,,,B
8033,112,ha,Hausa,Idan farashin ya karu, bukata na iya raguwa sosai,,,,,B
8034,112,yo,Yoruba,Bí oṣuwọn bá pọ̀ sí i, àníyàn lè dín kùn-un lẹ́sẹ̀kẹsẹ̀,,,,B
8035,112,ig,Igbo,Ọ bụrụ na ọnụahịa arị elu, ọchịchọ nwere ike ịdalata ngwa ngwa,,,,B
8036,112,am,Amharic,ዋጋው ከጨመረ ፣ ፍላጎቱ በከፋ ፍጥነት ሊቀንስ ይችላል,Wagaw kechemeri, filagotu bekefa fit'ineti lik'enisi yichilali,,,,B
8037,112,ti,Tigrinya,እንተ ዋጋ እናወሰኸ ፣ እቲ ድሌት ብቕልጡፍ ክንከውን ይኽእል እዩ,Inti waga inaweseḱe, iti dileti bik'ilit'uf kinkewin yikh'il iyu,,,,B
8038,112,ne,Nepali,यदि मूल्य वृद्धि हुन्छ, माग नाटकीय रूपले घट्न सक्छ,Yadi mūlya vr̥ddhi huncha, māga nāṭakīya rūpalē ghaṭana sakcha,,,,B
8039,112,ta,Tamil,விலை அதிகரித்தால், தேவை கூர்மையாக வீழ்ச்சியடையலாம்,Vilai atikarittāl, tēvai kūrmaiyāka vīḻcciyaṭaiyalām,,,,B
8040,112,te,Telugu,ధర పెరిగితే, డిమాండ్ తీవ్రంగా తగ్గవచ్చు,Dhara perigitē, ḍimānḍ tīvraṅgā taggavaccu,,,,B
8041,112,ml,Malayalam,വില കൂടിയാൽ, ആവശ്യം കൂർത്ത് കുറയാം,Vila kūṭiyāl, āvaśyaṁ kūrtt kuṟayāṁ,,,,B
8042,112,mr,Marathi,किंमत वाढल्यास, मागणीतील तीव्र घट होऊ शकते,Kiṁmata vāḍhalyāsa, māgaṇītīla tīvra ghaṭa hōū śakate,,,,B
8043,112,pa,Punjabi,ਜੇ ਕੀਮਤ ਵਧਦੀ ਹੈ, ਤਾਂ ਮੰਗ ਤੇਜ਼ੀ ਨਾਲ ਘਟ ਸਕਦੀ ਹੈ,Jē kīmata vadhadī hai, tāṁ maga tēzī nāla ghaṭa sakadī hai,,,,B
8044,112,gu,Gujarati,જો કિંમત વધે છે, તો માંગ તીવ્ર રીતે ઘટી શકે છે,Jō kiṁmata vadhē chē, tō māṅga tīvra rītē ghaṭī śakē chē,,,,B
8045,112,si,Sinhala,මිල ඉහළ ගියහොත්, ඉල්ලුම තියුණු ලෙස අඩු විය හැක,Mila ihaḷa giyahot, illuma tiyunu lesa aḍu viya hæka,,,,B
8046,112,km,Khmer,ប្រសិនបើតម្លៃកើនឡើង តម្រូវការអាចធ្លាក់ចុះយ៉ាងខ្លាំង,Prɑsen bɑə tomlei kaen laeng, tomrov kar ach thleak choh yeang khlam,,,,B
8047,112,is,Icelandic,Ef verðið hækkar getur eftirspurn lækkað verulega,,,,,B
8048,112,tl,Tagalog / Filipino,Kung tataas ang presyo, maaaring bumagsak nang husto ang demand,,,,,B
8049,112,ms,Malay,Jika harga meningkat, permintaan mungkin menurun secara mendadak,,,,,B
8050,112,jv,Javanese,Menawi reginipun mundhak, panyuwunan saged mudhun kanthi cepet,,,,,B
8051,112,kk,Kazakh,Егер баға өссе, сұраныс күрт төмендеуі мүмкін,Eger bağa össe, suranıs kürt tömenjeuı mümkin,,,,B
8052,112,uz,Uzbek,Agar narx oshsa, talab keskin pasayishi mumkin,,,,,B
8053,112,mn,Mongolian,Хэрэв үнэ нэмэгдвэл, эрэлт огцом буурах боломжтой,Kherev üne nemegdvel, erelt ogtsom buurakh bolomjtoi,,,,B
8054,112,ka,Georgia,თუ ფასი გაიზრდება, მოთხოვნა შეიძლება მკვეთრად შემცირდეს,Tu pasi gaizrdeba, motkhovna sheidzleba mk'vetrad shemtsirdes,,,,B
8055,112,hy,Armenian,Եթե գինը բարձրանա, պահանջարկը կարող է կտրուկ նվազել,Yete giny bardzrana, pahandjarky karogh e ktruk nvazel,,,,B
8056,112,eu,Basuse,Prezioa igotzen bada, eskaria nabarmen jaitsi daiteke,,,,,B
8057,112,ca,Catalan,Si el preu augmenta, la demanda pot disminuir bruscament,,,,,B
8058,112,gl,Galical,Se o prezo aumenta, a demanda pode diminuír bruscamente,,,,,B
8059,112,ga,Irish (Gaeilge),Má mhéadaíonn an praghas, d'fhéadfadh an t-éileamh titim go tobann,,,,,B
8060,112,cy,Welsh,Os yw'r pris yn cynyddu, gall y galw ostwng yn sydyn,,,,,B
8061,112,gd,Scottish Gaelic,Ma mheudaicheas a' phrìs, dh’ fhaodadh an t-iarrtas tuiteam gu h-obann,,,,,B
8062,112,lb,Luxembourgisch,Wann de Präis erop geet, kann d'Noffro sech scharf reduzéieren,,,,,B
8063,112,eo,Esperanto,Se la prezo kreskas, la postulo povus malpliiĝi akre,,,,,B
8064,112,la,Latin,Si pretium augetur, poscito acriter declinare potest,,,,,B
8065,113,en,English,The committee postponed the vote until further review,,,,,B
8066,113,es,Spanish,El comité pospuso la votación hasta una revisión adicional,,,,,B
8067,113,fr,French,Le comité a reporté le vote jusqu'à nouvel examen,,,,,B
8068,113,pt,Portuguese,O comitê adiou a votação até uma revisão adicional,,,,,B
8069,113,de,German,Der Ausschuss verschob die Abstimmung bis zur weiteren Überprüfung,,,,,B
8070,113,it,Italian,Il comitato ha rimandato la votazione a ulteriore revisione,,,,,B
8071,113,ru,Russian,Комитет отложил голосование до дальнейшего рассмотрения,Komitet otlozhil golosovaniye do dal'neyshego rassmotreniya,,,,B
8072,113,ar,Arabic,أجلت اللجنة التصويت حتى مزيد من المراجعة,Ajjalat al-lajnah al-taṣwīt ḥattā mazīd min al-murājaʿah,,,,B
8073,113,hi,Hindi,समिति ने आगे की समीक्षा तक मतदान स्थगित कर दिया,Samiti ne āge kī samīkṣā tak matdān sthagit kar diyā,,,,B
8074,113,bn,Bengali,কমিটি আরও পর্যালোচনা না করা পর্যন্ত ভোট স্থগিত রাখল,Kamiṭi ārō paryālōcanā nā karā paryanta bhōṭa sthagita rākhala,,,,B
8075,113,ur,Urdu,کمیٹی نے مزید جائزہ تک ووٹ ملتوی کر دیا,Committee ne mazeed jaiza tak vote multawi kar diya,,,,B
8076,113,fa,Persian,کمیته رای‌گیری را تا بررسی بیشتر به تعویق انداخت,Komite rai-giri ra ta barrasi bishtar ta'vik andakht,,,,B
8077,113,tr,Turkish,Komite, oylamayı ileri bir incelemeye kadar erteledi,,,,,B
8078,113,ja,Japanese,委員会はさらなる審査まで投票を延期しました,Iinkai wa saranaru shinsa made tōhyō o enki shimashita,,,,B
8079,113,ko,Korean,위원회는 추가 검토까지 투표를 연기했습니다,Wiwonho-neun chuga geomto-kkaji tubo-reul yeongi-haetseumnida,,,,B
8080,113,zh-cn,Mandarin (Simplified),委员会将投票推迟到进一步审查,,wěiyuánhuì jiāng tóupiào tuīchí dào jìnyībù shěnchá,,B
8081,113,zh-tw,Mandarin (Traditional),委員會將投票推遲到進一步審查,,wěiyuánhuì jiāng tóupiào tuīchí dào jìnyībù shěnchá,,B
8082,113,vi,Vietnamese,Ủy ban đã hoãn cuộc bỏ phiếu cho đến khi xem xét thêm,,,,,B
8083,113,th,Thai,คณะกรรมการเลื่อนการออกเสียงลงคะแนนไปจนกว่าจะมีการทบทวนเพิ่มเติม,K̄hṇa k̄hwāmkrrm leụ̄̀xn kār xxk s̄eīyng lng k̄hanæn pị c̀ngk̄hwā ca mī kār thbthwn pheìm tī̀m,,,,B
8084,113,id,Indonesian,Komite menunda pemungutan suara hingga tinjauan lebih lanjut,,,,,B
8085,113,sw,Swahili,Kamati iliahirisha kura hadi upitishaji zaidi,,,,,B
8086,113,nl,Dutch,De commissie heeft de stemming uitgesteld tot nader onderzoek,,,,,B
8087,113,pl,Polish,Komisja odłożyła głosowanie do dalszego przeglądu,,,,,B
8088,113,uk,Ukrainian,Комітет відклав голосування до подальшого розгляду,Komitet vidklav holosuvannya do podal'shoho rozhlyadu,,,,B
8089,113,el,Greek,Η επιτροπή ανέβαλε την ψηφοφορία μέχρι περαιτέρω εξέταση,I epitropí anévale tin psifoforía méchri peraitéro exétasi,,,,B
8090,113,sv,Swedish,Kommittén sköt upp omröstningen tills vidare granskning,,,,,B
8091,113,no,Norwegian,Komiteen utsatte avstemningen til videre gjennomgang,,,,,B
8092,113,da,Dansk,Komiteen udsatte afstemningen til yderligere gennemgang,,,,,B
8093,113,fi,Finnish,Toimikunta lykkääsi äänestystä lisätarkasteluun saakka,,,,,B
8094,113,cs,Czech,Výbor odložil hlasování až do dalšího přezkoumání,,,,,B
8095,113,hu,Hungarian,A bizottság a szavazást további felülvizsgálatig elhalasztotta,,,,,B
8096,113,ro,Romanian,Comisia a amânat votul până la o revizuire ulterioară,,,,,B
8097,113,bg,Bulgarian,Комисията отложи гласуването до по-нататъшен преглед,Komisiyata otlozhi glasuvaneto do po-natatŭshen pregled,,,,B
8098,113,sr,Serbian,Комисија је одложила гласање до даљег прегледа,Komisija je odložila glasanje do daljeg pregleda,,,,B
8099,113,sk,Slovak,Výbor odložil hlasovanie až do ďalšieho preskúmania,,,,,B
8100,113,sl,Slovenian,Komise je odložila glasovanje do nadaljnjega pregleda,,,,,B
8101,113,lt,Lithuanian,Komitetas atidėjo balsavimą tolimesniam peržiūrėjimui,,,,,B
8102,113,lv,Latvian,Komisija atlikusi balsošanu līdz turpmākai pārskatīšanai,,,,,B
8103,113,et,Estonian,Komisjon lükkas hääletuse edasise läbivaatamiseni,,,,,B
8104,113,he,Hebrew,הוועדה דחתה את ההצבעה לבדיקה נוספת,Hava'adah dichta et hahatsba'a levedika nosefet,,,,B
8105,113,ha,Hausa,Kwamitin ya dage zaben har sai an sake dubawa,,,,,B
8106,113,yo,Yoruba,Ẹgbẹ agbẹjọro naa fẹyinti idibo naa titi di igba atunwo,,,,B
8107,113,ig,Igbo,Kọmitii ahụ yigharịrị votu ruo mgbe a ga-enyochaghachi ya,,,,B
8108,113,am,Amharic,ኮሚቴው ድምፁን ለተጨማሪ ግምገማ አቆየ,Komītewi dimits'uni letechemarī gimagema āk'oye,,,,B
8109,113,ti,Tigrinya,ኮሚቴ ንምርጫ ኣብ ዝቕጽል መጽናዕቲ ኣዘገየ,Komīte nimirich'a ab zik'its'ili mets'ina'iti āzegeye,,,,B
8110,113,ne,Nepali,समितिले थप समीक्षा नभुन्जेल मतदान स्थगित गर्यो,Samitile thapa samīkṣā nabhuñjēla matadāna sthagita garyō,,,,B
8111,113,ta,Tamil,குழு மேலதிக ஆய்வு வரை வாக்கெடுப்பை ஒத்திவைத்தது, Kuḻu mēlatika āyvu varai vākkeṭuppai ottivaittatu,,,,B
8112,113,te,Telugu,కమిటీ తదుపరి సమీక్ష వరకు ఓటును వాయిదా వేసింది,Kamiṭī tadupari samīkṣa varaku ōṭunu vāyidā vēsindi,,,,B
8113,113,ml,Malayalam,കമ്മിറ്റി കൂടുതൽ അവലോകനം വരെ വോട്ട് മാറ്റിവെച്ചു,Kam'ṟṟi kūṭutal avalōkanaṁ vare vēāṭṟ māṟṟiveccu,,,,B
8114,113,mr,Marathi,समितीने पुढील समीक्षेपर्यंत मतदान पुढे ढकलले,Samitīnē puḍhīla samīkṣēparyanta matadāna puḍhē ḍhakalale,,,,B
8115,113,pa,Punjabi,ਕਮੇਟੀ ਨੇ ਹੋਰ ਸਮੀਖਿਆ ਤੱਕ ਵੋਟ ਸਥਗਿਤ ਕਰ ਦਿੱਤੀ,Kamēṭī nē hōra samīkhi'ā taka vōṭa sathagita kara dittī,,,,B
8116,113,gu,Gujarati,કમિટીએ આગળની સમીક્ષા સુધી મતદાન મુલતવી રાખ્યું,Kamiṭī'ē āgaḷanī samīkṣā sudhī matadāna mulatavī rākhyuṁ,,,,B
8117,113,si,Sinhala,කමිටුව තවත් සමාලෝචනයක් දක්වා ඡන්දය අත්හිටුවන ලදී,Kamiṭuva tavat samālōcanayak dakvā chandaya athiṭuvana ladī,,,,B
8118,113,km,Khmer,គណៈកម្មការពន្យារពេលការបោះឆ្នោតរហូតដល់ការពិនិត្យបន្ថែម,Konakammakar ponyearpel karbaochchnoat rohot del kar pinidt banthem,,,,B
8119,113,is,Icelandic,Nefndin frestaði atkvæðagreiðslunni þar til frekari endurskoðunar,,,,,B
8120,113,tl,Tagalog / Filipino,Ipinagpaliban ng komite ang botohan hanggang sa karagdagang pagsusuri,,,,,B
8121,113,ms,Malay,Jawatankuasa menangguhkan undian sehingga kajian lanjut,,,,,B
8122,113,jv,Javanese,Panitia nundha voting nganti ditinjau maneh,,,,,B
8123,113,kk,Kazakh,Комитет дауыс беруді қосымша қарауға дейін кейінге қалдырды,Komitet dauys berudi qosymşa qarwğa deyin keyinge qaldırdı,,,,B
8124,113,uz,Uzbek,Qo'mita qo'shimcha ko'rib chiqishgacha ovoz berishni kechiktirdi,,,,,B
8125,113,mn,Mongolian,Хороо нэмэлт хяналт шалгалт хийх хүртэл саналаа хойшлуулсан,Khoroo nemelt khyanalt shalgalt kheikh khürtel sana-laa khoishluulsan,,,,B
8126,113,ka,Georgia,კომიტეტმა კენჭისყრა შემდგომი განხილვისთვის გადადო,K'omit'et'ma k'ench'isq'ra shemdgomi gan-khilvistvis gadado,,,,B
8127,113,hy,Armenian,Հանձնաժողովը հետաձգեց քվեարկությունը հետագա վերանայման,Handznazhogovy hetadzgets k’vearkut’yuny hetaga veranayman,,,,B
8128,113,eu,Basuse,Batzordeak bozketa atzeratu egin zuen berrikuspen gehiagoraino,,,,,B
8129,113,ca,Catalan,El comitè va ajornar la votació fins a una revisió addicional,,,,,B
8130,113,gl,Galical, O comité aprazou a votación ata unha revisión adicional,,,,,B
8131,113,ga,Irish (Gaeilge),Chuir an coiste an vótáil ar athló go dtí athbhreithniú breise,,,,,B
8132,113,cy,Welsh,Fe wnaeth y pwyllgor oedi'r bleidlais tan archwiliad pellach,,,,,B
8133,113,gd,Scottish Gaelic,Chuir a' chomataidh an cunntas-bheachd air chùl gu sgrùdadh a bharrachd,,,,,B
8134,113,lb,Luxembourgisch,De Comité huet d'Ofstëmmung op weider Iwwerpréiwung verschob,,,,,B
8135,113,eo,Esperanto,La komiteto prokrastis la voĉdonon ĝis plua revizio,,,,,B
8136,113,la,Latin,Consilium suffragium in ulteriorem recognitionem distulit,,,,,B
8137,114,en,English,Turn right at the corner,,,,,A
8138,114,es,Spanish,Gira a la derecha en la esquina,,,,,A
8139,114,fr,French,Tournez à droite au coin,,,,,A
8140,114,pt,Portuguese,Vire à direita na esquina,,,,,A
8141,114,de,German,Biegen Sie an der Ecke rechts ab,,,,,A
8142,114,it,Italian,Gira a destra all'angolo,,,,,A
8143,114,ru,Russian,Поверните направо на углу,Povemite napravo na uglu,,,,A
8144,114,ar,Arabic,انعطف يمينًا عند الزاوية,Inʿaṭif yamīnan ʿinda al-zāwiyah,,,,A
8145,114,hi,Hindi,मोड़ पर दाएं मुड़ें,Moṛ par dāẽ muṛẽ,,,,A
8146,114,bn,Bengali,কোণায় ডানদিকে ঘুরুন,Kōnāẏa ḍānadikē ghuruna,,,,A
8147,114,ur,Urdu,کونے پر دائیں مڑیں,Kone par dayein mudiyein,,,,A
8148,114,fa,Persian,در گوشه بپیچید به راست,Dar gūshe bepichid be rāst,,,,A
8149,114,tr,Turkish,Köşede sağa dön,,,,,A
8150,114,ja,Japanese,角を右に曲がってください,Kado o migi ni magatte kudasai,,,,A
8151,114,ko,Korean,코너에서 오른쪽으로 도세요,Koneoeseo oreunjjog-euro doseyo,,,,A
8152,114,zh-cn,Mandarin (Simplified),在拐角处向右转,,zài guǎijiǎo chù xiàng yòu zhuǎn,,A
8153,114,zh-tw,Mandarin (Traditional),在拐角處向右轉,,zài guǎijiǎo chù xiàng yòu zhuǎn,,A
8154,114,vi,Vietnamese,Rẽ phải ở góc đường,,,,,A
8155,114,th,Thai,เลี้ยวขวาที่มุม,Lî̂yw k̄hwā thī̀ mum,,,,A
8156,114,id,Indonesian,Belok kanan di sudut,,,,,A
8157,114,sw,Swahili,Pinda kulia kwenye kona,,,,,A
8158,114,nl,Dutch,Sla rechtsaf bij de hoek,,,,,A
8159,114,pl,Polish,Skręć w prawo na rogu,,,,,A
8160,114,uk,Ukrainian,Поверніть праворуч на розі,Povemіt' pravoruch na rozi,,,,A
8161,114,el,Greek,Στρίψτε δεξιά στη γωνία,Strípste dexiá sti gonía,,,,A
8162,114,sv,Swedish,Sväng höger vid hörnet,,,,,A
8163,114,no,Norwegian, Ta til høyre ved hjørnet,,,,,A
8164,114,da,Dansk,Drej til højre ved hjørnet,,,,,A
8165,114,fi,Finnish,Käänny oikeaan kulmassa,,,,,A
8166,114,cs,Czech,Odbočte vpravo na rohu,,,,,A
8167,114,hu,Hungarian,Fordulj jobbra a sarkon,,,,,A
8168,114,ro,Romanian,Cotită la dreapta la colț,,,,,A
8169,114,bg,Bulgarian,Завийте надясно на ъгъла,Zaviyte nadyasno na ŭgŭla,,,,A
8170,114,sr,Serbian,Скрените десно на углу,Skrenite desno na uglu,,,,A
8171,114,sk,Slovak,Zabočte vpravo na rohu,,,,,A
8172,114,sl,Slovenian,Zavijte desno na vogalu,,,,,A
8173,114,lt,Lithuanian,Pasukite dešinėn kampe,,,,,A
8174,114,lv,Latvian,Griezties pa labi stūrī,,,,,A
8175,114,et,Estonian,Pööra paremale nurga peal,,,,,A
8176,114,he,Hebrew,פנה ימינה בפינה,Pneh yamina bapina,,,,A
8177,114,ha,Hausa,Juyawa dama a lungu,,,,,A
8178,114,yo,Yoruba,Tẹ ọtun si igun,,,,A
8179,114,ig,Igbo,Tụgharịa n'aka nri n'akuku,,,,A
8180,114,am,Amharic,አንግል ላይ ቀኝ ተዞር,Ānigili layi k’enyi tezori,,,,A
8181,114,ti,Tigrinya,ኣብ ኩንዓ የማን ምለስ,Ab kun'a yeman milisi,,,,A
8182,114,ne,Nepali,कुनामा दायाँ मोड़्नुहोस्,Kunāmā dāyām̐ mōṛnuhōs,,,,A
8183,114,ta,Tamil,மூலையில் வலது பக்கம் திரும்பவும்,Mūlaiyil valatu pakkam tirumpavum,,,,A
8184,114,te,Telugu,మూలలో కుడివైపు తిరగండి,Mūlalō kuḍivaipu tiragaṇḍi,,,,A
8185,114,ml,Malayalam,മൂലയിൽ വലത്തോട്ട് തിരിയുക,Mūlayil valattēāṭṟ tiriyuka,,,,A
8186,114,mr,Marathi,कोपऱ्यावर उजवीकडे वळा,Kopaṛyāvara ujavīkaḍē vaḷā,,,,A
8187,114,pa,Punjabi,ਕੋਨੇ 'ਤੇ ਸੱਜੇ ਮੁੜੋ, Kōnē 'tē sajē muṛō,,,,A
8188,114,gu,Gujarati,ખૂણે જમણી બાજુ વળો,Khūṇē jamaṇī bāju vaḷō,,,,A
8189,114,si,Sinhala,කෙළවරේ දකුණට හැරෙන්න,Keḷavare dakuṇata hærenna,,,,A
8190,114,km,Khmer,បត់ស្ដាំនៅជ្រុង,Bat sdam now chrong,,,,A
8191,114,is,Icelandic,Beygðu til hægri við hornið,,,,,A
8192,114,tl,Tagalog / Filipino,Lumiko sa kanan sa kanto,,,,,A
8193,114,ms,Malay,Belok kanan di penjuru,,,,,A
8194,114,jv,Javanese,Mlaku neng tengen ing pojok,,,,,A
8195,114,kk,Kazakh,Бұрыштан оңға бұрылыңыз,Būrıştan oñğa būrılıñız,,,,A
8196,114,uz,Uzbek,Burchakdan o'ngga buriling,,,,,A
8197,114,mn,Mongolian,Буланд баруун тийш эргэ,Buland baruun tiish erge,,,,A
8198,114,ka,Georgia,დაუხვიეთ მარჯვნივ კუთხეში,Daukhviet marjvniv kutkheshi,,,,A
8199,114,hy,Armenian,Թեքվեք աջ անկյունում,T’ek’vek’ aj ank’yunum,,,,A
8200,114,eu,Basuse,Eskuinean biratu izkinan,,,,,A
8201,114,ca,Catalan,Gira a la dreta a la cantonada,,,,,A
8202,114,gl,Galical,Xira á dereita na esquina,,,,,A
8203,114,ga,Irish (Gaeilge),Cas ar dheis ag an gcúinne,,,,,A
8204,114,cy,Welsh,Trowch i'r dde ar y gornel,,,,,A
8205,114,gd,Scottish Gaelic,Tionndaidh gu deas aig an oisean,,,,,A
8206,114,lb,Luxembourgisch,Draie riets op der Eck,,,,,A
8207,114,eo,Esperanto,Turnu dekstren ĉe la angulo,,,,,A
8208,114,la,Latin,Ad dextram ad angulum flecte,,,,,A
8209,115,en,English,My shoes are wet,,,,,A
8210,115,es,Spanish,Mis zapatos están mojados,,,,,A
8211,115,fr,French,Mes chaussures sont mouillées,,,,,A
8212,115,pt,Portuguese,Meus sapatos estão molhados,,,,,A
8213,115,de,German,Meine Schuhe sind nass,,,,,A
8214,115,it,Italian,Le mie scarpe sono bagnate,,,,,A
8215,115,ru,Russian,Мои туфли мокрые,Moi tufli mokryye,,,,A
8216,115,ar,Arabic,حذائي مبلل,Ḥidhāʾī muballal,,,,A
8217,115,hi,Hindi,मेरे जूते गीले हैं,Mere jūte gīle hain,,,,A
8218,115,bn,Bengali,আমার জুতা ভিজে আছে,Āmāra jutā bhijē āchē,,,,A
8219,115,ur,Urdu,میرے جوتے گیلا ہیں,Mere jootay geela hain,,,,A
8220,115,fa,Persian,کفش‌های من خیس هستند,Kafsh-hāye man khīs hastand,,,,A
8221,115,tr,Turkish,Ayakkabılarım ıslak,,,,,A
8222,115,ja,Japanese,私の靴は濡れています,Watashi no kutsu wa nurete imasu,,,,A
8223,115,ko,Korean,내 신발이 젖었어요,Nae sinbari jeojeosseoyo,,,,A
8224,115,zh-cn,Mandarin (Simplified),我的鞋子湿了,,wǒ de xiézi shī le,,A
8225,115,zh-tw,Mandarin (Traditional),我的鞋子濕了,,wǒ de xiézi shī le,,A
8226,115,vi,Vietnamese,Giày của tôi bị ướt,,,,,A
8227,115,th,Thai,รองเท้าของฉันเปียก,Rxngthā k̄hxng c̄hạn peīyk,,,,A
8228,115,id,Indonesian,Sepatuku basah,,,,,A
8229,115,sw,Swahili,Viatu vyangu vimejaa maji,,,,,A
8230,115,nl,Dutch,Mijn schoenen zijn nat,,,,,A
8231,115,pl,Polish,Moje buty są mokre,,,,,A
8232,115,uk,Ukrainian,Моє взуття мокре,Moye vzuttya mokre,,,,A
8233,115,el,Greek,Τα παπούτσια μου είναι βρεγμένα,Ta papoutsia mou einai vregmena,,,,A
8234,115,sv,Swedish,Mina skor är blöta,,,,,A
8235,115,no,Norwegian,Skogene mine er våte,,,,,A
8236,115,da,Dansk,Mine sko er våde,,,,,A
8237,115,fi,Finnish,Kengät ovat märät,,,,,A
8238,115,cs,Czech,Mé boty jsou mokré,,,,,A
8239,115,hu,Hungarian,Vizesek a cipőim,,,,,A
8240,115,ro,Romanian,Pantoful meu este ud,,,,,A
8241,115,bg,Bulgarian,Обувките ми са мокри,Obuvkite mi sa mokri,,,,A
8242,115,sr,Serbian,Ципеле су ми мокре,Cipele su mi mokre,,,,A
8243,115,sk,Slovak,Moje topánky sú mokré,,,,,A
8244,115,sl,Slovenian,Moji čevlji so mokri,,,,,A
8245,115,lt,Lithuanian,Mano batai šlapi,,,,,A
8246,115,lv,Latvian,Mani kurpes ir slapjas,,,,,A
8247,115,et,Estonian,Minu kingad on märjad,,,,,A
8248,115,he,Hebrew,הנעליים שלי רטובות,Hana'alayim sheli retuvot,,,,A
8249,115,ha,Hausa,Takalmina sun ji danshi,,,,,A
8250,115,yo,Yoruba,Bàtà mi ti tutu,,,,A
8251,115,ig,Igbo,Akpụkpọ ụkwụ m mmiri mmiri,,,,A
8252,115,am,Amharic,ሳንዱቄ ተረጋጉ,Sandukh'e teregagu,,,,A
8253,115,ti,Tigrinya,ጫማታተይ ርእሲ እዮም,Ch'amatatey r'isi iyom,,,,A
8254,115,ne,Nepali,मेरा जुत्ता भिजेको छ,Merā juttā bhijekō cha,,,,A
8255,115,ta,Tamil,என் காலணிகள் ஈரமாக இருக்கின்றன,Eṉ kālaṇikaḷ īramāka irukkiṉṟaṉa,,,,A
8256,115,te,Telugu,నా బూట్లు తడిగా ఉన్నాయి,Nā būṭlu taḍigā unnāyi,,,,A
8257,115,ml,Malayalam,എന്റെ ഷൂസ് നനഞ്ഞു,Enṟe ṣūs nanaññu,,,,A
8258,115,mr,Marathi,माझे बूट ओले आहेत,Mājhe būṭ ōle āhēt,,,,A
8259,115,pa,Punjabi,ਮੇਰੇ ਜੁੱਤੇ ਗਿੱਲੇ ਹਨ,Mērē juttē gillē hana,,,,A
8260,115,gu,Gujarati,મારા જોડા ભીના છે,Mārā jōḍā bhīnā chē,,,,A
8261,115,si,Sinhala,මගේ සපත්තු තෙත්ය,Magē sapatthu tetya,,,,A
8262,115,km,Khmer,ស្បែកជើងរបស់ខ្ញុំទទឹក,Sbaek cheung robos khnhom totuek,,,,A
8263,115,is,Icelandic,Skórnir mínir eru blautir,,,,,A
8264,115,tl,Tagalog / Filipino,Basang-basa ang sapatos ko,,,,,A
8265,115,ms,Malay,Kasut saya basah,,,,,A
8266,115,jv,Javanese,Sandhanganku teles,,,,,A
8267,115,kk,Kazakh,Аяқ киімім дымқыл,Ayaq kiıımım dımqıl,,,,A
8268,115,uz,Uzbek,Mening poyabzallarim ho'l,,,,,A
8269,115,mn,Mongolian,Миний гутал нойтон байна,Minii gutal noiton baina,,,,A
8270,115,ka,Georgia,ჩემი ფეხსაცმელი სველია,Chemi p'ekhsats'meli svelia,,,,A
8271,115,hy,Armenian,Իմ կոշիկները թաց են,Im koshiknery ts’ats en,,,,A
8272,115,eu,Basuse,Nire zapatak bustita daude,,,,,A
8273,115,ca,Catalan,Les meves sabates estan molles,,,,,A
8274,115,gl,Galical,Os meus zapatos están mollados,,,,,A
8275,115,ga,Irish (Gaeilge),Tá mo bhróga fliuch,,,,,A
8276,115,cy,Welsh,Mae fy esgidiau'n wlyb,,,,,A
8277,115,gd,Scottish Gaelic,Tha mo bhrògan fliuch,,,,,A
8278,115,lb,Luxembourgisch,Meng Schong si naass,,,,,A
8279,115,eo,Esperanto,Miaj ŝuoj estas malsekaj,,,,,A
8280,115,la,Latin,Calcei mei humidi sunt,,,,,A
8281,116,en,English,He realized too late that he had deleted the wrong file,,,,,B
8282,116,es,Spanish,Se dio cuenta demasiado tarde de que había borrado el archivo equivocado,,,,,B
8283,116,fr,French,Il s'est rendu compte trop tard qu'il avait supprimé le mauvais fichier,,,,,B
8284,116,pt,Portuguese,Ele percebeu tarde demais que havia excluído o arquivo errado,,,,,B
8285,116,de,German,Ihm wurde zu spät klar, dass er die falsche Datei gelöscht hatte,,,,,B
8286,116,it,Italian,Si rese conto troppo tardi di aver cancellato il file sbagliato,,,,,B
8287,116,ru,Russian,Он понял слишком поздно, что удалил не тот файл,On ponyal slishkom pozdno, chto udalil ne tot fayl,,,,B
8288,116,ar,Arabic,أدرك بعد فوات الأوان أنه قد حذف الملف الخاطئ,Adraka baʿda fawāt al-awān annahu qad ḥadhafa al-malaf al-khāṭiʾ,,,,B
8289,116,hi,Hindi,उसे बहुत देर से पता चला कि उसने गलत फ़ाइल मिटा दी थी,Use bahut der se patā chalā ki usne galat fāil miṭā dī thī,,,,B
8290,116,bn,Bengali,সে বুঝতে খুব দেরি হয়ে গেল যে সে ভুল ফাইল মুছে ফেলেছে,Sē bujhatē khuba dēri haẏē gēla yē sē bhula phāila muchē phēlēchē,,,,B
8291,116,ur,Urdu,اسے بہت دیر سے احساس ہوا کہ اس نے غلط فائل ڈیلیٹ کر دی تھی,Use bohat der se ehsas hua ke us ne ghalat file delete kar di thi,,,,B
8292,116,fa,Persian,او خیلی دیر متوجه شد که فایل اشتباه را پاک کرده است,U kheyli dir motavajjeh shod ke file eshtebah ra pak karde ast,,,,B
8293,116,tr,Turkish,Yanlış dosyayı sildiğini çok geç fark etti,,,,,B
8294,116,ja,Japanese,彼は間違ったファイルを削除してしまったことに遅すぎて気づいた,Kare wa machigatta fairu o sakujo shite shimatta koto ni oso sugite kizuita,,,,B
8295,116,ko,Korean,그는 잘못된 파일을 삭제한 것을 너무 늦게 깨달았다,Geuneun jalmosdoen pail-eul sagjehan geos-eul neomu neutge kkaedal-assda,,,,B
8296,116,zh-cn,Mandarin (Simplified),他意识到自己删错了文件，但为时已晚,,tā yìshí dào zìjǐ shān cuòle wénjiàn, dàn wéishí yǐ wǎn,,B
8297,116,zh-tw,Mandarin (Traditional),他意識到自己刪錯了文件，但為時已晚,,tā yìshí dào zìjǐ shān cuòle wénjiàn, dàn wéishí yǐ wǎn,,B
8298,116,vi,Vietnamese,Anh ấy nhận ra quá muộn rằng mình đã xóa nhầm tệp,,,,,B
8299,116,th,Thai,เขาตระหนักช้าเกินไปว่าเขาได้ลบไฟล์ผิด,Khā tra rạc chā kein pị ẁā k̄heā dị̂ lb fịl p̄hid,,,,B
8300,116,id,Indonesian,Dia sadar terlambat bahwa dia telah menghapus file yang salah,,,,,B
8301,116,sw,Swahili,Aligundua kwa kuchelewa sana kwamba alikuwa amefuta faili sahihi,,,,,B
8302,116,nl,Dutch,Hij realiseerde zich te laat dat hij het verkeerde bestand had verwijderd,,,,,B
8303,116,pl,Polish,Zdał sobie sprawę zbyt późno, że usunął niewłaściwy plik,,,,,B
8304,116,uk,Ukrainian,Він зрозумів надто пізно, що видалив неправильний файл,Vin zrozumiv nadto pizno, shcho vydalyv nepravyl'nyy fayl,,,,B
8305,116,el,Greek,Συνειδητοποίησε πολύ αργά ότι είχε διαγράψει το λάθος αρχείο,Syneiditopoíise polý argá óti eíche diagrápsei to láthos archeío,,,,B
8306,116,sv,Swedish, Han insåg för sent att han hade raderat fel fil,,,,,B
8307,116,no,Norwegian,Han innså for sent at han hadde slettet feil fil,,,,,B
8308,116,da,Dansk,Han indså for sent, at han havde slettet den forkerte fil,,,,,B
8309,116,fi,Finnish,Hän tajusi liian myöhään, että oli poistanut väärän tiedoston,,,,,B
8310,116,cs,Czech,Poznal příliš pozdě, že smazal špatný soubor,,,,,B
8311,116,hu,Hungarian,Túl későn vette észre, hogy rossz fájlt törölte,,,,,B
8312,116,ro,Romanian,Și-a dat seama prea târziu că ștersese fișierul greșit,,,,,B
8313,116,bg,Bulgarian,Той осъзна твърде късно, че е изтрил грешния файл,Toi osŭzna tvŭrde kŭsno, che e iztril greshniya fail,,,,B
8314,116,sr,Serbian,Схватио је прекасно да је обрисао погрешну датотеку,Shvatio je prekasno da je obrisao pogrešnu datoteku,,,,B
8315,116,sk,Slovak, Uvedomil si príliš neskoro, že vymazal nesprávny súbor,,,,,B
8316,116,sl,Slovenian, Prepozno je spoznal, da je izbrisal napačno datoteko,,,,,B
8317,116,lt,Lithuanian,Jis per vėlu suprato, kad ištrino netinkamą failą,,,,,B
8318,116,lv,Latvian,Vins par vēlu saprata, ka bija izdzēsis nepareizo failu,,,,,B
8319,116,et,Estonian,Ta mõistis liiga hilja, et kustutas vale faili,,,,,B
8320,116,he,Hebrew,הוא הבין מאוחר מדי שהוא מחק את הקובץ הלא נכון,Hu hevin meuchar midi shehu mechak et hakovesh hale nakhon,,,,B
8321,116,ha,Hausa,Ya gane da makara cewa ya goge fayil din da bai dace ba,,,,,B
8322,116,yo,Yoruba,Ó gbà pé ó ti pa fayili tí kò tọ̀ ní àkókò tó pẹ́,,,,B
8323,116,ig,Igbo,Ọ chọpụtara n'oge na-adịghị anya na o ehichapụla faịlụ na-ezighi ezi,,,,B
8324,116,am,Amharic,የተሳሳተ ፋይል እንዳጠፋ በጣም በማዘገየት አሰበ,Yetesasate faili inidat'efa betami bemazegeyeti āsebe,,,,B
8325,116,ti,Tigrinya,ናቱ ዘይቅኑዕ ፋይል ከምዝጠፍኣ ኣዚ እዋን ድሕሪ ምግንዛቡ ፈለጠ,Natu zeyik'inu'ı fail kemizit'efi'a azi iwan dihri miginzabu felete,,,,B
8326,116,ne,Nepali,उनले ढिलोले बुझे कि उनले गलत फाइल मेटाए,Unle ḍhilole bujhe ki unle galata pha'ila mēṭā'ē,,,,B
8327,116,ta,Tamil,தவறான கோப்பை நீக்கியதை அவர் மிகவும் தாமதமாக உணர்ந்தார்,Tavaṟāṉa kōppai nīkkiyatai avar mikavum tāmatamāka uṇarntār,,,,B
8328,116,te,Telugu,తప్పు ఫైల్‌ను తనకు చాలా ఆలస్యంగా తొలగించినట్లు గ్రహించాడు,Tappu phailnū tanaku cālā ālasyaṅgā tolagiñcinaṭlu grahiñcāḍu,,,,B
8329,116,ml,Malayalam,തെറ്റായ ഫയൽ അവൻ ഇല്ലാതാക്കിയതായി വൈകി മനസ്സിലാക്കി,Tettaya phayal avan illatakkiyatayi vaiki manassilakki,,,,B
8330,116,mr,Marathi,त्यांना खूप उशीरा समजले की त्यांनी चुकीची फाईल हटवली आहे,Tyānnā khūp uśīrā samajalē kī tyānnī cukīcī phā'ila haṭavalī āhē,,,,B
8331,116,pa,Punjabi,ਉਸਨੂੰ ਬਹੁਤ ਦੇਰ ਨਾਲ ਅਹਿਸਾਸ ਹੋਇਆ ਕਿ ਉਸਨੇ ਗਲਤ ਫ਼ਾਈਲ ਮਿਟਾ ਦਿੱਤੀ ਸੀ,Usanū bahuta dēra nāla ahisāsa hō'i'ā ki usanē galata fā'ila miṭā dittī sī,,,,B
8332,116,gu,Gujarati,તેણે ખૂબ મોડું સમજાયું કે તેણે ખોટી ફાઇલ કાઢી નાખી હતી,Tēṇē khūba mōḍuṁ samajāyuṁ kē tēṇē khōṭī phā'ila kāḍhī nākhī hatī,,,,B
8333,116,si,Sinhala,ඔහු වැරදි ගොනුව මකා දැමූ බව ඉතා පෙරට පසුව තේරුම් ගත්තේය,Ohu væradi gonuva makā dæmū bava itā peraṭa pasuva terum gatteya,,,,B
8334,116,km,Khmer,គាត់បានដឹងយ៉ាងយឺតយ៉ាវថាគាត់បានលុបឯកសារខុស,Koat ban doeng yeang yeut yeav tha koat ban lub aeksar khos,,,,B
8335,116,is,Icelandic,Hann áttaði sig of seint á því að hann hafði eytt röngu skrá,,,,,B
8336,116,tl,Tagalog / Filipino,Napagtanto niya nang huli na nabura niya ang maling file,,,,,B
8337,116,ms,Malay,Dia sedar terlalu lewat bahawa dia telah memadam fail yang salah,,,,,B
8338,116,jv,Javanese,Dheweke sadar telat banget menawa wis mbusak file sing salah,,,,,B
8339,116,kk,Kazakh,Ол қате файлды жойғанын тым кеш түсінді,Ol qate faildy joiğanın tım keş tüsindi,,,,B
8340,116,uz,Uzbek,U noto'g'ri faylni o'chirib yuborganini juda kech anglab yetdi,,,,,B
8341,116,mn,Mongolian,Тэр буруу файлыг устгасан гэдгээ хэтэрхий хожуу ухамсарлав,Ter buruu failyg ustgasan gedgee khterkhi khokhuu ukhamsarlav,,,,B
8342,116,ka,Georgia,მან გვიან გაიგო, რომ არასწორი ფაილი წაშალა,Man gvian gaigo, rom arasts'ori p'aili ts'ashala,,,,B
8343,116,hy,Armenian,Նա շատ ուշ հասկացավ, որ սխալ ֆայլը ջնջել էր,Na shat ush haskats’av, vor skhal fayly jnjel er,,,,B
8344,116,eu,Basuse,Beranduegi konturatu zen fitxategi okerra ezabatu zuela,,,,,B
8345,116,ca,Catalan,Es va adonar massa tard que havia eliminat el fitxer incorrecte,,,,,B
8346,116,gl,Galical,Decatouse demasiado tarde de que eliminara o ficheiro incorrecto,,,,,B
8347,116,ga,Irish (Gaeilge),Thuig sé ródhéanach gur scrios sé an comhad mícheart,,,,,B
8348,116,cy,Welsh,Sylweddolodd yn rhy hwyr ei fod wedi dileu'r ffeil anghywir,,,,,B
8349,116,gd,Scottish Gaelic,Thuig e ro fhadalach gun do sguab e am faidhle ceàrr,,,,,B
8350,116,lb,Luxembourgisch,Hien huet ze spéit begraff, datt hien de falsche Fichier geläscht hat,,,,,B
8351,116,eo,Esperanto,Li tro malfrue rimarkis, ke li forviŝis la malĝustan dosieron,,,,,B
8352,116,la,Latin,Serius intellexit se fasciculum erroneum delevisse,,,,,B
8353,117,en,English,The dog wants food,,,,,A
8354,117,es,Spanish,El perro quiere comida,,,,,A
8355,117,fr,French,Le chien veut de la nourriture,,,,,A
8356,117,pt,Portuguese,O cachorro quer comida,,,,,A
8357,117,de,German,Der Hund will Futter,,,,,A
8358,117,it,Italian,Il cane vuole il cibo,,,,,A
8359,117,ru,Russian,Собака хочет есть,Sobaka khochet yest',,,,,A
8360,117,ar,Arabic,الكلب يريد الطعام,Al-kalb yurīd al-ṭaʿām,,,,A
8361,117,hi,Hindi,कुत्ता भोजन चाहता है,Kuttā bhojan cāhtā hai,,,,A
8362,117,bn,Bengali,কুকুর খাবার চায়,Kukura khābāra cāẏa,,,,A
8363,117,ur,Urdu,کتا کھانا چاہتا ہے,Kutta khana chahta hai,,,,A
8364,117,fa,Persian,سگ غذا می‌خواهد,Sag ghaza mikhad,,,,A
8365,117,tr,Turkish,Köpek yemek istiyor,,,,,A
8366,117,ja,Japanese,犬が食べ物を欲しがっています,Inu ga tabemono o hoshigatte imasu,,,,A
8367,117,ko,Korean,개가 먹을 것을 원해요,Gaega meogeul geos-eul wonhaeyo,,,,A
8368,117,zh-cn,Mandarin (Simplified),狗想吃东西,,gǒu xiǎng chī dōngxī,,A
8369,117,zh-tw,Mandarin (Traditional),狗想吃東西,,gǒu xiǎng chī dōngxī,,A
8370,117,vi,Vietnamese,Con chó muốn ăn,,,,,A
8371,117,th,Thai,สุนัขต้องการอาหาร,S̄unạk t̂xngkār xāh̄ār,,,,A
8372,117,id,Indonesian,Anjing itu ingin makan,,,,,A
8373,117,sw,Swahili,Mbwa anataka chakula,,,,,A
8374,117,nl,Dutch,De hond wil eten,,,,,A
8375,117,pl,Polish,Pies chce jeść,,,,,A
8376,117,uk,Ukrainian,Собака хоче їсти,Sobaka khoche yisty,,,,A
8377,117,el,Greek,Ο σκύλος θέλει φαγητό,O skýlos thélei fagitó,,,,A
8378,117,sv,Swedish,Hunden vill ha mat,,,,,A
8379,117,no,Norwegian,Hunden vil ha mat,,,,,A
8380,117,da,Dansk,Hunden vil have mad,,,,,A
8381,117,fi,Finnish,Koira haluaa ruokaa,,,,,A
8382,117,cs,Czech,Pes chce jíst,,,,,A
8383,117,hu,Hungarian,A kutya enni akar,,,,,A
8384,117,ro,Romanian,Câinele vrea mâncare,,,,,A
8385,117,bg,Bulgarian,Кучето иска храна,Kucheto iska hrana,,,,A
8386,117,sr,Serbian,Пас хоће храну,Pas hoće hranu,,,,A
8387,117,sk,Slovak,Pes chce jesť,,,,,A
8388,117,sl,Slovenian,Pes hoče hrano,,,,,A
8389,117,lt,Lithuanian,Šuo nori maisto,,,,,A
8390,117,lv,Latvian,Suns vēlas ēdienu,,,,,A
8391,117,et,Estonian,Koer tahab toitu,,,,,A
8392,117,he,Hebrew,הכלב רוצה אוכל,Hak'lav rotse ochel,,,,A
8393,117,ha,Hausa,Kare yana son abinci,,,,,A
8394,117,yo,Yoruba,Aja fe ounje,,,,A
8395,117,ig,Igbo,Nkịta chọrọ nri,,,,A
8396,117,am,Amharic,ውሻው ምግብ ይፈልጋል,Wishawi migibi yifeligali,,,,A
8397,117,ti,Tigrinya,ከልቢ መግቢ ይደሊ,Kelbi megibi yideli,,,,A
8398,117,ne,Nepali,कुकुरले खाना चाहन्छ,Kukurale khānā cāhancha,,,,A
8399,117,ta,Tamil,நாய்க்கு உணவு வேண்டும்,Nāykku uṇavu vēṇṭum,,,,A
8400,117,te,Telugu,కుక్కకు ఆహారం కావాలి,Kukkaku āhāraṁ kāvāli,,,,A
8401,117,ml,Malayalam,നായയ്ക്ക് ഭക്ഷണം വേണം,Nāyaykk bhaksanaṁ vēṇaṁ,,,,A
8402,117,mr,Marathi,कुत्र्याला अन्न हवे आहे,Kutryālā anna havē āhē,,,,A
8403,117,pa,Punjabi,ਕੁੱਤਾ ਖਾਣਾ ਚਾਹੁੰਦਾ ਹੈ,Kutā khāṇā cāhundā hai,,,,A
8404,117,gu,Gujarati,કુતરો ખોરાક ઇચ્છે છે,Kutarō khōrāka icchē chē,,,,A
8405,117,si,Sinhala,බල්ලාට ආහාර අවශ්‍යයි,Ballāṭa āhāra avaśyayi,,,,A
8406,117,km,Khmer,ឆ្កែចង់បានអាហារ,Chhke chang ban ahar,,,,A
8407,117,is,Icelandic,Hundurinn vill fá mat,,,,,A
8408,117,tl,Tagalog / Filipino,Gusto ng aso ang pagkain,,,,,A
8409,117,ms,Malay,Anjing itu mahukan makanan,,,,,A
8410,117,jv,Javanese,Asu iku arep panganan,,,,,A
8411,117,kk,Kazakh,Ит тамақ қалайды,It tamaq qalaydı,,,,A
8412,117,uz,Uzbek,It ovqat istaydi,,,,,A
8413,117,mn,Mongolian,Нохой хоол хүсч байна,Nokhoi khool khüsch baina,,,,A
8414,117,ka,Georgia,ძაღლი საჭმელს ითხოვს,Jaghli sach'mels itkhovs,,,,A
8415,117,hy,Armenian,Շունը ուտելիք է ուզում,Shuny utelik e uzum,,,,A
8416,117,eu,Basuse,Txakurrak janaria nahi du,,,,,A
8417,117,ca,Catalan,El gos vol menjar,,,,,A
8418,117,gl,Galical,O can quere comida,,,,,A
8419,117,ga,Irish (Gaeilge),Tá bia uaidh an madra,,,,,A
8420,117,cy,Welsh,Mae'r ci eisiau bwyd,,,,,A
8421,117,gd,Scottish Gaelic,Tha an cù ag iarraidh biadh,,,,,A
8422,117,lb,Luxembourgisch,De Hond wëll Iessen,,,,,A
8423,117,eo,Esperanto,La hundo volas manĝaĵon,,,,,A
8424,117,la,Latin,Canis cibum desiderat,,,,,A
8425,118,en,English,Rapid climate shifts threaten fragile ecosystems,,,,,C
8426,118,es,Spanish,Los rápidos cambios climáticos amenazan ecosistemas frágiles,,,,,C
8427,118,fr,French,Les changements climatiques rapides menacent les écosystèmes fragiles,,,,,C
8428,118,pt,Portuguese,Mudanças climáticas rápidas ameaçam ecossistemas frágeis,,,,,C
8429,118,de,German,Schnelle Klimaveränderungen bedrohen fragile Ökosysteme,,,,,C
8430,118,it,Italian,I rapidi cambiamenti climatici minacciano gli ecosistemi fragili,,,,,C
8431,118,ru,Russian,Быстрые климатические изменения угрожают хрупким экосистемам,Bystryye klimaticheskiye izmeneniya ugrozhayut khrupkim ekosistemam,,,,C
8432,118,ar,Arabic,التغيرات المناخية السريعة تهدد النظم البيئية الهشة,Al-taghayyurāt al-manākhiyah al-sarīʿah tuhaddid al-nuẓam al-bīʾīyah al-hashah,,,,C
8433,118,hi,Hindi,तेज़ जलवायु परिवर्तन नाजुक पारिस्थितिकी तंत्र को खतरे में डालते हैं,Tez jalvāyu parivartan nājuk pāristhitikī tantra ko khatre mẽ ḍālte hain,,,,C
8434,118,bn,Bengali,দ্রুত জলবায়ু পরিবর্তন ভঙ্গুর বাস্তুতন্ত্রকে হুমকির মুখে ফেলে,Druta jalabāẏu paribartana bhaṅgura bāstutantrakē humakira mukhē phēlē,,,,C
8435,118,ur,Urdu,تیز موسمیاتی تبدیلیاں نازک ماحولیاتی نظام کو خطرے میں ڈالتی ہیں,Teiz mosiyati tabdeeliyan naazuk maholiyati nizam ko khatray mein daalti hain,,,,C
8436,118,fa,Persian,تغییرات سریع آب‌وهوایی اکوسیستم‌های شکننده را تهدید می‌کنند,Taghirat-e sari'-e ab-o-hawayi ekosistem-haye shekanande ra tahdid mikonand,,,,C
8437,118,tr,Turkish,Hızlı iklim değişiklikleri kırılgan ekosistemleri tehdit ediyor,,,,,C
8438,118,ja,Japanese,急速な気候変動は脆弱な生態系を脅かしています,Kyūsoku na kikō hendō wa zeijakuna seitaikei o odokashite imasu,,,,C
8439,118,ko,Korean,급속한 기후 변화는 취약한 생태계를 위협합니다,Geubsokan gihu byeonhwaneun chwiyakhan saengtaegyeleul wihyeobhabnida,,,,C
8440,118,zh-cn,Mandarin (Simplified),快速的气候变化威胁着脆弱的生态系统,,kuàisù de qìhòu biànhuà wēixié zhe cuìruò de shēngtài xìtǒng,,C
8441,118,zh-tw,Mandarin (Traditional),快速的氣候變化威脅著脆弱的生態系統,,kuàisù de qìhòu biànhuà wēixié zhe cuìruò de shēngtài xìtǒng,,C
8442,118,vi,Vietnamese,Những biến đổi khí hậu nhanh chóng đe dọa các hệ sinh thái mong manh,,,,,C
8443,118,th,Thai,การเปลี่ยนแปลงสภาพภูมิอากาศอย่างรวดเร็วคุกคามระบบนิเวศที่เปราะบาง,Kār pelī̀yngp̄hxng ṣ̄p̣hāph p̣hūmī xākāṣ̄ xỳāng rwdrĕṇ khukkʰām rabxb niweṣ̄ thī̀ perxbkàr,,,,C
8444,118,id,Indonesia,Perubahan iklim yang cepat mengancam ekosistem yang rapuh,,,,,C
8445,118,sw,Swahili,Mabadiliko ya haraka ya hali ya hewa yanaikabili mifumo dhaifu ya ikolojia,,,,,C
8446,118,nl,Dutch,Snelle klimaatveranderingen bedreigen fragiele ecosystemen,,,,,C
8447,118,pl,Polish,Szybkie zmiany klimatyczne zagrażają delikatnym ekosystemom,,,,,C
8448,118,uk,Ukrainian,Швидкі кліматичні зміни загрожують крихким екосистемам,Shvydki klimatychni zminy zahrozhuyut' krykhkym ekosystemam,,,,C
8449,118,el,Greek,Οι ραγδαίες κλιματικές αλλαγές απειλούν τα εύθραυστα οικοσυστήματα,I ragdaíes klimatikés allagés apeiloun ta éfthrafsta ikosystímata,,,,C
8450,118,sv,Swedish,Snabba klimatförändringar hotar sköra ekosystem,,,,,C
8451,118,no,Norwegian,Raske klimaskifter truer skjøre økosystemer,,,,,C
8452,118,da,Dansk,Hurtige klimaskift truer skrøbelige økosystemer,,,,,C
8453,118,fi,Finnish,Nopeat ilmastonmuutokset uhkaavat hauraita ekosysteemejä,,,,,C
8454,118,cs,Czech,Rychlé klimatické změny ohrožují křehké ekosystémy,,,,,C
8455,118,hu,Hungarian,A gyors klímaváltozások veszélyeztetik a törékeny ökoszisztémákat,,,,,C
8456,118,ro,Romanian,Schimbările climatice rapide amenință ecosistemele fragile,,,,,C
8457,118,bg,Bulgarian,Бързите климатични промени застрашават крехките екосистеми,Bŭrzite klimatichni promeni zastrashavat krekhtite ekosistemi,,,,C
8458,118,sr,Serbian,Брзе климатске промене угрожавају крхке екосистеме,Brze klimatske promene ugrožavaju krhe ekosisteme,,,,C
8459,118,sk,Slovak,Rýchle klimatické zmeny ohrozujú krehké ekosystémy,,,,,C
8460,118,sl,Slovenian,Hitre podnebne spremembe ogrožajo krhke ekosisteme,,,,,C
8461,118,lt,Lithuanian,Sparčios klimato kaitos gresia trapioms ekosistemoms,,,,,C
8462,118,lv,Latvian,Ātrās klimata pārmaiņas apdraud trauslās ekosistēmas,,,,,C
8463,118,et,Estonian,Kiired kliimamuutused ohustavad habrast ökosüsteemi,,,,,C
8464,118,he,Hebrew,שינויי אקלים מהירים מאיימים על מערכות אקולוגיות שבריריות,Shinuyei aklim mehirim me'aymim al ma'arekhot ekologyot shviririot,,,,C
8465,118,ha,Hausa,Saurin sauyin yanayi yana barazana ga yanayin muhalli mai rauni,,,,,C
8466,118,yo,Yoruba,Ìyípadà ojú òjò tí ó ń gbéra lọ́nà ìjàǹbá ń bá ń ta kókó láti dènà ètò ilẹ̀ lọ́,,,,C
8467,118,ig,Igbo,Mgbanwe ihu igwe ngwa ngwa na-eyi usoro okike ndị na-esighị ike egwu,,,,C
8468,118,am,Amharic,ቀልጣፋ የአየር ንብረት ለውጦች ሰነፍ የሆኑ ኢኮሲስተሞችን ይፈጥራሉ,K'elit'afa ye'āyeri niberiti lewitochi senefi yehonu īkosisitemochini yefit'iralu,,,,C
8469,118,ti,Tigrinya,ቅልጡፍ ለውጢ ክሊማ ንሕጹፍ ኢኮሲስተም ይሓምቅሉ,K'ilit'uf lewit'i kilima nihits'uf īkosisitemi yiḥamik'ilu,,,,C
8470,118,ne,Nepali,द्रुत जलवायु परिवर्तनले कमजोर पारिस्थितिकी प्रणालीलाई खतरा पुर्याउँछ,Duruta jalavāyu parivartanale kamajōra pāristhitikī praṇālīlā'ī khatarā puryā'um̐cha,,,,C
8471,118,ta,Tamil,வேகமான காலநிலை மாற்றங்கள் உடையக்கூடிய சூழ்நிலை அமைப்புகளை அச்சுறுத்துகின்றன,Vēkamāṉa kālanilai māṟṟaṅkaḷ uṭaiyakkūṭiya cūḻnilai amaippukaḷai accuṟuttukiṉṟaṉa,,,,C
8472,118,te,Telugu,వేగవంతమైన వాతావరణ మార్పులు పెళుసైన పర్యావరణ వ్యవస్థలకు ముప్పు తెస్తాయి,Vēgavantamaina vātāvaraṇa mārpulu peḷusaina paryāvaraṇa vyavasthalaku muppu testāyi,,,,C
8473,118,ml,Malayalam,വേഗത്തിലുള്ള കാലാവസ്ഥാ വ്യതിയാനങ്ങൾ ദുർബലമായ പരിസ്ഥിതി വ്യവസ്ഥകളെ ഭീഷണിപ്പെടുത്തുന്നു,Vēgattiluḷḷa kālāvasthā vyatiyānaṅṅaḷ durbalamāya paristhiti vyavasthakaḷe bhīṣaṇippeṭuttunnu,,,,C
8474,118,mr,Marathi,वेगवान हवामान बदल नाजूक परिसंस्थांना धोका निर्माण करतात,Vegavāna havāmāna badala nājūka parisansthānnā dhōkā nirmāṇa karatāta,,,,C
8475,118,pa,Punjabi,ਤੇਜ਼ ਜਲਵਾਯੂ ਬਦਲਾਅ ਕਮਜ਼ੋਰ ਈਕੋਸਿਸਟਮਾਂ ਨੂੰ ਖਤਰੇ ਵਿੱਚ ਪਾ ਦਿੰਦੇ ਹਨ,Tēza jalavāyū badalā' kamazōra īkōsisaṭamāṁ nū khatarē vica pā dindē hana,,,,C
8476,118,gu,Gujarati,ઝડપી આબોહવા પલટાઓ નાજુક ઇકોસિસ્ટમ્સને ધમકી આપે છે,Jhaḍapī ābōhavā palaṭā'ō nājuka ikōsisṭamsanē dhamakī āpē chē,,,,C
8477,118,si,Sinhala,වේගවත් දේශගුණික වෙනස්වීම් සුලභ පරිසර පද්ධති තර්ජනය කරයි,Vēgavat dēśaguṇika venasvīm sulabha parisara paddhati tarjanaya karayi,,,,C
8478,118,km,Khmer,ការផ្លាស់ប្តូរអាកាសធាតុយ៉ាងរហ័សគំរាមកំហែងប្រព័ន្ធអេកូឡូស៊ីរសខ្សោយ,Kar phlas bto akas theat yeang rohas komrom kamheng brapnth ekolosir sakhsaoy,,,,C
8479,118,is,Icelandic,Skjótar loftslagsbreytingar ógna viðkvæmum vistkerfum,,,,,C
8480,118,tl,Tagalog / Filipino,Ang mabilis na pagbabago ng klima ay nagbabanta sa mahihinang mga ecosystem,,,,,C
8481,118,ms,Malay,Perubahan iklim yang cepat mengancam ekosistem yang rapuh,,,,,C
8482,118,jv,Javanese,Owah-owahan iklim sing cepet ngancam ekosistem sing rapuh,,,,,C
8483,118,kk,Kazakh,Жылдам климаттық өзгерістер осал экожүйелерге қауіп төндіреді,Jyldam klimattıq özgerister osal ekójüielerge qauıp töndiredi,,,,C
8484,118,uz,Uzbek,Tez iqlim oʻzgarishlari zaif ekotizimlarga tahlik soladi,,,,,C
8485,118,mn,Mongolian,Хурдан уур амьсгалын өөрчлөлтүүд эмзэг экосистемд заналхийлж байна,Khurdan uur amisgalyn öörchlöltüüd emzeg ekosistemd zanalkhiilj baina,,,,C
8486,118,ka,Georgia,სწრაფი კლიმატური ცვლილებები საფრთხეს უქმნიან მყიფე ეკოსისტემებს,Ssts'rap'i k'limat'uri tsvlilebebi saprtkhes ukmnian mq'ipe ek'osist'emebs,,,,C
8487,118,hy,Armenian,Արագ կլիմայական տեղաշարժերը սպառնում են փխրուն էկոհամակարգերին,Arag klimayakan teghasharzhery sparrnum en p’khrun ekohamakargerin,,,,C
8488,118,eu,Basuse,Aldaketa klimatiko azkarrek ekosistema hauskorrak mehatxatzen dituzte,,,,,C
8489,118,ca,Catalan,Els canvis climàtics ràpids amenacen els ecosistemes fràgils,,,,,C
8490,118,gl,Galical,Os rápidos cambios climáticos ameazan os ecosistemas fráxiles,,,,,C
8491,118,ga,Irish (Gaeilge,Bagairt a dhéanann athruithe meara aeráide ar éiceachórais leochaileacha,,,,,C
8492,118,cy,Welsh,Mae newidiadau hinsawdd cyflym yn bygwth ecosystemau bregus,,,,,C
8493,118,gd,Scottish Gaelic,Tha atharrachaidhean clìomaid luath a’ bagairt air eag-shiostaman so-leònte,,,,,C
8494,118,lb,Luxembourgisch,Séier Klimawandel gefiedert déi fragil Ekosystemer,,,,,C
8495,118,eo,Esperanto,Rapidaj klimatoŝanĝoj minacas fragilajn ekosistemojn,,,,,C
8496,118,la,Latin,Celeres mutationes climatis fragilia oecosystemata comminantur,,,,,C
8497,119,en,English,Please call me later,,,,,A
8498,119,es,Spanish,Por favor, llámame más tarde,,,,,A
8499,119,fr,French,S'il te plaît, appelle-moi plus tard,,,,,A
8500,119,pt,Portuguese,Por favor, me ligue mais tarde,,,,,A
8501,119,de,German,Bitte rufen Sie mich später an,,,,,A
8502,119,it,Italian,Per favore, chiamami più tardi,,,,,A
8503,119,ru,Russian,Пожалуйста, позвони мне позже,Pozhaluysta, pozvoni mne pozzhe,,,,A
8504,119,ar,Arabic,من فضلك اتصل بي لاحقًا,Min faḍlik ittasil bī lāḥiqan,,,,A
8505,119,hi,Hindi,कृपया बाद में मुझे कॉल करें,Krpayā bād mẽ mujhe kŏl kareṁ,,,,A
8506,119,bn,Bengali,দয়া করে পরে আমাকে কল করুন,Daẏā karē parē āmākē kala karuna,,,,A
8507,119,ur,Urdu,براہ کرم مجھے بعد میں کال کریں,Barāh-e karam mujhe baad mein call karein,,,,A
8508,119,fa,Persian,لطفاً بعداً به من زنگ بزن,Lotfan ba'dan be man zang bezan,,,,A
8509,119,tr,Turkish,Lütfen beni sonra ara,,,,,A
8510,119,ja,Japanese,後で電話してください,Ato de denwa shite kudasai,,,,A
8511,119,ko,Korean,나중에 전화해 주세요,Najunge jeonhwahae juseyo,,,,A
8512,119,zh-cn,Mandarin (Simplified),请稍后给我打电话,,qǐng shāohòu gěi wǒ dǎ diànhuà,,A
8513,119,zh-tw,Mandarin (Traditional),請稍後給我打電話,,qǐng shāohòu gěi wǒ dǎ diànhuà,,A
8514,119,vi,Vietnamese,Vui lòng gọi cho tôi sau,,,,,A
8515,119,th,Thai,กรุณาติดต่อฉันในภายหลัง,Krṇā tidt̀x c̄hạn nı p̄hāyh̄lạng,,,,A
8516,119,id,Indonesian,Tolong hubungi saya nanti,,,,,A
8517,119,sw,Swahili,Tafadhali nipigie simu baadaye,,,,,A
8518,119,nl,Dutch,Bel me later, alsjeblieft,,,,,A
8519,119,pl,Polish,Zadzwoń do mnie później, proszę,,,,,A
8520,119,uk,Ukrainian,Будь ласка, зателефонуйте мені пізніше,Bud' laska, zatelefonuyte meni piznishe,,,,A
8521,119,el,Greek,Παρακαλώ τηλεφωνήστε μου αργότερα,Parakaló tilefoníste mou argótera,,,,A
8522,119,sv,Swedish,Var snäll och ring mig senare,,,,,A
8523,119,no,Norwegian,Vennligst ring meg senere,,,,,A
8524,119,da,Dansk,Ring til mig senere, tak,,,,,A
8525,119,fi,Finnish,Ole hyvä ja soita minulle myöhemmin,,,,,A
8526,119,cs,Czech,Prosím, zavolejte mi později,,,,,A
8527,119,hu,Hungarian,Kérem, hívjon fel később,,,,,A
8528,119,ro,Romanian,Te rog să mă suni mai târziu,,,,,A
8529,119,bg,Bulgarian,Моля, обадете ми се по-късно,Molya, obadete mi se po-kŭsno,,,,A
8530,119,sr,Serbian,Молим вас, позовите ме касније,Molim vas, pozovite me kasnije,,,,A
8531,119,sk,Slovak,Prosím, zavolajte mi neskôr,,,,,A
8532,119,sl,Slovenian,Prosim, pokličite me kasneje,,,,,A
8533,119,lt,Lithuanian,Prašau, paskambinkite man vėliau,,,,,A
8534,119,lv,Latvian,Lūdzu, piezvaniet man vēlāk,,,,,A
8535,119,et,Estonian,Palun helista mulle hiljem,,,,,A
8536,119,he,Hebrew,בבקשה תתקשר אליי אחר כך,Bevakasha titkasher elay akhar kach,,,,A
8537,119,ha,Hausa,Don Allah ki kira ni daga baya,,,,,A
8538,119,yo,Yoruba,Jọwọ pe mi lẹẹkansi,,,,A
8539,119,ig,Igbo,Biko, kpọọ m ozo,,,,A
8540,119,am,Amharic,እባክህ በኋላ ይደውልልኝ,Ebakh behwala yidewililinyi,,,,A
8541,119,ti,Tigrinya,በጃኹም ጸኒሕካ ደወለለይ,Bejak'um ts'enihka deweleley,,,,A
8542,119,ne,Nepali,कृपया पछि मलाई कल गर्नुहोस्,Kr̥payā pachi malā'ī kala garnuhōs,,,,A
8543,119,ta,Tamil,தயவு செய்து பிறகு என்னை தொடர்பு கொள்ளுங்கள்,Tayavu ceytu piṟaku eṉṉai toṭarpu koḷḷuṅkaḷ,,,,A
8544,119,te,Telugu,దయచేసి తర్వాత నాకు కాల్ చేయండి,Dayacēsi tarvāta nāku kāl cēyaṇḍi,,,,A
8545,119,ml,Malayalam,ദയവായി പിന്നീട് എന്നെ വിളിക്കുക,Dayavāyi pinnīṭ enne viḷikkuka,,,,A
8546,119,mr,Marathi,कृपया नंतर मला कॉल करा,Kr̥payā nantara malā kŏl karā,,,,A
8547,119,pa,Punjabi,ਕ੍ਰਿਪਾ ਕਰਕੇ ਮੈਨੂੰ ਬਾਅਦ ਵਿੱਚ ਕਾਲ ਕਰੋ,Kripā karakē mainū bā'ada vica kāla karō,,,,A
8548,119,gu,Gujarati,કૃપા કરીને મને પછી કૉલ કરો,Kr̥pā karīnē manē pachī kŏla karō,,,,A
8549,119,si,Sinhala,කරුණාකර පසුව මට කතා කරන්න,Karuṇākara pasuva maṭa katā karanna,,,,A
8550,119,km,Khmer,សូមទូរស័ព្ទមកខ្ញុំនៅពេលក្រោយ,Som toursabp mok khnhom now pel kraoy,,,,A
8551,119,is,Icelandic,Vinsamlegast hringdu í seinna,,,,,A
8552,119,tl,Tagalog / Filipino,Pakitawagan ako mamaya,,,,,A
8553,119,ms,Malay,Tolong hubungi saya kemudian,,,,,A
8554,119,jv,Javanese,Mangga telpon aku mengko,,,,,A
8555,119,kk,Kazakh,Кейінірек маған қоңырау шалыңыз,Keyinirek mağan qoñıray şalıñız,,,,A
8556,119,uz,Uzbek,Iltimos, keyin menga qo'ng'iroq qiling,,,,,A
8557,119,mn,Mongolian,Дараа надад утсаар холбогдоно уу,Daraa nadad utsaar kholbogdonoo uu,,,,A
8558,119,ka,Georgia,გთხოვთ, მოგვიანებით დამირეკეთ,Gtkhovt, mogvianebit damirek'et,,,,A
8559,119,hy,Armenian,Խնդրում եմ, զանգահարեք ինձ ավելի ուշ,Khndrum em, zangaharek’ indz aveli ush,,,,A
8560,119,eu,Basuse,Deitu ondoren, mesedez,,,,,A
8561,119,ca,Catalan,Sisplau, truca'm més tard,,,,,A
8562,119,gl,Galical,Por favor, chámame máis tarde,,,,,A
8563,119,ga,Irish (Gaeilge),Cuir glaoch orm níos déanaí, le do thoil,,,,,A
8564,119,cy,Welsh,Ffoniwch fi yn hwyrach, os gwelwch yn dda,,,,,A
8565,119,gd,Scottish Gaelic,Cuir fòn thugam nas fhaide air adhart, mas e do thoil e,,,,,A
8566,119,lb,Luxembourgisch,W.e.g. ruff mech spéider un,,,,,A
8567,119,eo,Esperanto,Bonvolu telefoni al mi poste,,,,,A
8568,119,la,Latin,Quaeso, me voca postea,,,,,A
8569,120,en,English,I feel tired today,,,,,A
8570,120,es,Spanish,Me siento cansado hoy,,,,,A
8571,120,fr,French,Je me sens fatigué aujourd'hui,,,,,A
8572,120,pt,Portuguese,Me sinto cansado hoje,,,,,A
8573,120,de,German,Ich fühle mich heute müde,,,,,A
8574,120,it,Italian,Mi sento stanco oggi,,,,,A
8575,120,ru,Russian,Я чувствую усталость сегодня,Ya chuvstvuyu ustalost' segodnya,,,,A
8576,120,ar,Arabic,أشعر بالتعب اليوم,Ashʿur bil-taʿb al-yawm,,,,A
8577,120,hi,Hindi,मैं आज थकान महसूस कर रहा हूँ,Main āj thakān mahsūs kar rahā hūṁ,,,,A
8578,120,bn,Bengali,আজ আমি ক্লান্ত বোধ করছি,Āja āmi klānta bōdha karachi,,,,A
8579,120,ur,Urdu,مجھے آج تھکاوٹ محسوس ہو رہی ہے,Mujhe aaj thakawat mehsoos ho rahi hai,,,,A
8580,120,fa,Persian,امروز احساس خستگی می‌کنم,Emruz ehsase khastegi mikonam,,,,A
8581,120,tr,Turkish,Bugün kendimi yorgun hissediyorum,,,,,A
8582,120,ja,Japanese,私は今日疲れを感じます,Watashi wa kyō tsukare o kanjimasu,,,,A
8583,120,ko,Korean,나는 오늘 피곤함을 느껴요,Naneun oneul pigonham-eul neukkyeoyo,,,,A
8584,120,zh-cn,Mandarin (Simplified),我今天感觉累了,,wǒ jīntiān gǎnjué lèi le,,A
8585,120,zh-tw,Mandarin (Traditional),我今天感覺累了,,wǒ jīntiān gǎnjué lèi le,,A
8586,120,vi,Vietnamese,Hôm nay tôi cảm thấy mệt,,,,,A
8587,120,th,Thai,วันนี้ฉันรู้สึกเหนื่อย,Wạn nī̂ c̄hạn rū̂s̄eụk h̄enụ̄̀xy,,,,A
8588,120,id,Indonesian,Saya merasa lelah hari ini,,,,,A
8589,120,sw,Swahili,Najisikia kuchoka leo,,,,,A
8590,120,nl,Dutch,Ik voel me vandaag moe,,,,,A
8591,120,pl,Polish,Czuję się zmęczony dzisiaj,,,,,A
8592,120,uk,Ukrainian,Я сьогодні почуваюся втомленим,Ya s'ohodni pochuvayusya vtomlenym,,,,A
8593,120,el,Greek,Νιώθω κουρασμένος σήμερα,Niótho kourasménos símera,,,,A
8594,120,sv,Swedish,Jag känner mig trött idag,,,,,A
8595,120,no,Norwegian,Jeg føler meg trett i dag,,,,,A
8596,120,da,Dansk,Jeg føler mig træt i dag,,,,,A
8597,120,fi,Finnish,Tunnen oloni väsyneeksi tänään,,,,,A
8598,120,cs,Czech,Cítím se dnes unavený,,,,,A
8599,120,hu,Hungarian,Fáradtnak érzem magam ma,,,,,A
8600,120,ro,Romanian,Mă simt obosit astăzi,,,,,A
8601,120,bg,Bulgarian,Чувствам се уморен днес,Chuvstvam se umoren dnes,,,,A
8602,120,sr,Serbian,Осећам се уморно данас,Osećam se umorno danas,,,,A
8603,120,sk,Slovak,Cítim sa unavený dnes,,,,,A
8604,120,sl,Slovenian,Počutim se utrujen danes,,,,,A
8605,120,lt,Lithuanian,Šiandien jaučiuosi pavargęs,,,,,A
8606,120,lv,Latvian,Es šodien jūtos noguris,,,,,A
8607,120,et,Estonian,Tunnen end täna väsinuna,,,,,A
8608,120,he,Hebrew,אני מרגיש עייף היום,Ani margish ayef hayom,,,,A
8609,120,ha,Hausa,Ina ji gajiya yau,,,,,A
8610,120,yo,Yoruba,Mo n sọ ara mi daradara loni,,,,A
8611,120,ig,Igbo,Ahụ ruru m ike taa,,,,A
8612,120,am,Amharic,ላይ ጥርቅም እየሰማኝ ነው,Layi t'irik'imi iyesemanyi newi,,,,A
8613,120,ti,Tigrinya,ኣነ ሎሚ ደኺም እየ ዝስምዓኒ እየ,Ana lomi dekhi'im iye zismi'ani iye,,,,A
8614,120,ne,Nepali,म आज थाकेको महसुस गर्दैछु,Ma āja thākēkō mahasusa gardaichu,,,,A
8615,120,ta,Tamil,நான் இன்று சோர்வாக உணர்கிறேன்,Nāṉ iṉṟu cōrvāka uṇarkiṟēṉ,,,,A
8616,120,te,Telugu,నేను ఈ రోజు అలసిపోయానని భావిస్తున్నాను,Nēnu ī rōju alasipōyānani bhāvistunnānu,,,,A
8617,120,ml,Malayalam,ഇന്ന് ഞാൻ ആയാസം അനുഭവിക്കുന്നു,Innu ñān āyāsaṁ anubhavikkunnu,,,,A
8618,120,mr,Marathi,मला आज थकवा येतोय,Malā āja thakavā yetoy,,,,A
8619,120,pa,Punjabi,ਮੈਂ ਅੱਜ ਥੱਕਿਆ ਹੋਇਆ ਮਹਿਸੂਸ ਕਰ ਰਿਹਾ ਹਾਂ,Main aja thaki'ā hō'i'ā mahisūsa kara rihā hāṁ,,,,A
8620,120,gu,Gujarati,મને આજે થાક લાગે છે,Manē ājē thāka lāgē chē,,,,A
8621,120,si,Sinhala,මම අද වෙහෙසට පත්වී සිටිමි,Mama ada vehesaṭa patvi siṭimi,,,,A
8622,120,km,Khmer,ខ្ញុំមានអារម្មណ៍ហត់នៅថ្ងៃនេះ,Khnhom mean arom hot now thngai nih,,,,A
8623,120,is,Icelandic,Mér finnst ég þreyttur í dag,,,,,A
8624,120,tl,Tagalog / Filipino,Pagod ang pakiramdam ko ngayon,,,,,A
8625,120,ms,Malay,Saya berasa letih hari ini,,,,,A
8626,120,jv,Javanese,Aku ngrasa kesel dina iki,,,,,A
8627,120,kk,Kazakh,Мен бүгін шаршаған сезімдеспін,Men bügin şarşağan sezimdespin,,,,A
8628,120,uz,Uzbek,Bugun charchaganimni his qilyapman,,,,,A
8629,120,mn,Mongolian,Би өнөөдөр ядарч байна,Bi önöödör yadarj baina,,,,A
8630,120,ka,Georgia,დღეს დაღლილად ვგრძნობ,Dghes daghlilad vgrdznob,,,,A
8631,120,hy,Armenian,Ես այսօր հոգնած եմ զգում,Yes aysor hognats em zgum,,,,A
8632,120,eu,Basuse,Nekatuta nago gaur,,,,,A
8633,120,ca,Catalan,Em sento cansat avui,,,,,A
8634,120,gl,Galical,Síntome canso hoxe,,,,,A
8635,120,ga,Irish (Gaeilge),Braithim tuirseach inniu,,,,,A
8636,120,cy,Welsh,Rwy'n teimlo'n flinedig heddiw,,,,,A
8637,120,gd,Scottish Gaelic,Tha mi a’ faireachdainn sgìth an-diugh,,,,,A
8638,120,lb,Luxembourgisch,Ech fillen mech haut midd,,,,,A
8639,120,eo,Esperanto,Mi sentas min laca hodiaŭ,,,,,A
8640,120,la,Latin,Fessum me hodie sentio,,,,,A
8641,121,en,English,If she finishes early, she can join us for dinner,,,,,B
8642,121,es,Spanish,Si termina temprano, puede unirse a nosotros para cenar,,,,,B
8643,121,fr,French,Si elle termine tôt, elle peut se joindre à nous pour le dîner,,,,,B
8644,121,pt,Portuguese,Se ela terminar cedo, pode se juntar a nós para jantar,,,,,B
8645,121,de,German,Wenn sie früh fertig wird, kann sie zum Abendessen zu uns stoßen,,,,,B
8646,121,it,Italian,Se finisce presto, può cenare con noi,,,,,B
8647,121,ru,Russian,Если она закончит рано, она может присоединиться к нам за ужином,Yesli ona zakonchit rano, ona mozhet prisoyedinit'sya k nam za uzhinom,,,,B
8648,121,ar,Arabic,إذا انتهت مبكرًا، يمكنها الانضمام إلينا لتناول العشاء,Ithā intahat mubakiran, yumkinuhā al-inḍimām ilaynā litanāwul al-ʿashāʾ,,,,B
8649,121,hi,Hindi,अगर वह जल्दी समाप्त कर लेती है, तो वह हमारे साथ रात के खाने में शामिल हो सकती है,Agar vah jaldī samāpt kar letī hai, to vah hamāre sāth rāt ke khāne mẽ śāmil ho saktī hai,,,,B
8650,121,bn,Bengali,যদি সে তাড়াতাড়ি শেষ করে, সে আমাদের সাথে ডিনারে যোগ দিতে পারে,Yadi sē ṭāṛāṭāṛi śēṣa karē, sē āmādēra sāthē ḍinārē yōga ditē pārē,,,,B
8651,121,ur,Urdu,اگر وہ جلدی ختم کر لے، تو وہ ہمارے ساتھ رات کے کھانے میں شامل ہو سکتی ہے,Agar woh jaldi khatam kar le, to woh hamare sath raat ke khanay mein shaamil ho sakti hai,,,,B
8652,121,fa,Persian,اگر او زود تمام کند، می‌تواند برای شام به ما بپیوندد,Agar u zud tamām konad, mitavānad barāye shām be mā bepayandad,,,,B
8653,121,tr,Turkish,Erken bitirirse, akşam yemeğine bize katılabilir,,,,,B
8654,121,ja,Japanese,彼女が早く終われば、夕食に参加できます,Kanojo ga hayaku owareba, yūshoku ni sanka dekimasu,,,,B
8655,121,ko,Korean,그녀가 일찍 끝내면, 저녁 식사에 우리와 함께할 수 있습니다,Geunyeoga iljjik kkeunnaemyeon, jeonyeok siksa-e uriwa hamkkehal su itseumnida,,,,B
8656,121,zh-cn,Mandarin (Simplified),如果她提前结束，可以和我们一起吃晚饭,,rúguǒ tā tíqián jiéshù, kěyǐ hé wǒmen yīqǐ chī wǎnfàn,,B
8657,121,zh-tw,Mandarin (Traditional),如果她提前結束，可以和我們一起吃晚飯,,rúguǒ tā tíqián jiéshù, kěyǐ hé wǒmen yīqǐ chī wǎnfàn,,B
8658,121,vi,Vietnamese,Nếu cô ấy kết thúc sớm, cô ấy có thể tham gia cùng chúng tôi ăn tối,,,,,B
8659,121,th,Thai,ถ้าเธอเสร็จเร็ว เธอก็สามารถร่วมรับประทานอาหารเย็นกับเราได้,Th̀ā ther s̄ert rew ther k̒ s̄āmārt̄h r̀wm rạb prathān xāh̄ār yen kạb reā dị̂,,,,B
8660,121,id,Indonesian,Jika dia selesai lebih awal, dia bisa bergabung dengan kami untuk makan malam,,,,,B
8661,121,sw,Swahili,Akiisha mapema, anaweza kujiunga nasi kwa chakula cha jioni,,,,,B
8662,121,nl,Dutch,Als ze vroeg klaar is, kan ze bij ons aansluiten voor het diner,,,,,B
8663,121,pl,Polish,Jeśli skończy wcześnie, może dołączyć do nas na kolację,,,,,B
8664,121,uk,Ukrainian,Якщо вона закінчить рано, вона може приєднатися до нас на вечерю,Yakshcho vona zakinchyt' rano, vona mozhe pryyednatysya do nas na vecheryu,,,,B
8665,121,el,Greek,Αν τελειώσει νωρίς, μπορεί να έρθει μαζί μας για δείπνο,An teleiósei norís, boreí na érthei mazí mas gia deípno,,,,B
8666,121,sv,Swedish,Om hon är klar tidigt kan hon äta middag med oss,,,,,B
8667,121,no,Norwegian,Hvis hun er tidlig ferdig, kan hun spise middag med oss,,,,,B
8668,121,da,Dansk,Hvis hun er færdig tidligt, kan hun spise aftensmad med os,,,,,B
8669,121,fi,Finnish,Jos hän saa ajoissa valmiiksi, hän voi liittyä meidän illallistellemme,,,,,B
8670,121,cs,Czech,Pokud skončí brzy, může se k nám připojit k večeři,,,,,B
8671,121,hu,Hungarian,Ha korán végez, csatlakozhat hozzánk vacsorázni,,,,,B
8672,121,ro,Romanian,Dacă ea termină devreme, se poate alătura nouă la cină,,,,,B
8673,121,bg,Bulgarian,Ако тя завърши рано, може да се присъедини към нас за вечеря,Ako tya zavŭrshi rano, mozhe da se prisŭedini kŭm nas za vecherya,,,,B
8674,121,sr,Serbian,Ако рано заврши, може да се придружи нашој вечери,Ako rano završi, može da se pridruži našoj večeri,,,,B
8675,121,sk,Slovak,Ak skončí skoro, môže sa k nám pridať na večeru,,,,,B
8676,121,sl,Slovenian,Če bo končala zgodaj, se nam lahko pridruži za večerjo,,,,,B
8677,121,lt,Lithuanian,Jei ji baigia anksti, gali prisijungti prie mūsų vakarienei,,,,,B
8678,121,lv,Latvian,Ja viņa pabeidz agri, viņa var pievienoties mums vakariņām,,,,,B
8679,121,et,Estonian,Kui ta lõpetab vara, võib ta meiega õhtusöögile tulla,,,,,B
8680,121,he,Hebrew,אם היא תסיים מוקדם, היא יכולה להצטרף אלינו לארוחת ערב,Im hi tasayem mukdam, hi yechola lehistaref aleinu le'arukhat erev,,,,B
8681,121,ha,Hausa,Idan ta gama da wuri, za ta iya shiga tare da mu don cin abincin dare,,,,,B
8682,121,yo,Yoruba,Bí ó bá parí ní kúkúrú, ó lè darapọ̀ mọ́ wa fún onjẹ alẹ́,,,,B
8683,121,ig,Igbo,Ọ bụrụ na ọ gwụchaa ngwa ngwa, ọ nwere ike isonyere anyị rie nri abalị,,,,B
8684,121,am,Amharic,ቀርፋፋ ብትጨርስ ለእራት ተቀላቀልብን ይችላል,K'erifafa biticherisi le'irati tek'elak'elibini yichilali,,,,B
8685,121,ti,Tigrinya,እንተ ኣንጊሓ እንደይ ተዛዚማ ብድራት ክትኣከል ትኽእል እያ,Inti anigiḥa indey tezazima bidirati kit'ak'el tiḱ'il iya,,,,B
8686,121,ne,Nepali,यदि उनी चाँडो सकिन्छिन् भने, उनी हामीसँग रातीको खानामा सामेल हुन सक्छिन्,Yadi unī cām̐ḍō sakinchina bhanē, unī hāmīsam̐ga rātīkō khānāmā sāmēla huna sakchina,,,,B
8687,121,ta,Tamil,அவள் முன்கூட்டியே முடித்தால், இரவு உணவிற்கு எங்களுடன் சேர முடியும்,Avaḷ muṉkūṭṭiyē muṭittāl, iravu uṇaviṟku eṅkaḷuṭaṉ cēra muṭiyum,,,,B
8688,121,te,Telugu,ఆమె త్వరగా ముగించినట్లయితే, రాత్రి భోజనానికి మాతో చేరవచ్చు,Āme tvaragā mugin̄cinaṭlayitē, rātri bhōjanāniki mātō cēravaccu,,,,B
8689,121,ml,Malayalam,അവൾ അതിവേഗം പൂർത്തിയാക്കിയാൽ, അവൾക്ക് രാത്രി ഭക്ഷണത്തിനായി ഞങ്ങളോടൊപ്പം ചേരാം,Avaḷ ativēgaṁ pūṟttiyākkiyāl, avaḷkk rātri bhakṣaṇattināyi ñaṅṅaḷēāṭeāppaṁ cērāṁ,,,,B
8690,121,mr,Marathi,तिने लवकर संपवल्यास, ती आमच्यासोबत रात्रीच्या जेवणात सामील होऊ शकते,Tine lavkara sampavalyāsa, tī āmacyāsobata rātrīcyā jevaṇāt sāmīl hōū śakate,,,,B
8691,121,pa,Punjabi,ਜੇ ਉਹ ਜਲਦੀ ਖਤਮ ਕਰ ਦਿੰਦੀ ਹੈ, ਤਾਂ ਉਹ ਸਾਡੇ ਨਾਲ ਰਾਤ ਦੇ ਖਾਣੇ ਵਿੱਚ ਸ਼ਾਮਲ ਹੋ ਸਕਦੀ ਹੈ,Jē uha jaldī khatama kara dindī hai, tāṁ uha sāḍē nāla rāta dē khāṇē vica śāmala hō sakadī hai,,,,B
8692,121,gu,Gujarati,જો તેણી વહેલા પૂરું કરે છે, તો તે રાત્રિભોજન માટે અમારી સાથે જોડાઈ શકે છે,Jō tēṇī vahēlā pūruṁ karē chē, tō tē rātriphōjana māṭē amārī sāthē jōḍā'ī śakē chē,,,,B
8693,121,si,Sinhala,ඇය වේගයෙන් අවසන් කළහොත්, ඇයට රාත්‍රී භෝජනය සඳහා අප හා එකතු විය හැකිය,Æya vēgayen avasan kaḷahot, æyaṭa rātrī bhōjanaya sandahā apa hā ekatu viya hækiya,,,,B
8694,121,km,Khmer,ប្រសិនបើនាងបញ្ចប់មុន នាងអាចចូលរួមអាហារពេលល្ងាចជាមួយពួកយើងបាន,Prasen baea neang banchhab mun, neang ach chol ruom ahar pel lngach cheamuoy puok yeung ban,,,,B
8695,121,is,Icelandic,Ef hún lýkur snemma, getur hún tekið þátt í kvöldmat með okkur,,,,,B
8696,121,tl,Tagalog / Filipino,Kung matatapos siya nang maaga, maaari siyang sumama sa amin para sa hapunan,,,,,B
8697,121,ms,Malay,Jika dia selesai awal, dia boleh menyertai kami untuk makan malam,,,,,B
8698,121,jv,Javanese,Yen dheweke rampung luwih awal, dheweke bisa gabung karo kita kanggo nedha bengi,,,,,B
8699,121,kk,Kazakh,Егер ол ерте аяқтаса, ол бізбен кешкі асқа қосыла алады,Eger ol erte ayaqtasa, ol bizben keskі asqa qosyla alady,,,,B
8700,121,uz,Uzbek,Agar u erta tugatsa, u biz bilan kechki ovqatga qo'shilishi mumkin,,,,,B
8701,121,mn,Mongolian,Хэрэв тэр эрт дуусгавал оройн хоолонд бидэнтэй нэгдэж болно,Kherev ter ert duusgaval oroin khoolond bidentei negdej bolno,,,,B
8702,121,ka,Georgia,თუ ის ადრე დაასრულებს, შეუძლია ვახშამზე შემოგვიერთდეს,Tu is adre daasrulebs, sheudzlia vakhshamze shemogviertdes,,,,B
8703,121,hy,Armenian,Եթե նա վաղ ավարտի, նա կարող է միանալ մեզ ընթրիքի,Yete na vagh avarti, na karogh e mianal mez ynt’rik’i,,,,B
8704,121,eu,Basuse,Goiz amaitzen badu, afarira gurekin bat egin dezake,,,,,B
8705,121,ca,Catalan,Si acaba d'hora, pot acompanyar-nos a sopar,,,,,B
8706,121,gl,Galical,Se ela remata cedo, pode unirse a nós para cear,,,,,B
8707,121,ga,Irish (Gaeilge),Má chríochnaíonn sí go luath, is féidir léi dul i gceann dinnéir linn,,,,,B
8708,121,cy,Welsh,Os yw hi'n gorffen yn gynnar, gall ymuno â ni am ginio,,,,,B
8709,121,gd,Scottish Gaelic,Ma chrìochnaicheas i tràth, faodaidh i tighinn còmhla rinn airson dinnear,,,,,B
8710,121,lb,Luxembourgisch,Wann se fréi fäerdeg ass, kann se eis fir Iessen bäigesëllen,,,,,B
8711,121,eo,Esperanto,Se ŝi finos frue, ŝi povas kuniĝi al ni por vespermanĝo,,,,,B
8712,121,la,Latin,Si mature finiat, nobiscum ad cenam adiungere potest,,,,,B
8713,122,en,English,The window is open,,,,,A
8714,122,es,Spanish,La ventana está abierta,,,,,A
8715,122,fr,French,La fenêtre est ouverte,,,,,A
8716,122,pt,Portuguese,A janela está aberta,,,,,A
8717,122,de,German,Das Fenster ist offen,,,,,A
8718,122,it,Italian,La finestra è aperta,,,,,A
8719,122,ru,Russian,Окно открыто,Okno otkryto,,,,A
8720,122,ar,Arabic,النافذة مفتوحة,Al-nāfidhatu maftūḥah,,,,A
8721,122,hi,Hindi,खिड़की खुली है,Khiṛkī khulī hai,,,,A
8722,122,bn,Bengali,জানালা খোলা আছে,Jānālā khōlā āchē,,,,A
8723,122,ur,Urdu,کھڑکی کھلی ہے,Khidki khuli hai,,,,A
8724,122,fa,Persian,پنجره باز است,Panjere bāz ast,,,,A
8725,122,tr,Turkish,Pencere açık,,,,,A
8726,122,ja,Japanese,窓が開いています,Mado ga aite imasu,,,,A
8727,122,ko,Korean,창문이 열려 있습니다,Changmun-i yeollyeo itseumnida,,,,A
8728,122,zh-cn,Mandarin (Simplified),窗户开着,,chuānghu kāi zhe,,A
8729,122,zh-tw,Mandarin (Traditional),窗戶開著,,chuānghu kāi zhe,,A
8730,122,vi,Vietnamese,Cửa sổ đang mở,,,,,A
8731,122,th,Thai,หน้าต่างเปิดอยู่,N̂ả t̀āng pĕd xyū̀,,,,A
8732,122,id,Indonesian,Jendelanya terbuka,,,,,A
8733,122,sw,Swahili,Dirisha limefunguka,,,,,A
8734,122,nl,Dutch,Het raam is open,,,,,A
8735,122,pl,Polish,Okno jest otwarte,,,,,A
8736,122,uk,Ukrainian,Вікно відчинене,Vikno vidchynene,,,,A
8737,122,el,Greek,Το παράθυρο είναι ανοιχτό,To paráthyro eínai anoichtó,,,,A
8738,122,sv,Swedish,Fönstret är öppet,,,,,A
8739,122,no,Norwegian,Vinduet er åpent,,,,,A
8740,122,da,Dansk,Vinduet er åbent,,,,,A
8741,122,fi,Finnish,Ikkuna on auki,,,,,A
8742,122,cs,Czech,Okno je otevřené,,,,,A
8743,122,hu,Hungarian,Az ablak nyitva van,,,,,A
8744,122,ro,Romanian,Fereastra este deschisă,,,,,A
8745,122,bg,Bulgarian,Прозорецът е отворен,Prozoretsŭt e otvoren,,,,A
8746,122,sr,Serbian,Прозор је отворен,Prozor je otvoren,,,,A
8747,122,sk,Slovak,Okno je otvorené,,,,,A
8748,122,sl,Slovenian,Okno je odprto,,,,,A
8749,122,lt,Lithuanian,Langas atidarytas,,,,,A
8750,122,lv,Latvian,Logs ir atvērts,,,,,A
8751,122,et,Estonian,Aken on lahti,,,,,A
8752,122,he,Hebrew,החלון פתוח,Ha'chalon patuach,,,,A
8753,122,ha,Hausa,Taga yana budewa,,,,,A
8754,122,yo,Yoruba,Window ti ṣii,,,,,A
8755,122,ig,Igbo,Windo mepere emepe,,,,,A
8756,122,am,Amharic,በርኩ ክፍት ነው,Bērik’u kifiti newi,,,,A
8757,122,ti,Tigrinya,መስኮት ክፍቲ እዩ,Mesikot kifti iyu,,,,A
8758,122,ne,Nepali,झ्याल खुला छ,Jhyālā khulā cha,,,,A
8759,122,ta,Tamil,சாளரம் திறந்துள்ளது,Cāḷaram tiṟantuḷḷatu,,,,A
8760,122,te,Telugu,కిటికీ తెరిచి ఉంది,Kiṭikī terici undi,,,,A
8761,122,ml,Malayalam,ജനല്‍ തുറന്നിരിക്കുന്നു,Janal tuṟannirikkunnu,,,,A
8762,122,mr,Marathi,खिडकी उघडी आहे,Khiḍkī ughaḍī āhe,,,,A
8763,122,pa,Punjabi,ਖਿੜਕੀ ਖੁੱਲ੍ਹੀ ਹੈ,Khiṛkī khul'hī hai,,,,A
8764,122,gu,Gujarati,વિન્ડો ખુલ્લી છે,Vinḍō khullī chē,,,,A
8765,122,si,Sinhala,කවුළුව විවෘතයි,Kavuḷuva vivṛtayi,,,,A
8766,122,km,Khmer,ផ្ទៃកញ្ចក់បើកចំហ,Phtey kanhchak baeuk chamh,,,,A
8767,122,is,Icelandic,Gluggann er opinn,,,,,A
8768,122,tl,Tagalog / Filipino,Nakabukas ang bintana,,,,,A
8769,122,ms,Malay,Tingkap itu terbuka,,,,,A
8770,122,jv,Javanese,Jendhelane mbukak,,,,,A
8771,122,kk,Kazakh,Терезе ашық,Tereze ashyq,,,,A
8772,122,uz,Uzbek,Deraza ochiq,,,,,A
8773,122,mn,Mongolian,Цонх нээлттэй,Tsonkh neelttei,,,,A
8774,122,ka,Georgia,ფანჯარა ღიაა,Panjara ghiaa,,,,A
8775,122,hy,Armenian,Պատուհանը բաց է,Patuhany bats’ e,,,,A
8776,122,eu,Basque,Leihoa zabalik dago,,,,,A
8777,122,ca,Catalan,La finestra està oberta,,,,,A
8778,122,gl,Galician,A fiestra está aberta,,,,,A
8779,122,ga,Irish (Gaeilge),Tá an fhuinneog oscailte,,,,,A
8780,122,cy,Welsh,Mae'r ffenestr ar agor,,,,,A
8781,122,gd,Scottish Gaelic,Tha an uinneag fosgailte,,,,,A
8782,122,lb,Luxembourgisch,D'Fënster ass op,,,,,A
8783,122,eo,Esperanto,La fenestro estas malferma,,,,,A
8784,122,la,Latin,Fenestra aperta est,,,,,A
8785,123,en,English,Bring your jacket,,,,,A
8786,123,es,Spanish,Trae tu chaqueta,,,,,A
8787,123,fr,French,Apporte ta veste,,,,,A
8788,123,pt,Portuguese,Traz a tua jaqueta,,,,,A
8789,123,de,German,Bringen Sie Ihre Jacke,,,,,A
8790,123,it,Italian,Porta la tua giacca,,,,,A
8791,123,ru,Russian,Возьми свою куртку,Voz'mi svoyu kurtku,,,,A
8792,123,ar,Arabic,أحضر سترتك,Aḥḍir suratak,,,,A
8793,123,hi,Hindi,अपनी जैकेट लाओ,Apnī jaikeṭ lāo,,,,A
8794,123,bn,Bengali,তোমার জ্যাকেট নিয়ে আসো,Tōmār jyākēṭ niẏē āsō,,,,A
8795,123,ur,Urdu,اپنی جیکٹ لاؤ,Apni jacket lao,,,,A
8796,123,fa,Persian,ژاکتت را بیاور,Zhākatet rā biyāvar,,,,A
8797,123,tr,Turkish,Ceketini getir,,,,,A
8798,123,ja,Japanese,ジャケットを持ってきて,Jaketto o motte kite,,,,A
8799,123,ko,Korean,너의 재킷을 가져와,Neoui jaekiseul gajyeowa,,,,A
8800,123,zh-cn,Mandarin (Simplified),带上你的夹克,,dài shàng nǐ de jiākè,,A
8801,123,zh-tw,Mandarin (Traditional),帶上你的夾克,,dài shàng nǐ de jiākè,,A
8802,123,vi,Vietnamese,Mang theo áo khoác của bạn,,,,,A
8803,123,th,Thai,นำเสื้อแจ็กเก็ตของคุณมา,Nả s̄êụ̄x cækket k̄hxng khuṇ mā,,,,A
8804,123,id,Indonesian,Bawa jaketmu,,,,,A
8805,123,sw,Swahili,Leta koti lako,,,,,A
8806,123,nl,Dutch,Breng je jas mee,,,,,A
8807,123,pl,Polish,Przynieś swoją kurtkę,,,,,A
8808,123,uk,Ukrainian,Принеси свою куртку,Prynesy svoyu kurtku,,,,A
8809,123,el,Greek,Φέρε το σακάκι σου,Fére to sakáki sou,,,,A
8810,123,sv,Swedish,Ha med dig din jacka,,,,,A
8811,123,no,Norwegian,Ta med jakken din,,,,,A
8812,123,da,Dansk,Tag din jakke med,,,,,A
8813,123,fi,Finnish,Tuoda takkisi,,,,,A
8814,123,cs,Czech,Přineste si svou bundu,,,,,A
8815,123,hu,Hungarian,Hozd a kabátod,,,,,A
8816,123,ro,Romanian,Adu-ți geaca,,,,,A
8817,123,bg,Bulgarian,Донеси си якето,Donesi si yaketo,,,,A
8818,123,sr,Serbian,Донеси своју јакну,Donesi svoju jaknu,,,,A
8819,123,sk,Slovak,Prineste si bundu,,,,,A
8820,123,sl,Slovenian,Prinesi svojo jakno,,,,,A
8821,123,lt,Lithuanian,Pasiimk savo striukę,,,,,A
8822,123,lv,Latvian,Ņem savu jaku,,,,,A
8823,123,et,Estonian,Võta oma jope,,,,,A
8824,123,he,Hebrew,תביא את המעיל שלך,Tavi et ha'meil shelcha,,,,A
8825,123,ha,Hausa,Kawo jaket ɗinka,,,,,A
8826,123,yo,Yoruba,Mu jaketi rẹ wa,,,,,A
8827,123,ig,Igbo,Weta jaket gị,,,,,A
8828,123,am,Amharic,ጃኬትህን አምጣ,Ĵakētihini āmit’a,,,,A
8829,123,ti,Tigrinya,ጃኬትኻ ኣምጣ,Jaketkha amta,,,,A
8830,123,ne,Nepali,तपाईंको ज्याकेट ल्याउनुहोस्,Tapā'īṅkō jyākēṭ lyā'unuhōs,,,,A
8831,123,ta,Tamil,உங்கள் ஜாக்கெட்டைக் கொண்டு வாருங்கள்,Uṅkaḷ jākkeṭṭaik koṇṭu vāruṅkaḷ,,,,A
8832,123,te,Telugu,మీ జాకెట్ తీసుకురండి,Mī jākeṭ ṭīsukuraṇḍi,,,,A
8833,123,ml,Malayalam,നിങ്ങളുടെ ജാക്കറ്റ് കൊണ്ടുവരിക,niṅṅaḷuṭe jākkaṟṟ keāṇṭuvarika,,,,A
8834,123,mr,Marathi,तुमचा जॅकेट घेऊन या,Tumacā jĕkēṭa ghē'ūna yā,,,,A
8835,123,pa,Punjabi,ਆਪਣੀ ਜੈਕਟ ਲੈ ਆਓ,Āpaṇī jaikaṭ lai ā'ō,,,,A
8836,123,gu,Gujarati,તમારું જેકેટ લાવો,Tamāruṁ jēkēṭa lāvō,,,,A
8837,123,si,Sinhala,ඔබේ ජැකට් එක ගෙනෙන්න,Obē jækaṭ eka genenna,,,,A
8838,123,km,Khmer,យកអាវធំរបស់អ្នកមក,Yok av thom robsa anak mok,,,,A
8839,123,is,Icelandic,Komdu með jakkann þinn,,,,,A
8840,123,tl,Tagalog / Filipino,Dalhin ang iyong dyaket,,,,,A
8841,123,ms,Malay,Bawa jaket anda,,,,,A
8842,123,jv,Javanese,Gawa jaketmu,,,,,A
8843,123,kk,Kazakh,Курткеніңді әкел,Kurtkeniñdi äkel,,,,A
8844,123,uz,Uzbek,Ko'rpingizni olib keling,,,,,A
8845,123,mn,Mongolian,Хүрэмээ аваарай,Khüremee avaarii,,,,A
8846,123,ka,Georgia,თქვენი ჟაკეტი მოიტანეთ,Tkveni zhak'et'i moitanet,,,,A
8847,123,hy,Armenian,Բերեք ձեր բաճկոնը,Berek' dzer bachkony,,,,A
8848,123,eu,Basque,Ekarri zure jaka,,,,,A
8849,123,ca,Catalan,Porta la teva jaqueta,,,,,A
8850,123,gl,Galician,Trae a túa chaqueta,,,,,A
8851,123,ga,Irish (Gaeilge),Tabhair do chasóg leat,,,,,A
8852,123,cy,Welsh,Dyga dy siaced,,,,,A
8853,123,gd,Scottish Gaelic,Thoir an seacaid agad,,,,,A
8854,123,lb,Luxembourgisch,Breng deng Jackett mat,,,,,A
8855,123,eo,Esperanto,Alportu vian jako,,,,,A
8856,123,la,Latin,Afferte tunicam tuam,,,,,A
8857,124,en,English,He promised he would send the report by noon,,,,,B
8858,124,es,Spanish,Él prometió que enviaría el informe antes del mediodía,,,,,B
8859,124,fr,French,Il a promis qu'il enverrait le rapport avant midi,,,,,B
8860,124,pt,Portuguese,Ele prometeu que enviaria o relatório até o meio-dia,,,,,B
8861,124,de,German,Er versprach, den Bericht bis mittags zu senden,,,,,B
8862,124,it,Italian,Ha promesso che avrebbe inviato il rapporto entro mezzogiorno,,,,,B
8863,124,ru,Russian,Он пообещал прислать отчет к полудню,On obeshchal pris lat' otchet k poludnyu,,,,B
8864,124,ar,Arabic,وعد بأنه سيرسل التقرير بحلول الظهيرة,Waʿada bi'annahu sayursilu al-taqrīr bi-ḥulūl al-ẓahīrah,,,,B
8865,124,hi,Hindi,उसने वादा किया कि वह दोपहर तक रिपोर्ट भेज देगा,Usne vādā kiyā ki vah dopehar tak riporṭ bhej degā,,,,B
8866,124,bn,Bengali,তিনি প্রতিশ্রুতি দিয়েছিলেন যে তিনি মধ্যাহ্নের মধ্যে প্রতিবেদন পাঠাবেন,Tini pratiśruti diẏechilena yē tini madhyāhnēra maddhē pratibēdana pāṭhābēna,,,,B
8867,124,ur,Urdu,اس نے وعدہ کیا کہ وہ دوپہر تک رپورٹ بھیج دے گا,Usne waada kiya ke woh dopahar tak report bhej de ga,,,,B
8868,124,fa,Persian,او قول داد که گزارش را تا ظهر ارسال کند,U qol dād ke gozāresh rā tā zohr ersāl konad,,,,B
8869,124,tr,Turkish,Raporu öğlene kadar göndereceğine söz verdi,,,,,B
8870,124,ja,Japanese,彼は正午までにレポートを送ると約束した,Kare wa shōgo made ni repōto o okuru to yakusoku shita,,,,B
8871,124,ko,Korean,그는 정오까지 보고서를 보내겠다고 약속했다,Geuneun jeongokkaji bogoseoreul bonaegessdago yaksokhaetda,,,,B
8872,124,zh-cn,Mandarin (Simplified),他承诺他会在中午前发送报告,,tā chéngnuò tā huì zài zhōngwǔ qián fāsòng bàogào,,B
8873,124,zh-tw,Mandarin (Traditional),他承諾他會在中午前發送報告,,tā chéngnuò tā huì zài zhōngwǔ qián fāsòng bàogào,,B
8874,124,vi,Vietnamese,Anh ấy hứa sẽ gửi báo cáo trước buổi trưa,,,,,B
8875,124,th,Thai,เขาสัญญาว่าจะส่งรายงานภายในเที่ยง,K̄heā s̄ạỵỵā ẁā ca s̄ng rāyngān p̣hāwhịn theī̀yng,,,,B
8876,124,id,Indonesian,Dia berjanji akan mengirim laporannya sebelum siang,,,,,B
8877,124,sw,Swahili,Aliahidi atatumie ripoti kabla ya adhuhuri,,,,,B
8878,124,nl,Dutch,Hij beloofde dat hij het rapport voor de middag zou sturen,,,,,B
8879,124,pl,Polish,Obiecał, że prześle raport do południa,,,,,B
8880,124,uk,Ukrainian,Він пообіцяв надіслати звіт до полудня,Vin poobitsiav nadislaty zvit do poludnya,,,,B
8881,124,el,Greek,Υποσχέθηκε ότι θα στείλει την έκθεση μέχρι το μεσημέρι,Yposchéthike óti tha steílei tin ékthesi méchri to mesiméri,,,,B
8882,124,sv,Swedish,Han lovade att han skulle skicka rapporten innan middag,,,,,B
8883,124,no,Norwegian,Han lovet at han ville sende rapporten innen middag,,,,,B
8884,124,da,Dansk,Han lovede at han ville sende rapporten inden middag,,,,,B
8885,124,fi,Finnish,Hän lupasi lähettää raportin keskipäivään mennessä,,,,,B
8886,124,cs,Czech,Slíbil, že pošle zprávu do poledne,,,,,B
8887,124,hu,Hungarian,Megígérte, hogy délre elküldi a jelentést,,,,,B
8888,124,ro,Romanian,A promis că va trimite raportul până la amiază,,,,,B
8889,124,bg,Bulgarian,Той обеща да изпрати доклада до пладне,Toi obeshta da izprati doklada do pladne,,,,B
8890,124,sr,Serbian,Обећао је да ће послати извештај до подне,Оbećao je da će poslati izveštaj do podne,,,,B
8891,124,sk,Slovak,Sľúbil, že pošle správu do poludnia,,,,,B
8892,124,sl,Slovenian,Obljubil je, da bo poslal poročilo do poldneva,,,,,B
8893,124,lt,Lithuanian,Jis pažadėjo, kad išsiųs ataskaitą iki pietų,,,,,B
8894,124,lv,Latvian,Vis solīja, ka līdz pusdienlaikam nosūtīs ziņojumu,,,,,B
8895,124,et,Estonian,Ta lubas saata raporti keskpäevaks,,,,,B
8896,124,he,Hebrew,הוא הבטיח שישלח את הדוח עד הצהריים,Hu hevti'ach sheyishlach et hadoch ad hatzohorayim,,,,B
8897,124,ha,Hausa,Ya yi alkawari zai aika da rahoton nan da rana,,,,,B
8898,124,yo,Yoruba,Ó ṣe ileri pé ó máa rán ìròyìn náà kọjá àárọ̀,,,,,B
8899,124,ig,Igbo,O kwere nkwa na ọ ga-ezipụta akụkọ ahụ n'etiti ehihie,,,,,B
8900,124,am,Amharic,ሪፖርቱን በቀትር እንደሚልክ ቃል ገብቷል,Rīporituni bek’etiri inidemīliki k’ali gebit’wali,,,,B
8901,124,ti,Tigrinya,እንተዘንጊቡ ሪፖርቱ ቅድሚ ቀትሪ ከም ዝልኣኮ ቃል ኣትዩ,Intizenigibu ripotiku kidmi k'etiri kem zil'iako k'al atyu,,,,B
8902,124,ne,Nepali,उनले बिहान सम्म प्रतिवेदन पठाउने प्रतिज्ञा गरे,Unle bihāna samma prativedana paṭhā'une pratijñā gare,,,,B
8903,124,ta,Tamil,மதியம் வரை அறிக்கையை அனுப்புவதாக அவர் உறுதியளித்தார்,Matiyam varai aṟikkaiyai aṉuppuvatāka avar uṟutiyaḷittār,,,,B
8904,124,te,Telugu,మధ్యాహ్నం వరకు రిపోర్ట్ పంపుతానని అతను హామీ ఇచ్చాడు,Madhyāhnaṁ varaku ripōrṭ pamputānani atanu hāmī iccāḍu,,,,B
8905,124,ml,Malayalam,ഉച്ചയ്ക്കുമുമ്പ് റിപ്പോർട്ട് അയയ്ക്കുമെന്ന് അവൻ വാഗ്ദാനം ചെയ്തു,Uccaykkumump ṟippōṟṟ ayaykkumenn avan vāgdānaṁ ceytu,,,,B
8906,124,mr,Marathi,त्यांनी दुपारपर्यंत अहवाल पाठवण्याचे वचन दिले,Tyānnī dupāraparaynta ahavāla pāṭhavaṇyāce vacana dile,,,,B
8907,124,pa,Punjabi,ਉਸਨੇ ਵਾਅਦਾ ਕੀਤਾ ਕਿ ਉਹ ਦੁਪਹਿਰ ਤੱਕ ਰਿਪੋਰਟ ਭੇਜ ਦੇਵੇਗਾ,Usane vā'adā kītā ki uha dupahira taka ripōraṭa bhēja dēvēgā,,,,B
8908,124,gu,Gujarati,તેમણે વચન આપ્યું કે તેઓ બપોર સુધીમાં અહેવાલ મોકલશે,Tēmṇē vacana āpyuṁ kē tēō bapōra sudhīmā ahēvāla mōkalaśē,,,,B
8909,124,si,Sinhala,ඔහු පොරොන්දු වූයේ දවල් වන විට වාර්තාව යවන බවයි,Ohu porondu vūyē daval vana viṭa vārtāva yavana bavayi,,,,B
8910,124,km,Khmer,គាត់បានសន្យាថានឹងផ្ញើរបាយការណ៍មុនពេលថ្ងៃត្រង់,Kat ban sanya tha nung phnhae rbayeakarn mun pel thngay trng,,,,B
8911,124,is,Icelandic,Hann lofaði að senda skýrsluna fyrir hádegi,,,,,B
8912,124,tl,Tagalog / Filipino,Nangako siyang ipapadala ang ulat bago magtanghali,,,,,B
8913,124,ms,Malay,Dia berjanji akan menghantar laporan itu sebelum tengah hari,,,,,B
8914,124,jv,Javanese,Dheweke janji bakal ngirim laporan sadurunge awan,,,,,B
8915,124,kk,Kazakh,Ол есепті түске дейін жіберетініне уәде берді,Ol esepti tüske deyin jiberetinіne uäde berdi,,,,B
8916,124,uz,Uzbek,U tushgacha hisobotni yuborishga va'da berdi,,,,,B
8917,124,mn,Mongolian,Тэр өдрийн 12 цаг хүртэл тайлангаа илгээнэ гэж амласан,Ter ödriin 12 tsag khürtel tailangaa ilgeene gej amlasan,,,,B
8918,124,ka,Georgia,მან დაპირდა, რომ ანგარიშს შუადღემდე გაგზავნიდა,Man dap'irda, rom angarishs shuadghemde gagzavnida,,,,B
8919,124,hy,Armenian,Նա խոստացավ, որ զեկույցը կուղարկի կեսօրին,Na khostats’av, vor zekuyts’y kugharki kesorin,,,,B
8920,124,eu,Basque,Agindu zuen txostena eguerdirako bidaliko zuela,,,,,B
8921,124,ca,Catalan,Va prometre que enviaria l'informe abans del migdia,,,,,B
8922,124,gl,Galician,Prometeu que enviaría o informe antes do mediodía,,,,,B
8923,124,ga,Irish (Gaeilge),Gheall sé go seolfadh sé an tuarascáil faoi nóin,,,,,B
8924,124,cy,Welsh,Addawodd y byddai'n anfon yr adroddiad erbyn hanner dydd,,,,,B
8925,124,gd,Scottish Gaelic,Geall e gun cuireadh e an aithisg ro mheadhan-latha,,,,,B
8926,124,lb,Luxembourgisch,Hien huet versprach datt hien de Rapport bis Mëtteg schécke géif,,,,,B
8927,124,eo,Esperanto,Li promesis, ke li sendos la raporton antaŭtagmeze,,,,,B
8928,124,la,Latin,Pollicitus est se relatūrum esse meridie,,,,,B
8929,125,en,English,The water is cold,,,,,A
8930,125,es,Spanish,El agua está fría,,,,,A
8931,125,fr,French,L'eau est froide,,,,,A
8932,125,pt,Portuguese,A água está fria,,,,,A
8933,125,de,German,Das Wasser ist kalt,,,,,A
8934,125,it,Italian,L'acqua è fredda,,,,,A
8935,125,ru,Russian,Вода холодная,Voda kholodnaya,,,,A
8936,125,ar,Arabic,الماء بارد,Al-mā' bārid,,,,A
8937,125,hi,Hindi,पानी ठंडा है,Pānī ṭhaṇḍā hai,,,,A
8938,125,bn,Bengali,পানি ঠাণ্ডা,Pāni ṭhānḍā,,,,A
8939,125,ur,Urdu,پانی ٹھنڈا ہے,Paani thanda hai,,,,A
8940,125,fa,Persian,آب سرد است,Āb sard ast,,,,A
8941,125,tr,Turkish,Su soğuk,,,,,A
8942,125,ja,Japanese,水が冷たいです,Mizu ga tsumetai desu,,,,A
8943,125,ko,Korean,물이 차갑습니다,Mul-i chagabseubnida,,,,A
8944,125,zh-cn,Mandarin (Simplified),水是冷的,,shuǐ shì lěng de,,A
8945,125,zh-tw,Mandarin (Traditional),水是冷的,,shuǐ shì lěng de,,A
8946,125,vi,Vietnamese,Nước lạnh,,,,,A
8947,125,th,Thai,น้ำเย็น,N̂ả yen,,,,A
8948,125,id,Indonesian,Airnya dingin,,,,,A
8949,125,sw,Swahili,Maji ni baridi,,,,,A
8950,125,nl,Dutch,Het water is koud,,,,,A
8951,125,pl,Polish,Woda jest zimna,,,,,A
8952,125,uk,Ukrainian,Вода холодна,Voda kholodna,,,,A
8953,125,el,Greek,Το νερό είναι κρύο,To neró eínai krýo,,,,A
8954,125,sv,Swedish,Vattnet är kallt,,,,,A
8955,125,no,Norwegian,Vannet er kaldt,,,,,A
8956,125,da,Dansk,Vandet er koldt,,,,,A
8957,125,fi,Finnish,Vesi on kylmää,,,,,A
8958,125,cs,Czech,Voda je studená,,,,,A
8959,125,hu,Hungarian,A víz hideg,,,,,A
8960,125,ro,Romanian,Apa este rece,,,,,A
8961,125,bg,Bulgarian,Водата е студена,Vodata e studena,,,,A
8962,125,sr,Serbian,Вода је хладна,Voda je hladna,,,,A
8963,125,sk,Slovak,Voda je studená,,,,,A
8964,125,sl,Slovenian,Voda je mrzla,,,,,A
8965,125,lt,Lithuanian,Vanduo šaltas,,,,,A
8966,125,lv,Latvian,Ūdens ir auksts,,,,,A
8967,125,et,Estonian,Vesi on külm,,,,,A
8968,125,he,Hebrew,המים קרים,Hamayim karim,,,,A
8969,125,ha,Hausa,Ruwa yana da sanyi,,,,,A
8970,125,yo,Yoruba,Omri tutu,,,,,A
8971,125,ig,Igbo,Mmiri oyi,,,,,A
8972,125,am,Amharic,ውሃው ቀዝቃዛ ነው,Wihawi k’ezik’aza newi,,,,A
8973,125,ti,Tigrinya,ማይ ዝሑል እዩ,May ziḫul iyu,,,,A
8974,125,ne,Nepali,पानी चिसो छ,Pānī cisō cha,,,,A
8975,125,ta,Tamil,தண்ணீர் குளிர்ச்சியாக உள்ளது,Taṇṇīr kuḷircciyāka uḷḷatu,,,,A
8976,125,te,Telugu,నీరు చల్లగా ఉంది,Nīru callagā undi,,,,A
8977,125,ml,Malayalam,വെള്ളം തണുത്തതാണ്,Veḷḷaṁ taṇuttatāṇ,,,,A
8978,125,mr,Marathi,पाणी थंड आहे,Pāṇī thaṇḍa āhe,,,,A
8979,125,pa,Punjabi,ਪਾਣੀ ਠੰਡਾ ਹੈ,Pāṇī ṭhaṇḍā hai,,,,A
8980,125,gu,Gujarati,પાણી ઠંડુ છે,Pāṇī ṭhaṇḍu chē,,,,A
8981,125,si,Sinhala,වතුර සීතලයි,Vatura sītalayi,,,,A
8982,125,km,Khmer,ទឹកត្រជាក់,Tek trachak,,,,A
8983,125,is,Icelandic,Vatnið er kalt,,,,,A
8984,125,tl,Tagalog / Filipino,Malamig ang tubig,,,,,A
8985,125,ms,Malay,Airnya sejuk,,,,,A
8986,125,jv,Javanese,Banyune atis,,,,,A
8987,125,kk,Kazakh,Суық су,Suıq su,,,,A
8988,125,uz,Uzbek,Suv sovuq,,,,,A
8989,125,mn,Mongolian,Ус хүйтэн,Us khüiten,,,,A
8990,125,ka,Georgia,წყალი ცივია,Ts'q'ali tsivia,,,,A
8991,125,hy,Armenian,Ջուրը սառն է,Churë sarrn e,,,,A
8992,125,eu,Basque,Ura hotza da,,,,,A
8993,125,ca,Catalan,L'aigua està freda,,,,,A
8994,125,gl,Galician,A auga está fría,,,,,A
8995,125,ga,Irish (Gaeilge),Tá an t-uisce fuar,,,,,A
8996,125,cy,Welsh,Mae'r dwr yn oer,,,,,A
8997,125,gd,Scottish Gaelic,Tha an t-uisce fuar,,,,,A
8998,125,lb,Luxembourgisch,D'Waasser ass kal,,,,,A
8999,125,eo,Esperanto,La akvo estas malvarma,,,,,A
9000,125,la,Latin,Aqua frigida est,,,,,A
9001,126,en,English,Can you hear me?,,,,,A
9002,126,es,Spanish,¿Puedes oírme?,,,,,A
9003,126,fr,French,Tu m'entends ?,,,,,A
9004,126,pt,Portuguese,Consegues ouvir-me?,,,,,A
9005,126,de,German,Kannst du mich hören?,,,,,A
9006,126,it,Italian,Mi senti?,,,,,A
9007,126,ru,Russian,Ты меня слышишь?,Ty menya slyshish'?,,,,A
9008,126,ar,Arabic,هل تسمعني؟,Hal tasmaʿunī?,,,,A
9009,126,hi,Hindi,क्या तुम मुझे सुन सकते हो?,Kyā tum mujhe sun sakte ho?,,,,A
9010,126,bn,Bengali,তুমি কি আমাকে শুনতে পাচ্ছ?,Tumi ki āmāke śunate pāccha?,,,,A
9011,126,ur,Urdu,کیا تم مجھے سن سکتے ہو؟,Kya tum mujhe sun sakte ho?,,,,A
9012,126,fa,Persian,می‌توانی صدایم را بشنوی؟,Mitavāni sedāyam rā beshenavi?,,,,A
9013,126,tr,Turkish,Beni duyabiliyor musun?,,,,,A
9014,126,ja,Japanese,私の声が聞こえますか？,Watashi no koe ga kikoemasu ka?,,,,A
9015,126,ko,Korean,들리나요?,Deullinayo?,,,,A
9016,126,zh-cn,Mandarin (Simplified),你能听到我吗？,,nǐ néng tīng dào wǒ ma?,,A
9017,126,zh-tw,Mandarin (Traditional),你能聽到我嗎？,,nǐ néng tīng dào wǒ ma?,,A
9018,126,vi,Vietnamese,Bạn có nghe thấy tôi không?,,,,,A
9019,126,th,Thai,คุณได้ยินฉันไหม,Khuṇ dị̂yin c̄hạn h̄ịm?,,,,A
9020,126,id,Indonesian,Bisakah kamu mendengarku?,,,,,A
9021,126,sw,Swahili,Unaweza kunisikia?,,,,,A
9022,126,nl,Dutch,Kun je me horen?,,,,,A
9023,126,pl,Polish,Czy mnie słyszysz?,,,,,A
9024,126,uk,Ukrainian,Ти мене чуєш?,Ty mene chuyesh?,,,,A
9025,126,el,Greek,Μπορείς να με ακούσεις;,Boreís na me akoúseis?,,,,A
9026,126,sv,Swedish,Kan du höra mig?,,,,,A
9027,126,no,Norwegian,Kan du høre meg?,,,,,A
9028,126,da,Dansk,Kan du høre mig?,,,,,A
9029,126,fi,Finnish,Kuuletko minua?,,,,,A
9030,126,cs,Czech,Slyšíš mě?,,,,,A
9031,126,hu,Hungarian,Hallasz engem?,,,,,A
9032,126,ro,Romanian,Mă poți auzi?,,,,,A
9033,126,bg,Bulgarian,Чуваш ли ме?,Chuvash li me?,,,,A
9034,126,sr,Serbian,Чујеш ли ме?,Čuješ li me?,,,,A
9035,126,sk,Slovak,Počuješ ma?,,,,,A
9036,126,sl,Slovenian,Me slišiš?,,,,,A
9037,126,lt,Lithuanian,Ar girdi mane?,,,,,A
9038,126,lv,Latvian,Vai tu mani dzirdi?,,,,,A
9039,126,et,Estonian,Kas sa kuuled mind?,,,,,A
9040,126,he,Hebrew,אתה שומע אותי?,Ata shome'a oti?,,,,A
9041,126,ha,Hausa,Za ka iya jin sautona?,,,,,A
9042,126,yo,Yoruba,Ṣe o le gbọ mi?,,,,,A
9043,126,ig,Igbo,Ị nụrụ m?,,,,,A
9044,126,am,Amharic,ልትሰማኝ ትችላለህ?,Litisemany tichilaleh?,,,,A
9045,126,ti,Tigrinya,ትሰምዓኒ ትኽእል ዲኻ?,Tisem'ani tikh'il diha?,,,,A
9046,126,ne,Nepali,के तिमी मलाई सुन्न सक्छौ?,Ke timī malāī sunna sakchau?,,,,A
9047,126,ta,Tamil,என்னை நீ கேட்க முடியுமா?,Eṉṉai nī kēṭka muṭiyumā?,,,,A
9048,126,te,Telugu,నువ్వు నన్ను వినగలవా?,Nuvvu nannu vinagalavā?,,,,A
9049,126,ml,Malayalam,നിങ്ങള്‍ക്ക് എന്നെ കേള്‍ക്കാന്‍ കഴിയുമോ?,Niṅṅaḷkk enne kēḷkkān kaḻiyumēā?,,,,A
9050,126,mr,Marathi,मला ऐकू येते का?,Malā aikū yete kā?,,,,A
9051,126,pa,Punjabi,ਕੀ ਤੁਸੀਂ ਮੈਨੂੰ ਸੁਣ ਸਕਦੇ ਹੋ?,Kī tusīṁ mainū suṇa sakadē hō?,,,,A
9052,126,gu,Gujarati,શું તમે મને સંભળાવી શકો છો?,Śuṁ tamē manē sambhaḷāvī śakō chō?,,,,A
9053,126,si,Sinhala,ඔබට මාව ඇසෙනවා ද?,Obaṭa māva æsenavā da?,,,,A
9054,126,km,Khmer,តើអ្នកឮខ្ញុំទេ?,Tae anak leu khnhom te?,,,,A
9055,126,is,Icelandic,Heyrirðu mig?,,,,,A
9056,126,tl,Tagalog / Filipino,Naririnig mo ba ako?,,,,,A
9057,126,ms,Malay,Bolehkah awak mendengar saya?,,,,,A
9058,126,jv,Javanese,Apa kowé bisa krungu aku?,,,,,A
9059,126,kk,Kazakh,Мені естисің бе?,Meni estisiñ be?,,,,A
9060,126,uz,Uzbek,Meni eshityapsizmi?,,,,,A
9061,126,mn,Mongolian,Намайг сонсож байна уу?,Namaig sonsoj baina uu?,,,,A
9062,126,ka,Georgia,მომესმის?,Momessmis?,,,,A
9063,126,hy,Armenian,Կարո՞ղ ես ինձ լսել,Karogh es indz lsel,,,,A
9064,126,eu,Basque,Entzuten didazu?,,,,,A
9065,126,ca,Catalan,Em sents?,,,,,A
9066,126,gl,Galician,¿Podes ouvirme?,,,,,A
9067,126,ga,Irish (Gaeilge),An gcloiseann tú mé?,,,,,A
9068,126,cy,Welsh,Wyt ti'n fy nghlywed i?,,,,,A
9069,126,gd,Scottish Gaelic,An cluinn thu mi?,,,,,A
9070,126,lb,Luxembourgisch,Kaasch du mech héieren?,,,,,A
9071,126,eo,Esperanto,Ĉu vi povas aŭdi min?,,,,,A
9072,126,la,Latin,Potesne me audire?,,,,,A
9073,127,en,English,They discovered a flaw in the security system,,,,,C
9074,127,es,Spanish,Descubrieron una falla en el sistema de seguridad,,,,,C
9075,127,fr,French,Ils ont découvert une faille dans le système de sécurité,,,,,C
9076,127,pt,Portuguese,Eles descobriram uma falha no sistema de segurança,,,,,C
9077,127,de,German,Sie entdeckten eine Schwachstelle im Sicherheitssystem,,,,,C
9078,127,it,Italian,Hanno scoperto una falla nel sistema di sicurezza,,,,,C
9079,127,ru,Russian,Они обнаружили изъян в системе безопасности,Oni obnaruzhili iz"yan v sisteme bezopasnosti,,,,C
9080,127,ar,Arabic,اكتشفوا ثغرة في نظام الأمان,Iktashafū thughrah fī niẓām al-amān,,,,C
9081,127,hi,Hindi,उन्होंने सुरक्षा प्रणाली में एक खामी खोज निकाली,Unhōnne surakṣā praṇālī mẽ ek khāmī khoj nikālī,,,,C
9082,127,bn,Bengali,তারা নিরাপত্তা ব্যবস্থায় একটি ত্রুটি আবিষ্কার করেছে,Tārā nirāpattā byabasthāẏa ēkaṭi truṭi ābiṣkāra karēchē,,,,C
9083,127,ur,Urdu,انہوں نے سیکیورٹی سسٹم میں ایک خامی دریافت کر لی,Unhon ne security system mein aik khaami daryaft kar li,,,,C
9084,127,fa,Persian,آنها یک نقص در سیستم امنیتی کشف کردند,Ānhā yek naqs dar sistem amni-yi kashf kardand,,,,C
9085,127,tr,Turkish,Güvenlik sisteminde bir açık keşfettiler,,,,,C
9086,127,ja,Japanese,彼らはセキュリティシステムに欠陥を発見した,Karera wa sekyuriti shisutemu ni kekkan o hakken shita,,,,C
9087,127,ko,Korean,그들은 보안 시스템에서 결함을 발견했다,Geudeureun boan sisteum-eseo gyeolham-eul balgyeonhaetda,,,,C
9088,127,zh-cn,Mandarin (Simplified),他们发现安全系统有一个缺陷,,tāmen fāxiàn ānquán xìtǒng yǒu yīgè quēxiàn,,C
9089,127,zh-tw,Mandarin (Traditional),他們發現安全系統有一個缺陷,,tāmen fāxiàn ānquán xìtǒng yǒu yīgè quēxiàn,,C
9090,127,vi,Vietnamese,Họ phát hiện ra một lỗ hổng trong hệ thống an ninh,,,,,C
9091,127,th,Thai,พวกเขาค้นพบข้อบกพร่องในระบบรักษาความปลอดภัย,Phwk k̄heā khậnphb k̄hxbkprx̀ng nı rab rạks̄ʹā khwām plxdp̣hạy,,,,C
9092,127,id,Indonesian,Mereka menemukan celah dalam sistem keamanan,,,,,C
9093,127,sw,Swahili,Waligundua dosari katika mfumo wa usalama,,,,,C
9094,127,nl,Dutch,Zij ontdekten een fout in het beveiligingssysteem,,,,,C
9095,127,pl,Polish,Odkryli wadę w systemie bezpieczeństwa,,,,,C
9096,127,uk,Ukrainian,Вони виявили ваду в системі безпеки,Vony vyyavyly vadu v systemi bezpeky,,,,C
9097,127,el,Greek,Ανακάλυψαν ένα ελάττωμα στο σύστημα ασφαλείας,Anakálypsan éna elátoma sto sýstima asfaleías,,,,C
9098,127,sv,Swedish,De upptäckte ett fel i säkerhetssystemet,,,,,C
9099,127,no,Norwegian,De oppdaget en svakhet i sikkerhetssystemet,,,,,C
9100,127,da,Dansk,De opdagede en fejl i sikkerhedssystemet,,,,,C
9101,127,fi,Finnish,He löysivät heikkouden turvajärjestelmästä,,,,,C
9102,127,cs,Czech,Objevili chybu v zabezpečovacím systému,,,,,C
9103,127,hu,Hungarian,Fedeztek egy hibát a biztonsági rendszerben,,,,,C
9104,127,ro,Romanian,Au descoperit o defectiune în sistemul de securitate,,,,,C
9105,127,bg,Bulgarian,Те откриха недостатък в системата за сигурност,Te otrikha nedostatŭk v sistemata za sigurnost,,,,C
9106,127,sr,Serbian,Открили су грешку у безбедносном систему,Otkri grešku u bezbednosnom sistemu,,,,C
9107,127,sk,Slovak,Objavili chybu v bezpečnostnom systéme,,,,,C
9108,127,sl,Slovenian,Odkrili so napako v varnostnem sistemu,,,,,C
9109,127,lt,Lithuanian,Jie atrado saugos sistemos trūkumą,,,,,C
9110,127,lv,Latvian,Vīni atklāja nepilnību drošības sistēmā,,,,,C
9111,127,et,Estonian,Nad avastasid turvasüsteemis vea,,,,,C
9112,127,he,Hebrew,הם גילו פגם במערכת האבטחה,Hem gilu pagam bama'arekhet ha'bitachon,,,,C
9113,127,ha,Hausa,Sun gano wani aibi a cikin tsarin tsaro,,,,,C
9114,127,yo,Yoruba,Wọ́n ṣàwárí àìdá pàtàkì nínú ètò ààbò,,,,,C
9115,127,ig,Igbo,Ha chọpụtara ntụpọ n'ime usoro nchekwa,,,,,C
9116,127,am,Amharic,በደህንነት ስርዓቱ ውስጥ ጉድለት አገኙ,BeDehinninet siri'atu wisit' gudileti āgeñu,,,,C
9117,127,ti,Tigrinya,ኣብ ስርዓት ደህንነት ጉድለት ረኺቦም,Ab siri'at dehinninet gudilet rekhibom,,,,C
9118,127,ne,Nepali,उनले सुरक्षा प्रणालीमा एउटा दोष पत्ता लगाए,Unle surakṣā praṇālīmā ēuṭā doṣa pattā lagāe,,,,C
9119,127,ta,Tamil,பாதுகாப்பு முறைமையில் ஒரு குறைபாட்டை அவர்கள் கண்டறிந்தனர்,Pātukāppu muṟaimaiyil oru kuṟaipāṭṭai avarkaḷ kaṇṭaṟintanar,,,,C
9120,127,te,Telugu,వారు భద్రతా వ్యవస్థలో లోపాన్ని కనుగొన్నారు,Vāru bhadratā vyavasthalō lōpānni kanugonnāru,,,,C
9121,127,ml,Malayalam,സുരക്ഷാ സംവിധാനത്തിലെ ഒരു കുറവ് അവർ കണ്ടെത്തി,Surakṣā sanvidhānattile oru kuṟav avar kaṇṭetti,,,,C
9122,127,mr,Marathi,त्यांना सुरक्षा प्रणालीत एक दोष आढळला,Tyānnā surakṣā praṇālīta ek doṣ āḍhaḷalā,,,,C
9123,127,pa,Punjabi,ਉਨ੍ਹਾਂ ਨੇ ਸੁਰੱਖਿਆ ਸਿਸਟਮ ਵਿੱਚ ਇੱਕ ਖਾਮੀ ਲੱਭੀ,Unhāṁ ne surakhi'ā sisaṭama vica ika khāmī labhī,,,,C
9124,127,gu,Gujarati,તેઓએ સુરક્ષા સિસ્ટમમાં એક ખામી શોધી કાઢી,Tē'ō'e surakṣā sisṭamamāṁ ēka khāmī śōdhī kāḍhī,,,,C
9125,127,si,Sinhala,ඔවුන් ආරක්ෂක පද්ධතියේ දෝෂයක් හඳුනා ගත්තා,Ovun ārakṣaka paddhatiyē dōṣayak handunā gattā,,,,C
9126,127,km,Khmer,ពួកគេបានរកឃើញគម្លាតនៅក្នុងប្រព័ន្ធសន្តិសុខ,Puokke ban rok kheu nh komloat now knong brapoanh santesok,,,,C
9127,127,is,Icelandic,Þeir uppgötvuðu galla í öryggiskerfinu,,,,,C
9128,127,tl,Tagalog / Filipino,Natuklasan nila ang isang depekto sa sistema ng seguridad,,,,,C
9129,127,ms,Malay,Mereka menemui kelemahan dalam sistem keselamatan,,,,,C
9130,127,jv,Javanese,Dheweke nemokake cacat ing sistem keamanan,,,,,C
9131,127,kk,Kazakh,Олар қауіпсіздік жүйесіндегі ақаулықты тапты,Olar qauipsizdik jüyesindegi aqau-lyqty tapty,,,,C
9132,127,uz,Uzbek,Ular xavfsizlik tizimidagi kamchilikni topdilar,,,,,C
9133,127,mn,Mongolian,Тэд аюулгүй байдлын системд гажиг илрүүлэв,Ted ayuulgui baidlyn sistemd gajig ilrüülev,,,,C
9134,127,ka,Georgia,მათ აღმოაჩინეს ხარვეზი უსაფრთხოების სისტემაში,Mat aghmoachines kharvezi usaprtkhoebis sistemashi,,,,C
9135,127,hy,Armenian,Նրանք բացահայտեցին անվտանգության համակարգում առկա թերությունը,Nrank bats’ahaytets’in anvtangut’yan hamakargum arrka t’erut’yuny,,,,C
9136,127,eu,Basque,Segurtasun sisteman akats bat aurkitu zuten,,,,,C
9137,127,ca,Catalan,Va descobrir un defecte en el sistema de seguretat,,,,,C
9138,127,gl,Galician,Descubriron un fallo no sistema de seguridade,,,,,C
9139,127,ga,Irish (Gaeilge),D'aimsigh siad locht i gcóras na slándála,,,,,C
9140,127,cy,Welsh,Maent wedi darganfod nam yn y system ddiogelwch,,,,,C
9141,127,gd,Scottish Gaelic,Lorg iad cron anns an t-siostam tèarainteachd,,,,,C
9142,127,lb,Luxembourgisch,Si hunn e Feeler am Sécherheetssystem entdeckt,,,,,C
9143,127,eo,Esperanto,Ili malkovris difekton en la sekureca sistemo,,,,,C
9144,127,la,Latin,Defectum in systemate securitatis invenerunt,,,,,C
9145,128,en,English,The cup is empty,,,,,A
9146,128,es,Spanish,La taza está vacía,,,,,A
9147,128,fr,French,La tasse est vide,,,,,A
9148,128,pt,Portuguese,A chávena está vazia,,,,,A
9149,128,de,German,Die Tasse ist leer,,,,,A
9150,128,it,Italian,La tazza è vuota,,,,,A
9151,128,ru,Russian,Чашка пустая,Chashka pustaya,,,,A
9152,128,ar,Arabic,الكوب فارغ,Al-kūb fāriḡ,,,,A
9153,128,hi,Hindi,कप खाली है,Kap khālī hai,,,,A
9154,128,bn,Bengali,কাপ খালি,Kāp khāli,,,,A
9155,128,ur,Urdu,کپ خالی ہے,Cup khali hai,,,,A
9156,128,fa,Persian,لیوان خالی است,Livān khālī ast,,,,A
9157,128,tr,Turkish,Bardak boş,,,,,A
9158,128,ja,Japanese,カップは空です,Kappu wa kara desu,,,,A
9159,128,ko,Korean,컵이 비어 있습니다,Keob-i bieo itseumnida,,,,A
9160,128,zh-cn,Mandarin (Simplified),杯子是空的,,bēizi shì kōng de,,A
9161,128,zh-tw,Mandarin (Traditional),杯子是空的,,bēizi shì kōng de,,A
9162,128,vi,Vietnamese,Cái cốc trống rỗng,,,,,A
9163,128,th,Thai,ถ้วยว่างเปล่า,Th̀wỵ wāng pel̀ā,,,,A
9164,128,id,Indonesian,Gelasnya kosong,,,,,A
9165,128,sw,Swahili,Kikombe kiko wazi,,,,,A
9166,128,nl,Dutch,Het kopje is leeg,,,,,A
9167,128,pl,Polish,Kubek jest pusty,,,,,A
9168,128,uk,Ukrainian,Чашка порожня,Chashka porozhnya,,,,A
9169,128,el,Greek,Το ποτήρι είναι άδειο,To potíri eínai ádeio,,,,A
9170,128,sv,Swedish,Koppen är tom,,,,,A
9171,128,no,Norwegian,Koppen er tom,,,,,A
9172,128,da,Dansk,Koppen er tom,,,,,A
9173,128,fi,Finnish,Kuppi on tyhjä,,,,,A
9174,128,cs,Czech,Šálek je prázdný,,,,,A
9175,128,hu,Hungarian,A pohár üres,,,,,A
9176,128,ro,Romanian,Ceasca este goală,,,,,A
9177,128,bg,Bulgarian,Чашата е празна,Chasata e prazna,,,,A
9178,128,sr,Serbian,Шоља је празна,Šolja je prazna,,,,A
9179,128,sk,Slovak,Šálka je prázdna,,,,,A
9180,128,sl,Slovenian,Skodelica je prazna,,,,,A
9181,128,lt,Lithuanian,Taurė tuščia,,,,,A
9182,128,lv,Latvian,Tase ir tukša,,,,,A
9183,128,et,Estonian,Tass on tühi,,,,,A
9184,128,he,Hebrew,הכוס ריקה,Hakoss reyka,,,,A
9185,128,ha,Hausa,Kofi babu kowa,,,,,A
9186,128,yo,Yoruba,Igo naa ṣofo,,,,,A
9187,128,ig,Igbo,Iko ahụ tọgbọrọ nkịtị,,,,,A
9188,128,am,Amharic,የሻይ ብርጭቆው ባዶ ነው,Yeshay bich'ik'ow bado newi,,,,A
9189,128,ti,Tigrinya,ኩባያ ባዶ እያ,Kubaya bado iya,,,,A
9190,128,ne,Nepali,कप खाली छ,Kap khālī cha,,,,A
9191,128,ta,Tamil,கோப்பை காலியாக உள்ளது,Kōppai kāliyāka uḷḷatu,,,,A
9192,128,te,Telugu,కప్పు ఖాళీగా ఉంది,Kappu khāḷīgā undi,,,,A
9193,128,ml,Malayalam,കപ്പ് ശൂന്യമാണ്,Kapp śūnyamāṇ,,,,A
9194,128,mr,Marathi,कप रिकामा आहे,Kap rikāmā āhe,,,,A
9195,128,pa,Punjabi,ਕੱਪ ਖਾਲੀ ਹੈ,Kapa khālī hai,,,,A
9196,128,gu,Gujarati,કપ ખાલી છે,Kap khālī chē,,,,A
9197,128,si,Sinhala,කෝප්පය හිස් ය,Kōppaya his ya,,,,A
9198,128,km,Khmer,ពែងនោះទទេ,Peng noh tete,,,,A
9199,128,is,Icelandic,Bollinn er tómur,,,,,A
9200,128,tl,Tagalog / Filipino,Walang laman ang tasa,,,,,A
9201,128,ms,Malay,Cawan itu kosong,,,,,A
9202,128,jv,Javanese,Cangkire kosong,,,,,A
9203,128,kk,Kazakh,Шыны бос,Shyny bos,,,,A
9204,128,uz,Uzbek,Kosa bo'sh,,,,,A
9205,128,mn,Mongolian,Аяга хоосон,Ayaga khooson,,,,A
9206,128,ka,Georgia,ჭიქა ცარიელია,Ch'ik'a tsarielia,,,,A
9207,128,hy,Armenian,Բաժակը դատարկ է,Bazhakə datark e,,,,A
9208,128,eu,Basque,Katilua hutsik dago,,,,,A
9209,128,ca,Catalan,La tassa està buida,,,,,A
9210,128,gl,Galician,A cunca está baleira,,,,,A
9211,128,ga,Irish (Gaeilge),Tá an cupán folamh,,,,,A
9212,128,cy,Welsh,Mae'r gwpan yn wag,,,,,A
9213,128,gd,Scottish Gaelic,Tha an cupa falamh,,,,,A
9214,128,lb,Luxembourgisch,D'Taass ass eidel,,,,,A
9215,128,eo,Esperanto,La taso estas malplena,,,,,A
9216,128,la,Latin,Poculum vacuum est,,,,,A
9217,129,en,English,Please don’t touch that,,,,,A
9218,129,es,Spanish,Por favor, no toques eso,,,,,A
9219,129,fr,French,S'il te plaît, ne touche pas à ça,,,,,A
9220,129,pt,Portuguese,Por favor, não toques nisso,,,,,A
9221,129,de,German,Bitte fass das nicht an,,,,,A
9222,129,it,Italian,Per favore, non toccare quello,,,,,A
9223,129,ru,Russian,Пожалуйста, не трогайте это,Pozhaluysta, ne trogayte eto,,,,A
9224,129,ar,Arabic,من فضلك لا تلمس ذلك,Min faḍlik lā tulmis dhālik,,,,A
9225,129,hi,Hindi,कृपया उसे मत छुओ,Kr̥payā use mat chuō,,,,A
9226,129,bn,Bengali,দয়া করে সেটি স্পর্শ করো না,Daẏā karē sēṭi sparśa karō nā,,,,A
9227,129,ur,Urdu,براہ کرم اسے مت چھوئیں,Barah e karam use mat chhuen,,,,A
9228,129,fa,Persian,لطفاً آن را لمس نکنید,Lotfan ān rā lams nakonid,,,,A
9229,129,tr,Turkish,Lütfen ona dokunma,,,,,A
9230,129,ja,Japanese,それを触らないでください,Sore o sawaranaide kudasai,,,,A
9231,129,ko,Korean,그것을 만지지 마세요,Geugeos-eul manjiji maseyo,,,,A
9232,129,zh-cn,Mandarin (Simplified),请不要碰那个,,qǐng búyào pèng nàge,,A
9233,129,zh-tw,Mandarin (Traditional),請不要碰那個,,qǐng búyào pèng nàge,,A
9234,129,vi,Vietnamese,Làm ơn đừng chạm vào cái đó,,,,,A
9235,129,th,Thai,กรุณาอย่าแตะต้องสิ่งนั้น,Krunā xỳā tæt̂xng s̄ìng nận,,,,A
9236,129,id,Indonesian,Tolong jangan sentuh itu,,,,,A
9237,129,sw,Swahili,Tafadhali usiiguse hiyo,,,,,A
9238,129,nl,Dutch,Raak dat alsjeblieft niet aan,,,,,A
9239,129,pl,Polish,Proszę, nie dotykaj tego,,,,,A
9240,129,uk,Ukrainian,Будь ласка, не чіпайте це,Bud' laska, ne chipayte tse,,,,A
9241,129,el,Greek,Παρακαλώ μην αγγίζεις αυτό,Parakaló min angízeis aftó,,,,A
9242,129,sv,Swedish,Snälla rör inte vid det där,,,,,A
9243,129,no,Norwegian,Vær så snill, ikke ta på det,,,,,A
9244,129,da,Dansk,Lad venligst være med at røre ved det,,,,,A
9245,129,fi,Finnish,Älä koske siihen, kiitos,,,,,A
9246,129,cs,Czech,Prosím, nedotýkejte se toho,,,,,A
9247,129,hu,Hungarian,Kérlek, ne érintsd meg azt,,,,,A
9248,129,ro,Romanian,Te rog nu atinge asta,,,,,A
9249,129,bg,Bulgarian,Моля, не пипайте това,Molya, ne pipayte tova,,,,A
9250,129,sr,Serbian,Молим вас, не дирајте то,Molim vas, ne dirajte to,,,,A
9251,129,sk,Slovak,Prosím, nedotýkajte sa toho,,,,,A
9252,129,sl,Slovenian,Prosim, ne dotikajte se tega,,,,,A
9253,129,lt,Lithuanian,Prašau, nelieskite to,,,,,A
9254,129,lv,Latvian,Lūdzu, nepieskarieties tam,,,,,A
9255,129,et,Estonian,Palun, ära puuduta seda,,,,,A
9256,129,he,Hebrew,בבקשה אל תיגע בזה,Bevakasha al tiga bazeh,,,,A
9257,129,ha,Hausa,Don Allah kar a taba wannan,,,,,A
9258,129,yo,Yoruba,Jọwọ, má tan eyi,,,,,A
9259,129,ig,Igbo,Biko emetụla ya aka,,,,,A
9260,129,am,Amharic,እባክህ እሱን አትንቀሳቀስ,Ebaki esuni atink'esak'esi,,,,A
9261,129,ti,Tigrinya,በጃኻ ከምኡ ኣይትንክፍ,Bajakha kem'u aytinkif,,,,A
9262,129,ne,Nepali,कृपया त्यो छुनुहोस् न,Kr̥payā tyo chunuhōs na,,,,A
9263,129,ta,Tamil,தயவுசெய்து அதைத் தொடாதீர்கள்,Tayavuceytu ataitt toṭātīrkaḷ,,,,A
9264,129,te,Telugu,దయచేసి దాన్ని ముట్టుకోవద్దు,Dayacēsi dānni muṭṭukōvaddu,,,,A
9265,129,ml,Malayalam,ദയവായി അത് സ്പർശിക്കരുത്,Dayavāyi at spaṟśikkarut,,,,A
9266,129,mr,Marathi,कृपया ते स्पर्श करू नका,Kr̥payā tē sparśa karū nakā,,,,A
9267,129,pa,Punjabi,ਕਿਰਪਾ ਕਰਕੇ ਇਸ ਨੂੰ ਛੂਹੋ ਨਾ,Kirapā karakē is nū chūhō nā,,,,A
9268,129,gu,Gujarati,કૃપા કરીને તેને સ્પર્શ કરશો નહીં,Kr̥pā karīnē tēnē sparśa karaśō nahīn,,,,A
9269,129,si,Sinhala,කරුණාකර එය ස්පර්ශ කරන්න එපා,Karuṇākara eya sparsha karanna epā,,,,A
9270,129,km,Khmer,សូមកុំប៉ះវា,Saum kom bach vea,,,,A
9271,129,is,Icelandic,Vinsamlegast ekki snerta það,,,,,A
9272,129,tl,Tagalog / Filipino,Pakiusap huwag hawakan iyan,,,,,A
9273,129,ms,Malay,Tolong jangan sentuh itu,,,,,A
9274,129,jv,Javanese,Punten aja ndemek iku,,,,,A
9275,129,kk,Kazakh,Өтінемін, оған қол тигізбеңіз,Ötinemin, oğan qol tigizbeñiz,,,,A
9276,129,uz,Uzbek,Iltimos, unga tegmaymang,,,,,A
9277,129,mn,Mongolian,Та үүнийг бүү хүргээрэй,Ta üüniig büü khürgeerei,,,,A
9278,129,ka,Georgia,გთხოვთ, არ შეეხოთ ამას,Gtkhovt, ar shekhot amas,,,,A
9279,129,hy,Armenian,Խնդրում եմ, մի դիպչեք դրան,Khndrum yem, mi dipch’ek’ dran,,,,A
9280,129,eu,Basque,Mesedez, ez ukitu hori,,,,,A
9281,129,ca,Catalan,Si us plau, no toquis això,,,,,A
9282,129,gl,Galician,Por favor, non toques iso,,,,,A
9283,129,ga,Irish (Gaeilge),Le do thoil, ná bain leis sin,,,,,A
9284,129,cy,Welsh,Os gwelwch yn dda, peidiwch â chyffwrdd â hynny,,,,,A
9285,129,gd,Scottish Gaelic,Feuch nach bean thu ris,,,,,A
9286,129,lb,Luxembourgisch,W.e.g. beréiert dat net,,,,,A
9287,129,eo,Esperanto,Bonvolu ne tuŝi tion,,,,,A
9288,129,la,Latin,Quaeso, noli illud tangere,,,,,A
9289,130,en,English,She explained why the deadline had been extended,,,,,C
9290,130,es,Spanish,Ella explicó por qué se había extendido el plazo,,,,,C
9291,130,fr,French,Elle a expliqué pourquoi le délai avait été prolongé,,,,,C
9292,130,pt,Portuguese,Ela explicou por que o prazo tinha sido estendido,,,,,C
9293,130,de,German,Sie erklärte, warum die Frist verlängert worden war,,,,,C
9294,130,it,Italian,Lei ha spiegato perché la scadenza era stata prorogata,,,,,C
9295,130,ru,Russian,Она объяснила, почему срок был продлен,Ona ob"yasnila, pochemu srok byl prodlen,,,,C
9296,130,ar,Arabic,أوضحت لماذا تم تمديد الموعد النهائي,'Awḍaḥat limādhā tummidat al-mawʿid al-nihā'ī,,,,C
9297,130,hi,Hindi,उसने समझाया कि समय सीमा क्यों बढ़ाई गई थी,Usne samjhāyā ki samay sīmā kyō baṛhāī gaī thī,,,,C
9298,130,bn,Bengali,সে ব্যাখ্যা করেছিল কেন সময়সীমা বাড়ানো হয়েছিল,Sē byākhyā karēchila kēna samaẏasīmā bāṛānō haẏēchila,,,,C
9299,130,ur,Urdu,اس نے وضاحت کی کہ ڈیڈ لائن کیوں بڑھائی گئی تھی,Us ne wazahat ki ke deadline kiyun barhai gayi thi,,,,C
9300,130,fa,Persian,او توضیح داد که چرا مهلت تمدید شده بود,U tawzīḥ dād ke cherā mohlat tamdīd shode būd,,,,C
9301,130,tr,Turkish,Terminin neden uzatıldığını açıkladı,,,,,C
9302,130,ja,Japanese,彼女はなぜ締め切りが延長されたのかを説明した,Kanojo wa naze shimekiri ga enchō sareta no ka o setsumei shita,,,,C
9303,130,ko,Korean,그녀는 마감일이 연장된 이유를 설명했다,Geunyeoneun magami yeonjangdoen iyureul seolmyeonghaetda,,,,C
9304,130,zh-cn,Mandarin (Simplified),她解释了为什么截止日期被延长了,,tā jiěshìle wèishéme jiézhǐ rìqī bèi yánchángle,,C
9305,130,zh-tw,Mandarin (Traditional),她解釋了為什麼截止日期被延長了,,tā jiěshìle wèishéme jiézhǐ rìqī bèi yánchángle,,C
9306,130,vi,Vietnamese,Cô ấy đã giải thích tại sao thời hạn lại được gia hạn,,,,,C
9307,130,th,Thai,เธออธิบายว่าทำไมกำหนดส่งจึงถูกขยายเวลา,Ther xṭhibāy ẁā thảmị h̄nạkds̄ng cụng t̄hūk k̄h̀yāy wela,,,,C
9308,130,id,Indonesian,Dia menjelaskan mengapa tenggat waktunya diperpanjang,,,,,C
9309,130,sw,Swahili,Aliielezea ni kwanini tarehe ya mwisho ilikuwa imepanuliwa,,,,,C
9310,130,nl,Dutch,Zij legde uit waarom de deadline was verlengd,,,,,C
9311,130,pl,Polish,Wyjaśniła, dlaczego termin został przedłużony,,,,,C
9312,130,uk,Ukrainian,Вона пояснила, чому термін був продовжений,Vona poyasnyla, chomu termin buv prodovzhenyy,,,,C
9313,130,el,Greek,Εξήγησε γιατί είχε παραταθεί η προθεσμία,Exígise giatí eíche paratatheí i prothesmía,,,,C
9314,130,sv,Swedish,Hon förklarade varför deadline hade förlängts,,,,,C
9315,130,no,Norwegian,Hun forklarte hvorfor fristen var blitt forlenget,,,,,C
9316,130,da,Dansk,Hun forklarede, hvorfor fristen var blevet forlænget,,,,,C
9317,130,fi,Finnish,Hän selitti, miksi määräaikaa oli jatkettu,,,,,C
9318,130,cs,Czech,Vysvětlila, proč byl termín prodloužen,,,,,C
9319,130,hu,Hungarian,Megmagyarázta, miért lett meghosszabbítva a határidő,,,,,C
9320,130,ro,Romanian,Ea a explicat de ce termenul limită fusese prelungit,,,,,C
9321,130,bg,Bulgarian,Тя обясни защо крайният срок беше удължен,Tya obyasni zashto krayniyat srok beshe udalzhen,,,,C
9322,130,sr,Serbian,Објаснила је зашто је рок продужен,Objasnila je zašto je rok produžen,,,,C
9323,130,sk,Slovak,Vysvetlila, prečo bol termín predĺžený,,,,,C
9324,130,sl,Slovenian,Pojasnila je, zakaj je bil rok podaljšan,,,,,C
9325,130,lt,Lithuanian,Ji paaiškino, kodėl buvo pratęstas terminas,,,,,C
9326,130,lv,Latvian,Viņa paskaidroja, kāpēc termiņš bija pagarināts,,,,,C
9327,130,et,Estonian,Ta seletas, miks tähtaega oli pikendatud,,,,,C
9328,130,he,Hebrew,היא הסבירה מדוע נדחה המועד האחרון,Hi hisbira madu'ah nidcha hamo'ed ha'acharon,,,,C
9329,130,ha,Hausa,Ta bayyana dalilin da yasa aka tsawaita wa'adin,,,,,C
9330,130,yo,Yoruba,Ó ṣalàyẹ́yẹ idí tí wọ́n fi dì í náà síwájú,,,,,C
9331,130,ig,Igbo,Ọ kọwara ihe kpatara eji gbatịkwuo oge ngwụcha,,,,,C
9332,130,am,Amharic,ለምን የመጨረሻው ጊዜ እንደተራዘመ አብራራች,Lemini yemechereshaw gize inideterazeme abirarachi,,,,C
9333,130,ti,Tigrinya,ኣብ ክንዲ ዋጋእ ግዜ እተዘርግሐ ኣብራራት,Ab kindi waga'e gize itezirghe abrarat,,,,C
9334,130,ne,Nepali,उनले किन म्याद विस्तार गरिएको थियो भनेर वर्णन गरिन्,Unle kina myāda vistāra garieko thiyo bhanera varṇana garin,,,,C
9335,130,ta,Tamil,காலக்கெடு ஏன் நீட்டிக்கப்பட்டது என்பதை அவள் விளக்கினாள்,Kālakkeṭu ēṉ nīṭṭikkappaṭṭatu eṉpatai avaḷ viḷakkiṉāḷ,,,,C
9336,130,te,Telugu,గడువు ఎందుకు పొడిగించబడిందో ఆమె వివరించింది,Gaḍuvu enduku poḍigin̄cabaḍindō āme vivarin̄cindi,,,,C
9337,130,ml,Malayalam,എന്തുകൊണ്ടാണ് ഡെഡ്ലൈൻ നീട്ടിവച്ചതെന്ന് അവൾ വിശദീകരിച്ചു,Entukoṇṭāṇ deadline nīṭṭivaccatenn avaḷ viśadīkariccu,,,,C
9338,130,mr,Marathi,तिने समजावून सांगितले की अंतिम मुदत का वाढवली गेली,Tine samajāvūn sāṅgitalē kī antim mudat kā vāḍhavalī gēlī,,,,C
9339,130,pa,Punjabi,ਉਸਨੇ ਦੱਸਿਆ ਕਿ ਡੈਡਲਾਈਨ ਕਿਉਂ ਵਧਾਈ ਗਈ ਸੀ,Usane dasiā ki ḍaiḍalā'ina kiuṁ vadhā'ī ga'ī sī,,,,C
9340,130,gu,Gujarati,તેણીએ સમજાવ્યું કે સમયસીમા શા માટે વધારવામાં આવી હતી,Tēṇīē samajāvyuṁ kē samayasīmā śā māṭē vadhāravāmāṁ āvī hatī,,,,C
9341,130,si,Sinhala,අවසාන භාරය දීර්ඝ කරන ලද්දේ ඇයිද යන්න ඇය පැහැදිලි කළාය,Avasāna bhāraya dīrgha karana laddē æyida yanna æya pæhædili kaḷāya,,,,C
9342,130,km,Khmer,នាងបានពន្យល់ពីមូលហេតុដែលពេលវេលាបានត្រូវពន្យារ,Neang ban ponyal pi mulhet del pel velea ban trouv ponyear,,,,C
9343,130,is,Icelandic,Hún útskýrði af hverju fresturinn hafði verið framlengdur,,,,,C
9344,130,tl,Tagalog / Filipino,Inilarawan niya kung bakit pinalawig ang deadline,,,,,C
9345,130,ms,Malay,Dia menerangkan mengapa tarikh akhir telah dilanjutkan,,,,,C
9346,130,jv,Javanese,Dheweke nerangake sebabe wektu watesan wis dipanjangake,,,,,C
9347,130,kk,Kazakh,Ол мерзім неге ұзартылғанын түсіндірді,Ol merzim nege ūzartyłğanyn tüsindirdi,,,,C
9348,130,uz,Uzbek,U muddat nega uzaytirilganini tushuntirdi,,,,,C
9349,130,mn,Mongolian,Тэр эцсийн хугацааг яагаад сунгасан талаар тайлбарлав,Ter etsiin khugatsaag yaagaad sungasan talaar tailbarlav,,,,C
9350,130,ka,Georgia,მან ახსნა, რატომ იყო ვადა გაგრძელებული,Man akhsna, ratom iqo vada gagrdzelebul,,,,C
9351,130,hy,Armenian,Նա բացատրեց, թե ինչու է երկարաձգվել վերջնաժամկետը,Na bats’at’rets’, t’e inch’u e erkaradzgvel verchnazhamkety,,,,C
9352,130,eu,Basque,Azaldu zuen zergatik luzatu zuten epea,,,,,C
9353,130,ca,Catalan,Explicà per què s'havia ampliat el termini,,,,,C
9354,130,gl,Galician,Explicou por que o prazo fora prorrogado,,,,,C
9355,130,ga,Irish (Gaeilge),Mhínigh sí cén fáth a ndearnadh an spriocdháta a shíneadh,,,,,C
9356,130,cy,Welsh,Eglurodd hi pam y cafodd y terfyn amser ei estyn,,,,,C
9357,130,gd,Scottish Gaelic,Mhìnich i carson a chaidh an ceann-ama a leudachadh,,,,,C
9358,130,lb,Luxembourgisch,Si huet erkläert, firwat d'Deadline verlängert gi war,,,,,C
9359,130,eo,Esperanto,Ŝi klarigis kial la limdato estis plilongigita,,,,,C
9360,130,la,Latin,Explicavit cur terminus productus esset,,,,,C
9361,131,en,English,I like sunny days,,,,,A
9362,131,es,Spanish,Me gustan los días soleados,,,,,A
9363,131,fr,French,J'aime les jours ensoleillés,,,,,A
9364,131,pt,Portuguese,Adoro os dias de sol,,,,,A
9365,131,de,German,Mag sonnige Tage,,,,,A
9366,131,it,Italian,Adoro le giornate di sole,,,,,A
9367,131,ru,Russian,Я люблю солнечные дни,Ya lyublyu solnechnyye dni,,,,A
9368,131,ar,Arabic,أحب الأيام المشمسة,ʾUḥibbu al-ʾayām al-mushmisa,,,,A
9369,131,hi,Hindi,मुझे धूप वाले दिन पसंद हैं,Mujhe dhūp vāle din pasand haiṁ,,,,A
9370,131,bn,Bengali,আমি রৌদ্রোজ্জ্বল দিন পছন্দ করি,Āmi raudrōjjbala dina pachanda kari,,,,A
9371,131,ur,Urdu,مجھے دھوپ والے دن پسند ہیں,Mujhe dhoop walay din pasand hain,,,,A
9372,131,fa,Persian,روزهای آفتابی را دوست دارم,Rūzhā-ye āftābī rā dūst dāram,,,,A
9373,131,tr,Turkish,Güneşli günleri severim,,,,,A
9374,131,ja,Japanese,晴れた日が好きです,Hareta hi ga suki desu,,,,A
9375,131,ko,Korean,나는 화창한 날을 좋아한다,Naneun hwachanghan nal-eul joahanda,,,,A
9376,131,zh-cn,Mandarin (Simplified),我喜欢晴朗的日子,,wǒ xǐhuān qínglǎng de rìzi,,A
9377,131,zh-tw,Mandarin (Traditional),我喜歡晴朗的日子,,wǒ xǐhuān qínglǎng de rìzi,,A
9378,131,vi,Vietnamese,Tôi thích những ngày nắng,,,,,A
9379,131,th,Thai,ฉันชอบวันที่แดดออก,C̄hạn chxb wān thī̀ dæd xxk,,,,A
9380,131,id,Indonesian,Saya suka hari-hari yang cerah,,,,,A
9381,131,sw,Swahili,Napenda siku zenye jua,,,,,A
9382,131,nl,Dutch,Ik houd van zonnige dagen,,,,,A
9383,131,pl,Polish,Lubię słoneczne dni,,,,,A
9384,131,uk,Ukrainian,Я люблю сонячні дні,Ya lyublyu sonyachni dni,,,,A
9385,131,el,Greek,Μου αρέσουν οι ηλιόλουστες μέρες,Mou arésoun oi ilióloustes méres,,,,A
9386,131,sv,Swedish,Jag gillar soliga dagar,,,,,A
9387,131,no,Norwegian,Jeg liker solfylte dager,,,,,A
9388,131,da,Dansk,Jeg kan lide solrige dage,,,,,A
9389,131,fi,Finnish,Pidän aurinkoisista päivistä,,,,,A
9390,131,cs,Czech,Mám rád slunečné dny,,,,,A
9391,131,hu,Hungarian,Szeretem a napos napokat,,,,,A
9392,131,ro,Romanian,Mie îmi plac zilele însorite,,,,,A
9393,131,bg,Bulgarian,Харесвам слънчевите дни,Kharesvam slǎnchevite dni,,,,A
9394,131,sr,Serbian,Волим сунчане дане,Volim sunčane dane,,,,A
9395,131,sk,Slovak,Mám rád slnečné dni,,,,,A
9396,131,sl,Slovenian,Rad imam sončne dneve,,,,,A
9397,131,lt,Lithuanian,Mėgstu saulėtas dienas,,,,,A
9398,131,lv,Latvian,Man patīk saulainas dienas,,,,,A
9399,131,et,Estonian,Mulle meeldivad päikeselised päevad,,,,,A
9400,131,he,Hebrew,אני אוהב ימים שמשיים,Ani ohev yamim shimshi'im,,,,A
9401,131,ha,Hausa,Ina son ranakun da ke da rana,,,,,A
9402,131,yo,Yoruba,Mo fẹ́ràn àwọn ọjọ́ òòrùn,,,,,A
9403,131,ig,Igbo,Ọ na-amasị m ụbọchị anwụ na-acha,,,,,A
9404,131,am,Amharic,ጸሃይ የሚያበራባቸውን ቀናት እወዳለሁ,Sehay yemiyabarabachewini k’enati iwedalehu,,,,A
9405,131,ti,Tigrinya,መዓልታት ጸሓይ ዝብርሃን እወድ እየ,Me'alitat seḥay zibirhan iwed iye,,,,A
9406,131,ne,Nepali,मलाई घाम लाग्ने दिनहरू मन पर्छ,Malāī ghāma lāgnē dinaharū mana parcha,,,,A
9407,131,ta,Tamil,நான் வெயில் நிறைந்த நாட்களை விரும்புகிறேன்,Nāṉ veyil niṟainta nāṭkaḷai virumpukiṟēṉ,,,,A
9408,131,te,Telugu,నాకు ఎండ కాంతి నిండిన రోజులు ఇష్టం,Nāku eṇḍa kānti nin̄ḍina rōjulu iṣṭaṁ,,,,A
9409,131,ml,Malayalam,സൂര്യപ്രകാശമുള്ള ദിവസങ്ങൾ എനിക്ക് ഇഷ്ടമാണ്,Sūryaprakāśamuḷḷa divasaṅṅaḷ enikk iṣṭamāṇ,,,,A
9410,131,mr,Marathi,मला उन्हाळ्याचे दिवस आवडतात,Malā unhāḷyāce divas āvaḍatāt,,,,A
9411,131,pa,Punjabi,ਮੈਨੂੰ ਧੁੱਪ ਵਾਲੇ ਦਿਨ ਪਸੰਦ ਹਨ,Mainū dhupa vāle dina pasada hana,,,,A
9412,131,gu,Gujarati,મને ધૂપવાળા દિવસો ગમે છે,Manē dhūpavāḷā divasō gamē chē,,,,A
9413,131,si,Sinhala,මම හිරු එළිය දින ගැන කැමතියි,Mama hiru eḷiya dina gæna kæmatiyi,,,,A
9414,131,km,Khmer,ខ្ញុំចូលចិត្តថ្ងៃដែលមានពន្លឺព្រះអាទិត្យ,Khnhom chol chet thngay del mean ponleu preah atity,,,,A
9415,131,is,Icelandic,Mér líkar vel við sólríkar dagar,,,,,A
9416,131,tl,Tagalog / Filipino,Gusto ko ang mga araw na maaraw,,,,,A
9417,131,ms,Malay,Saya suka hari-hari yang cerah,,,,,A
9418,131,jv,Javanese,Aku seneng dina-dina sing cerah,,,,,A
9419,131,kk,Kazakh,Мен күншуақты күндерді ұнатамын,Men kūnşuaqty künderdi ūnatamyn,,,,A
9420,131,uz,Uzbek,Men quyoshli kunlarni yaxshi ko'raman,,,,,A
9421,131,mn,Mongolian,Би нарантай өдрүүдийг дуртай,Bi narantai ödrüüdiig durtai,,,,A
9422,131,ka,Georgia,მე მიყვარს მზიანი დღეები,Me miq'vars mziani dgheebi,,,,A
9423,131,hy,Armenian,Ես սիրում եմ արևային օրերը,Yes sirum yem arevayin orery,,,,A
9424,131,eu,Basque,Egun eguzkitsuak atsegin ditut,,,,,A
9425,131,ca,Catalan,M'agraden els dies assolellats,,,,,A
9426,131,gl,Galician,Gústame os días soleiros,,,,,A
9427,131,ga,Irish (Gaeilge),Is maith liom laethanta gréine,,,,,A
9428,131,cy,Welsh,Dw i'n hoffi dyddiau heulog,,,,,A
9429,131,gd,Scottish Gaelic,Is toigh leam lathaichean grianach,,,,,A
9430,131,lb,Luxembourgisch,Ech hunn gär sonneg Deeg,,,,,A
9431,131,eo,Esperanto,Ŝatas mi sunajn tagojn,,,,,A
9432,131,la,Latin,Dies sole illustratos amo,,,,,A
9433,132,en,English,If the signal improves, the call will reconnect,,,,,B
9434,132,es,Spanish,Si la señal mejora, la llamada se reconectará,,,,,B
9435,132,fr,French,Si le signal s'améliore, l'appel se reconnectera,,,,,B
9436,132,pt,Portuguese,Se o sinal melhorar, a chamada será reconectada,,,,,B
9437,132,de,German,Wenn sich das Signal verbessert, wird der Anruf wiederhergestellt,,,,,B
9438,132,it,Italian,Se il segnale migliora, la chiamata si ristabilirà,,,,,B
9439,132,ru,Russian,Если сигнал улучшится, вызов восстановится,Yesli signal uluchshitsya, vyzov vosstanovitsya,,,,B
9440,132,ar,Arabic,إذا تحسنت الإشارة، فسيتم إعادة الاتصال,Ithā taḥassanat al-ishārah, fasayatim iʿādat al-ittiṣāl,,,,B
9441,132,hi,Hindi,यदि सिग्नल में सुधार होता है, तो कॉल पुनः कनेक्ट हो जाएगी,Yadi signal mẽ sudhār hotā hai, tō kol punaḥ konekṭ ho jāegī,,,,B
9442,132,bn,Bengali,যদি সংকেত উন্নত হয়, কলটি পুনরায় সংযোগ হবে,Yadi saṅkēta unnata haẏa, kalaṭi punarāẏa saṅyōga habē,,,,B
9443,132,ur,Urdu,اگر سگنل بہتر ہوتا ہے، تو کال دوبارہ منسلک ہو جائے گی,Agar signal behtar hota hai, to call dobara munsalik ho jayegi,,,,B
9444,132,fa,Persian,اگر سیگنال بهتر شود، تماس دوباره برقرار می‌شود,Agar signal behtar shavad, tamās dobāre barqarār mi-shavad,,,,B
9445,132,tr,Turkish,Sinyal düzelirse, görüşme yeniden bağlanacaktır,,,,,B
9446,132,ja,Japanese,電波が改善すれば、通話は再接続されます,Denpa ga kaizen sureba, tsūwa wa sai setsuzoku saremasu,,,,B
9447,132,ko,Korean,신호가 개선되면 통화가 다시 연결됩니다,Singho ga gaeseondoemyeon tonghwa ga dasi yeongyeoldoebnida,,,,B
9448,132,zh-cn,Mandarin (Simplified),如果信号改善，通话将重新连接,,rúguǒ xìnhào gǎishàn, tōnghuà jiāng chóngxīn liánjiē,,B
9449,132,zh-tw,Mandarin (Traditional),如果信號改善，通話將重新連接,,rúguǒ xìnhào gǎishàn, tōnghuà jiāng chóngxīn liánjiē,,B
9450,132,vi,Vietnamese,Nếu tín hiệu cải thiện, cuộc gọi sẽ kết nối lại,,,,,B
9451,132,th,Thai,หากสัญญาณดีขึ้น การโทรจะเชื่อมต่อใหม่,H̄āk s̄ạỵỵāṇ dī k̄hụ̂n kār thor ca cheụ̄̂xm t̀x h̄ım̀,,,,B
9452,132,id,Indonesian,Jika sinyal membaik, panggilan akan tersambung kembali,,,,,B
9453,132,sw,Swahili,Ikiwa ishara itaboresha, simu itaunganishwa tena,,,,,B
9454,132,nl,Dutch,Als het signaal verbetert, wordt de verbinding hersteld,,,,,B
9455,132,pl,Polish,Jeśli sygnał się poprawi, połączenie zostanie ponownie nawiązane,,,,,B
9456,132,uk,Ukrainian,Якщо сигнал покращиться, дзвінок перепідключиться,Yakshcho syhnal pokrashchyt'sya, dzvinok perepidklyuchyt'sya,,,,B
9457,132,el,Greek,Αν βελτιωθεί το σήμα, η κλήση θα επανασυνδεθεί,An veltiotheí to síma, i klísi tha epanasynetheí,,,,B
9458,132,sv,Swedish,Om signalen förbättras kommer samtalet att återanslutas,,,,,B
9459,132,no,Norwegian,Hvis signalet forbedres, vil samtalen gjenopprettes,,,,,B
9460,132,da,Dansk,Hvis signalet forbedres, genoprettes opkaldet,,,,,B
9461,132,fi,Finnish,Jos signaali paranee, puhelu yhdistetään uudelleen,,,,,B
9462,132,cs,Czech,Pokud se signál zlepší, hovor se znovu připojí,,,,,B
9463,132,hu,Hungarian,Ha a jel javul, a hívás újracsatlakozik,,,,,B
9464,132,ro,Romanian,Dacă semnalul se îmbunătățește, apelul se va reconecta,,,,,B
9465,132,bg,Bulgarian,Ако сигналът се подобри, разговорът ще се свърже отново,Ako signalŭt se podobri, razgovorŭt shte se svŭrzhe otnovo,,,,B
9466,132,sr,Serbian,Ако се сигнал побољша, позив ће се поново повезати,Ako se signal poboljša, poziv će se ponovo povezati,,,,B
9467,132,sk,Slovak,Ak sa zlepší signál, hovor sa znova pripojí,,,,,B
9468,132,sl,Slovenian,Če se signal izboljša, se bo klic ponovno povezal,,,,,B
9469,132,lt,Lithuanian,Jei signalas pagerės, skambutis bus atkurtas,,,,,B
9470,132,lv,Latvian,Ja signāls uzlabosies, zvans tiks atkārtoti izveidots,,,,,B
9471,132,et,Estonian,Kui signaal paraneb, taastatakse ühendus,,,,,B
9472,132,he,Hebrew,אם האות ישתפר, השיחה תתחבר מחדש,Im ha'ot yishtaper, ha'sicha tit'chaber mechadash,,,,B
9473,132,ha,Hausa,Idan siginar ya inganta, za a sake haɗa kiran,,,,,B
9474,132,yo,Yoruba,Ti aami naa ba dara, ipe naa yoo ṣe atunṣe,,,,,B
9475,132,ig,Igbo,Ọ bụrụ na mgbaàmà ahụ akawanye mma, oku ga-ejikọta ọzọ,,,,,B
9476,132,am,Amharic,ምልክቱ ከተሻለ ጥሪው እንደገና ይገናኛል,Milikitu keteshale t'iriw indegena yigenanyali,,,,B
9477,132,ti,Tigrinya,እቲ ምልክት ምስ ዝሓሸ እቲ ደውሊ ደጊም ይራኸብ,Milikit msi zihashe iti dewli degim yirakheb,,,,B
9478,132,ne,Nepali,यदि संकेत सुधार हुन्छ भने, कल पुन: जोडिनेछ,Yadi sanketa sudhāra huncha bhanē, kala puna jōḍinēcha,,,,B
9479,132,ta,Tamil,சிக்னல் மேம்படுமானால், அழைப்பு மீண்டும் இணைக்கப்படும்,Cikṉal mēmpaṭumāṉāl, aḻaippu mīṇṭum iṇaikkappaṭum,,,,B
9480,132,te,Telugu,సిగ్నల్ మెరుగుపడితే, కాల్ మళ్లీ కనెక్ట్ అవుతుంది,Signal merugupaḍitē, kāl maḷlī kānekṭ avutundi,,,,B
9481,132,ml,Malayalam,സിഗ്നൽ മെച്ചപ്പെടുകയാണെങ്കിൽ, കോൾ വീണ്ടും ബന്ധിപ്പിക്കും,Signal mechchappedukayāṇeṅkil, kōl vīṇṭuṁ bandhippikkuṁ,,,,B
9482,132,mr,Marathi,जर सिग्नलमध्ये सुधारणा झाली तर, कॉल पुन्हा कनेक्ट होईल,Jara signalmadhye sudhāraṇā jhālī tara, kol punhā konekṭ hoīl,,,,B
9483,132,pa,Punjabi,ਜੇ ਸਿਗਨਲ ਵਿੱਚ ਸੁਧਾਰ ਹੁੰਦਾ ਹੈ, ਤਾਂ ਕਾਲ ਦੁਬਾਰਾ ਜੁੜ ਜਾਵੇਗੀ,Jē signala vica sudhāra hundā hai, tāṁ kāla dubārā juṛa jāvēgī,,,,B
9484,132,gu,Gujarati,જો સિગ્નલમાં સુધારો થાય છે, તો કૉલ ફરીથી કનેક્ટ થશે,Jō signalamāṁ sudhārō thāya chē, tō kŏla pharīthī kanekṭa thaśē,,,,B
9485,132,si,Sinhala,සංඥාව වැඩිදියුණු වුවහොත්, ඇමතුම නැවත සම්බන්ධ වේ,Sanjñāva væḍidiyuṇu vuvahot, æmatuma nævata sambandha vē,,,,B
9486,132,km,Khmer,ប្រសិនបើសញ្ញាកែលម្អ ការហៅនឹងត្រូវបានភ្ជាប់ឡើងវិញ,Prasen baea sanyhae kaelom'a, kar haw nung trouv ban phchob laeng vinh,,,,B
9487,132,is,Icelandic,Ef merkið batnar, verður símtalið endurheimt,,,,,B
9488,132,tl,Tagalog / Filipino,Kung gagaling ang signal, muling magkakaroon ng koneksyon ang tawag,,,,,B
9489,132,ms,Malay,Jika isyarat bertambah baik, panggilan akan disambung semula,,,,,B
9490,132,jv,Javanese,Menawa sinyal saya apik, telpon bakal nyambung maneh,,,,,B
9491,132,kk,Kazakh,Егер сигнал жақсарса, қоңырау қайта қосылады,Eger signal jaqsarsa, qoñyrau qayta qosylady,,,,B
9492,132,uz,Uzbek,Agar signal yaxshilansa, qayta ulanadi,,,,,B
9493,132,mn,Mongolian,Хэрэв дохио сайжирвал дуудлага дахин холбогдоно,Kherev dokhio saijirval duudlaga dakhin kholbogdono,,,,B
9494,132,ka,Georgia,თუ სიგნალი გაუმჯობესდება, ზარი ხელახლა დაუკავშირდება,Tu signali gaumjobesdeba, zari khelakhla dakavshireba,,,,A
9495,132,hy,Armenian,Եթե ազդանշանը բարելավվի, զանգը կվերակապակցվի,Yete azdanshany barelavvi, zangy kverakapaktsvi,,,,B
9496,132,eu,Basque,Seinaleak hobetzen badu, deiak berriro konektatuko da,,,,,B
9497,132,ca,Catalan,Si la senyal millora, la trucada es reconnectarà,,,,,B
9498,132,gl,Galician,Se o sinal mellora, a chamada reconectará,,,,,B
9499,132,ga,Irish (Gaeilge),Má fheabhsaíonn an comhartha, déanfar an glaoch a athcheangal,,,,,B
9500,132,cy,Welsh,Os bydd y signal yn gwella, bydd y galwad yn ailgysylltu,,,,,B
9501,132,gd,Scottish Gaelic,Ma nì an comharra feabhas, thèid an call a cheangal a-rithist,,,,,B
9502,132,lb,Luxembourgisch,Wann de Signal sech verbessert, gëtt den Anruff nees verbonn,,,,,B
9503,132,eo,Esperanto,Se la signalo pliboniĝos, la alvoko rekonektiĝos,,,,,B
9504,132,la,Latin,Si signum melius evaserit, convocatio denuo conectetur,,,,,B
9505,133,en,English,The bag is heavy,,,,,A
9506,133,es,Spanish,La bolsa es pesada,,,,,A
9507,133,fr,French,Le sac est lourd,,,,,A
9508,133,pt,Portuguese,A bolsa é pesada,,,,,A
9509,133,de,German,Die Tasche ist schwer,,,,,A
9510,133,it,Italian,La borsa è pesante,,,,,A
9511,133,ru,Russian,Сумка тяжелая,Sumka tyazhelaya,,,,A
9512,133,ar,Arabic,الحقيبة ثقيلة,Al-ḥaqībah thaqīlah,,,,A
9513,133,hi,Hindi,बैग भारी है,Baig bhārī hai,,,,A
9514,133,bn,Bengali,ব্যাগ ভারী,Byāga bhārī,,,,A
9515,133,ur,Urdu,بیگ بھاری ہے,Baig bhaari hai,,,,A
9516,133,fa,Persian,کیف سنگین است,Kīf sangīn ast,,,,A
9517,133,tr,Turkish,Çanta ağır,,,,,A
9518,133,ja,Japanese,バッグが重いです,Baggu ga omoi desu,,,,A
9519,133,ko,Korean,가방이 무겁습니다,Gabang-i mugeobseubnida,,,,A
9520,133,zh-cn,Mandarin (Simplified),这个袋子很重,,zhège dàizi hěn zhòng,,A
9521,133,zh-tw,Mandarin (Traditional),這個袋子很重,,zhège dàizi hěn zhòng,,A
9522,133,vi,Vietnamese,Cái túi nặng,,,,,A
9523,133,th,Thai,กระเป๋าหนัก,Krap̄ĥā h̄nạk,,,,A
9524,133,id,Indonesian,Tasnya berat,,,,,A
9525,133,sw,Swahili,Mkoba ni mzito,,,,,A
9526,133,nl,Dutch,De tas is zwaar,,,,,A
9527,133,pl,Polish,Torba jest ciężka,,,,,A
9528,133,uk,Ukrainian,Сумка важка,Sumka vazhka,,,,A
9529,133,el,Greek,Η τσάντα είναι βαριά,I tsánta eínai variá,,,,A
9530,133,sv,Swedish,Väskan är tung,,,,,A
9531,133,no,Norwegian,Vesken er tung,,,,,A
9532,133,da,Dansk,Tasken er tung,,,,,A
9533,133,fi,Finnish,Laukku on painava,,,,,A
9534,133,cs,Czech,Taška je těžká,,,,,A
9535,133,hu,Hungarian,A táska nehéz,,,,,A
9536,133,ro,Romanian,Ghiozdanul este greu,,,,,A
9537,133,bg,Bulgarian,Чантата е тежка,Chantata e tezhka,,,,A
9538,133,sr,Serbian,Торба је тешка,Torba je teška,,,,A
9539,133,sk,Slovak,Taška je ťažká,,,,,A
9540,133,sl,Slovenian,Torba je težka,,,,,A
9541,133,lt,Lithuanian,Krepšys sunkus,,,,,A
9542,133,lv,Latvian,Soma ir smaga,,,,,A
9543,133,et,Estonian,Kott on raske,,,,,A
9544,133,he,Hebrew,התיק כבד,Ha'tik kaved,,,,A
9545,133,ha,Hausa,Jaka yana da nauyi,,,,,A
9546,133,yo,Yoruba,Apo náà ló wúwo,,,,,A
9547,133,ig,Igbo,Akpà ahụ dị arọ,,,,,A
9548,133,am,Amharic,ቦርሳው ከባድ ነው,Borsaw kebadi newi,,,,A
9549,133,ti,Tigrinya,ሻንጣ ከባድ እዩ,Shanta kebadi iyu,,,,A
9550,133,ne,Nepali,झोला गह्रौं छ,Jholā gahrauṁ cha,,,,A
9551,133,ta,Tamil,பையில் கனமாக உள்ளது,Paiyil kaṉamāka uḷḷatu,,,,A
9552,133,te,Telugu,బ్యాగ్ బరువుగా ఉంది,Byāg baruva gā undi,,,,A
9553,133,ml,Malayalam,ബാഗ് ഭാരമുള്ളതാണ്,Bāg bhāramuḷḷatāṇ,,,,A
9554,133,mr,Marathi,पिशवी जड आहे,Piśavī jaḍ āhe,,,,A
9555,133,pa,Punjabi,ਬੈਗ ਭਾਰੀ ਹੈ,Baiga bhārī hai,,,,A
9556,133,gu,Gujarati,બેગ ભારે છે,Bēga bhārē chē,,,,A
9557,133,si,Sinhala,පොඩ්ඩය බරයි,Poḍḍaya barayi,,,,A
9558,133,km,Khmer,កាបូបធ្ងន់,Kaboup thngon,,,,A
9559,133,is,Icelandic,Taskan er þung,,,,,A
9560,133,tl,Tagalog / Filipino,Mabigat ang bag,,,,,A
9561,133,ms,Malay,Beg itu berat,,,,,A
9562,133,jv,Javanese,Tasé abot,,,,,A
9563,133,kk,Kazakh,Сөмке ауыр,Sömke auyr,,,,A
9564,133,uz,Uzbek,Sumka og'ir,,,,,A
9565,133,mn,Mongolian,Цүнх хүнд,Tsünkh khünd,,,,A
9566,133,ka,Georgia,ჩანთა მძიმეა,Chanta mdzimea,,,,A
9567,133,hy,Armenian,Պայուսակը ծանր է,Payusaky tsanr e,,,,A
9568,133,eu,Basque,Poltsa astuna da,,,,,A
9569,133,ca,Catalan,La bossa és pesada,,,,,A
9570,133,gl,Galician,A bolsa é pesada,,,,,A
9571,133,ga,Irish (Gaeilge),Tá an mála trom,,,,,A
9572,133,cy,Welsh,Mae'r bag yn drwm,,,,,A
9573,133,gd,Scottish Gaelic,Tha am bag trom,,,,,A
9574,133,lb,Luxembourgisch,D'Tësch ass schwéier,,,,,A
9575,133,eo,Esperanto,La sako estas peza,,,,,A
9576,133,la,Latin,Sacculus gravis est,,,,,A
9577,134,en,English,Close the window gently,,,,,A
9578,134,es,Spanish,Cierra la ventana suavemente,,,,,A
9579,134,fr,French,Ferme la fenêtre doucement,,,,,A
9580,134,pt,Portuguese,Fecha a janela suavemente,,,,,A
9581,134,de,German,Schließe das Fenster sanft,,,,,A
9582,134,it,Italian,Chiudi la finestra delicatamente,,,,,A
9583,134,ru,Russian,Закрой окно осторожно,Zakroy okno ostorozhno,,,,A
9584,134,ar,Arabic,أغلق النافذة برفق,Aghliq al-nāfidhah bi-rafq,,,,A
9585,134,hi,Hindi,खिड़की धीरे से बंद करो,Khiṛkī dhīre sē band karo,,,,A
9586,134,bn,Bengali,জানালা ধীরে ধীরে বন্ধ করুন,Jānālā dhīrē dhīrē bandha karuna,,,,A
9587,134,ur,Urdu,کھڑکی آہستہ سے بند کرو,Khidki aahista se band karo,,,,A
9588,134,fa,Persian,پنجره را به آرامی ببند,Panjere rā be ārāmī beband,,,,A
9589,134,tr,Turkish,Pencereyi yavaşça kapat,,,,,A
9590,134,ja,Japanese,窓をそっと閉めてください,Mado o sotto shimete kudasai,,,,A
9591,134,ko,Korean,창문을 살며시 닫아주세요,Changmun-eul salmyeosi dad-ajuseyo,,,,A
9592,134,zh-cn,Mandarin (Simplified),轻轻关上窗户,,qīng qīng guān shàng chuānghu,,A
9593,134,zh-tw,Mandarin (Traditional),輕輕關上窗戶,,qīng qīng guān shàng chuānghu,,A
9594,134,vi,Vietnamese,Đóng cửa sổ nhẹ nhàng,,,,,A
9595,134,th,Thai,ปิดหน้าต่างเบา ๆ,Pid n̂ả t̀āng beā beā,,,,A
9596,134,id,Indonesian,Tutup jendelanya dengan lembut,,,,,A
9597,134,sw,Swahili,Funga dirisha polepole,,,,,A
9598,134,nl,Dutch,Sluit het raam voorzichtig,,,,,A
9599,134,pl,Polish,Zamknij okno delikatnie,,,,,A
9600,134,uk,Ukrainian,Закрий вікно обережно,Zakryy vikno oberezhno,,,,A
9601,134,el,Greek,Κλείσε το παράθυρο απαλά,Kleíse to paráthyro apalá,,,,A
9602,134,sv,Swedish,Stäng fönstret försiktigt,,,,,A
9603,134,no,Norwegian,Lukk vinduet forsiktig,,,,,A
9604,134,da,Dansk,Luk vinduet forsigtigt,,,,,A
9605,134,fi,Finnish,Sulje ikkuna varovasti,,,,,A
9606,134,cs,Czech,Zavřete okno opatrně,,,,,A
9607,134,hu,Hungarian,Óvatosan csukd be az ablakot,,,,,A
9608,134,ro,Romanian,Închide fereastra ușor,,,,,A
9609,134,bg,Bulgarian,Затвори прозореца внимателно,Zatvori prozoretsa vnimatelno,,,,A
9610,134,sr,Serbian,Затвори прозор полако,Zatvori prozor polako,,,,A
9611,134,sk,Slovak,Zatvorte okno opatrne,,,,,A
9612,134,sl,Slovenian,Zaprite okno nežno,,,,,A
9613,134,lt,Lithuanian,Uždaryk langą atsargiai,,,,,A
9614,134,lv,Latvian,Aizver logu uzmanīgi,,,,,A
9615,134,et,Estonian,Sulge aken ettevaatlikult,,,,,A
9616,134,he,Hebrew,סגור את החלון בעדינות,Sagor et ha'chalon be'adinut,,,,A
9617,134,ha,Hausa,Ka rufe taga a hankali,,,,,A
9618,134,yo,Yoruba,Pa fèrèsé náà pẹlẹpẹlẹ,,,,,A
9619,134,ig,Igbo,Mechie windo nwayọọ,,,,,A
9620,134,am,Amharic,መስኮቱን በቀስታ ዝጋ,Mesikotuni beḳesita ziga,,,,A
9621,134,ti,Tigrinya,መስኮት ባህርያዊ ዓይነት ዕጸፍ,Mesikot bahriyawi 'aynet 'is'ef,,,,A
9622,134,ne,Nepali,झ्याल सजिलैसँग बन्द गर्नुहोस्,Jhyālā sajilaisam̐ga banda garnuhōs,,,,A
9623,134,ta,Tamil,சாளரத்தை மெதுவாக மூடு,Cāḷarattai metuvāka mūṭu,,,,A
9624,134,te,Telugu,కిటికీని మెల్లిగా మూసేయండి,Kiṭikīni melligā mūsēyaṇḍi,,,,A
9625,134,ml,Malayalam,ജനല്‍ സൂക്ഷിച്ചു അടയ്ക്കുക,Janal sūkṣiccu aṭaykkuka,,,,A
9626,134,mr,Marathi,खिडकी हळूवारपणे बंद करा,Khiḍakī haḷūvārapaṇē band karā,,,,A
9627,134,pa,Punjabi,ਖਿੜਕੀ ਨੂੰ ਹੌਲੀ-ਹੌਲੀ ਬੰਦ ਕਰੋ,Khiṛkī nū haulī-haulī band karō,,,,A
9628,134,gu,Gujarati,બારીને હળવાશથી બંધ કરો,Bārīnē haḷavāśathī bandh karō,,,,A
9629,134,si,Sinhala,කවුළුව සැහැල්ලෙන් වසන්න,Kavuḷuva sæhællen wasanna,,,,A
9630,134,km,Khmer,បិទបង្អួចដោយស្លូតបូត,Bet bang'uoch daoy slout bout,,,,A
9631,134,is,Icelandic,Lokaðu glugganum varlega,,,,,A
9632,134,tl,Tagalog / Filipino,Isara ang bintana nang dahan-dahan,,,,,A
9633,134,ms,Malay,Tutup tingkap dengan perlahan,,,,,A
9634,134,jv,Javanese,Tutup jendhela kanthi alon,,,,,A
9635,134,kk,Kazakh,Терезені абайлап жап,Terezeni abaylap jap,,,,A
9636,134,uz,Uzbek,Derazani sekin yoping,,,,,A
9637,134,mn,Mongolian,Цонхыгоо зөөлөн хаа,Tsonkhigoo zöölön khaa,,,,A
9638,134,ka,Georgia,ფანჯარა ნაზად დახურე,Panjara nazad dakhure,,,,A
9639,134,hy,Armenian,Կա՛ց փափուկ փակիր պատուհանը,Kats’ p’ap’uk p’akir patuhany,,,,A
9640,134,eu,Basque,Itxi leihoa poliki-poliki,,,,,A
9641,134,ca,Catalan,Tanca la finestra suaument,,,,,A
9642,134,gl,Galician,Pecha a fiestra suavemente,,,,,A
9643,134,ga,Irish (Gaeilge),Dún an fhuinneog go réidh,,,,,A
9644,134,cy,Welsh,Cau'r ffenestr yn dyner,,,,,A
9645,134,gd,Scottish Gaelic,Dùin an uinneag gu socair,,,,,A
9646,134,lb,Luxembourgisch,Maach d'Fënster sanft zou,,,,,A
9647,134,eo,Esperanto,Fermu la fenestron milde,,,,,A
9648,134,la,Latin,Claude fenestram leniter,,,,,A
9649,135,en,English,The startup scaled rapidly after securing funding,,,,,C
9650,135,es,Spanish,La startup escaló rápidamente tras asegurar la financiación,,,,,C
9651,135,fr,French,La startup a connu une croissance rapide après avoir obtenu un financement,,,,,C
9652,135,pt,Portuguese,A startup escalou rapidamente após garantir financiamento,,,,,C
9653,135,de,German,Das Startup wuchs schnell nach der Kapitalbeschaffung,,,,,C
9654,135,it,Italian,La startup è cresciuta rapidamente dopo aver ottenuto finanziamenti,,,,,C
9655,135,ru,Russian,Стартап быстро масштабировался после привлечения финансирования,Startap bystro masshtabirovalsya posle privlecheniya finansirovaniya,,,,C
9656,135,ar,Arabic,نمت الشركة الناشئة بسرعة بعد تأمين التمويل,Namat al-sharikah al-nāshiʾah bi-surʿah baʿda taʾmīn al-tamwīl,,,,C
9657,135,hi,Hindi,फंडिंग सुरक्षित करने के बाद स्टार्टअप तेजी से विस्तारित हुआ,Phanḍiṅg surakṣit karne ke bāḍ sṭārṭa'ap tējī sē vistārit huā,,,,C
9658,135,bn,Bengali,স্টার্টআপটি অর্থায়ন নিশ্চিত করার পর দ্রুত স্কেল করেছে,Sṭārṭāpaṭi arthāẏana niścita karāra para druta skēla karēchē,,,,C
9659,135,ur,Urdu,فنڈنگ حاصل کرنے کے بعد اسٹارٹ اپ نے تیزی سے ترقی کی,Funding haasil karne ke baad startup ne taizi se taraqqi ki,,,,C
9660,135,fa,Persian,استارت‌آپ پس از تأمین مالی به سرعت گسترش یافت,Start‌āp pas az ta'mīn-e mālī be sor'at gostaresh yāft,,,,C
9661,135,tr,Turkish,Startup, fon sağladıktan sonra hızla büyüdü,,,,,C
9662,135,ja,Japanese,そのスタートアップは資金調達後に急速に拡大した,Sono sutaatoappu wa shikin choutatsu-go ni kyūsoku ni kakudai shita,,,,C
9663,135,ko,Korean,스타트업은 자금 확보 후 빠르게 성장했다,Seutateu-eub-eun jageum hwakbo hu ppareuge seongjanghaetda,,,,C
9664,135,zh-cn,Mandarin (Simplified),这家初创公司在获得资金后迅速扩张,,zhè jiā chūchuàng gōngsī zài huòdé zījīn hòu xùnsù kuòzhāng,,C
9665,135,zh-tw,Mandarin (Traditional),這家初創公司在獲得資金後迅速擴張,,zhè jiā chūchuàng gōngsī zài huòdé zījīn hòu xùnsù kuòzhāng,,C
9666,135,vi,Vietnamese,Công ty khởi nghiệp đã mở rộng quy mô nhanh chóng sau khi đảm bảo được nguồn vốn,,,,,C
9667,135,th,Thai,สตาร์ทอัพเติบโตอย่างรวดเร็วหลังจากได้รับการสนับสนุนทางการเงิน,Stārṭ xạpp tĕbto xỳng rwdrĕw h̄lạngcāk dị̂ rạb kār s̄nạbs̄nun thāng kārngṇ,,,,C
9668,135,id,Indonesian,Startup itu berkembang pesat setelah mendapatkan pendanaan,,,,,C
9669,135,sw,Swahili,Biashara ya uanzishaji ilikua kwa kasi baada ya kupata ufadhili,,,,,C
9670,135,nl,Dutch,Het startup-schaalde snel na het veiligstellen van financiering,,,,,C
9671,135,pl,Polish,Start-up szybko się rozrósł po pozyskaniu finansowania,,,,,C
9672,135,uk,Ukrainian,Стартап швидко масштабувався після залучення фінансування,Startap shvydko mashtabuvavsya pislya zaluchennya finansuvannya,,,,C
9673,135,el,Greek,Η startup ανέπτυξε γρήγορα μετά τη χρηματοδότηση,I startup anéptyxe grígora metá ti chrimatódotisi,,,,C
9674,135,sv,Swedish,Startup-snabbväxte snabbt efter att ha säkrat finansiering,,,,,C
9675,135,no,Norwegian,Startup-selskapet skalerte raskt etter å ha sikret finansiering,,,,,C
9676,135,da,Dansk,Startup-skaleret hurtigt efter at have sikret finansiering,,,,,C
9677,135,fi,Finnish,Startup kasvoi nopeasti rahoituksen turvaamisen jälkeen,,,,,C
9678,135,cs,Czech,Startup se rychle rozšířil po získání financování,,,,,C
9679,135,hu,Hungarian,A startup gyorsan növekedett a finanszírozás biztosítása után,,,,,C
9680,135,ro,Romanian,Startup-ul a crescut rapid după obținerea finanțării,,,,,C
9681,135,bg,Bulgarian,Стартъпът нарасна бързо след осигуряване на финансиране,Startŭpŭt narasna bŭrso sled osiguryavane na finansirane,,,,C
9682,135,sr,Serbian,Стартап је брзо нарастао након осигурања финансирања,Startap je brzo narastao nakon osiguranja finansiranja,,,,C
9683,135,sk,Slovak,Startup sa rýchlo rozrástol po zabezpečení financovania,,,,,C
9684,135,sl,Slovenian,Startup se je hitro povečal po zagotovitvi financiranja,,,,,C
9685,135,lt,Lithuanian,Startup sparčiai augo gavus finansavimą,,,,,C
9686,135,lv,Latvian,Startup strauji attīstījās pēc finansējuma nodrošināšanas,,,,,C
9687,135,et,Estonian,Start-up kasvas kiiresti pärast rahastuse tagamist,,,,,C
9688,135,he,Hebrew,הסטארט-אפ גדל במהירות לאחר שמימן מימון,Ha-start-up gadal be'maheirut le'achar she'mimen mimun,,,,C
9689,135,ha,Hausa,Kamfanin farawa ya yi sauri bayan samun kudin,,,,,C
9690,135,yo,Yoruba,Startup ti dagba lọwọlọwọ lẹhin igba owo ti o ni idaniloju,,,,,C
9691,135,ig,Igbo,Nmalite ahụ gbasaa ngwa ngwa mgbe o nwetachara ego,,,,,C
9692,135,am,Amharic,ማስጀመሪያው ከገንዘብ ካረጋገጠ በኋላ በፍጥነት ተዘረጋ,Masijemerīyaw kegenezeb karegageṭe behwala befet’ineti tezerega,,,,C
9693,135,ti,Tigrinya,እቲ ጅማር ካብ ገንዘብ ምርግጋእ ድሕሪ ቀልጢፉ ኣዕሪፉ,Masi jimar kab genzeb mirgiga'e dḥiri k'elṭifu a'erifu,,,,C
9694,135,ne,Nepali,स्टार्टअपले कोष सुरक्षित गरेपछि छिटो छिटो विस्तार गर्यो,Sṭārṭa'apalē koṣa surakṣita garēpachi chiṭō chiṭō vistāra garyō,,,,C
9695,135,ta,Tamil,நிதி உறுதி செய்த பிறகு தொடக்க நிறுவனம் விரைவாக விரிவடைந்தது,Niti uṟuti ceyta piṟaku toṭakka niṟuvaṉam viraivāka virivaṭaintatu,,,,C
9696,135,te,Telugu,ఫండింగ్‌ను భద్రపరచిన తర్వాత స్టార్టప్ త్వరగా విస్తరించింది,Phaṇḍingnu bhadraparacina tarvāta sṭārṭap tvaragā vistarin̄cindi,,,,C
9697,135,ml,Malayalam,ഫണ്ടിംഗ് ഉറപ്പാക്കിയ ശേഷം സ്റ്റാർട്ടപ്പ് വേഗത്തിൽ വളർന്നു,Phaṇḍing uṟappākkiya śēṣaṁ sṟṟārṭṭapp vēgattil vaḷarnnu,,,,C
9698,135,mr,Marathi,स्टार्टअपने निधी सुरक्षित केल्यानंतर त्वरीत वाढ केली,Sṭārṭapanē nidhī surakṣita kelyānantara tvarīta vāḍha kēlī,,,,C
9699,135,pa,Punjabi,ਸਟਾਰਟਅਪ ਨੇ ਫੰਡਿੰਗ ਹਾਸਲ ਕਰਨ ਤੋਂ ਬਾਅਦ ਤੇਜ਼ੀ ਨਾਲ ਵਿਸਤਾਰ ਕੀਤਾ,Saṭāraṭa'apa nē phaḍinga hāsala karana tōṁ bā'ada tēzī nāla visatāra kītā,,,,C
9700,135,gu,Gujarati,સ્ટાર્ટઅપે ફંડિંગ સુરક્ષિત કર્યા પછી ઝડપથી વિસ્તરણ કર્યું,Sṭārṭa'apē phaṇḍinga surakṣita karyā pachī jhaḍapathī vistaraṇa karyuṁ,,,,C
9701,135,si,Sinhala,අරමුදල් ආරක්ෂා කිරීමෙන් පසුව ආරම්භක ව්‍යාපාරය ඉක්මනින් වර්ධනය විය,Aramudal ārakṣā kirīmen pasuva ārambhaka vyāpāraya ikmanin vardhanaya viya,,,,C
9702,135,km,Khmer,ក្រុមហ៊ុនចាប់ផ្តើមបានពង្រីកយ៉ាងរហ័សបន្ទាប់ពីទទួលបានមូលនិធិ,Kromhouhn chab phtaeum ban pong rik yeang rohas bantob pi totuol ban mool nithi,,,,C
9703,135,is,Icelandic,Startup fyrirtækið skalaðist hratt eftir að tryggingu fékk,,,,,C
9704,135,tl,Tagalog / Filipino,Mabilis na lumaki ang startup matapos makakuha ng pondo,,,,,C
9705,135,ms,Malay,Startup itu berkembang pesat selepas memperoleh pembiayaan,,,,,C
9706,135,jv,Javanese,Startup kasebut cepet tambah gedhe sawise entuk dana,,,,,C
9707,135,kk,Kazakh,Стартап қаржыландыруды қамтамасыз еткеннен кейін тез өсті,Startap qarjılandyrudy qamtamasız etkennen keyin tez östi,,,,C
9708,135,uz,Uzbek,Startup moliyalashtirishni ta'minlagandan so'ng tez o'sdi,,,,,C
9709,135,mn,Mongolian,Стартап компани санхүүжилт авсны дараа хурдан өргөжсөн,Startap kompani sankhüüzhilt avsny daraa khurdan örgöjsön,,,,C
9710,135,ka,Georgia,სტარტაპმა დაფინანსების მოპოვების შემდეგ სწრაფად გაიზარდა,St'art'ap'ma dapinansebis mop'ovebis shemdeg sts'rap'ad gaizarda,,,,C
9711,135,hy,Armenian,Սթարթափը արագ ընդլայնվեց ֆինանսավորումն ապահովելուց հետո,St’art’ap’y arag əndlaynvec’ finansavorumn apahovelut’s heto,,,,C
9712,135,eu,Basque,Startup-a azkar eskalaatu zen finantzaketa ziurtatu ondoren,,,,,C
9713,135,ca,Catalan,La startup va escalar ràpidament després d'assegurar la financiació,,,,,C
9714,135,gl,Galician,A startup medrou rapidamente despois de asegurar a financiación,,,,,C
9715,135,ga,Irish (Gaeilge),Scalaigh an gnólacht nuathionscanta go gasta tar éis maoiniú a fháil,,,,,C
9716,135,cy,Welsh,Mae'r cwmni cychwynnol wedi cynyddu'n gyflym ar ôl sicrhau arian,,,,,C
9717,135,gd,Scottish Gaelic,Chaidh an tòiseachadh a mheudachadh gu luath às deidh dha maoineachadh fhaighinn,,,,,C
9718,135,lb,Luxembourgisch,De Startup huet séier skaléiert nodeems e Finanzéierung sécher gestallt hat,,,,,C
9719,135,eo,Esperanto,La startup rapide kreskis post sekurigi financadon,,,,,C
9720,135,la,Latin,Initium celeriter crevit post pecuniam confirmatam,,,,,C
9721,136,en,English,My hands are cold,,,,,A
9722,136,es,Spanish,Mis manos están frías,,,,,A
9723,136,fr,French,Mes mains sont froides,,,,,A
9724,136,pt,Portuguese,As minhas mãos estão frias,,,,,A
9725,136,de,German,Meine Hände sind kalt,,,,,A
9726,136,it,Italian,Le mie mani sono fredde,,,,,A
9727,136,ru,Russian,Мои руки холодные,Moi ruki kholodnyye,,,,A
9728,136,ar,Arabic,يداي باردتان,Yadāy bāridtān,,,,A
9729,136,hi,Hindi,मेरे हाथ ठंडे हैं,Mere hāth ṭhaṇḍe haiṁ,,,,A
9730,136,bn,Bengali,আমার হাত ঠাণ্ডা,Āmāra hāta ṭhānḍā,,,,A
9731,136,ur,Urdu,میرے ہاتھ ٹھنڈے ہیں,Mere haath thanday hain,,,,A
9732,136,fa,Persian,دست‌هایم سرد است,Dast-hāyam sard ast,,,,A
9733,136,tr,Turkish,Ellerim soğuk,,,,,A
9734,136,ja,Japanese,私の手が冷たいです,Watashi no te ga tsumetai desu,,,,A
9735,136,ko,Korean,제 손이 차가워요,Je son-i chagawoyo,,,,A
9736,136,zh-cn,Mandarin (Simplified),我的手很冷,,wǒ de shǒu hěn lěng,,A
9737,136,zh-tw,Mandarin (Traditional),我的手很冷,,wǒ de shǒu hěn lěng,,A
9738,136,vi,Vietnamese,Tay tôi lạnh,,,,,A
9739,136,th,Thai,มือฉันเย็น,Mụ̄x c̄hạn yen,,,,A
9740,136,id,Indonesian,Tangan saya dingin,,,,,A
9741,136,sw,Swahili,Mikono yangu ni baridi,,,,,A
9742,136,nl,Dutch,Mijn handen zijn koud,,,,,A
9743,136,pl,Polish,Moje ręce są zimne,,,,,A
9744,136,uk,Ukrainian,Мої руки холодні,Moyi ruky kholodni,,,,A
9745,136,el,Greek,Τα χέρια μου είναι κρύα,Ta chéria mou eínai krýa,,,,A
9746,136,sv,Swedish,Mina händer är kalla,,,,,A
9747,136,no,Norwegian,Hendene mine er kalde,,,,,A
9748,136,da,Dansk,Mine hænder er kolde,,,,,A
9749,136,fi,Finnish,Käteni ovat kylmiä,,,,,A
9750,136,cs,Czech,Mé ruce jsou studené,,,,,A
9751,136,hu,Hungarian,A kezeim hidegek,,,,,A
9752,136,ro,Romanian,Mâinile mele sunt reci,,,,,A
9753,136,bg,Bulgarian,Ръцете ми са студени,Rŭtsete mi sa studeni,,,,A
9754,136,sr,Serbian,Моје руке су хладне,Moje ruke su hladne,,,,A
9755,136,sk,Slovak,Moje ruky sú studené,,,,,A
9756,136,sl,Slovenian,Moje roke so hladne,,,,,A
9757,136,lt,Lithuanian,Mano rankos šaltos,,,,,A
9758,136,lv,Latvian,Manas rokas ir aukstas,,,,,A
9759,136,et,Estonian,Minu käed on külmad,,,,,A
9760,136,he,Hebrew,הידיים שלי קרות,Ha'yadayim sheli karot,,,,A
9761,136,ha,Hausa,Hannuna suna da sanyi,,,,,A
9762,136,yo,Yoruba,Awọn ọwọ mi tutu,,,,,A
9763,136,ig,Igbo,Aka m dị oyi,,,,,A
9764,136,am,Amharic,እጆቼ ቀዝቃዛ ናቸው,Ijoche k'ezik'aza nachewi,,,,A
9765,136,ti,Tigrinya,ኣእዳወይ ዝሑል እየን,A'idawi ziḫul iyen,,,,A
9766,136,ne,Nepali,मेरो हात चिसो छ,Mero hāta cisō cha,,,,A
9767,136,ta,Tamil,என் கைகள் குளிர்ச்சியாக உள்ளன,Eṉ kaikaḷ kuḷircciyāka uḷḷaṉa,,,,A
9768,136,te,Telugu,నా చేతులు చల్లగా ఉన్నాయి,Nā cētulu callagā unnāyi,,,,A
9769,136,ml,Malayalam,എന്റെ കൈകള്‍ തണുത്തതാണ്,Enṟe kaikaḷ taṇuttatāṇ,,,,A
9770,136,mr,Marathi,माझे हात थंड आहेत,Mājhē hāta thaṇḍa āhēt,,,,A
9771,136,pa,Punjabi,ਮੇਰੇ ਹੱਥ ਠੰਡੇ ਹਨ,Mērē hatha ṭhaṇḍē hana,,,,A
9772,136,gu,Gujarati,મારા હાથ ઠંડા છે,Mārā hātha ṭhaṇḍā chē,,,,A
9773,136,si,Sinhala,මගේ අත් සීතලයි,Magē ata sītalayi,,,,A
9774,136,km,Khmer,ដៃខ្ញុំត្រជាក់,Dai khnhom trachak,,,,A
9775,136,is,Icelandic,Hendurnar mínar eru kaldar,,,,,A
9776,136,tl,Tagalog / Filipino,Malamig ang kamay ko,,,,,A
9777,136,ms,Malay,Tangan saya sejuk,,,,,A
9778,136,jv,Javanese,Tanganku adhem,,,,,A
9779,136,kk,Kazakh,Қолдарым суық,Qoldarym suyq,,,,A
9780,136,uz,Uzbek,Qo'llarim sovuq,,,,,A
9781,136,mn,Mongolian,Миний гар хүйтэн,Minii gar khüiten,,,,A
9782,136,ka,Georgia,ჩემი ხელები ცივია,Chemi khelebi tsivia,,,,A
9783,136,hy,Armenian,Ձեռքերս սառն են,Dzerq’ers sarrn en,,,,A
9784,136,eu,Basque,Nire eskuak hotzak dira,,,,,A
9785,136,ca,Catalan,Les meves mans estan fredes,,,,,A
9786,136,gl,Galician,As miñas mans están frías,,,,,A
9787,136,ga,Irish (Gaeilge),Tá mo lámha fuar,,,,,A
9788,136,cy,Welsh,Mae fy nwylo'n oer,,,,,A
9789,136,gd,Scottish Gaelic,Tha mo làmhan fuar,,,,,A
9790,136,lb,Luxembourgisch,Meng Hänn si kal,,,,,A
9791,136,eo,Esperanto,Miaj manoj estas malvarmaj,,,,,A
9792,136,la,Latin,Manus meae frigidae sunt,,,,,A
9793,137,en,English,He wondered whether the investment was worth the risk,,,,,C
9794,137,es,Spanish,Se preguntó si la inversión valía la pena el riesgo,,,,,C
9795,137,fr,French,Il s'est demandé si l'investissement valait le risque,,,,,C
9796,137,pt,Portuguese,Ele questionou se o investimento valia o risco,,,,,C
9797,137,de,German,Er fragte sich, ob die Investition das Risiko wert sei,,,,,C
9798,137,it,Italian,Si chiese se l'investimento valesse il rischio,,,,,C
9799,137,ru,Russian,Он задавался вопросом, стоит ли инвестиция риска,On zadavalsya voprosom, stoit li investitsiya riska,,,,C
9800,137,ar,Arabic,تساءل عما إذا كانت الاستثمار يستحق المخاطرة,Tasāʾal ʿammā ʾidhā kānat al-istithmār yastaḥiqq al-mukhāṭarah,,,,C
9801,137,hi,Hindi,वह सोच रहा था कि क्या निवेश जोखिम के लायक था,Vah soch rahā thā ki kyā niveś jokhim ke lāyak thā,,,,C
9802,137,bn,Bengali,তিনি ভাবছিলেন বিনিয়োগটি ঝুঁকির মূল্য আছে কিনা,Tini bhābachilēna biniẏōgaṭi jhum̐kira mūlya āchē kinā,,,,C
9803,137,ur,Urdu,وہ سوچ رہا تھا کہ کیا سرمایہ کاری خطرے کے قابل تھی,Woh soch raha tha ke kya sarmaya kari khatre ke qabil thi,,,,C
9804,137,fa,Persian,او فکر می‌کرد که آیا سرمایه‌گذاری ارزش ریسک را دارد یا نه,U fekr mī-kard ke āyā sarmāyeh-gozārī arzesh-e rīsk rā dārad yā na,,,,C
9805,137,tr,Turkish,Yatırımın riski almaya değip değmediğini merak etti,,,,,C
9806,137,ja,Japanese,彼はその投資がリスクに見合うかどうか疑問に思った,Kare wa sono tōshi ga risuku ni miau ka dō ka gimon ni omotta,,,,C
9807,137,ko,Korean,그는 그 투자가 위험을 감수할 만한 가치가 있는지 궁금해했다,Geuneun geu tuga ga wiheom-eul gamsuhal manhan gachi ga issneunji gunggeumhaehaetda,,,,C
9808,137,zh-cn,Mandarin (Simplified),他想知道这笔投资是否值得冒险,,tā xiǎng zhīdào zhè bǐ tóuzī shìfǒu zhídé mào xiǎn,,C
9809,137,zh-tw,Mandarin (Traditional),他想知道這筆投資是否值得冒險,,tā xiǎng zhīdào zhè bǐ tóuzī shìfǒu zhídé mào xiǎn,,C
9810,137,vi,Vietnamese,Anh ấy tự hỏi liệu khoản đầu tư đó có xứng đáng với rủi ro hay không,,,,,C
9811,137,th,Thai,เขาสงสัยว่าการลงทุนคุ้มกับความเสี่ยงหรือไม่,K̄heā s̄ngs̄ạy ẁā kār lngthun khûm kạb khwām s̄eīyng h̄rụ̄x mị̀,,,,C
9812,137,id,Indonesian,Dia bertanya-tanya apakah investasi itu sepadan dengan risikonya,,,,,C
9813,137,sw,Swahili,Aliwasita ikiwa uwekezaji huo ulistahili hatari,,,,,C
9814,137,nl,Dutch,Hij vroeg zich af of de investering het risico waard was,,,,,C
9815,137,pl,Polish,Zastanawiał się, czy inwestycja była warta ryzyka,,,,,C
9816,137,uk,Ukrainian,Він міркував, чи вартує інвестиція ризику,Vin mirkuvav, chy vartuye investytsiya ryzyku,,,,C
9817,137,el,Greek,Αναρωτήθηκε αν η επένδυση άξιζε τον κίνδυνο,Anarotíthike an i epéndysi áxize ton kíndyno,,,,C
9818,137,sv,Swedish,Han undrade om investeringen var värt risken,,,,,C
9819,137,no,Norwegian,Han lurte på om investeringen var verdt risikoen,,,,,C
9820,137,da,Dansk,Han spekulerede på, om investeringen var risikoen værd,,,,,C
9821,137,fi,Finnish,Hän mietti, oliko sijoitus riskin arvoinen,,,,,C
9822,137,cs,Czech,Přemýšlel, zda investice stojí za to riziko,,,,,C
9823,137,hu,Hungarian,Azt gondolta, vajon megéri-e a kockázatot a befektetés,,,,,C
9824,137,ro,Romanian,Se întreba dacă investiția merita riscul,,,,,C
9825,137,bg,Bulgarian,Той се чуди дали инвестицията си заслужава риска,Toi se chudi dali investitsiyata si zasluzhava riska,,,,C
9826,137,sr,Serbian,Питао се да ли је улагање вредило ризика,Pitao se da li je ulaganje vredilo rizika,,,,C
9827,137,sk,Slovak,Zamýšľal sa, či investícia stála za riziko,,,,,C
9828,137,sl,Slovenian,Spraševal se je, ali je bila naložba vredna tveganja,,,,,C
9829,137,lt,Lithuanian,Jis svarstė, ar investicija buvo verta rizikos,,,,,C
9830,137,lv,Latvian,Viņš prātoja, vai investīcija bija riskus vērta,,,,,C
9831,137,et,Estonian,Ta mõtles, kas investeering oli riski väärt,,,,,C
9832,137,he,Hebrew,הוא תהה האם ההשקעה שווה את הסיכון,Hu taha ha'im ha'hashka'a shava et ha'sikon,,,,C
9833,137,ha,Hausa,Ya yi mamakin ko zuba jari ya cancanci kasada,,,,,C
9834,137,yo,Yoruba,Ó ṣe àníyàn bóyá ìdókòwò náà jẹ́ títọ́ lára ewu,,,,,C
9835,137,ig,Igbo,Ọ na-eche ma itinye ego ahụ zuru ezu ihe ize ndụ ahụ,,,,,C
9836,137,am,Amharic,ውጤቱ አደጋውን ዋጋ ያለው እንደሆነ አሰበ,Wit'etu ādegawni wagalale new indehone āsebe,,,,C
9837,137,ti,Tigrinya,እንተዘንጊቡ እቲ ኣበይቲ ሓደጋ ክገብሮ ትኽእል እዩ ኢሉ ሓሲቡ,Intizenigibu iti abeyti hadega kegebiro tikh'il iyu ilu hasibu,,,,C
9838,137,ne,Nepali,उनले लगानी जोखिमको लायक थियो कि थिएन भनेर सोचे,Unle lagānī jokhimakō lāyaka thiyō ki thiena bhanera sōcē,,,,C
9839,137,ta,Tamil,முதலீடு அந்த இடரை மதிப்பதற்கு உகந்ததா என்று அவர் சிந்தித்தார்,Mutalīṭu anta iṭarai matippataṟku ukantatā eṉṟu avar cintittār,,,,C
9840,137,te,Telugu,ఆ పెట్టుబడి రిస్క్ కు విలువైందా అని ఆయన ఆలోచించాడు,Ā peṭṭubaḍi risk ku viluvaindā ani āyana ālōcin̄cāḍu,,,,C
9841,137,ml,Malayalam,നിക്ഷേപം അപകടസാധ്യതയുടെ മൂല്യത്തിനു വിലമതിക്കുന്നുണ്ടോ എന്ന് അദ്ദേഹം ചിന്തിച്ചു,Nikṣepaṁ apakaṭasādhyatayuṭe mūlyattinu vilamatikkunnuṇṭē enn addēhaṁ cinticcu,,,,C
9842,137,mr,Marathi,गुंतवणूक धोक्याचे मोल होते का याचा त्याने विचार केला,Guntavṇūk dhōkyācē mōla hōtē kā yācā tyānē vicār kēlā,,,,C
9843,137,pa,Punjabi,ਉਸਨੇ ਸੋਚਿਆ ਕਿ ਕੀ ਨਿਵੇਸ਼ ਜੋਖਿਮ ਦੇ ਯੋਗ ਸੀ,Usanē sōciā ki kī nivēś jōkhima dē yōga sī,,,,C
9844,137,gu,Gujarati,તેણે વિચાર્યું કે શું રોકાણ જોખમને પાત્ર હતું,Tēṇē vicāryuṁ kē śuṁ rōkāṇa jōkhamanē pātra hatuṁ,,,,C
9845,137,si,Sinhala,ආයෝජනය අවදානම වටීදැයි ඔහු සිතුවේය,Āyōjanaya avadānama vaṭīdæyi ohu situvēya,,,,C
9846,137,km,Khmer,គាត់ឆ្ងល់ថាតើការវិនិយោគនេះសក្ដិសមនឹងហានិភ័យឬទេ,Kat chhngl tha tae kar vininyok nih sakd sam nung haniphoy ry te,,,,C
9847,137,is,Icelandic,Hann velti því fyrir sér hvort fjárfestingin væri áhættunnar virði,,,,,C
9848,137,tl,Tagalog / Filipino,Nagtataka siya kung ang pamumuhunan ay sulit sa panganib,,,,,C
9849,137,ms,Malay,Dia tertanya-tanya sama ada pelaburan itu berbaloi dengan risikonya,,,,,C
9850,137,jv,Javanese,Dheweke mikir apa investasi kasebut pantes nanggung risiko,,,,,C
9851,137,kk,Kazakh,Ол инвестицияның тәуекелге тұрарлық па екенін ойлады,Ol investitsiyanyñ täuekelge tūrarlyq pa ekenin oylady,,,,C
9852,137,uz,Uzbek,U investitsiya xavfga arziydimi yoki yo'qmi deb o'yladi,,,,,C
9853,137,mn,Mongolian,Тэр хөрөнгө оруулалт эрсдэлтэй үнэ цэнэтэй эсэхийг гайхсан,Ter khörög oruulalt ersdeltei ünė tsėntėi esekhiig gaikhan,,,,C
9854,137,ka,Georgia,მას აინტერესებდა, იყო თუ არა ინვესტიცია რისკის ღირებული,Mas aint'eresebda, iq'o tu ara invest'itsia risk'is ghirebuli,,,,C
9855,137,hy,Armenian,Նա հարցրեց, արդյոք ներդրումն արժեր ռիսկին,Na harts’rets’, ardyok’ nerdrumny arzher rrisk’in,,,,C
9856,137,eu,Basuse,Zera pentsatu zuen: merezi ote zuen inbertsioak arriskua,,,,,C
9857,137,ca,Catalan,Es va preguntar si la inversió valia la pena el risc,,,,,C
9858,137,gl,Galical,El preguntouse se o investimento merecía o risco,,,,,C
9859,137,ga,Irish (Gaeilge),D'fhiafraigh sé an raibh an t-infheistíocht fiúntach don riosca,,,,,C
9860,137,cy,Welsh,Roedd yn ymholi a oedd y fuddsoddiad yn werth y risg,,,,,C
9861,137,gd,Scottish Gaelic,Bha e a' faighneachd an robh an tasgadh fhiach an cunnart,,,,,C
9862,137,lb,Luxembourgisch,Hien huet sech gefrot, ob d'Investitioun de Risiko wäert war,,,,,C
9863,137,eo,Esperanto,Li demandis sin, ĉu la investo valoris la riskon,,,,,C
9864,137,la,Latin,Quaesivit num pecunia collocata periculum digna esset,,,,,C
