voca_id,concept_id,lang,word,article,gender,romanization,pinyin,transliteration,level
1,1,en,to be,,,,,,A
2,1,es,ser,,,,,,A
3,1,fr,être,,,,,,A
4,1,pt,ser,,,,,,A
5,1,de,sein,,,,,,A
6,1,it,essere,,,,,,A
7,1,ru,быть,,,,byt',A
8,1,ar,يكون,,,,yakūn,A
9,1,hi,होना,,,,honā,A
10,1,bn,হওয়া,,,,hôẏā,A
11,1,ur,ہونا,,,,honā,A
12,1,fa,بودن,,,,budan,A
13,1,tr,olmak,,,,,,A
14,1,ja,です,,,,desu,A
15,1,ko,이다,,,,ida,A
16,1,zh-cn,是,,,,shì,A
17,1,zh-tw,是,,,,shì,A
18,1,vi,là,,,,,,A
19,1,th,เป็น,,,,bpen,A
20,1,id,menjadi,,,,,,A
21,1,sw,kuwa,,,,,,A
22,1,nl,zijn,,,,,,A
23,1,pl,być,,,,,,A
24,1,uk,бути,,,,buty,A
25,1,el,είμαι,,,,eímai,A
26,1,sv,att vara,,,,,,A
27,1,no,å være,,,,,,A
28,1,da,at være,,,,,,A
29,1,fi,olla,,,,,,A
30,1,cs,být,,,,,,A
31,1,hu,lenni,,,,,,A
32,1,ro,a fi,,,,,,A
33,1,bg,съм,,,,sǎm,A
34,1,sr,бити,,,,biti,A
35,1,sk,byť,,,,,,A
36,1,sl,biti,,,,,,A
37,1,lt,būti,,,,,,A
38,1,lv,būt,,,,,,A
39,1,et,olema,,,,,,A
40,1,he,להיות,,,,lihyot,A
41,1,ha,zama,,,,,,A
42,1,yo,jẹ́,,,,,,A
43,1,ig,ịbụ,,,,,,A
44,1,am,ማለት,,,,malet,A
45,1,ti,ክኸውን,,,,kəxäwun,A
46,1,ne,हुनु,,,,hunu,A
47,1,ta,இரு,,,,iru,A
48,1,te,అయ్యే,,,,ayyē,A
49,1,ml,ആകുക,,,,ākuka,A
50,1,mr,असणे,,,,asṇe,A
51,1,pa,ਹੋਣਾ,,,,hōṇā,A
52,1,gu,હોવું,,,,hovũ,A
53,1,si,විය,,,,viya,A
54,1,km,ក្លាយទៅជា,,,,klay tow chea,A
55,1,is,að vera,,,,,,A
56,1,tl,maging,,,,,,A
57,1,ms,menjadi,,,,,,A
58,1,jv,dadi,,,,,,A
59,1,kk,болу,,,,bolu,A
60,1,uz,boʻlmoq,,,,,,A
61,1,mn,байх,,,,baikh,A
62,1,ka,რჩება,,,,rcheba,A
63,1,hy,լինել,,,,linel,A
64,1,eu,izan,,,,,,A
65,1,ca,ser,,,,,,A
66,1,gl,ser,,,,,,A
67,1,ga,a bheith,,,,,,A
68,1,cy,bod,,,,,,A
69,1,gd,a bhith,,,,,,A
70,1,lb,sinn,,,,,,A
71,1,eo,esti,,,,,,A
72,1,la,esse,,,,,,A
73,2,en,and,,,,,,A
74,2,es,y,,,,,,A
75,2,fr,et,,,,,,A
76,2,pt,e,,,,,,A
77,2,de,und,,,,,,A
78,2,it,e,,,,,,A
79,2,ru,и,,,,i,A
80,2,ar,و,,,,wa,A
81,2,hi,और,,,,aur,A
82,2,bn,এবং,,,,ebông,A
83,2,ur,اور,,,,aur,A
84,2,fa,و,,,,va,A
85,2,tr,ve,,,,,,A
86,2,ja,と,,,,to,A
87,2,ko,와/과,,,,wa/gwa,A
88,2,zh-cn,和,,,,hé,A
89,2,zh-tw,和,,,,hé,A
90,2,vi,và,,,,,,A
91,2,th,และ,,,,lǽ,A
92,2,id,dan,,,,,,A
93,2,sw,na,,,,,,A
94,2,nl,en,,,,,,A
95,2,pl,i,,,,,,A
96,2,uk,і,,,,i,A
97,2,el,και,,,,ke,A
98,2,sv,och,,,,,,A
99,2,no,og,,,,,,A
100,2,da,og,,,,,,A
101,2,fi,ja,,,,,,A
102,2,cs,a,,,,,,A
103,2,hu,és,,,,,,A
104,2,ro,și,,,,,,A
105,2,bg,и,,,,i,A
106,2,sr,и,,,,i,A
107,2,sk,a,,,,,,A
108,2,sl,in,,,,,,A
109,2,lt,ir,,,,,,A
110,2,lv,un,,,,,,A
111,2,et,ja,,,,,,A
112,2,he,וְ,,,,ve,A
113,2,ha,da,,,,,,A
114,2,yo,àti,,,,,,A
115,2,ig,na,,,,,,A
116,2,am,እና,,,,ʼena,A
117,2,ti,ከ,,,,kä,A
118,2,ne,र,,,,ra,A
119,2,ta,மற்றும்,,,,maṟṟum,A
120,2,te,మరియు,,,,mariyu,A
121,2,ml,ഒപ്പം,,,,oppaṁ,A
122,2,mr,आणि,,,,āṇi,A
123,2,pa,ਅਤੇ,,,,atē,A
124,2,gu,અને,,,,ane,A
125,2,si,සහ,,,,saha,A
126,2,km,និង,,,,ning,A
127,2,is,og,,,,,,A
128,2,tl,at,,,,,,A
129,2,ms,dan,,,,,,A
130,2,jv,lan,,,,,,A
131,2,kk,және,,,,jäne,A
132,2,uz,va,,,,,,A
133,2,mn,ба,,,,ba,A
134,2,ka,და,,,,da,A
135,2,hy,և,,,,yev,A
136,2,eu,eta,,,,,,A
137,2,ca,i,,,,,,A
138,2,gl,e,,,,,,A
139,2,ga,agus,,,,,,A
140,2,cy,a,,,,,,A
141,2,gd,agus,,,,,,A
142,2,lb,an,,,,,,A
143,2,eo,kaj,,,,,,A
144,2,la,et,,,,,,A
145,3,en,of,,,,,,A
146,3,es,de,,,,,,A
147,3,fr,de,,,,,,A
148,3,pt,de,,,,,,A
149,3,de,von,,,,,,A
150,3,it,di,,,,,,A
151,3,ru,из/от,,,,iz/ot,A
152,3,ar,من,,,,min,A
153,3,hi,का/की/के,,,,kā/kī/ke,A
154,3,bn,এর/র,,,,er/r,A
155,3,ur,کا/کی/کے,,,,kā/kī/ke,A
156,3,fa,از/ِ,,,,az/e,A
157,3,tr,-in/-ın/-un/-ün,,,,,,A
158,3,ja,の,,,,no,A
159,3,ko,의,,,,ui,A
160,3,zh-cn,的,,,,de,A
161,3,zh-tw,的,,,,de,A
162,3,vi,của,,,,,,A
163,3,th,ของ,,,,k̄hxng,A
164,3,id,dari,,,,,,A
165,3,sw,ya,,,,,,A
166,3,nl,van,,,,,,A
167,3,pl,z,,,,,,A
168,3,uk,від/з,,,,vid/z,A
169,3,el,του/της,,,,tou/tis,A
170,3,sv,av,,,,,,A
171,3,no,av,,,,,,A
172,3,da,af,,,,,,A
173,3,fi,-n/sta/stä,,,,,,A
174,3,cs,z,,,,,,A
175,3,hu,-nak/-nek,,,,,,A
176,3,ro,al/ale,,,,,,A
177,3,bg,на,,,,na,A
178,3,sr,од/на,,,,od/na,A
179,3,sk,z,,,,,,A
180,3,sl,od,,,,,,A
181,3,lt,iš,,,,,,A
182,3,lv,no,,,,,,A
183,3,et,-st,,,,,,A
184,3,he,של,,,,shel,A
185,3,ha,na,,,,,,A
186,3,yo,ti,,,,,,A
187,3,ig,nke,,,,,,A
188,3,am,የ,,,,ye,A
189,3,ti,ናይ,,,,nay,A
190,3,ne,को,,,,ko,A
191,3,ta,உடைய/ன்/ம்/ன்்ற,,,,uṭaiya/ṉ/m/ṉṟa,A
192,3,te,యొక్క,,,,yokka,A
193,3,ml,ഉടைய/ന്റെ/ത്തെ/യുടെ,,,,uṭaiya/nṟe/tte/yuṭe,A
194,3,mr,चा/ची/चे,,,,chā/chī/che,A
195,3,pa,ਦਾ/ਦੀ/ਦੇ,,,,dā/dī/dē,A
196,3,gu,નો/ની/નું,,,,no/nī/nũ,A
197,3,si,ගේ/යේ,,,,gē/yē,A
198,3,km,នៃ,,,,ney,A
199,3,is,af,,,,,,A
200,3,tl,ng,,,,,,A
201,3,ms,dari,,,,,,A
202,3,jv,saking,,,,,,A
203,3,kk,ның,,,,nıñ,A
204,3,uz,ning,,,,,,A
205,3,mn,ын,,,,yn,A
206,3,ka,ს,,,,s,A
207,3,hy,ի/ու,,,,i/u,A
208,3,eu,-(r)en,,,,,,A
209,3,ca,de,,,,,,A
210,3,gl,de,,,,,,A
211,3,ga,de,,,,,,A
212,3,cy,o,,,,,,A
213,3,gd,de,,,,,,A
214,3,lb,vun,,,,,,A
215,3,eo,de,,,,,,A
216,3,la,de,,,,,,A
217,4,en,to have,,,,,,A
218,4,es,tener,,,,,,A
219,4,fr,avoir,,,,,,A
220,4,pt,ter,,,,,,A
221,4,de,haben,,,,,,A
222,4,it,avere,,,,,,A
223,4,ru,иметь,,,,imet',A
224,4,ar,يملك/لديه,,,,yamlik/ladayh,A
225,4,hi,पास होना/रखना,,,,pās honā/rakhnā,A
226,4,bn,থাকা,,,,thākā,A
227,4,ur,پاس ہونا/رکھنا,,,,pās honā/rakhnā,A
228,4,fa,داشتن,,,,dāštan,A
229,4,tr,sahip olmak,,,,,,A
230,4,ja,持っている,,,,motte iru,A
231,4,ko,가지다/있다,,,,gajida/itda,A
232,4,zh-cn,有,,,,yǒu,A
233,4,zh-tw,有,,,,yǒu,A
234,4,vi,có,,,,,,A
235,4,th,มี,,,,mii,A
236,4,id,punya,,,,,,A
237,4,sw,kuwa na,,,,,,A
238,4,nl,hebben,,,,,,A
239,4,pl,mieć,,,,,,A
240,4,uk,мати,,,,maty,A
241,4,el,έχω,,,,écho,A
242,4,sv,ha,,,,,,A
243,4,no,ha,,,,,,A
244,4,da,have,,,,,,A
245,4,fi,omistaa,,,,,,A
246,4,cs,mít,,,,,,A
247,4,hu,van neki/birtokol,,,,,,A
248,4,ro,a avea,,,,,,A
249,4,bg,имам,,,,imam,A
250,4,sr,имати,,,,imati,A
251,4,sk,mať,,,,,,A
252,4,sl,imeti,,,,,,A
253,4,lt,turėti,,,,,,A
254,4,lv,būt,,,,,,A
255,4,et,omama,,,,,,A
256,4,he,יש לי,,,,yesh li,A
257,4,ha,da/ji da,,,,,,A
258,4,yo,ní,,,,,,A
259,4,ig,inwe,,,,,,A
260,4,am,አለ/ያለው,,,,'älä/yaläw,A
261,4,ti,ኣለዎ/ይህዋ,,,,'aläwo/yihwa,A
262,4,ne,हुनु/राख्नु,,,,hunu/rākhnu,A
263,4,ta,வைத்திரு,,,,vaittiru,A
264,4,te,కలిగి ఉండు,,,,kaligi unḍu,A
265,4,ml,ഉണ്ടായിരിക്കുക,,,,uṇṭāyirikkuka,A
266,4,mr,असणे/ठेवणे,,,,asṇe/ṭhevaṇe,A
267,4,pa,ਹੋਣਾ/ਰੱਖਣਾ,,,,hōṇā/rakkhaṇā,A
268,4,gu,હોવું/રાખવું,,,,hovũ/rākhavũ,A
269,4,si,තිබෙනවා,,,,tibenaවā,A
270,4,km,មាន,,,,mien,A
271,4,is,eiga,,,,,,A
272,4,tl,mayroon/magkaroon,,,,,,A
273,4,ms,ada/mempunyai,,,,,,A
274,4,jv,duwe,,,,,,A
275,4,kk,ие болу,,,,ïe bolu,A
276,4,uz,ega bo'lmoq,,,,,,A
277,4,mn,байх/эзэмших,,,,baikh/ezemshikh,A
278,4,ka,ქონა,,,,kona,A
279,4,hy,ունենալ,,,,unenal,A
280,4,eu,izan/eduki,,,,,,A
281,4,ca,tenir,,,,,,A
282,4,gl,ter,,,,,,A
283,4,ga,bheith agat,,,,,,A
284,4,cy,cael/genni,,,,,,A
285,4,gd,a bhith agad,,,,,,A
286,4,lb,hunn,,,,,,A
287,4,eo,havi,,,,,,A
288,4,la,habere,,,,,,A
289,5,en,I,,,,,,A
290,5,es,yo,,,,,,A
291,5,fr,je,,,,,,A
292,5,pt,eu,,,,,,A
293,5,de,ich,,,,,,A
294,5,it,io,,,,,,A
295,5,ru,я,,,,ya,A
296,5,ar,أنا,,,,anā,A
297,5,hi,मैं,,,,main,A
298,5,bn,আমি,,,,āmi,A
299,5,ur,میں,,,,main,A
300,5,fa,من,,,,man,A
301,5,tr,ben,,,,,,A
302,5,ja,私,,,,watashi,A
303,5,ko,나,,,,na,A
304,5,zh-cn,我,,,,wǒ,A
305,5,zh-tw,我,,,,wǒ,A
306,5,vi,tôi,,,,,,A
307,5,th,ฉัน/ผม,,,,chǎn/phǒm,A
308,5,id,saya/aku,,,,,,A
309,5,sw,mimi,,,,,,A
310,5,nl,ik,,,,,,A
311,5,pl,ja,,,,,,A
312,5,uk,я,,,,ya,A
313,5,el,εγώ,,,,egó,A
314,5,sv,jag,,,,,,A
315,5,no,jeg,,,,,,A
316,5,da,jeg,,,,,,A
317,5,fi,minä,,,,,,A
318,5,cs,já,,,,,,A
319,5,hu,én,,,,,,A
320,5,ro,eu,,,,,,A
321,5,bg,аз,,,,az,A
322,5,sr,ја,,,,ja,A
323,5,sk,ja,,,,,,A
324,5,sl,jaz,,,,,,A
325,5,lt,aš,,,,,,A
326,5,lv,es,,,,,,A
327,5,et,mina,,,,,,A
328,5,he,אני,,,,ani,A
329,5,ha,ni,,,,,,A
330,5,yo,èmi,,,,,,A
331,5,ig,m,,,,,,A
332,5,am,እኔ,,,,ʼenē,A
333,5,ti,ኣነ,,,,'anä,A
334,5,ne,म,,,,ma,A
335,5,ta,நான்,,,,nāṉ,A
336,5,te,నేను,,,,nēnu,A
337,5,ml,ഞാൻ,,,,ñāṉ,A
338,5,mr,मी,,,,mī,A
339,5,pa,ਮੈਂ,,,,maiṅ,A
340,5,gu,હું,,,,huṁ,A
341,5,si,මම,,,,mama,A
342,5,km,ខ្ញុំ,,,,khnhom,A
343,5,is,ég,,,,,,A
344,5,tl,ako,,,,,,A
345,5,ms,saya/aku,,,,,,A
346,5,jv,aku/kula,,,,,,A
347,5,kk,мен,,,,men,A
348,5,uz,men,,,,,,A
349,5,mn,би,,,,bi,A
350,5,ka,მე,,,,me,A
351,5,hy,ես,,,,es,A
352,5,eu,ni,,,,,,A
353,5,ca,jo,,,,,,A
354,5,gl,eu,,,,,,A
355,5,ga,mé,,,,,,A
356,5,cy,fi,,,,,,A
357,5,gd,mi,,,,,,A
358,5,lb,ech,,,,,,A
359,5,eo,mi,,,,,,A
360,5,la,ego,,,,,,A
361,6,en,to go,,,,,,A
362,6,es,ir,,,,,,A
363,6,fr,aller,,,,,,A
364,6,pt,ir,,,,,,A
365,6,de,gehen,,,,,,A
366,6,it,andare,,,,,,A
367,6,ru,идти/ходить,,,,idti/khodit',A
368,6,ar,يذهب,,,,yadhhab,A
369,6,hi,जाना,,,,jānā,A
370,6,bn,যাওয়া,,,,yāẏā,A
371,6,ur,جانا,,,,jānā,A
372,6,fa,رفتن,,,,raftan,A
373,6,tr,gitmek,,,,,,A
374,6,ja,行く,,,,iku,A
375,6,ko,가다,,,,gada,A
376,6,zh-cn,去,,,,qù,A
377,6,zh-tw,去,,,,qù,A
378,6,vi,đi,,,,,,A
379,6,th,ไป,,,,bpai,A
380,6,id,pergi,,,,,,A
381,6,sw,kwenda,,,,,,A
382,6,nl,gaan,,,,,,A
383,6,pl,iść/jechać,,,,,,A
384,6,uk,йти/їхати,,,,yty/yikhaty,A
385,6,el,πηγαίνω,,,,pigaíno,A
386,6,sv,gå,,,,,,A
387,6,no,gå,,,,,,A
388,6,da,gå,,,,,,A
389,6,fi,mennä,,,,,,A
390,6,cs,jít/jezdit,,,,,,A
391,6,hu,menni,,,,,,A
392,6,ro,a merge,,,,,,A
393,6,bg,отивам,,,,otivam,A
394,6,sr,ићи,,,,ići,A
395,6,sk,ísť,,,,,,A
396,6,sl,iti,,,,,,A
397,6,lt,eiti/važiuoti,,,,,,A
398,6,lv,iêt/braukt,,,,,,A
399,6,et,minema,,,,,,A
400,6,he,ללכת,,,,lalekhet,A
401,6,ha,tafi,,,,,,A
402,6,yo,lọ,,,,,,A
403,6,ig,aga,,,,,,A
404,6,am,መሄድ,,,,mehēd,A
405,6,ti,ክኸይድ,,,,kəxäyd,A
406,6,ne,जानु,,,,jānu,A
407,6,ta,போ,,,,pō,A
408,6,te,వెళ్ళు,,,,veḷḷu,A
409,6,ml,പോകുക,,,,pōkuka,A
410,6,mr,जाणे,,,,jāṇe,A
411,6,pa,ਜਾਣਾ,,,,jāṇā,A
412,6,gu,જવું,,,,javũ,A
413,6,si,යන්න,,,,yanna,A
414,6,km,ទៅ,,,,tov,A
415,6,is,fara,,,,,,A
416,6,tl,pumunta,,,,,,A
417,6,ms,pergi,,,,,,A
418,6,jv,lunga,,,,,,A
419,6,kk,бару,,,,baru,A
420,6,uz,borish,,,,,,A
421,6,mn,явах,,,,yavakh,A
422,6,ka,წასვლა,,,,ts'asvla,A
423,6,hy,գնալ,,,,gnal,A
424,6,eu,joan,,,,,,A
425,6,ca,anar,,,,,,A
426,6,gl,ir,,,,,,A
427,6,ga,dul,,,,,,A
428,6,cy,mynd,,,,,,A
429,6,gd,dol/falbh,,,,,,A
430,6,lb,goen,,,,,,A
431,6,eo,iri,,,,,,A
432,6,la,ire,,,,,,A
433,7,en,in,,,,,,A
434,7,es,en,,,,,,A
435,7,fr,dans/en,,,,,,A
436,7,pt,em,,,,,,A
437,7,de,in,,,,,,A
438,7,it,in,,,,,,A
439,7,ru,в,,,,v,A
440,7,ar,في,,,,fī,A
441,7,hi,में,,,,mẽ,A
442,7,bn,এ,,,,e,A
443,7,ur,میں,,,,mẽ,A
444,7,fa,در,,,,dar,A
445,7,tr,içinde,,,,,,A
446,7,ja,中に,,,,naka ni,A
447,7,ko,안에,,,,an-e,A
448,7,zh-cn,在...里,,,,zài...lǐ,A
449,7,zh-tw,在...裡,,,,zài...lǐ,A
450,7,vi,trong,,,,,,A
451,7,th,ใน,,,,nai,A
452,7,id,di dalam,,,,,,A
453,7,sw,ndani,,,,,,A
454,7,nl,in,,,,,,A
455,7,pl,w,,,,,,A
456,7,uk,в,,,,v,A
457,7,el,μέσα σε,,,,méssa se,A
458,7,sv,i,,,,,,A
459,7,no,i,,,,,,A
460,7,da,i,,,,,,A
461,7,fi,-ssa/-ssä,,,,,,A
462,7,cs,v,,,,,,A
463,7,hu,-ban/-ben,,,,,,A
464,7,ro,în,,,,,,A
465,7,bg,в,,,,v,A
466,7,sr,у,,,,u,A
467,7,sk,v,,,,,,A
468,7,sl,v,,,,,,A
469,7,lt,i,,,,,,A
470,7,lv,iekšā,,,,,,A
471,7,et,-s,,,,,,A
472,7,he,ב...תוך,,,,be...tokh,A
473,7,ha,cikin,,,,,,A
474,7,yo,nínú,,,,,,A
475,7,ig,n'ime,,,,,,A
476,7,am,ውስጥ,,,,wəs’ət’,A
477,7,ti,ኣብ...ውሽጢ,,,,'ab...wəshṭi,A
478,7,ne,भित्र,,,,bhitra,A
479,7,ta,உள்ளே,,,,uḷḷē,A
480,7,te,లోపల,,,,lōpala,A
481,7,ml,ഉള്ളിൽ,,,,uḷḷil,A
482,7,mr,मध्ये,,,,madhye,A
483,7,pa,ਅੰਦਰ,,,,andara,A
484,7,gu,માં,,,,mā̃,A
485,7,si,ඇතුළත,,,,ætulata,A
486,7,km,ក្នុង,,,,knong,A
487,7,is,í,,,,,,A
488,7,tl,sa loob,,,,,,A
489,7,ms,di dalam,,,,,,A
490,7,jv,ing,,,,,,A
491,7,kk,ішінде,,,,işinde,A
492,7,uz,ichida,,,,,,A
493,7,mn,дотор,,,,dotor,A
494,7,ka,შიგნით,,,,shignit,A
495,7,hy,մեջ,,,,mej,A
496,7,eu,-(e)an,,,,,,A
497,7,ca,a/en,,,,,,A
498,7,gl,en,,,,,,A
499,7,ga,i,,,,,,A
500,7,cy,mewn/yn,,,,,,A
501,7,gd,ann an/a-staigh,,,,,,A
502,7,lb,an,,,,,,A
503,7,eo,en,,,,,,A
504,7,la,in,,,,,,A
505,8,en,it,,,,,,A
506,8,es,ello/lo/la,,,,,,A
507,8,fr,il/elle,,,,,,A
508,8,pt,ele/ela,,,,,,A
509,8,de,es,,,,,,A
510,8,it,esso/essa,,,,,,A
511,8,ru,оно/это,,,,ono/eto,A
512,8,ar,هو/هي,,,,huwa/hiya,A
513,8,hi,यह/वह,,,,yah/vah,A
514,8,bn,এটা/সেটা,,,,eṭā/seṭā,A
515,8,ur,یہ/وہ,,,,yeh/woh,A
516,8,fa,آن/این,,,,ān/in,A
517,8,tr,o,,,,,,A
518,8,ja,それ,,,,sore,A
519,8,ko,그것,,,,geugeot,A
520,8,zh-cn,它,,,,tā,A
521,8,zh-tw,它,,,,tā,A
522,8,vi,nó,,,,,,A
523,8,th,มัน,,,,man,A
524,8,id,itu,,,,,,A
525,8,sw,hiyo,,,,,,A
526,8,nl,het,,,,,,A
527,8,pl,to,,,,,,A
528,8,uk,воно,,,,vono,A
529,8,el,αυτό,,,,aftó,A
530,8,sv,det,,,,,,A
531,8,no,det,,,,,,A
532,8,da,det,,,,,,A
533,8,fi,se,,,,,,A
534,8,cs,to,,,,,,A
535,8,hu,az,,,,,,A
536,8,ro,el/ea,,,,,,A
537,8,bg,то,,,,to,A
538,8,sr,оно/то,,,,ono/to,A
539,8,sk,to,,,,,,A
540,8,sl,ono,,,,,,A
541,8,lt,tai/jis/ji,,,,,,A
542,8,lv,tas/tā,,,,,,A
543,8,et,see,,,,,,A
544,8,he,זה/זאת,,,,ze/zot,A
545,8,ha,shi,,,,,,A
546,8,yo,ó,,,,,,A
547,8,ig,ọ/ya,,,,,,A
548,8,am,እሱ/እሷ,,,,'əsu/'əsʷa,A
549,8,ti,ንሱ/ንሳ,,,,nəsu/nəsa,A
550,8,ne,यो/त्यो,,,,yo/tyo,A
551,8,ta,அது/இது,,,,atu/itu,A
552,8,te,అది/ఇది,,,,adi/idi,A
553,8,ml,അത്/ഇത്,,,,at/it,A
554,8,mr,ते/हे,,,,te/he,A
555,8,pa,ਇਹ/ਉਹ,,,,ih/uh,A
556,8,gu,આ/એ,,,,ā/e,A
557,8,si,එය/මෙය,,,,eya/meya,A
558,8,km,វា/គេ,,,,vea/kei,A
559,8,is,það,,,,,,A
560,8,tl,ito/iyan,,,,,,A
561,8,ms,ia/dia,,,,,,A
562,8,jv,iku,,,,,,A
563,8,kk,ол,,,,ol,A
564,8,uz,u,,,,,,A
565,8,mn,энэ/тэр,,,,ene/ter,A
566,8,ka,ის,,,,is,A
567,8,hy,այն/դա,,,,ayn/da,A
568,8,eu,hura,,,,,,A
569,8,ca,allò/això,,,,,,A
570,8,gl,el/ela,,,,,,A
571,8,ga,sé/sí,,,,,,A
572,8,cy,fe/hi,,,,,,A
573,8,gd,e,,,,,,A
574,8,lb,et,,,,,,A
575,8,eo,ĝi,,,,,,A
576,8,la,id,,,,,,A
577,9,en,you,,,,,,A
578,9,es,tú/usted,,,,,,A
579,9,fr,tu/vous,,,,,,A
580,9,pt,tu/você,,,,,,A
581,9,de,du/Sie,,,,,,A
582,9,it,tu/Lei,,,,,,A
583,9,ru,ты/вы,,,,ty/vy,A
584,9,ar,أنت,,,,anta/anti,A
585,9,hi,तुम/आप,,,,tum/āp,A
586,9,bn,তুমি/আপনি,,,,tumi/āpani,A
587,9,ur,تم/آپ,,,,tum/āp,A
588,9,fa,تو/شما,,,,to/shomā,A
589,9,tr,sen/siz,,,,,,A
590,9,ja,あなた,,,,anata,A
591,9,ko,너/당신,,,,neo/dangsin,A
592,9,zh-cn,你/您,,,,nǐ/nín,A
593,9,zh-tw,你/您,,,,nǐ/nín,A
594,9,vi,bạn/anh/chị,,,,,,A
595,9,th,คุณ/เธอ,,,,khun/thoe,A
596,9,id,kamu/Anda,,,,,,A
597,9,sw,wewe/nyinyi,,,,,,A
598,9,nl,jij/u,,,,,,A
599,9,pl,ty/pan/pani,,,,,,A
600,9,uk,ти/ви,,,,ty/vy,A
601,9,el,εσύ/εσείς,,,,esý/eseís,A
602,9,sv,du/ni,,,,,,A
603,9,no,du/De,,,,,,A
604,9,da,du/De,,,,,,A
605,9,fi,sinä/te,,,,,,A
606,9,cs,ty/vy,,,,,,A
607,9,hu,te/ön/maga,,,,,,A
608,9,ro,tu/dumneavoastră,,,,,,A
609,9,bg,ти/Вие,,,,ti/Vie,A
610,9,sr,ти/ви,,,,ti/vi,A
611,9,sk,ty/vy,,,,,,A
612,9,sl,ti/vi,,,,,,A
613,9,lt,tu/jūs,,,,,,A
614,9,lv,tu/jūs,,,,,,A
615,9,et,sina/teie,,,,,,A
616,9,he,אתה/את,,,,ata/at,A
617,9,ha,kai/ke,,,,,,A
618,9,yo,ìwọ/ẹ,,,,,,A
619,9,ig,ị/gị,,,,,,A
620,9,am,አንተ/አንቺ,,,,'antä/'antchi,A
621,9,ti,ንስኻ/ንስኺ,,,,nəsxa/nəsxi,A
622,9,ne,तिमी/तपाईं,,,,timī/tapāīṁ,A
623,9,ta,நீ/நீங்கள்,,,,nī/nīṅkaḷ,A
624,9,te,నీవు/మీరు,,,,nīvu/mīru,A
625,9,ml,നീ/നിങ്ങൾ,,,,nī/niṅṅaḷ,A
626,9,mr,तू/तुम्ही,,,,tū/tumhī,A
627,9,pa,ਤੂੰ/ਤੁਸੀਂ,,,,tū̃/tusī̃,A
628,9,gu,તું/તમે,,,,tũ/tame,A
629,9,si,ඔබ/ඔබතුමා,,,,oba/obatumā,A
630,9,km,អ្នក/ឯង,,,,neak/aeng,A
631,9,is,þú/þér,,,,,,A
632,9,tl,ikaw/kayo,,,,,,A
633,9,ms,awak/kamu/Anda,,,,,,A
634,9,jv,kowe/sampeyan,,,,,,A
635,9,kk,сен/сіз,,,,sen/siz,A
636,9,uz,sen/siz,,,,,,A
637,9,mn,чи/та,,,,chi/ta,A
638,9,ka,შენ/თქვენ,,,,shen/tkven,A
639,9,hy,դու/դուք,,,,du/duk,A
640,9,eu,zu,,,,,,A
641,9,ca,tu/vostè,,,,,,A
642,9,gl,ti/vostede,,,,,,A
643,9,ga,tú/sibh,,,,,,A
644,9,cy,ti/chi,,,,,,A
645,9,gd,thu/sibh,,,,,,A
646,9,lb,du/Sie,,,,,,A
647,9,eo,vi,,,,,,A
648,9,la,tu/vos,,,,,,A
649,10,en,that,,,,,,A
650,10,ese,,,,,,A
651,10,frcela,,,,,,A
652,10,pt,esse/aquele,,,,,,A
653,10,de,das/jenes,,,,,,A
654,10,it,quello/quella,,,,,,A
655,10,ru,тот/та/то,,,,tot/ta/to,A
656,10,ar,ذلك/تلك,,,,dhālika/tilka,A
657,10,hi,वह,,,,vah,A
658,10,bn,সে/ওই,,,,se/oi,A
659,10,ur,وہ,,,,woh,A
660,10,fa,آن,,,,ān,A
661,10,tr,şu/o,,,,,,A
662,10,ja,あれ,,,,are,A
663,10,ko,저것/그것,,,,jeogeot/geugeot,A
664,10,zh-cn,那,,,,nà,A
665,10,zh-tw,那,,,,nà,A
666,10,vi,đó/kia,,,,,,A
667,10,th,นั้น,,,,nán,A
668,10,id,itu,,,,,,A
669,10,sw,ile,,,,,,A
670,10,nl,dat/die,,,,,,A
671,10,pl,tamten/tamta,,,,,,A
672,10,uk,той/та/те,,,,toy/ta/te,A
673,10,el,εκείνο,,,,ekeíno,A
674,10,sv,den/det,,,,,,A
675,10,no,den/det,,,,,,A
676,10,da,den/det,,,,,,A
677,10,fi,se/tuo,,,,,,A
678,10,cs,ten/ta/to,,,,,,A
679,10,hu,az,,,,,,A
680,10,ro,acela/acea,,,,,,A
681,10,bg,този/онази,,,,tozi/onazi,A
682,10,sr,тај/та/то,,,,taj/ta/to,A
683,10,sk,ten/ta/to,,,,,,A
684,10,sl,tisti/ta/to,,,,,,A
685,10,lt,tas/ta,,,,,,A
686,10,lv,tas/tā,,,,,,A
687,10,et,see/too,,,,,,A
688,10,he,זאת/ההוא,,,,zot/hahu,A
689,10,ha,wancan,,,,,,A
690,10,yo,iyẹn,,,,,,A
691,10,ig,ahụ/nga,,,,,,A
692,10,am,እኚያ/እዚያ,,,,'əñiya/'əziya,A
693,10,ti,እቲ/እታ,,,,əti/əta,A
694,10,ne,त्यो,,,,tyo,A
695,10,ta,அது,,,,atu,A
696,10,te,ఆ,,,,ā,A
697,10,ml,അത്,,,,at,A
698,10,mr,ते,,,,te,A
699,10,pa,ਉਹ,,,,uh,A
700,10,gu,એ,,,,e,A
701,10,si,ඒ,,,,ē,A
702,10,km,នោះ,,,,noh,A
703,10,is,það/hinn,,,,,,A
704,10,tl,iyan/iyon,,,,,,A
705,10,ms,itu,,,,,,A
706,10,jv,iku,,,,,,A
707,10,kk,сол,,,,sol,A
708,10,uz,u/shу,,,,,,A
709,10,mn,тэр,,,,ter,A
710,10,ka,ეს/ის,,,,es/is,A
711,10,hy,այդ/այն,,,,ayd/ayn,A
712,10,eu,hori,,,,,,A
713,10,ca,aquell/aquella,,,,,,A
714,10,gl,ese/aquel,,,,,,A
715,10,ga,sin,,,,,,A
716,10,cy,hwnnw/honno,,,,,,A
717,10,gd,sin,,,,,,A
718,10,lb,dat,,,,,,A
719,10,eo,tiu,,,,,,A
720,10,la,ille/illa/illud,,,,,,A
721,11,en,he,,,,,,A
722,11,es,él,,,,,,A
723,11,fr,il,,,,,,A
724,11,pt,ele,,,,,,A
725,11,de,er,,,,,,A
726,11,it,lui,,,,,,A
727,11,ru,он,,,,on,A
728,11,ar,هو,,,,huwa,A
729,11,hi,वह,,,,vah,A
730,11,bn,সে,,,,se,A
731,11,ur,وہ,,,,woh,A
732,11,fa,او,,,,u,A
733,11,tr,o,,,,,,A
734,11,ja,彼,,,,kare,A
735,11,ko,그,,,,geu,A
736,11,zh-cn,他,,,,tā,A
737,11,zh-tw,他,,,,tā,A
738,11,vi,anh ấy,,,,,,A
739,11,th,เขา,,,,khǎo,A
740,11,id,dia,,,,,,A
741,11,sw,yeye,,,,,,A
742,11,nl,hij,,,,,,A
743,11,pl,on,,,,,,A
744,11,uk,він,,,,vin,A
745,11,el,αυτός,,,,aftós,A
746,11,sv,han,,,,,,A
747,11,no,han,,,,,,A
748,11,da,han,,,,,,A
749,11,fi,hän,,,,,,A
750,11,cs,on,,,,,,A
751,11,hu,ő,,,,,,A
752,11,ro,el,,,,,,A
753,11,bg,той,,,,toy,A
754,11,sr,он,,,,on,A
755,11,sk,on,,,,,,A
756,11,sl,on,,,,,,A
757,11,lt,jis,,,,,,A
758,11,lv,viņš,,,,,,A
759,11,et,tema/ta,,,,,,A
760,11,he,הוא,,,,hu,A
761,11,ha,shi,,,,,,A
762,11,yo,óun,,,,,,A
763,11,ig,ọ,,,,,,A
764,11,am,እሱ,,,,'əsu,A
765,11,ti,ንሱ,,,,nəsu,A
766,11,ne,उ,,,,u,A
767,11,ta,அவன்,,,,avaṉ,A
768,11,te,అతను,,,,atanu,A
769,11,ml,അവൻ,,,,avaṉ,A
770,11,mr,तो,,,,to,A
771,11,pa,ਉਹ,,,,uh,A
772,11,gu,તે,,,,te,A
773,11,si,ඔහු,,,,ohu,A
774,11,km,គាត់,,,,koat,A
775,11,is,hann,,,,,,A
776,11,tl,siya,,,,,,A
777,11,ms,dia,,,,,,A
778,11,jv,dhèwèké,,,,,,A
779,11,kk,ол,,,,ol,A
780,11,uz,u,,,,,,A
781,11,mn,тэр,,,,ter,A
782,11,ka,ის,,,,is,A
783,11,hy,նա,,,,na,A
784,11,eu,hura,,,,,,A
785,11,ca,ell,,,,,,A
786,11,gl,el,,,,,,A
787,11,ga,sé,,,,,,A
788,11,cy,fe,,,,,,A
789,11,gd,e,,,,,,A
790,11,lb,hien,,,,,,A
791,11,eo,li,,,,,,A
792,11,la,is,,,,,,A
793,12,en,to do,,,,,,A
794,12,es,hacer,,,,,,A
795,12,fr,faire,,,,,,A
796,12,pt,fazer,,,,,,A
797,12,de,tun/machen,,,,,,A
798,12,it,fare,,,,,,A
799,12,ru,делать,,,,delat',A
800,12,ar,يفعل,,,,yaf'al,A
801,12,hi,करना,,,,karnā,A
802,12,bn,করা,,,,kôrā,A
803,12,ur,کرنا,,,,karnā,A
804,12,fa,کردن,,,,kardan,A
805,12,tr,yapmak,,,,,,A
806,12,ja,する,,,,suru,A
807,12,ko,하다,,,,hada,A
808,12,zh-cn,做,,,,zuò,A
809,12,zh-tw,做,,,,zuò,A
810,12,vi,làm,,,,,,A
811,12,th,ทำ,,,,tham,A
812,12,id,melakukan,,,,,,A
813,12,sw,kufanya,,,,,,A
814,12,nl,doen,,,,,,A
815,12,pl,robić,,,,,,A
816,12,uk,робити,,,,robyty,A
817,12,el,κάνω,,,,káno,A
818,12,sv,göra,,,,,,A
819,12,no,gjøre,,,,,,A
820,12,da,gøre,,,,,,A
821,12,fi,tehdä,,,,,,A
822,12,cs,dělat,,,,,,A
823,12,hu,csinálni,,,,,,A
824,12,ro,a face,,,,,,A
825,12,bg,правя,,,,pravya,A
826,12,sr,радити,,,,raditi,A
827,12,sk,robiť,,,,,,A
828,12,sl,delati,,,,,,A
829,12,lt,daryti,,,,,,A
830,12,lv,darīt,,,,,,A
831,12,et,tegema,,,,,,A
832,12,he,לעשות,,,,la'asot,A
833,12,ha,yi,,,,,,A
834,12,yo,ṣe,,,,,,A
835,12,ig,ime,,,,,,A
836,12,am,ማድረግ,,,,madrəg,A
837,12,ti,ከም,,,,käm,A
838,12,ne,गर्नु,,,,garnu,A
839,12,ta,செய்,,,,cey,A
840,12,te,చేయు,,,,cēyu,A
841,12,ml,ചെയ്യുക,,,,ceyyuka,A
842,12,mr,करणे,,,,karṇe,A
843,12,pa,ਕਰਨਾ,,,,karnā,A
844,12,gu,કરવું,,,,karvũ,A
845,12,si,කරනවා,,,,karanavā,A
846,12,km,ធ្វើ,,,,thveu,A
847,12,is,gera,,,,,,A
848,12,tl,gumawa,,,,,,A
849,12,ms,buat,,,,,,A
850,12,jv,nindakaké,,,,,,A
851,12,kk,жасау,,,,jasau,A
852,12,uz,qilmoq,,,,,,A
853,12,mn,хийх,,,,khiikh,A
854,12,ka,გაკეთება,,,,gak'et'eba,A
855,12,hy,անել,,,,anel,A
856,12,eu,egin,,,,,,A
857,12,ca,fer,,,,,,A
858,12,gl,facer,,,,,,A
859,12,ga,déan,,,,,,A
860,12,cy,gwneud,,,,,,A
861,12,gd,dèan,,,,,,A
862,12,lb,maachen,,,,,,A
863,12,eo,fari,,,,,,A
864,12,la,facere,,,,,,A
865,13,en,on,,,,,,A
866,13,es,en/sobre,,,,,,A
867,13,fr,sur,,,,,,A
868,13,pt,em/sobre,,,,,,A
869,13,de,auf,,,,,,A
870,13,it,su,,,,,,A
871,13,ru,на,,,,na,A
872,13,ar,على,,,,ʿalā,A
873,13,hi,पर,,,,par,A
874,13,bn,উপর,,,,upôr,A
875,13,ur,پر,,,,par,A
876,13,fa,بر,,,,bar,A
877,13,tr,üzerinde,,,,,,A
878,13,ja,上に,,,,ue ni,A
879,13,ko,위에,,,,wie,A
880,13,zh-cn,在...上,,,,zài...shàng,A
881,13,zh-tw,在...上,,,,zài...shàng,A
882,13,vi,trên,,,,,,A
883,13,th,บน,,,,bon,A
884,13,id,di atas,,,,,,A
885,13,sw,juu ya,,,,,,A
886,13,nl,op,,,,,,A
887,13,pl,na,,,,,,A
888,13,uk,на,,,,na,A
889,13,el,πάνω σε,,,,páno se,A
890,13,sv,på,,,,,,A
891,13,no,på,,,,,,A
892,13,da,på,,,,,,A
893,13,fi,-lla/-llä,,,,,,A
894,13,cs,na,,,,,,A
895,13,hu,-n/-on/-en,,,,,,A
896,13,ro,pe,,,,,,A
897,13,bg,на,,,,na,A
898,13,sr,на,,,,na,A
899,13,sk,na,,,,,,A
900,13,sl,na,,,,,,A
901,13,lt,ant,,,,,,A
902,13,lv,uz,,,,,,A
903,13,et,peal,,,,,,A
904,13,he,על,,,,al,A
905,13,ha,a kan,,,,,,A
906,13,yọ,lórí,,,,,,A
907,13,ig,n'elu,,,,,,A
908,13,am,ላይ,,,,lay,A
909,13,ti,ኣብ...ላዕሊ,,,,'ab...la'əli,A
910,13,ne,माथि,,,,māthi,A
911,13,ta,மேல்,,,,mēl,A
912,13,te,పైన,,,,paina,A
913,13,ml,മീതെ,,,,mīthe,A
914,13,mr,वर,,,,var,A
915,13,pa,ਉੱਪਰ,,,,uppara,A
916,13,gu,ઉપર,,,,upara,A
917,13,si,ඉහල,,,,ihala,A
918,13,km,ពីលើ,,,,pi leu,A
919,13,is,á,,,,,,A
920,13,tl,sa ibabaw,,,,,,A
921,13,ms,di atas,,,,,,A
922,13,jv,ing ndhuwur,,,,,,A
923,13,kk,үстінде,,,,üstinde,A
924,13,uz,ustida,,,,,,A
925,13,mn,дээр,,,,deer,A
926,13,ka,ზედა/ზემოთ,,,,zeda/zemot,A
927,13,hy,վրա,,,,vra,A
928,13,eu,gainean,,,,,,A
929,13,ca,sobre/a dalt,,,,,,A
930,13,gl,sobre/encima,,,,,,A
931,13,ga,ar,,,,,,A
932,13,cy,ar,,,,,,A
933,13,gd,air,,,,,,A
934,13,lb,op,,,,,,A
935,13,eo,sur,,,,,,A
936,13,la,in/super,,,,,,A
937,14,en,for,,,,,,A
938,14,es,para/por,,,,,,A
939,14,fr,pour,,,,,,A
940,14,pt,para/por,,,,,,A
941,14,de,für,,,,,,A
942,14,it,per,,,,,,A
943,14,ru,для,,,,dlya,A
944,14,ar,ل,,,,li,A
945,14,hi,के लिए,,,,ke lie,A
946,14,bn,জন্য,,,,jônnô,A
947,14,ur,کے لیے,,,,ke liye,A
948,14,fa,برای,,,,barâye,A
949,14,tr,için,,,,,,A
950,14,ja,ために,,,,tame ni,A
951,14,ko,위해,,,,wihae,A
952,14,zh-cn,为了,,,,wèile,A
953,14,zh-tw,為了,,,,wèile,A
954,14,vi,cho/để,,,,,,A
955,14,th,สำหรับ,,,,sảmh̄rạb,A
956,14,id,untuk,,,,,,A
957,14,sw,kwa,,,,,,A
958,14,nl,voor,,,,,,A
959,14,pl,dla,,,,,,A
960,14,uk,для,,,,dlya,A
961,14,el,για,,,,yia,A
962,14,sv,för,,,,,,A
963,14,no,for/til,,,,,,A
964,14,da,for/til,,,,,,A
965,14,fi,-lle/varten,,,,,,A
966,14,cs,pro,,,,,,A
967,14,hu,-nak/-nek/számára,,,,,,A
968,14,ro,pentru,,,,,,A
969,14,bg,за,,,,za,A
970,14,sr,за,,,,za,A
971,14,sk,pre,,,,,,A
972,14,sl,za,,,,,,A
973,14,lt,už/į,,,,,,A
974,14,lv,par,,,,,,A
975,14,et,jooksul/jaoks,,,,,,A
976,14,he,בעבור/ל,,,,be'avur/le,A
977,14,ha,don,,,,,,A
978,14,yo,fún,,,,,,A
979,14,ig,maka,,,,,,A
980,14,am,ለ,,,,lä,A
981,14,ti,ን,,,,nə,A
982,14,ne,को लागि,,,,ko lāgi,A
983,14,ta,க்கு,,,,kku,A
984,14,te,కోసం,,,,kōsaṁ,A
985,14,ml,വേണ്ടി,,,,vēṇṭi,A
986,14,mr,साठी,,,,sāṭhī,A
987,14,pa,ਲਈ,,,,la'ī,A
988,14,gu,માટે,,,,māṭe,A
989,14,si,වෙනුවෙන්,,,,venuven,A
990,14,km,សម្រាប់,,,,sâmráb,A
991,14,is,fyrir,,,,,,A
992,14,tl,para,,,,,,A
993,14,ms,untuk,,,,,,A
994,14,jv,kanggo,,,,,,A
995,14,kk,үшін,,,,üşin,A
996,14,uz,uchun,,,,,,A
997,14,mn,өмнө/дээр,,,,ömnö/deer,A
998,14,ka,თვის,,,,tvis,A
999,14,hy,համար,,,,hamar,A
1000,14,eu,-(r)entzat,,,,,,A
1001,14,ca,per/a,,,,,,A
1002,14,gl,para/por,,,,,,A
1003,14,ga,do,,,,,,A
1004,14,cy,i/ar gyfer,,,,,,A
1005,14,gd,airson,,,,,,A
1006,14,lb,fir,,,,,,A
1007,14,eo,por,,,,,,A
1008,14,la,pro,,,,,,A
1009,15,en,to say,,,,,,A
1010,15,es,decir,,,,,,A
1011,15,fr,dire,,,,,,A
1012,15,pt,dizer,,,,,,A
1013,15,de,sagen,,,,,,A
1014,15,it,dire,,,,,,A
1015,15,ru,говорить/сказать,,,,govorit'/skazat',A
1016,15,ar,يقول,,,,yaqūl,A
1017,15,hi,कहना,,,,kahnā,A
1018,15,bn,বলা,,,,bôlā,A
1019,15,ur,کہنا,,,,kahnā,A
1020,15,fa,گفتن,,,,goftan,A
1021,15,tr,söylemek,,,,,,A
1022,15,ja,言う,,,,iu,A
1023,15,ko,말하다,,,,malhada,A
1024,15,zh-cn,说,,,,shuō,A
1025,15,zh-tw,說,,,,shuō,A
1026,15,vi,nói,,,,,,A
1027,15,th,พูด,,,,phūd,A
1028,15,id,mengatakan,,,,,,A
1029,15,sw,kusema,,,,,,A
1030,15,nl,zeggen,,,,,,A
1031,15,pl,mówić/powiedzieć,,,,,,A
1032,15,uk,говорити/сказати,,,,hovoryty/skazaty,A
1033,15,el,λέω,,,,léo,A
1034,15,sv,säga,,,,,,A
1035,15,no,si,,,,,,A
1036,15,da,sige,,,,,,A
1037,15,fi,sanoa,,,,,,A
1038,15,cs,říci/říkat,,,,,,A
1039,15,hu,mondani,,,,,,A
1040,15,ro,a spune,,,,,,A
1041,15,bg,казвам,,,,kazvam,A
1042,15,sr,рећи/казати,,,,reći/kazati,A
1043,15,sk,povedať/hovoriť,,,,,,A
1044,15,sl,reči,,,,,,A
1045,15,lt,pasakyti/sakyti,,,,,,A
1046,15,lv,sacīt,,,,,,A
1047,15,et,ütlema,,,,,,A
1048,15,he,לומר,,,,lomér,A
1049,15,ha,cewa,,,,,,A
1050,15,yo,sọ,,,,,,A
1051,15,ig,kwuo,,,,,,A
1052,15,am,ማለት,,,,malet,A
1053,15,ti,በል,,,,bäl,A
1054,15,ne,भन्नु,,,,bhannu,A
1055,15,ta,சொல்,,,,col,A
1056,15,te,చెప్పు,,,,ceppu,A
1057,15,ml,പറയുക,,,,paṟayuka,A
1058,15,mr,म्हणणे,,,,mhaṇaṇe,A
1059,15,pa,ਕਹਿਣਾ,,,,kahiṇā,A
1060,15,gu,કહેવું,,,,kahevũ,A
1061,15,si,කියනවා,,,,kiyanavā,A
1062,15,km,និយាយ,,,,niyeay,A
1063,15,is,segja,,,,,,A
1064,15,tl,sabihin,,,,,,A
1065,15,ms,kata,,,,,,A
1066,15,jv,ngomong,,,,,,A
1067,15,kk,деу,,,,dew,A
1068,15,uz,demak/aytmoq,,,,,,A
1069,15,mn,хэлэх,,,,khelekh,A
1070,15,ka,თქმა,,,,tk'ma,A
1071,15,hy,ասել,,,,asel,A
1072,15,eu,esan,,,,,,A
1073,15,ca,dir,,,,,,A
1074,15,gl,dicir,,,,,,A
1075,15,ga,rá,,,,,,A
1076,15,cy,dweud,,,,,,A
1077,15,gd,abhair/can,,,,,,A
1078,15,lb,soen,,,,,,A
1079,15,eo,diri,,,,,,A
1080,15,la,dicere,,,,,,A
1081,16,en,they,,,,,,A
1082,16,es,ellos/ellas,,,,,,A
1083,16,fr,ils/elles,,,,,,A
1084,16,pt,eles/elas,,,,,,A
1085,16,de,sie,,,,,,A
1086,16,it,loro,,,,,,A
1087,16,ru,они,,,,oni,A
1088,16,ar,هم/هن,,,,hum/hunna,A
1089,16,hi,वे,,,,ve,A
1090,16,bn,তারা,,,,tārā,A
1091,16,ur,وہ,,,,woh,A
1092,16,fa,آنها/ایشان,,,,ānhā/īshān,A
1093,16,tr,onlar,,,,,,A
1094,16,ja,彼ら/彼女ら,,,,karera/kanojora,A
1095,16,ko,그들,,,,geudeul,A
1096,16,zh-cn,他们/她们/它们,,,,tāmen,A
1097,16,zh-tw,他們/她們/它們,,,,tāmen,A
1098,16,vi,họ,,,,,,A
1099,16,th,พวกเขา,,,,phûak khǎo,A
1100,16,id,mereka,,,,,,A
1101,16,sw,wao,,,,,,A
1102,16,nl,zij/hen,,,,,,A
1103,16,pl,oni/one,,,,,,A
1104,16,uk,вони,,,,vony,A
1105,16,el,αυτοί/αυτές/αυτά,,,,aftí/aftés/aftá,A
1106,16,sv,de,,,,,,A
1107,16,no,de,,,,,,A
1108,16,da,de,,,,,,A
1109,16,fi,he,,,,,,A
1110,16,cs,oni/ony/ona,,,,,,A
1111,16,hu,ők,,,,,,A
1112,16,ro,ei/ele,,,,,,A
1113,16,bg,те,,,,te,A
1114,16,sr,они,,,,oni,A
1115,16,sk,oni/ony/ona,,,,,,A
1116,16,sl,oni/one/ona,,,,,,A
1117,16,lt,jie/jos,,,,,,A
1118,16,lv,viņi/viņas,,,,,,A
1119,16,et,nemad,,,,,,A
1120,16,he,הם/הן,,,,hem/hen,A
1121,16,ha,sũ,,,,,,A
1122,16,yo,wọn,,,,,,A
1123,16,ig,ha,,,,,,A
1124,16,am,እነሱ/እነሷ,,,,'ənässu/'ənässʷa,A
1125,16,ti,እሶም/እሰን,,,,əsom/əsän,A
1126,16,ne,उनीहरू,,,,unīharū,A
1127,16,ta,அவர்கள்/அவை,,,,avarkaḷ/avai,A
1128,16,te,వారు/అవి,,,,vāru/avi,A
1129,16,ml,അവർ/അവ,,,,avar/ava,A
1130,16,mr,ते,,,,te,A
1131,16,pa,ਉਹ,,,,uh,A
1132,16,gu,તેઓ,,,,teo,A
1133,16,si,ඔවුන්/ඔවුහු,,,,ovun/ovuhu,A
1134,16,km,ពួកគេ/វា/គេ,,,,puək kei/vea/kei,A
1135,16,is,þeir/þær/þau,,,,,,A
1136,16,tl,sila,,,,,,A
1137,16,ms,mereka,,,,,,A
1138,16,jv,wong-wong mau,,,,,,A
1139,16,kk,олар,,,,olar,A
1140,16,uz,ular,,,,,,A
1141,16,mn,тэд/тэд нар,,,,ted/ted nar,A
1142,16,ka,ისინი,,,,isini,A
1143,16,hy,նրանք,,,,nrank,A
1144,16,eu,haiek,,,,,,A
1145,16,ca,ells/elles,,,,,,A
1146,16,gl,eles/elas,,,,,,A
1147,16,ga,siad,,,,,,A
1148,16,cy,nhw,,,,,,A
1149,16,gd,iad,,,,,,A
1150,16,lb,si,,,,,,A
1151,16,eo,ili,,,,,,A
1152,16,la,illi/illae,,,,,,A
1153,17,en,at,,,,,,A
1154,17,es,a/en,,,,,,A
1155,17,fr,à,,,,,,A
1156,17,pt,a/em,,,,,,A
1157,17,de,bei/an,,,,,,A
1158,17,it,a/da,,,,,,A
1159,17,ru,y/на,,,,u/na,A
1160,17,ar,عند/في,,,,ʿinda/fī,A
1161,17,hi,पर/में,,,,par/mẽ,A
1162,17,bn,এ,,,,e,A
1163,17,ur,پر/میں,,,,par/mẽ,A
1164,17,fa,در/به,,,,dar/be,A
1165,17,tr,-de/-da,,,,,,A
1166,17,ja,で/に,,,,de/ni,A
1167,17,ko,에/에서,,,,e/eseo,A
1168,17,zh-cn,在,,,,zài,A
1169,17,zh-tw,在,,,,zài,A
1170,17,vi,ở/tại,,,,,,A
1171,17,th,ที่,,,,thī̀,A
1172,17,di,,,,,,A
1173,17,sw,pale,,,,,,A
1174,17,nl,op/aan,,,,,,A
1175,17,pl,przy/na,,,,,,A
1176,17,uk,у/на,,,,u/na,A
1177,17,el,στο/σε,,,,sto/se,A
1178,17,sv,på/vid,,,,,,A
1179,17,no,på/ved,,,,,,A
1180,17,da,på/ved,,,,,,A
1181,17,fi,-lla/-llä/-ssa/-ssä,,,,,,A
1182,17,cs,u/na,,,,,,A
1183,17,hu,-nál/-nél,,,,,,A
1184,17,pe,,,,,,A
1185,17,bg,при/на,,,,pri/na,A
1186,17,sr,код/на,,,,kod/na,A
1187,17,sk,pri/na,,,,,,A
1188,17,sl,pri/na,,,,,,A
1189,17,lt,prie/ties,,,,,,A
1190,17,lv,pie/priekšā,,,,,,A
1191,17,et,-l/-l/-s,,,,,,A
1192,17,he,ב.../אצל,,,,be.../etsel,A
1193,17,ha,a,,,,,,A
1194,17,yo,ni,,,,,,A
1195,17,ig,na,,,,,,A
1196,17,am,አብ/አዲራስ,,,,'ab/'adiras,A
1197,17,ti,ኣብ,,,,'ab,A
1198,17,ne,मा,,,,mā,A
1199,17,ta,இல்/அடி,,,,il/aṭi,A
1200,17,te,లో/దగ్గర,,,,lō/daggara,A
1201,17,ml,ഇൽ/വെച്ച്,,,,il/vecc,A
1202,17,mr,कडे/जवळ,,,,kaḍe/javaḷ,A
1203,17,pa,ਤੇ/ਨੇੜੇ,,,,te/neṛe,A
1204,17,gu,એ/પર,,,,e/para,A
1205,17,si,වෙන/දී,,,,vena/dī,A
1206,17,km,នៅ/ទី,,,,now/ti,A
1207,17,is,við/á,,,,,,A
1208,17,tl,sa,,,,,,A
1209,17,ms,di,,,,,,A
1210,17,jv,ing,,,,,,A
1211,17,kk,-да/-де,,,,-da/-de,A
1212,17,uz,-da/-da,,,,,,A
1213,17,mn,дээр/хаяг дээр,,,,deer/khayag deer,A
1214,17,ka,-ზე/-ში,,,,-ze/-shi,A
1215,17,hy,-ում/ժամը,,,,-um/zhamy,A
1216,17,eu,-(e)an/-tan,,,,,,A
1217,17,ca,a/en,,,,,,A
1218,17,gl,en/a,,,,,,A
1219,17,ga,ag/ar,,,,,,A
1220,17,cy,wrth/yn,,,,,,A
1221,17,gd,aig/air,,,,,,A
1222,17,lb,bei/op,,,,,,A
1223,17,eo,ĉe/apud,,,,,,A
1224,17,la,apud/ad,,,,,,A
1225,18,en,but,,,,,,A
1226,18,es,pero,,,,,,A
1227,18,fr,mais,,,,,,A
1228,18,pt,mas,,,,,,A
1229,18,de,aber,,,,,,A
1230,18,it,ma,,,,,,A
1231,18,ru,но,,,,no,A
1232,18,ar,لكن,,,,lākin,A
1233,18,hi,लेकिन/परन्तु,,,,lekin/parantu,A
1234,18,bn,কিন্তু,,,,kintu,A
1235,18,ur,لیکن/مگر,,,,lekin/magar,A
1236,18,fa,اما/ولی,,,,ammā/vali,A
1237,18,tr,ama/fakat,,,,,,A
1238,18,ja,しかし/けど,,,,shikashi/kedo,A
1239,18,ko,그러나/하지만,,,,geureona/hajiman,A
1240,18,zh-cn,但是,,,,dànshì,A
1241,18,zh-tw,但是,,,,dànshì,A
1242,18,vi,nhưng,,,,,,A
1243,18,th,แต่,,,,tæ̀,A
1244,18,id,tetapi,,,,,,A
1245,18,sw,lakini,,,,,,A
1246,18,nl,maar,,,,,,A
1247,18,pl,ale,,,,,,A
1248,18,uk,але,,,,ale,A
1249,18,el,αλλά,,,,allá,A
1250,18,sv,men,,,,,,A
1251,18,no,men,,,,,,A
1252,18,da,men,,,,,,A
1253,18,fi,mutta,,,,,,A
1254,18,cs,ale,,,,,,A
1255,18,hu,de/viszont,,,,,,A
1256,18,ro,dar,,,,,,A
1257,18,bg,но,,,,no,A
1258,18,sr,али,,,,ali,A
1259,18,sk,ale,,,,,,A
1260,18,sl,ampak/toda,,,,,,A
1261,18,lt,bet,,,,,,A
1262,18,lv,bet,,,,,,A
1263,18,et,aga,,,,,,A
1264,18,he,אבל,,,,aval,A
1265,18,ha,amma,,,,,,A
1266,18,yo,ṣugbọn,,,,,,A
1267,18,ig,mana,,,,,,A
1268,18,am,ግን,,,,gən,A
1269,18,ti,ይኹን እምበር,,,,yəxun əmbär,A
1270,18,ne,तर,,,,tara,A
1271,18,ta,ஆனால்,,,,āṉāl,A
1272,18,te,కానీ,,,,kānī,A
1273,18,ml,പക്ഷേ,,,,pakṣē,A
1274,18,mr,पण,,,,paṇ,A
1275,18,pa,ਪਰ,,,,par,A
1276,18,gu,પણ,,,,paṇ,A
1277,18,si,නමුත්,,,,namut,A
1278,18,km,ប៉ុន្តែ,,,,pontae,A
1279,18,is,en,,,,,,A
1280,18,tl,ngunit/pero,,,,,,A
1281,18,ms,tetapi,,,,,,A
1282,18,jv,nanging,,,,,,A
1283,18,kk,бірақ,,,,biraq,A
1284,18,uz,lekin/ammo,,,,,,A
1285,18,mn,гэхдээ,,,,gékhedee,A
1286,18,ka,მაგრამ,,,,magram,A
1287,18,hy,բայց,,,,bayts,A
1288,18,eu,baina,,,,,,A
1289,18,ca,però,,,,,,A
1290,18,gl,pero,,,,,,A
1291,18,ga,ach,,,,,,A
1292,18,cy,ond,,,,,,A
1293,18,gd,ach,,,,,,A
1294,18,lb,awer,,,,,,A
1295,18,eo,sed,,,,,,A
1296,18,la,sed,,,,,,A
1297,19,en,we,,,,,,A
1298,19,es,nosotros/nosotras,,,,,,A
1299,19,fr,nous,,,,,,A
1300,19,pt,nós,,,,,,A
1301,19,de,wir,,,,,,A
1302,19,it,noi,,,,,,A
1303,19,ru,мы,,,,my,A
1304,19,ar,نحن,,,,naḥnu,A
1305,19,hi,हम,,,,ham,A
1306,19,bn,আমরা,,,,āmrā,A
1307,19,ur,ہم,,,,ham,A
1308,19,fa,ما,,,,mā,A
1309,19,tr,biz,,,,,,A
1310,19,ja,私たち,,,,watashitachi,A
1311,19,ko,우리,,,,uri,A
1312,19,zh-cn,我们/咱们,,,,wǒmen/zánmen,A
1313,19,zh-tw,我們/咱們,,,,wǒmen/zánmen,A
1314,19,vi,chúng tôi/chúng ta,,,,,,A
1315,19,th,เรา,,,,rao,A
1316,19,id,kami/kita,,,,,,A
1317,19,sw,sisi,,,,,,A
1318,19,nl,wij,,,,,,A
1319,19,pl,my,,,,,,A
1320,19,uk,ми,,,,my,A
1321,19,el,εμείς,,,,emeís,A
1322,19,sv,vi,,,,,,A
1323,19,no,vi,,,,,,A
1324,19,da,vi,,,,,,A
1325,19,fi,me,,,,,,A
1326,19,cs,my,,,,,,A
1327,19,hu,mi,,,,,,A
1328,19,ro,noi,,,,,,A
1329,19,bg,ние,,,,nie,A
1330,19,sr,ми,,,,mi,A
1331,19,sk,my,,,,,,A
1332,19,sl,mi,,,,,,A
1333,19,lt,mes,,,,,,A
1334,19,lv,mēs,,,,,,A
1335,19,et,meie,,,,,,A
1336,19,he,אנחנו,,,,anákhnu,A
1337,19,ha,mu,,,,,,A
1338,19,yo,a wa,,,,,,A
1339,19,ig,anyi,,,,,,A
1340,19,am,እኛ,,,,'əña,A
1341,19,ti,ንሕና,,,,nəḥna,A
1342,19,ne,हामी,,,,hāmī,A
1343,19,ta,நாங்கள்/நாம்,,,,nāṅkaḷ/nām,A
1344,19,te,మేము/మనము,,,,mēmu/manamu,A
1345,19,ml,ഞങ്ങൾ/നമ്മൾ,,,,ñaṅṅaḷ/nammaḷ,A
1346,19,mr,आम्ही,,,,āmhī,A
1347,19,pa,ਅਸੀਂ,,,,asī̃,A
1348,19,gu,અમે,,,,ame,A
1349,19,si,අපි,,,,api,A
1350,19,km,យើង,,,,yeung,A
1351,19,is,við,,,,,,A
1352,19,tl,kami/tayo,,,,,,A
1353,19,ms,kami/kita,,,,,,A
1354,19,jv,kita,,,,,,A
1355,19,kk,біз,,,,biz,A
1356,19,uz,biz,,,,,,A
1357,19,mn,бид,,,,bid,A
1358,19,ka,ჩვენ,,,,chven,A
1359,19,hy,մենք,,,,menk,A
1360,19,eu,gu,,,,,,A
1361,19,ca,nosaltres,,,,,,A
1362,19,gl,nós,,,,,,A
1363,19,ga,muid/sinn,,,,,,A
1364,19,cy,ni,,,,,,A
1365,19,gd,sinn,,,,,,A
1366,19,lb,mir,,,,,,A
1367,19,eo,ni,,,,,,A
1368,19,la,nos,,,,,,A
1369,20,en,his,,,,,,A
1370,20,es,su/sus,,,,,,A
1371,20,fr,son/sa/ses,,,,,,A
1372,20,pt,seu/sua,,,,,,A
1373,20,de,sein/seine,,,,,,A
1374,20,il,suo/sua,,,,,,A
1375,20,ru,его,,,,yego,A
1376,20,ar,له,,,,lahu,A
1377,20,hi,उसका,,,,uskā,A
1378,20,bn,তার,,,,tār,A
1379,20,ur,اس کا,,,,us kā,A
1380,20,fa,او/اش,,,,u/ash,A
1381,20,tr,onun,,,,,,A
1382,20,ja,彼の,,,,kare no,A
1383,20,ko,그의,,,,geuui,A
1384,20,zh-cn,他的,,,,tā de,A
1385,20,zh-tw,他的,,,,tā de,A
1386,20,vi,của anh ấy,,,,,,A
1387,20,th,ของเขา,,,,k̄hxng khǎo,A
1388,20,id,nya/dia,,,,,,A
1389,20,sw,ake,,,,,,A
1390,20,nl,zijn,,,,,,A
1391,20,pl,jego,,,,,,A
1392,20,uk,його,,,,yoho,A
1393,20,el,του,,,,tou,A
1394,20,sv,hans,,,,,,A
1395,20,no,hans,,,,,,A
1396,20,da,hans,,,,,,A
1397,20,fi,hänen,,,,,,A
1398,20,cs,jeho,,,,,,A
1399,20,hu,az ő,,,,,,A
1400,20,ro,lui,,,,,,A
1401,20,bg,негов,,,,negov,A
1402,20,sr,његов/njegov,,,,njegov,A
1403,20,sk,jeho,,,,,,A
1404,20,sl,njegov,,,,,,A
1405,20,lt,jo,,,,,,A
1406,20,lv,viņa,,,,,,A
1407,20,et,tema/ta,,,,,,A
1408,20,he,שלו,,,,shelo,A
1409,20,ha,nasa,,,,,,A
1410,20,yo,rẹ̀,,,,,,A
1411,20,ig,ya/ya ya,,,,,,A
1412,20,am,እሱን/የእሱ,,,,'əssun/ye'əssu,A
1413,20,ti,ናቱ,,,,natu,A
1414,20,ne,उसको,,,,usko,A
1415,20,ta,அவன்ுடைய,,,,avaṉuṭaiya,A
1416,20,te,అతని,,,,atani,A
1417,20,ml,അവന്റെ,,,,avanṟe,A
1418,20,mr,त्याचा,,,,tyācā,A
1419,20,pa,ਉਸਦਾ,,,,usdā,A
1420,20,gu,તેનું,,,,tenũ,A
1421,20,si,ඔහුගේ,,,,ohugē,A
1422,20,km,របស់គាត់,,,,rôbăs koătt,A
1423,20,is,hans,,,,,,A
1424,20,tl,niya,,,,,,A
1425,20,ms,nya/dia punya,,,,,,A
1426,20,jv,é,,,,,,A
1427,20,kk,оның,,,,onıñ,A
1428,20,uz,uning,,,,,,A
1429,20,mn,түүний,,,,tüünii,A
1430,20,ka,მისი,,,,misi,A
1431,20,hy,նրա,,,,nra,A
1432,20,eu,bere,,,,,,A
1433,20,ca,seu/sa,,,,,,A
1434,20,gl,seu/súa,,,,,,A
1435,20,ga,a,,,,,,A
1436,20,cy,ei,,,,,,A
1437,20,gd,a,,,,,,A
1438,20,lb,seng,,,,,,A
1439,20,eo,lia,,,,,,A
1440,20,la,eius,,,,,,A
1441,21,en,from,,,,,,A
1442,21,es,de/desde,,,,,,A
1443,21,fr,de,,,,,,A
1444,21,pt,de,,,,,,A
1445,21,de,von/aus,,,,,,A
1446,21,it,da/di,,,,,,A
1447,21,ru,из/от,,,,iz/ot,A
1448,21,ar,من/عن,,,,min/ʿan,A
1449,21,hi,से,,,,se,A
1450,21,bn,থেকে,,,,theke,A
1451,21,ur,سے,,,,se,A
1452,21,fa,از,,,,az,A
1453,21,tr,-den/-dan,,,,,,A
1454,21,ja,から,,,,kara,A
1455,21,ko,에서/부터,,,,eseo/buteo,A
1456,21,zh-cn,从/来自,,,,cóng/láizì,A
1457,21,zh-tw,從/來自,,,,cóng/láizì,A
1458,21,vi,từ,,,,,,A
1459,21,th,จาก,,,,cāk,A
1460,21,id,dari,,,,,,A
1461,21,sw,kutoka,,,,,,A
1462,21,nl,van/uit,,,,,,A
1463,21,pl,z/od,,,,,,A
1464,21,uk,від/з,,,,vid/z,A
1465,21,el,από,,,,apó,A
1466,21,sv,från,,,,,,A
1467,21,no,fra,,,,,,A
1468,21,da,fra,,,,,,A
1469,21,fi,-sta/-stä,,,,,,A
1470,21,cs,z/od,,,,,,A
1471,21,hu,-tól/-től,,,,,,A
1472,21,ro,de/la,,,,,,A
1473,21,bg,от,,,,ot,A
1474,21,sr,од/из,,,,od/iz,A
1475,21,sk,z/od,,,,,,A
1476,21,sl,iz/od,,,,,,A
1477,21,lt,iš/nuo,,,,,,A
1478,21,lv,no,,,,,,A
1479,21,et,-st,,,,,,A
1480,21,he,מ...,,,,mi...,A
1481,21,ha,daga,,,,,,A
1482,21,yo,lati,,,,,,A
1483,21,ig,site na,,,,,,A
1484,21,am,ከ...,,,,kä...,A
1485,21,ti,ካብ,,,,kab,A
1486,21,ne,बाट,,,,bāṭa,A
1487,21,ta,இருந்து/லிருந்து,,,,iruntu/liruntu,A
1488,21,te,నుండి,,,,nuṇḍi,A
1489,21,ml,ഇൽ നിന്ന്,,,,il ninn,A
1490,21,mr,पासून/कडून,,,,pāsūn/kaḍūn,A
1491,21,pa,ਤੋਂ,,,,tõ,A
1492,21,gu,માંથી,,,,mā̃thī,A
1493,21,si,සිට/ගෙන්,,,,siṭa/gen,A
1494,21,km,ពី/មកពី,,,,pi/mɔk pi,A
1495,21,is,af/frá,,,,,,A
1496,21,tl,mula sa/galing sa,,,,,,A
1497,21,ms,dari,,,,,,A
1498,21,jv,saka,,,,,,A
1499,21,kk,-дан/-ден,,,,-dan/-den,A
1500,21,uz,-dan,,,,,,A
1501,21,mn,-аас/-ээс/-оос/-өөс,,,,-aas/-ees/-oos/-öös,A
1502,21,ka,დან,,,,dan,A
1503,21,hy,ից,,,,its,A
1504,21,eu,-(e)tik,,,,,,A
1505,21,ca,de/des de,,,,,,A
1506,21,gl,de/desde,,,,,,A
1507,21,ga,ó/as,,,,,,A
1508,21,cy,o/od,,,,,,A
1509,21,gd,bho/à,,,,,,A
1510,21,lb,vu,,,,,,A
1511,21,eo,de/el,,,,,,A
1512,21,la,ab/ex,,,,,,A
1513,22,en,not,,,,,,A
1514,22,es,no,,,,,,A
1515,22,fr,ne...pas,,,,,,A
1516,22,pt,não,,,,,,A
1517,22,de,nicht,,,,,,A
1518,22,it,non,,,,,,A
1519,22,ru,не,,,,ne,A
1520,22,ar,لا,,,,lā,A
1521,22,hi,नहीं,,,,nahī̃,A
1522,22,bn,না,,,,nā,A
1523,22,ur,نہیں,,,,nahī̃,A
1524,22,fa,نه,,,,na,A
1525,22,tr,değil/me/ma,,,,,,A
1526,22,ja,ない,,,,nai,A
1527,22,ko,안/못,,,,an/mot,A
1528,22,zh-cn,不/没,,,,bù/méi,A
1529,22,zh-tw,不/沒,,,,bù/méi,A
1530,22,vi,không,,,,,,A
1531,22,th,ไม่,,,,mâi,A
1532,22,id,tidak/bukan,,,,,,A
1533,22,sw,si,,,,,,A
1534,22,nl,niet,,,,,,A
1535,22,pl,nie,,,,,,A
1536,22,uk,не,,,,ne,A
1537,22,el,δεν,,,,den,A
1538,22,sv,inte,,,,,,A
1539,22,no,ikke,,,,,,A
1540,22,da,ikke,,,,,,A
1541,22,fi,ei,,,,,,A
1542,22,cs,ne,,,,,,A
1543,22,hu,nem,,,,,,A
1544,22,ro,nu,,,,,,A
1545,22,bg,не,,,,ne,A
1546,22,sr,не,,,,ne,A
1547,22,sk,nie,,,,,,A
1548,22,sl,ne,,,,,,A
1549,22,lt,ne,,,,,,A
1550,22,lv,ne,,,,,,A
1551,22,et,ei,,,,,,A
1552,22,he,לא,,,,lo,A
1553,22,ha,ba,,,,,,A
1554,22,yo,kò,,,,,,A
1555,22,ig,ọ bụghị,,,,,,A
1556,22,am,አይደለም,,,,'aydäläm,A
1557,22,ti,ኣይኮነን,,,,'aykonän,A
1558,22,ne,होइन,,,,hoina,A
1559,22,ta,இல்லை,,,,illai,A
1560,22,te,కాదు,,,,kādu,A
1561,22,ml,അല്ല,,,,alla,A
1562,22,mr,नाही,,,,nāhī,A
1563,22,pa,ਨਹੀਂ,,,,nahī̃,A
1564,22,gu,નથી,,,,nathī,A
1565,22,si,නැත,,,,næta,A
1566,22,km,មិន...,,,,mɨn...,A
1567,22,is,ekki,,,,,,A
1568,22,tl,hindi,,,,,,A
1569,22,ms,tidak/bukan,,,,,,A
1570,22,jv,ora,,,,,,A
1571,22,kk,емес,,,,emes,A
1572,22,uz,emas,,,,,,A
1573,22,mn,биш,,,,bish,A
1574,22,ka,არ,,,,ar,A
1575,22,hy,ոչ,,,,voch,A
1576,22,au,ez,,,,,,A
1577,22,ca,no,,,,,,A
1578,22,gl,non,,,,,,A
1579,22,ga,ní,,,,,,A
1580,22,cy,dim,,,,,,A
1581,22,gd,chan eil/cha,,,,,,A
1582,22,lb,net,,,,,,A
1583,22,eo,ne,,,,,,A
1584,22,la,non,,,,,,A
1585,23,en,to get,,,,,,A
1586,23,es,conseguir/obtener,,,,,,A
1587,23,fr,obtenir,,,,,,A
1588,23,pt,conseguir/obter,,,,,,A
1589,23,de,bekommen/erhalten,,,,,,A
1590,23,it,ottenere,,,,,,A
1591,23,ru,получать/получить,,,,poluchat'/poluchit',A
1592,23,ar,يحصل على,,,,yaḥṣul ʿalā,A
1593,23,hi,मिलना/पाना,,,,milnā/pānā,A
1594,23,bn,পাওয়া,,,,pāẏā,A
1595,23,ur,ملنا/پانا,,,,milnā/pānā,A
1596,23,fa,گرفتن/بدست آوردن,,,,gereftan/be dast āvardan,A
1597,23,tr,almak/elde etmek,,,,,,A
1598,23,ja,得る/手に入れる,,,,eru/te ni ireru,A
1599,23,ko,얻다/받다,,,,eotda/batda,A
1600,23,zh-cn,得到/获得,,,,dédào/huòdé,A
1601,23,zh-tw,得到/獲得,,,,dédào/huòdé,A
1602,23,vi,nhận được/lấy,,,,,,A
1603,23,th,ได้รับ/ได้,,,,dâi râp/dâi,A
1604,23,id,mendapatkan,,,,,,A
1605,23,sw,kupata,,,,,,A
1606,23,nl,krijgen/verkrijgen,,,,,,A
1607,23,pl,dostawać/dostać,,,,,,A
1608,23,uk,отримувати/діставати,,,,otrymuvaty/distavaty,A
1609,23,el,παίρνω/λαμβάνω,,,,paírno/lamváno,A
1610,23,sv,få,,,,,,A
1611,23,no,få,,,,,,A
1612,23,da,få,,,,,,A
1613,23,fi,saada,,,,,,A
1614,23,cs,dostat/dostávat,,,,,,A
1615,23,hu,kap/megkap,,,,,,A
1616,23,ro,a primi/a obține,,,,,,A
1617,23,bg,получавам,,,,poluchavam,A
1618,23,sr,добити/добијати,,,,dobiti/dobijati,A
1619,23,sk,dostať/dostávať,,,,,,A
1620,23,sl,dobiti,,,,,,A
1621,23,lt,gauti,,,,,,A
1622,23,lv,saņemt/iegūt,,,,,,A
1623,23,et,saama,,,,,,A
1624,23,he,לקבל,,,,lekabel,A
1625,23,ha,samu,,,,,,A
1626,23,yo,gba,,,,,,A
1627,23,ig,nweta,,,,,,A
1628,23,am,ማግኘት,,,,magənət',A
1629,23,ti,ምርካብ,,,,mərkab,A
1630,23,ne,पाउनु,,,,pāunu,A
1631,23,ta,கிடைக்க/பெற,,,,kiṭaikka/peṟa,A
1632,23,te,పొందు,,,,pondu,A
1633,23,ml,ലഭിക്കുക/കിട്ടുക,,,,labhikkuka/kiṭṭuka,A
1634,23,mr,मिळणे,,,,miḷaṇe,A
1635,23,pa,ਮਿਲਣਾ/ਪ੍ਰਾਪਤ ਕਰਨਾ,,,,milṇā/prāpat karnā,A
1636,23,gu,મળવું,,,,maḷvũ,A
1637,23,si,ලබා ගන්නවා,,,,labā gannavā,A
1638,23,km,ទទួលបាន,,,,tɔtuəl ban,A
1639,23,is,fá,,,,,,A
1640,23,tl,makuha,,,,,,A
1641,23,ms,mendapat,,,,,,A
1642,23,jv,oleh,,,,,,A
1643,23,kk,алу,,,,alu,A
1644,23,uz,olmoq,,,,,,A
1645,23,mn,авах/олох,,,,avakh/olokh,A
1646,23,ka,მიღება,,,,migheba,A
1647,23,hy,ստանալ,,,,stanal,A
1648,23,eu,lortu,,,,,,A
1649,23,ca,aconseguir/obtenir,,,,,,A
1650,23,gl,conseguir/obter,,,,,,A
1651,23,ga,faigh,,,,,,A
1652,23,cy,cael,,,,,,A
1653,23,gd,faigh,,,,,,A
1654,23,lb,kréien,,,,,,A
1655,23,eo,akiri,,,,,,A
1656,23,la,accipere,,,,,,A
1657,24,en,she,,,,,,A
1658,24,es,ella,,,,,,A
1659,24,fr,elle,,,,,,A
1660,24,pt,ela,,,,,,A
1661,24,de,sie,,,,,,A
1662,24,it,lei,,,,,,A
1663,24,ru,она,,,,ona,A
1664,24,ar,هي,,,,hiya,A
1665,24,hi,वह,,,,vah,A
1666,24,bn,সে,,,,se,A
1667,24,ur,وہ,,,,woh,A
1668,24,fa,او,,,,u,A
1669,24,tr,o,,,,,,A
1670,24,ja,彼女,,,,kanojo,A
1671,24,ko,그녀,,,,geunyeo,A
1672,24,zh-cn,她,,,,tā,A
1673,24,zh-tw,她,,,,tā,A
1674,24,vi,cô ấy/chị ấy,,,,,,A
1675,24,th,เธอ,,,,thoe,A
1676,24,id,dia,,,,,,A
1677,24,sw,yeye,,,,,,A
1678,24,nl,zij,,,,,,A
1679,24,pl,ona,,,,,,A
1680,24,uk,вона,,,,vona,A
1681,24,el,αυτή,,,,aftí,A
1682,24,sv,hon,,,,,,A
1683,24,no,hu,,,,,,A
1684,24,da,hun,,,,,,A
1685,24,fi,hän,,,,,,A
1686,24,cs,ona,,,,,,A
1687,24,hu,ő,,,,,,A
1688,24,ro,ea,,,,,,A
1689,24,bg,тя,,,,tya,A
1690,24,sr,она,,,,ona,A
1691,24,sk,ona,,,,,,A
1692,24,sl,ona,,,,,,A
1693,24,lt,ji,,,,,,A
1694,24,lv,viņa,,,,,,A
1695,24,et,tema/ta,,,,,,A
1696,24,he,היא,,,,hi,A
1697,24,ha,ita,,,,,,A
1698,24,yo,óun,,,,,,A
1699,24,ig,ọ,,,,,,A
1700,24,am,እሷ,,,,'əsʷa,A
1701,24,ti,ንሳ,,,,nəsa,A
1702,24,ne,उनी,,,,unī,A
1703,24,ta,அவள்,,,,avaḷ,A
1704,24,te,ఆమె,,,,āme,A
1705,24,ml,അവൾ,,,,avaḷ,A
1706,24,mr,ती,,,,tī,A
1707,24,pa,ਉਹ,,,,uh,A
1708,24,gu,તે,,,,te,A
1709,24,si,ඇය,,,,æya,A
1710,24,km,នាង,,,,neang,A
1711,24,is,hún,,,,,,A
1712,24,tl,siya,,,,,,A
1713,24,ms,dia,,,,,,A
1714,24,jv,dhèwèké,,,,,,A
1715,24,kk,ол,,,,ol,A
1716,24,uz,u,,,,,,A
1717,24,mn,тэр,,,,ter,A
1718,24,ka,ის,,,,is,A
1719,24,hy,նա,,,,na,A
1720,24,eu,hura,,,,,,A
1721,24,ca,ella,,,,,,A
1722,24,gl,ela,,,,,,A
1723,24,ga,sí,,,,,,A
1724,24,cy,hi,,,,,,A
1725,24,gd,i,,,,,,A
1726,24,lb,si,,,,,,A
1727,24,eo,ŝi,,,,,,A
1728,24,la,ea,,,,,,A
1729,25,en,by,,,,,,A
1730,25,es,por,,,,,,A
1731,25,fr,par,,,,,,A
1732,25,pt,por,,,,,,A
1733,25,de,von/durch,,,,,,A
1734,25,it,da/per,,,,,,A
1735,25,ru,,,,A
1736,25,ar,ب/بواسطة,,,,bi/biwāsita,A
1737,25,hi,द्वारा/से,,,,dvārā/se,A
1738,25,bn,দ্বারা/করায়,,,,dbārā/kôrāẏ,A
1739,25,ur,کی طرف سے/سے,,,,kī taraf se/se,A
1740,25,fa,توسط/به دست,,,,tavassot/be dast,A
1741,25,tr,tarafından/ile,,,,,,A
1742,25,ja,によって,,,,ni yotte,A
1743,25,ko,에 의해/로,,,,e uihae/ro,A
1744,25,zh-cn,被/由,,,,bèi/yóu,A
1745,25,zh-tw,被/由,,,,bèi/yóu,A
1746,25,vi,bởi/do,,,,,,A
1747,25,th,โดย,,,,doi,A
1748,25,id,oleh,,,,,,A
1749,25,sw,kwa,,,,,,A
1750,25,nl,door,,,,,,A
1751,25,pl,przez,,,,,,A
1752,25,uk,через/за,,,,cherez/za,A
1753,25,el,από/με,,,,apó/me,A
1754,25,sv,av,,,,,,A
1755,25,no,av/ved,,,,,,A
1756,25,da,af/ved,,,,,,A
1757,25,fi,-n/-lla,,,,,,A
1758,25,cs,od/pomocí,,,,,,A
1759,25,hu,által,,,,,,A
1760,25,ro,de/pe,,,,,,A
1761,25,bg,от/чрез,,,,ot/chrez,A
1762,25,sr,од/путем,,,,od/putem,A
1763,25,sk,od/cez,,,,,,A
1764,25,sl,s/z,,,,,,A
1765,25,lt,iki/pagal,,,,,,A
1766,25,lv,līdz/pēc,,,,,,A
1767,25,et,-ga/poolt,,,,,,A
1768,25,he,על ידי/על-ידי,,,,al yadéy/al-yadéy,A
1769,25,ha,ta,,,,,,A
1770,25,yo,nípa,,,,,,A
1771,25,ig,site,,,,,,A
1772,25,am,በ/ሊ,,,bä/li,A
1773,25,ti,ብ/ኣብ,,,,bə/'ab,A
1774,25,ne,द्वारा,,,,dvārā,A
1775,25,ta,மூலம்/வழியாக,,,,mūlam/vaḻiyāka,A
1776,25,te,ద్వారా/చేత,,,,dvārā/cēta,A
1777,25,ml,മൂലം/വഴി,,,,mūlaṁ/vaḻi,A
1778,25,mr,कडून/मार्फत,,,,kaḍūn/mārphat,A
1779,25,pa,ਦੁਆਰਾ/ਰਾਹੀਂ,,,,duārā/rāhī̃,A
1780,25,gu,દ્વારા/થી,,,,dvārā/thī,A
1781,25,si,මගින්/අතින්,,,,magin/atin,A
1782,25,km,ដោយ,,,,daoy,A
1783,25,is,af/með,,,,,,A
1784,25,tl,sa pamamagitan ng,,,,,,A
1785,25,ms,oleh,,,,,,A
1786,25,jv,dening,,,,,,A
1787,25,kk,арқылы/бойынша,,,,arqılı/bojınşa,A
1788,25,uz,tomonidan/orgali,,,,,,A
1789,25,mn,гэхэд/дагуу,,,,gekhed/daguu,A
1790,25,ka,მიერ,,,,mier,A
1791,25,hy,կողմից/միջոցով,,,,voghmic'/mijots'ov,A
1792,25,eu,-(e)k,,,,,,A
1793,25,ca,per/amb,,,,,,A
1794,25,gl,por,,,,,,A
1795,25,ga,ag,,,,,,A
1796,25,cy,gan/wrth,,,,,,A
1797,25,gd,le/air,,,,,,A
1798,25,lb,duerch/vun,,,,,,A
1799,25,eo,per/de,,,,,,A
1800,25,la,ab/per,,,,,,A
1801,26,en,with,,,,,,A
1802,26,es,con,,,,,,A
1803,26,fr,avec,,,,,,A
1804,26,pt,com,,,,,,A
1805,26,de,mit,,,,,,A
1806,26,it,con,,,,,,A
1807,26,ru,c,,,,s,A
1808,26,ar,مع,,,,maʿa,A
1809,26,hi,के साथ,,,,ke sāth,A
1810,26,bn,সাথে,,,,sāthe,A
1811,26,ur,کے ساتھ,,,,ke sāth,A
1812,26,fa,با,,,,bā,A
1813,26,tr,ile/beraber,,,,,,A
1814,26,ja,と一緒に,,,,to issho ni,A
1815,26,ko,와/과,,,,wa/gwa,A
1816,26,zh-cn,和/跟,,,,hé/gēn,A
1817,26,zh-tw,和/跟,,,,hé/gēn,A
1818,26,vi,với,,,,,,A
1819,26,th,กับ,,,,kàp,A
1820,26,id,dengan,,,,,,A
1821,26,sw,na,,,,,,A
1822,26,nl,met,,,,,,A
1823,26,pl,z,,,,,,A
1824,26,uk,з,,,,z,A
1825,26,el,με,,,,me,A
1826,26,sv,med,,,,,,A
1827,26,no,med,,,,,,A
1828,26,da,med,,,,,,A
1829,26,fi,kanssa,,,,,,A
1830,26,cs,s,,,,,,A
1831,26,hu,-val/-vel,,,,,,A
1832,26,ro,cu,,,,,,A
1833,26,bg,c,,,,s,A
1834,26,sr,са,,,,sa,A
1835,26,sk,s,,,,,,A
1836,26,sl,z,,,,,,A
1837,26,lt,su,,,,,,A
1838,26,lv,ar,,,,,,A
1839,26,et,koos/ga,,,,,,A
1840,26,he,עם,,,,im,A
1841,26,ha,da,,,,,,A
1842,26,yo,pẹlu,,,,,,A
1843,26,ig,na,,,,,,A
1844,26,am,ከ... ጋር,,,,kä... gar,A
1845,26,ti,ምስ,,,,məs,A
1846,26,ne,संग,,,,saṅga,A
1847,26,ta,உடன்/ஒன்றாக,,,,uṭaṉ/oṉṟāka,A
1848,26,te,తో,,,,tō,A
1849,26,ml,ഉടൻ/ഒന്നിച്ച്,,,,uṭan/onnicc,A
1850,26,mr,बरोबर/समवेत,,,,barobar/samvet,A
1851,26,pa,ਨਾਲ,,,,nāl,A
1852,26,gu,સાથે,,,,sāthe,A
1853,26,si,සමග,,,,samaga,A
1854,26,km,ជាមួយ,,,,chea muoy,A
1855,26,is,með,,,,,,A
1856,26,tl,sa/kasama,,,,,,A
1857,26,ms,dengan,,,,,,A
1858,26,jv,karo,,,,,,A
1859,26,kk,мен/бірге,,,,men/birge,A
1860,26,uz,bilan,,,,,,A
1861,26,mn,хамт/ -тай/ -тэй,,,,khamt/-tai/-tei,A
1862,26,ka,-თან/ერთად,,,,-tan/ertad,A
1863,26,hy,հետ,,,,het,A
1864,26,eu,-(r)ekin,,,,,,A
1865,26,ca,amb,,,,,,A
1866,26,gl,con,,,,,,A
1867,26,ga,le,,,,,,A
1868,26,cy,gyda/efo,,,,,,A
1869,26,gd,le/còmhla,,,,,,A
1870,26,lb,mat,,,,,,A
1871,26,eo,kun,,,,,,A
1872,26,la,cum,,,,,,A
1873,27,en,as,,,,,,A
1874,27,es,como,,,,,,A
1875,27,fr,comme,,,,,,A
1876,27,pt,como,,,,,,A
1877,27,de,wie/als,,,,,,A
1878,27,it,come,,,,,,A
1879,27,ru,как,,,,kak,A
1880,27,ar,كما,,,,kamā,A
1881,27,hi,जैसा/के रूप में,,,,jaisā/ke rūp mẽ,A
1882,27,bn,হিসেবে/যেমন,,,,hisêbe/jemon,A
1883,27,ur,جیسا/کی طرح,,,,jaisā/kī tarah,A
1884,27,fa,مانند/به عنوان,,,,mānand/be onvān,A
1885,27,tr,gibi/olarak,,,,,,A
1886,27,ja,として/のように,,,,toshite/no yō ni,A
1887,27,ko,처럼/로서,,,,cheoreom/roseo,A
1888,27,zh-cn,像/作为,,,,xiàng/zuòwéi,A
1889,27,zh-tw,像/作為,,,,xiàng/zuòwéi,A
1890,27,vi,như/là,,,,,,A
1891,27,th,เหมือน/ในฐานะ,,,,mʉ̌ʉan/nā t̄hāna,A
1892,27,id,sebagai/seperti,,,,,,A
1893,27,sw,kama/kuwa,,,,,,A
1894,27,nl,als/zoals,,,,,,A
1895,27,pl,jak/jako,,,,,,A
1896,27,uk,як/яко,,,,yak/yako,A
1897,27,el,ως/όπως,,,,os/ópos,A
1898,27,sv,som,,,,,,A
1899,27,no,som,,,,,,A
1900,27,da,som,,,,,,A
1901,27,fi,kuin/näin,,,,,,A
1902,27,cs,jako/jak,,,,,,A
1903,27,hu,mint/aként,,,,,,A
1904,27,ro,ca/ca și,,,,,,A
1905,27,bg,като/как,,,,kato/kak,A
1906,27,sr,као/као што,,,,kao/kao što,A
1907,27,sk,ako/akože,,,,,,A
1908,27,sl,kot/kakor,,,,,,A
1909,27,lt,kaip,,,,,,A
1910,27,lv,kā,,,,,,A
1911,27,et,nagu/kui,,,,,,A
1912,27,he,כ...,,,,k...,A
1913,27,ha,kamar,,,,,,A
1914,27,yo,bí,,,,,,A
1915,27,ig,dị ka,,,,,,A
1916,27,am,እንደ/የተሰራ,,,,'əndä/yätäsära,A
1917,27,ti,ከም,,,,käm,A
1918,27,ne,जस्तो/को रूपमा,,,,jasto/ko rūpamā,A
1919,27,ta,போல/என,,,,pōla/eṉa,A
1920,27,te,వలె/గా,,,,vale/gā,A
1921,27,ml,പോലെ/എന്ന,,,,pōle/enna,A
1922,27,mr,म्हणून/प्रमाणे,,,,mhaṇūn/pramāṇe,A
1923,27,pa,ਵਾਂਗ/ਜਿਵੇਂ,,,,vāṅg/jivē̃,A
1924,27,gu,તરીકે/જેવું,,,,tarīke/jevũ,A
1925,27,si,වැනි/ලෙස,,,,væni/lesa,A
1926,27,km,ដូច/ជា,,,,doch/chea,A
1927,27,is,eins og/sem,,,,,,A
1928,27,tl,bilang/parang,,,,,,A
1929,27,ms,sebagai/seperti,,,,,,A
1930,27,jv,kaya/dadi,,,,,,A
1931,27,kk,сияқты/ретінде,,,,sïyaqtı/retinde,A
1932,27,uz,kabi/sifatida,,,,,,A
1933,27,mn,шиг/байдлаар,,,,shig/baidlaar,A
1934,27,ka,როგორც,,,,rogorts,A
1935,27,hy,որպես,,,,vorpes,A
1936,27,eu,bezala/lehen bezala,,,,,,A
1937,27,ca,com,,,,,,A
1938,27,gl,como,,,,,,A
1939,27,ga,mar,,,,,,A
1940,27,cy,fel/cyn,,,,,,A
1941,27,gd,mar,,,,,,A
1942,27,lb,wéi,,,,,,A
1943,27,eo,kiel/kvazaŭ,,,,,,A
1944,27,la,ut/sicut,,,,,,A
1945,28,en,this,,,,,,A
1946,28,es,este/esta,,,,,,A
1947,28,fr,ce/cette,,,,,,A
1948,28,pt,este/esta,,,,,,A
1949,28,dieser/diese/dieses,,,,,,A
1950,28,it,questo/questa,,,,,,A
1951,28,ru,этот/эта/это,,,,etot/eta/eto,A
1952,28,ar,هذا/هذه,,,,hādhā/hādhihi,A
1953,28,hi,यह,,,,yah,A
1954,28,bn,এই,,,,ei,A
1955,28,ur,یہ,,,,yeh,A
1956,28,fa,این,,,,in,A
1957,28,tr,bu,,,,,,A
1958,28,ja,これ,,,,kore,A
1959,28,ko,이,,,,i,A
1960,28,zh-cn,这,,,,zhè,A
1961,28,zh-tw,這,,,,zhè,A
1962,28,vi,này,,,,,,A
1963,28,th,นี้,,,,ní,A
1964,28,id,ini,,,,,,A
1965,28,sw,hii,,,,,,A
1966,28,nl,deze/dit,,,,,,A
1967,28,pl,ten/ta/to,,,,,,A
1968,28,uk,цей/ця/це,,,,tsey/tsya/tse,A
1969,28,el,αυτός/αυτή/αυτό,,,,aftós/aftí/aftó,A
1970,28,sv,denna/detta,,,,,,A
1971,28,no,denne/dette,,,,,,A
1972,28,da,denne/dette,,,,,,A
1973,28,fi,tämä,,,,,,A
1974,28,cs,tento/tato/tohoto,,,,,,A
1975,28,hu,ez,,,,,,A
1976,28,ro,acesta/aceasta,,,,,,A
1977,28,bg,този/тази/това,,,,tozi/tazi/tova,A
1978,28,sr,овај/ова/ово,,,,ovaj/ova/ovo,A
1979,28,sk,tento/táto/toto,,,,,,A
1980,28,sl,ta/ti/to,,,,,,A
1981,28,lt,šis/ši,,,,,,A
1982,28,lv,šis/šī,,,,,,A
1983,28,et,see,,,,,,A
1984,28,he,זה/זאת,,,,ze/zot,A
1985,28,ha,wannan,,,,,,A
1986,28,yo,èyí,,,,,,A
1987,28,ig,a,,,,,,A
1988,28,am,ይህ/ይቺ,,,yəh/yəchi,A
1989,28,ti,እዚ/እዚኣ,,,,əzi/əzi'a,A
1990,28,ne,यो,,,,yo,A
1991,28,ta,இது,,,,itu,A
1992,28,te,ఇది,,,,idi,A
1993,28,ml,ഇത്,,,,it,A
1994,28,mr,हा/ही,,,,hā/hī,A
1995,28,pa,ਇਹ,,,,ih,A
1996,28,gu,આ,,,,ā,A
1997,28,si,මේ,,,,mē,A
1998,28,km,នេះ,,,,nih,A
1999,28,is,þessi,,,,,,A
2000,28,tl,ito,,,,,,A
2001,28,ms,ini,,,,,,A
2002,28,jv,iki,,,,,,A
2003,28,kk,бұл,,,,būl,A
2004,28,uz,bu,,,,,,A
2005,28,mn,энэ,,,,ene,A
2006,28,ka,ეს,,,,es,A
2007,28,hy,սա,,,,sa,A
2008,28,eu,hau,,,,,,A
2009,28,ca,aquest/aquesta,,,,,,A
2010,28,gl,este/esta,,,,,,A
2011,28,ga,seo,,,,,,A
2012,28,cy,hwn/hon,,,,,,A
2013,28,gd,seo,,,,,,A
2014,28,lb,dësen/dës,,,,,,A
2015,28,eo,ĉi tiu,,,,,,A
2016,28,la,hic/haec/hoc,,,,,,A
2017,29,en,or,,,,,,A
2018,29,es,o/u,,,,,,A
2019,29,fr,ou,,,,,,A
2020,29,pt,ou,,,,,,A
2021,29,de,oder,,,,,,A
2022,29,it,o,,,,,,A
2023,29,ru,или,,,,ili,A
2024,29,ar,أو,,,,aw,A
2025,29,hi,या,,,,yā,A
2026,29,bn,অথবা,,,,ôthôbā,A
2027,29,ur,یا,,,,yā,A
2028,29,fa,یا,,,,yā,A
2029,29,tr,veya/ya da,,,,,,A
2030,29,ja,または/か,,,,matawa/ka,A
2031,29,ko,또는/이나,,,,ttoneun/ina,A
2032,29,zh-cn,或/还是,,,,huò/háishì,A
2033,29,zh-tw,或/還是,,,,huò/háishì,A
2034,29,vi,hoặc/hay,,,,,,A
2035,29,th,หรือ,,,,rʉ̌ʉ,A
2036,29,id,atau,,,,,,A
2037,29,sw,au,,,,,,A
2038,29,nl,of,,,,,,A
2039,29,pl,lub/albo,,,,,,A
2040,29,uk,або,,,,abo,A
2041,29,el,ή,,,,í,A
2042,29,sv,eller,,,,,,A
2043,29,no,eller,,,,,,A
2044,29,da,eller,,,,,,A
2045,29,fi,tai/eli,,,,,,A
2046,29,cs,nebo,,,,,,A
2047,29,hu,vagy,,,,,,A
2048,29,ro,sau,,,,,,A
2049,29,bg,или,,,,ili,A
2050,29,sr,или,,,,ili,A
2051,29,sk,alebo,,,,,,A
2052,29,sl,ali,,,,,,A
2053,29,lt,ar,,,,,,A
2054,29,lv,vai,,,,,,A
2055,29,et,või,,,,,,A
2056,29,he,או,,,,o,A
2057,29,ha,ko,,,,,,A
2058,29,yo,tàbí,,,,,,A
2059,29,ig,ma ọ bụ,,,,,,A
2060,29,am,ወይም,,,,wäyəm,A
2061,29,ti,ወይ,,,,wäy,A
2062,29,ne,वा,,,,wā,A
2063,29,ta,அல்லது,,,,allatu,A
2064,29,te,లేదా,,,,lēdā,A
2065,29,ml,അല്ലെങ്കിൽ,,,,alleṅkil,A
2066,29,mr,किंवा,,,,kiṁvā,A
2067,29,pa,ਜਾਂ,,,,jā̃,A
2068,29,gu,અથવા,,,,athavā,A
2069,29,si,හෝ,,,,hō,A
2070,29,km,ឬ,,,,rɨɨ,A
2071,29,is,eða,,,,,,A
2072,29,tl,o,,,,,,A
2073,29,ms,atau,,,,,,A
2074,29,jv,utawa,,,,,,A
2075,29,kk,немесе,,,,nemese,A
2076,29,uz,yoki,,,,,,A
2077,29,mn,эсвэл,,,,esvel,A
2078,29,ka,ან,,,,an,A
2079,29,hy,կամ,,,,kam,A
2080,29,eu,edo,,,,,,A
2081,29,ca,o,,,,,,A
2082,29,gl,ou,,,,,,A
2083,29,ga,nó,,,,,,A
2084,29,cy,neu,,,,,,A
2085,29,gd,no/air neo,,,,,,A
2086,29,lb,oder,,,,,,A
2087,29,eo,aŭ,,,,,,A
2088,29,la,aut/vel,,,,,,A
2089,30,en,what,,,,,,A
2090,30,es,qué,,,,,,A
2091,30,fr,que/qu'est-ce que,,,,,,A
2092,30,pt,o que,,,,,,A
2093,30,de,was,,,,,,A
2094,30,it,che/cosa,,,,,,A
2095,30,ru,что,,,,chto,A
2096,30,ar,ماذا/ما,,,,mādhā/mā,A
2097,30,hi,क्या,,,,kyā,A
2098,30,bn,কি,,,,ki,A
2099,30,ur,کیا,,,,kyā,A
2100,30,fa,چه,,,,che,A
2101,30,tr,ne,,,,,,A
2102,30,ja,何,,,,nani,A
2103,30,ko,무엇,,,,mueot,A
2104,30,zh-cn,什么,,,,shénme,A
2105,30,zh-tw,什麼,,,,shénme,A
2106,30,vi,cái gì,,,,,,A
2107,30,th,อะไร,,,,arai,A
2108,30,id,apa,,,,,,A
2109,30,sw,nini,,,,,,A
2110,30,nl,wat,,,,,,A
2111,30,pl,co,,,,,,A
2112,30,uk,що,,,,shcho,A
2113,30,el,τι,,,,ti,A
2114,30,sv,vad,,,,,,A
2115,30,no,hva,,,,,,A
2116,30,da,hvad,,,,,,A
2117,30,fi,mitä/mikä,,,,,,A
2118,30,cs,co,,,,,,A
2119,30,hu,mi,,,,,,A
2120,30,ro,ce,,,,,,A
2121,30,bg,какво/какви,,,,kakvo/kakvi,A
2122,30,sr,шта/што,,,,šta/što,A
2123,30,sk,čo,,,,,,A
2124,30,sl,kaj,,,,,,A
2125,30,lt,kas,,,,,,A
2126,30,lv,ko,,,,,,A
2127,30,et,mis,,,,,,A
2128,30,he,מה,,,,ma,A
2129,30,ha,me,,,,,,A
2130,30,yo,kíni,,,,,,A
2131,30,ig,gịnị,,,,,,A
2132,30,am,ምንድን,,,,məndən,A
2133,30,ti,እንታይ,,,,əntay,A
2134,30,ne,के,,,,ke,A
2135,30,ta,என்ன,,,,eṉṉa,A
2136,30,te,ఏమిటి,,,,ēmiṭi,A
2137,30,ml,എന്ത്,,,,ent,A
2138,30,mr,काय,,,,kāy,A
2139,30,pa,ਕੀ,,,,kī,A
2140,30,gu,શું,,,,śuṁ,A
2141,30,si,මොනවාද,,,,monavāda,A
2142,30,km,អី/អ្វី,,,,ey/avəy,A
2143,30,is,hvað,,,,,,A
2144,30,tl,ano,,,,,,A
2145,30,ms,apa,,,,,,A
2146,30,jv,apa,,,,,,A
2147,30,kk,не,,,,ne,A
2148,30,uz,nima,,,,,,A
2149,30,mn,юу,,,,yuu,A
2150,30,ka,რა,,,,ra,A
2151,30,hy,ինչ,,,,inch,A
2152,30,eu,zer,,,,,,A
2153,30,ca,què,,,,,,A
2154,30,gl,que,,,,,,A
2155,30,ga,cad,,,,,,A
2156,30,cy,beth,,,,,,A
2157,30,gd,dè,,,,,,A
2158,30,lb,wat,,,,,,A
2159,30,eo,kio,,,,,,A
2160,30,la,quid,,,,,,A
2161,31,en,their,,,,,,A
2162,31,es,su/sus,,,,,,A
2163,31,fr,leur/leurs,,,,,,A
2164,31,pt,seu/sua,,,,,,A
2165,31,de,ihr/ihre,,,,,,A
2166,31,il,loro,,,,,,A
2167,31,ru,их,,,,ikh,A
2168,31,ar,هم/هن,,,,hum/hunna,A
2169,31,hi,उनका,,,,unkā,A
2170,31,bn,তাদের,,,,tādēr,A
2171,31,ur,ان کا,,,,un kā,A
2172,31,fa,آنها/شان,,,,ānhā/shān,A
2173,31,tr,onların,,,,,,A
2174,31,ja,彼らの/彼女らの,,,,karera no/kanojora no,A
2175,31,ko,그들의,,,,geudeurui,A
2176,31,zh-cn,他们的/她们的/它们的,,,,tāmen de,A
2177,31,zh-tw,他們的/她們的/它們的,,,,tāmen de,A
2178,31,vi,của họ,,,,,,A
2179,31,th,ของพวกเขา,,,,k̄hxng phûak khǎo,A
2180,31,id,mereka,,,,,,A
2181,31,sw,wao,,,,,,A
2182,31,nl,hun,,,,,,A
2183,31,pl,ich,,,,,,A
2184,31,uk,їхній,,,,yikhniy,A
2185,31,el,τους,,,,tous,A
2186,31,sv,deras,,,,,,A
2187,31,no,deres,,,,,,A
2188,31,da,deres,,,,,,A
2189,31,fi,heidän,,,,,,A
2190,31,cs,jejich,,,,,,A
2191,31,hu,az ő,,,,,,A
2192,31,ro,lor,,,,,,A
2193,31,bg,техен,,,,tehen,A
2194,31,sr,њихов/njihov,,,,njihov,A
2195,31,sk,ich,,,,,,A
2196,31,sl,njihov,,,,,,A
2197,31,lt,jų,,,,,,A
2198,31,lv,viņu,,,,,,A
2199,31,et,nende,,,,,,A
2200,31,he,שלהם/שלהן,,,,shelahem/shelahen,A
2201,31,ha,su,,,,,,A
2202,31,yo,wọn,,,,,,A
2203,31,ig,ha,,,,,,A
2204,31,am,እነሱን/እነሷን,,,,'ənässun/'ənässʷan,A
2205,31,ti,ናቶም/ናተን,,,,natom/natän,A
2206,31,ne,उनीहरूको,,,,unīharūko,A
2207,31,ta,அவர்களுடைய,,,,avarkaḷuṭaiya,A
2208,31,te,వారి,,,,vāri,A
2209,31,ml,അവരുടെ,,,,avaruṭe,A
2210,31,mr,त्यांचा,,,,tyāñcā,A
2211,31,pa,ਉਨ੍ਹਾਂ ਦਾ,,,,unhā̃ dā,A
2212,31,gu,તેમનું,,,,temanũ,A
2213,31,si,ඔවුන්ගේ,,,,ovungē,A
2214,31,km,របស់ពួកគេ/គាត់,,,,rôbăs puək kei/koătt,A
2215,31,is,þeirra,,,,,,A
2216,31,tl,kanila,,,,,,A
2217,31,ms,mereka,,,,,,A
2218,31,jv,wong-wong mau punya,,,,,,A
2219,31,kk,олардың,,,,olardıñ,A
2220,31,uz,ularning,,,,,,A
2221,31,mn,тэдний,,,,tednii,A
2222,31,ka,მათი,,,,mati,A
2223,31,hy,նրանց,,,,nrants,A
2224,31,eu,haien,,,,,,A
2225,31,ca,seu/sa,,,,,,A
2226,31,gl,seu/súa,,,,,,A
2227,31,ga,a,,,,,,A
2228,31,cy,eu,,,,,,A
2229,31,gd,an,,,,,,A
2230,31,lb,hier,,,,,,A
2231,31,eo,ilia,,,,,,A
2232,31,la,eorum/earum,,,,,,A
2233,32,en,can,,,,,,A
2234,32,es,poder,,,,,,A
2235,32,fr,pouvoir,,,,,,A
2236,32,pt,poder,,,,,,A
2237,32,de,können,,,,,,A
2238,32,it,potere,,,,,,A
2239,32,ru,мочь,,,,moch',A
2240,32,ar,يمكن/قادر على,,,,yumkin/qādir ʿalā,A
2241,32,hi,सकना,,,,saknā,A
2242,32,bn,পারা,,,,pārā,A
2243,32,ur,سکنا,,,,saknā,A
2244,32,fa,توانستن/قادر بودن,,,,tavānestan/qāder budan,A
2245,32,tr,-ebil/-abil/edebil/adebil,,,,,,A
2246,32,ja,できる,,,,dekiru,A
2247,32,ko,할 수 있다,,,,hal su itda,A
2248,32,zh-cn,能/可以,,,,néng/kěyǐ,A
2249,32,zh-tw,能/可以,,,,néng/kěyǐ,A
2250,32,vi,có thể,,,,,,A
2251,32,th,สามารถ/ได้,,,,sāmārt̄h/dâi,A
2252,32,id,bisa/dapat,,,,,,A
2253,32,sw,weza,,,,,,A
2254,32,nl,kunnen,,,,,,A
2255,32,pl,móc,,,,,,A
2256,32,uk,могти,,,,mohty,A
2257,32,el,μπορώ,,,,boró,A
2258,32,sv,kunna,,,,,,A
2259,32,no,kunne,,,,,,A
2260,32,da,kunne,,,,,,A
2261,32,fi,voida/osata,,,,,,A
2262,32,cs,moci,,,,,,A
2263,32,hu,tud,,,,,,A
2264,32,ro,a putea,,,,,,A
2265,32,bg,мога,,,,moga,A
2266,32,sr,моћи,,,,moći,A
2267,32,sk,vedieť,,,,,,A
2268,32,sl,moči,,,,,,A
2269,32,lt,galėti,,,,,,A
2270,32,lv,varēt,,,,,,A
2271,32,et,osata/saada,,,,,,A
2272,32,he,יכול,,,,yakhol,A
2273,32,ha,iya,,,,,,A
2274,32,yo,lè,,,,,,A
2275,32,ig,nwere ike,,,,,,A
2276,32,am,ቻል/መቻል,,,,chal/mächal,A
2277,32,ti,ክኸውን,,,,kəxäwun,A
2278,32,ne,सक्नु,,,,saknu,A
2279,32,ta,முடியும்,,,,muṭiyum,A
2280,32,te,చేయగల,,,,cēyagala,A
2281,32,ml,കഴിയും,,,,kaḻiyum,A
2282,32,mr,शकणे,,,,śakaṇe,A
2283,32,pa,ਸਕਣਾ/ਸਕਦਾ,,,,sakṇā/sakdā,A
2284,32,gu,શકવું,,,,śakvũ,A
2285,32,si,පුළුවන්/හැකි,,,puḷuvan/hæki,A
2286,32,km,អាច,,,,ach,A
2287,32,is,geta,,,,,,A
2288,32,tl,pwede/maaari,,,,,,A
2289,32,ms,boleh/dapat,,,,,,A
2290,32,jv,isa,,,,,,A
2291,32,kk,ала/біле,,,,ala/bile,A
2292,32,uz,qila olmoq/...,,,,qila olmoq,A
2293,32,mn,чадах/боломжтой,,,,chadakh/bolomjtoi,A
2294,32,ga,შემიძლია,,,,shemidzlia,A
2295,32,hy,կարողանալ/կարող եմ,,,,karoghanal/karoghem,A
2296,32,eu,ahal izan,,,,,,A
2297,32,ca,poder,,,,,,A
2298,32,gl,poder,,,,,,A
2299,32,ga,is féidir le/...,,,,is féidir le,A
2300,32,cy,medru/gallu,,,,,,A
2301,32,gd,urrainn/faod,,,,,,A
2302,32,lb,kënnen,,,,,,A
2303,32,eo,povi,,,,,,A
2304,32,la,posse,,,,,,A
2305,33,en,who,,,,,,A
2306,33,es,quién/quiénes,,,,,,A
2307,33,fr,qui,,,,,,A
2308,33,pt,quem,,,,,,A
2309,33,de,wer,,,,,,A
2310,33,it,chi,,,,,,A
2311,33,ru,кто,,,,kto,A
2312,33,ar,من,,,,man,A
2313,33,hi,कौन,,,,kaun,A
2314,33,bn,কে,,,,ke,A
2315,33,ur,کون,,,,kaun,A
2316,33,fa,کی,,,,ki,A
2317,33,tr,kim,,,,,,A
2318,33,ja,誰,,,,dare,A
2319,33,ko,누구,,,,nugu,A
2320,33,zh-cn,谁,,,,shéi/shúi,A
2321,33,zh-tw,誰,,,,shéi/shúi,A
2322,33,vi,ai,,,,,,A
2323,33,th,ใคร,,,,khrai,A
2324,33,id,siapa,,,,,,A
2325,33,sw,nani,,,,,,A
2326,33,nl,wie,,,,,,A
2327,33,pl,kto,,,,,,A
2328,33,uk,хто,,,,khto,A
2329,33,el,ποιος/ποια/ποιο,,,,pios/pia/pio,A
2330,33,sv,vem,,,,,,A
2331,33,no,hvem,,,,,,A
2332,33,da,hvem,,,,,,A
2333,33,fi,kuka,,,,,,A
2334,33,cs,kdo,,,,,,A
2335,33,hu,ki,,,,,,A
2336,33,ro,cine,,,,,,A
2337,33,bg,кой,,,,koy,A
2338,33,sr,ко,,,,ko,A
2339,33,sk,kto,,,,,,A
2340,33,sl,kdo,,,,,,A
2341,33,lt,kas,,,,,,A
2342,33,lv,kas,,,,,,A
2343,33,et,kes,,,,,,A
2344,33,he,מי,,,,mi,A
2345,33,ha,wa,,,,,,A
2346,33,yo,ta ni,,,,,,A
2347,33,ig,onye,,,,,,A
2348,33,am,ማን,,,,man,A
2349,33,ti,ንስኻ/ንስኺ,,,,nəsxa/nəsxi,A
2350,33,ne,को,,,,ko,A
2351,33,ta,யார்,,,,yār,A
2352,33,te,ఎవరు,,,,evaru,A
2353,33,ml,ആര്,,,,ār,A
2354,33,mr,कोण,,,,koṇ,A
2355,33,pa,ਕੌਣ,,,,kauṇ,A
2356,33,gu,કોણ,,,,koṇ,A
2357,33,si,කවුද,,,,kavuda,A
2358,33,km,អ្នកណា,,,,neak na,A
2359,33,is,hver,,,,,,A
2360,33,tl,sino,,,,,,A
2361,33,ms,siapa,,,,,,A
2362,33,jv,sapa,,,,,,A
2363,33,kk,кім,,,,kim,A
2364,33,uz,kim,,,,,,A
2365,33,mn,хэн,,,,khen,A
2366,33,ka,ვინ,,,,vin,A
2367,33,hy,ո՞վ,,,,vov,A
2368,33,au,nor,,,,,,A
2369,33,ca,qui,,,,,,A
2370,33,gl,quen,,,,,,A
2371,33,ga,cé,,,,,,A
2372,33,cy,pwy,,,,,,A
2373,33,gd,cò,,,,,,A
2374,33,lb,wien,,,,,,A
2375,33,eo,kiu,,,,,,A
2376,33,la,quis,,,,,,A
2377,34,en,to get,,,,,,A
2378,34,es,conseguir/obtener,,,,,,A
2379,34,fr,obtenir,,,,,,A
2380,34,pt,conseguir/obter,,,,,,A
2381,34,de,bekommen/erhalten,,,,,,A
2382,34,it,ottenere,,,,,,A
2383,34,ru,получать/получить,,,,poluchat'/poluchit',A
2384,34,ar,يحصل على,,,,yaḥṣul ʿalā,A
2385,34,hi,मिलना/पाना,,,,milnā/pānā,A
2386,34,bn,পাওয়া,,,,pāẏā,A
2387,34,ur,ملنا/پانا,,,,milnā/pānā,A
2388,34,fa,گرفتن/بدست آوردن,,,,gereftan/be dast āvardan,A
2389,34,tr,almak/elde etmek,,,,,,A
2390,34,ja,得る/手に入れる,,,,eru/te ni ireru,A
2391,34,ko,얻다/받다,,,,eotda/batda,A
2392,34,zh-cn,得到/获得,,,,dédào/huòdé,A
2393,34,zh-tw,得到/獲得,,,,dédào/huòdé,A
2394,34,vi,nhận được/lấy,,,,,,A
2395,34,th,ได้รับ/ได้,,,,dâi râp/dâi,A
2396,34,id,mendapatkan,,,,,,A
2397,34,sw,kupata,,,,,,A
2398,34,nl,krijgen/verkrijgen,,,,,,A
2399,34,pl,dostawać/dostać,,,,,,A
2400,34,uk,отримувати/діставати,,,,otrymuvaty/distavaty,A
2401,34,el,παίρνω/λαμβάνω,,,,paírno/lamváno,A
2402,34,sv,få,,,,,,A
2403,34,no,få,,,,,,A
2404,34,da,få,,,,,,A
2405,34,fi,saada,,,,,,A
2406,34,cs,dostat/dostávat,,,,,,A
2407,34,hu,kap/megkap,,,,,,A
2408,34,ro,a primi/a obține,,,,,,A
2409,34,bg,получавам,,,,poluchavam,A
2410,34,sr,добити/добијати,,,,dobiti/dobijati,A
2411,34,sk,dostať/dostávať,,,,,,A
2412,34,sl,dobiti,,,,,,A
2413,34,lt,gauti,,,,,,A
2414,34,lv,saņemt/iegūt,,,,,,A
2415,34,et,saama,,,,,,A
2416,34,he,לקבל,,,,lekabel,A
2417,34,ha,samu,,,,,,A
2418,34,yo,gba,,,,,,A
2419,34,ig,nweta,,,,,,A
2420,34,am,ማግኘት,,,,magənət',A
2421,34,ti,ምርካብ,,,,mərkab,A
2422,34,ne,पाउनु,,,,pāunu,A
2423,34,ta,கிடைக்க/பெற,,,,kiṭaikka/peṟa,A
2424,34,te,పొందు,,,,pondu,A
2425,34,ml,ലഭിക്കുക/കിട്ടുക,,,,labhikkuka/kiṭṭuka,A
2426,34,mr,मिळणे,,,,miḷaṇe,A
2427,34,pa,ਮਿਲਣਾ/ਪ੍ਰਾਪਤ ਕਰਨਾ,,,,milṇā/prāpat karnā,A
2428,34,gu,મળવું,,,,maḷvũ,A
2429,34,si,ලබා ගන්නවා,,,,labā gannavā,A
2430,34,km,ទទួលបាន,,,,tɔtuəl ban,A
2431,34,is,fá,,,,,,A
2432,34,tl,makuha,,,,,,A
2433,34,ms,mendapat,,,,,,A
2434,34,jv,oleh,,,,,,A
2435,34,kk,алу,,,,alu,A
2436,34,uz,olmoq,,,,,,A
2437,34,mn,авах/олох,,,,avakh/olokh,A
2438,34,ka,მიღება,,,,migheba,A
2439,34,hy,ստանալ,,,,stanal,A
2440,34,eu,lortu,,,,,,A
2441,34,ca,aconseguir/obtenir,,,,,,A
2442,34,gl,conseguir/obter,,,,,,A
2443,34,ga,faigh,,,,,,A
2444,34,cy,cael,,,,,,A
2445,34,gd,faigh,,,,,,A
2446,34,lb,kréien,,,,,,A
2447,34,eo,akiri,,,,,,A
2448,34,la,accipere,,,,,,A
2449,35,en,if,,,,,,A
2450,35,es,si,,,,,,A
2451,35,fr,si,,,,,,A
2452,35,pt,se,,,,,,A
2453,35,de,wenn/falls,,,,,,A
2454,35,it,se,,,,,,A
2455,35,ru,если,,,,yesli,A
2456,35,ar,إذا,,,,idhā,A
2457,35,hi,अगर,,,,agar,A
2458,35,bn,যদি,,,,jôdi,A
2459,35,ur,اگر,,,,agar,A
2460,35,fa,اگر,,,,agar,A
2461,35,tr,eğer/ise,,,,,,A
2462,35,ja,もし/なら,,,,moshi/nara,A
2463,35,ko,만약/면,,,,manyak/myeon,A
2464,35,zh-cn,如果/要是,,,,rúguǒ/yàoshi,A
2465,35,zh-tw,如果/要是,,,,rúguǒ/yàoshi,A
2466,35,vi,nếu,,,,,,A
2467,35,th,ถ้า,,,,t̄hā,A
2468,35,id,jika,,,,,,A
2469,35,sw,kama,,,,,,A
2470,35,nl,als/indien,,,,,,A
2471,35,pl,jeśli/jeźli,,,,,,A
2472,35,uk,якщо/якби,,,,yakshcho/yakby,A
2473,35,el,αν,,,,an,A
2474,35,sv,om,,,,,,A
2475,35,no,hvis/om,,,,,,A
2476,35,da,hvis/om,,,,,,A
2477,35,fi,jos,,,,,,A
2478,35,cs,pokud/jestliže,,,,,,A
2479,35,hu,ha,,,,,,A
2480,35,ro,dacă,,,,,,A
2481,35,bg,ако,,,,ako,A
2482,35,sr,ако,,,,ako,A
2483,35,sk,ak/keď,,,,,,A
2484,35,sl,če/ako,,,,,,A
2485,35,lt,jei,,,,,,A
2486,35,lv,ja,,,,,,A
2487,35,et,kui,,,,,,A
2488,35,he,אם,,,,im,A
2489,35,ha,idan,,,,,,A
2490,35,yo,bí,,,,,,A
2491,35,ig,ọ bụrụ na,,,,,,A
2492,35,am,ከሆነ,,,,kähonä,A
2493,35,ti,እንተኾነ,,,,əntäxonä,A
2494,35,ne,यदि,,,,yadi,A
2495,35,ta,என்றால்/ஆனால்,,,,eṉṟāl/āṉāl,A
2496,35,te,అయితే/ఉంటే,,,,ayitē/uṇṭē,A
2497,35,ml,എങ്കിൽ/ആണെങ്കിൽ,,,,eṅkil/āṇeṅkil,A
2498,35,mr,जर,,,,jar,A
2499,35,pa,ਜੇ,,,,jē,A
2500,35,gu,જો,,,,jo,A
2501,35,si,නම්/එසේ නම්,,,,nam/esē nam,A
2502,35,km,បើ,,,,baə,A
2503,35,is,ef,,,,,,A
2504,35,tl,kung,,,,,,A
2505,35,ms,jika/kalau,,,,,,A
2506,35,jv,menawa/yen,,,,,,A
2507,35,kk,егер,,,,eger,A
2508,35,uz,agar,,,,,,A
2509,35,mn,хэрэв/бол,,,,kherev/bol,A
2510,35,ka,თუ,,,,t'u,A
2511,35,hy,եթե,,,,yet'e,A
2512,35,eu,ba/baldin,,,,,,A
2513,35,ca,si,,,,,,A
2514,35,gl,se,,,,,,A
2515,35,ga,má,,,,,,A
2516,35,cy,os,,,,,,A
2517,35,gd,ma/nam,,,,,,A
2518,35,lb,wann/falls,,,,,,A
2519,35,eo,se,,,,,,A
2520,35,la,si,,,,,,A
2521,36,en,her,,,,,,A
2522,36,es,su/sus,,,,,,A
2523,36,fr,son/sa/ses,,,,,,A
2524,36,pt,seu/sua,,,,,,A
2525,36,de,ihr/ihre,,,,,,A
2526,36,il,suo/sua,,,,,,A
2527,36,ru,её,,,,yeyo,A
2528,36,ar,لها,,,,lahā,A
2529,36,hi,उसकी,,,,uskī,A
2530,36,bn,তার,,,,tār,A
2531,36,ur,اس کی,,,,us kī,A
2532,36,fa,او/اش,,,,u/ash,A
2533,36,tr,onun,,,,,,A
2534,36,ja,彼女の,,,,kanojo no,A
2535,36,ko,그녀의,,,,geunyeoui,A
2536,36,zh-cn,她的,,,,tā de,A
2537,36,zh-tw,她的,,,,tā de,A
2538,36,vi,của cô ấy/chị ấy,,,,,,A
2539,36,th,ของเธอ,,,,k̄hxng thoe,A
2540,36,id,nya/dia,,,,,,A
2541,36,sw,ake,,,,,,A
2542,36,nl,haar,,,,,,A
2543,36,pl,jej,,,,,,A
2544,36,uk,її,,,,yiy,A
2545,36,el,της,,,,tis,A
2546,36,sv,hennes,,,,,,A
2547,36,no,hennes,,,,,,A
2548,36,da,hendes,,,,,,A
2549,36,fi,hänen,,,,,,A
2550,36,cs,její,,,,,,A
2551,36,hu,az ő,,,,,,A
2552,36,ro,ei,,,,,,A
2553,36,bg,нейн,,,,neyn,A
2554,36,sr,њен/njen,,,,njen,A
2555,36,sk,jej,,,,,,A
2556,36,sl,njen,,,,,,A
2557,36,lt,jos,,,,,,A
2558,36,lv,viņas,,,,,,A
2559,36,et,tema/ta,,,,,,A
2560,36,he,שלה,,,,shelah,A
2561,36,ha,ta,,,,,,A
2562,36,yo,rẹ̀,,,,,,A
2563,36,ig,ya/ya ya,,,,,,A
2564,36,am,እሷን/የእሷ,,,,'əssʷan/ye'əssʷa,A
2565,36,ti,ናታ,,,,nata,A
2566,36,ne,उनको,,,,unko,A
2567,36,ta,அவளுடைய,,,,avaḷuṭaiya,A
2568,36,te,ఆమె,,,,āme,A
2569,36,ml,അവളുടെ,,,,avaḷuṭe,A
2570,36,mr,तिचा,,,,ticā,A
2571,36,pa,ਉਸਦੀ,,,,usdī,A
2572,36,gu,તેનું,,,,tenũ,A
2573,36,si,ඇයගේ,,,,æyagē,A
2574,36,km,របស់នាង,,,,rôbăs neang,A
2575,36,is,hennar,,,,,,A
2576,36,tl,niya,,,,,,A
2577,36,ms,nya/dia punya,,,,,,A
2578,36,jv,é,,,,,,A
2579,36,kk,оның,,,,onıñ,A
2580,36,uz,uning,,,,,,A
2581,36,mn,түүний,,,,tüünii,A
2582,36,ka,მისი,,,,misi,A
2583,36,hy,նրա,,,,nra,A
2584,36,eu,bere,,,,,,A
2585,36,ca,seu/sa,,,,,,A
2586,36,gl,seu/súa,,,,,,A
2587,36,ga,a,,,,,,A
2588,36,cy,ei,,,,,,A
2589,36,gd,a,,,,,,A
2590,36,lb,hire,,,,,,A
2591,36,eo,ŝia,,,,,,A
2592,36,la,eius/illius,,,,,,A
2593,37,en,all,,,,,,A
2594,37,es,todo/toda,,,,,,A
2595,37,fr,tout/toute,,,,,,A
2596,37,pt,todo/toda,,,,,,A
2597,37,de,alle/alles,,,,,,A
2598,37,it,tutto/tutta,,,,,,A
2599,37,ru,все/весь,,,,vse/ves',A
2600,37,ar,كل/جميع,,,,kull/jamīʿ,A
2601,37,hi,सब/सभी,,,,sab/sabhī,A
2602,37,bn,সব/সকল,,,,sôb/sôkôl,A
2603,37,ur,سب/تمام,,,,sab/tamām,A
2604,37,fa,همه/تمام,,,,hame/tamām,A
2605,37,tr,bütün/tüm,,,,,,A
2606,37,ja,すべて/全部,,,,subete/zenbu,A
2607,37,ko,모든/전부,,,,modeun/jeonbu,A
2608,37,zh-cn,所有/全部,,,,suǒyǒu/quánbù,A
2609,37,zh-tw,所有/全部,,,,suǒyǒu/quánbù,A
2610,37,vi,tất cả,,,,,,A
2611,37,th,ทั้งหมด/ทุก,,,,thạngmh̄ād/thuk,A
2612,37,id,semua,,,,,,A
2613,37,sw,wote,,,,,,A
2614,37,nl,alle,,,,,,A
2615,37,pl,wszystkie/wszystko,,,,,,A
2616,37,uk,всі/весь,,,,vsi/ves',A
2617,37,el,όλα/όλοι,,,,óla/óli,A
2618,37,sv,alla/allt,,,,,,A
2619,37,no,alle/alt,,,,,,A
2620,37,da,alle/alt,,,,,,A
2621,37,fi,kaikki,,,,,,A
2622,37,cs,všechno/všichni,,,,,,A
2623,37,hu,minden,,,,,,A
2624,37,ro,toate/toți,,,,,,A
2625,37,bg,всички/всичко,,,,vsichki/vsichko,A
2626,37,sr,све/сви,,,,sve/svi,A
2627,37,sk,všetko/všetci,,,,,,A
2628,37,sl,vse/vsi,,,,,,A
2629,37,lt,visi/viskas,,,,,,A
2630,37,lv,visi/visu,,,,,,A
2631,37,et,kõik,,,,,,A
2632,37,he,כל/הכל,,,,kol/hakol,A
2633,37,ha,duk/kowace,,,,,,A
2634,37,yo,gbogbo,,,,,,A
2635,37,ig,niile,,,,,,A
2636,37,am,ሁሉ/ሁሉም,,,,hulu/hulum,A
2637,37,ti,ኩሉ/ኵሉ,,,,kulu/kulu,A
2638,37,ne,सबै/सब,,,,sabai/saba,A
2639,37,ta,அனைத்தும்/எல்லாம்,,,,aṉaittum/ellām,A
2640,37,te,అన్ని/మొత్తం,,,,anni/mottaṁ,A
2641,37,ml,എല്ലാം,,,,ellāṁ,A
2642,37,mr,सर्व/सगळे,,,,sarva/sagaḷe,A
2643,37,pa,ਸਾਰੇ/ਸਭ,,,,sārē/sabh,A
2644,37,gu,બધા/સંપૂર્ણ,,,,badhā/sampūrṇ,A
2645,37,si,සියල්ල/මුළුමනින්,,,,siyalla/muḷumanin,A
2646,37,km,ទាំងអស់/រូបភាព,,,,teaṅ ʼɑh/ruupʰiep,A
2647,37,is,allt/allir,,,,,,A
2648,37,tl,lahat,,,,,,A
2649,37,ms,semua,,,,,,A
2650,37,jv,kabèh,,,,,,A
2651,37,kk,барлық/барша,,,,barlıq/barşa,A
2652,37,uz,barcha/barvaqt,,,,,,A
2653,37,mn,бүгд/бүх,,,,bügd/bükh,A
2654,37,ka,ყველა/სულ,,,,q'vela/sul,A
2655,37,hy,բոլոր/ամեն,,,bolor/amen,A
2656,37,eu,guztiak/denak,,,,,,A
2657,37,ca,tot/tots,,,,,,A
2658,37,gl,todo/toda,,,,,,A
2659,37,ga,uile/ar fad,,,,,,A
2660,37,cy,pob/popeth,,,,,,A
2661,37,gd,uile/gu lèir,,,,,,A
2662,37,lb,all,,,,,,A
2663,37,eo,ĉiuj/ĉio,,,,,,A
2664,37,la,omnis/totus,,,,,,A
2665,38,en,my,,,,,,A
2666,38,es,mi/mis,,,,,,A
2667,38,fr,mon/ma/mes,,,,,,A
2668,38,pt,meu/minha,,,,,,A
2669,38,de,mein/meine,,,,,,A
2670,38,it,mio/mia,,,,,,A
2671,38,ru,мой/моя/моё,,,,moy/moya/moyo,A
2672,38,ar,لي/ـي,,,,lī/-ī,A
2673,38,hi,मेरा,,,,merā,A
2674,38,bn,আমার,,,,āmār,A
2675,38,ur,میرا,,,,merā,A
2676,38,fa,من/ـم,,,,man/-am,A
2677,38,tr,benim,,,,,,A
2678,38,ja,私の,,,,watashi no,A
2679,38,ko,나의/내,,,,naui/nae,A
2680,38,zh-cn,我的,,,,wǒ de,A
2681,38,zh-tw,我的,,,,wǒ de,A
2682,38,vi,của tôi,,,,,,A
2683,38,th,ของฉัน,,,,k̄hxng c̄hạn,A
2684,38,id,saya/ku,,,,,,A
2685,38,sw,yangu,,,,,,A
2686,38,nl,mijn,,,,,,A
2687,38,pl,mój/moja/moje,,,,,,A
2688,38,uk,мій/моя/моє,,,,miy/moya/moye,A
2689,38,el,μου,,,,mou,A
2690,38,sv,min/mitt,,,,,,A
2691,38,no,min/mitt,,,,,,A
2692,38,da,min/mit,,,,,,A
2693,38,fi,minun,,,,,,A
2694,38,cs,můj/má/mé,,,,,,A
2695,38,hu,az én,,,,,,A
2696,38,ro,meu/mea,,,,,,A
2697,38,bg,мой/моя/моето,,,,moy/moya/moeto,A
2698,38,sr,мој/моја/моје,,,,moj/moja/moje,A
2699,38,sk,môj/moja/moje,,,,,,A
2700,38,sl,moj/moja/moje,,,,,,A
2701,38,lt,mano,,,,,,A
2702,38,lv,mans/mana,,,,,,A
2703,38,et,minu,,,,,,A
2704,38,he,שלי,,,,sheli,A
2705,38,ha,na,,,,,,A
2706,38,yo,mi,,,,,,A
2707,38,ig,m,,,,,,A
2708,38,am,የኔ/ኔ,,,,yänē/nē,A
2709,38,ti,የኔ/ናተ,,,,yenē/natä,A
2710,38,ne,मेरो,,,,mero,A
2711,38,ta,என்,,,,eṉ,A
2712,38,te,నా,,,,nā,A
2713,38,ml,എന്റെ/എൻ,,,,enṟe/en,A
2714,38,mr,माझा,,,,mājhā,A
2715,38,pa,ਮੇਰਾ,,,,merā,A
2716,38,gu,મારું,,,,mārũ,A
2717,38,si,මගේ,,,,magē,A
2718,38,km,របស់ខ្ញុំ,,,,rôbăs khnhom,A
2719,38,is,minn,,,,,,A
2720,38,tl,aking/ko,,,,,,A
2721,38,ms,saya/ku,,,,,,A
2722,38,jv,kula,,,,,,A
2723,38,kk,менің,,,,meniñ,A
2724,38,uz,mening,,,,,,A
2725,38,mn,миний,,,,minii,A
2726,38,ka,ჩემი,,,,chemi,A
2727,38,hy,իմ,,,,im,A
2728,38,eu,nire,,,,,,A
2729,38,ca,meu/meva,,,,,,A
2730,38,gl,meu/minha,,,,,,A
2731,38,ga,mo,,,,,,A
2732,38,cy,fy,,,,,,A
2733,38,gd,mo,,,,,,A
2734,38,lb,mäin,,,,,,A
2735,38,eo,mia,,,,,,A
2736,38,la,meus/mea,,,,,,A
2737,39,en,to make,,,,,,A
2738,39,es,hacer,,,,,,A
2739,39,fr,faire,,,,,,A
2740,39,pt,fazer,,,,,,A
2741,39,de,machen,,,,,,A
2742,39,it,fare,,,,,,A
2743,39,ru,делать/сделать,,,,delat'/sdelat',A
2744,39,ar,يصنع/يعمل,,,,yaṣnaʿ/yaʿmal,A
2745,39,hi,बनाना,,,,banānā,A
2746,39,bn,তৈরি করা,,,,tôiṛi kôrā,A
2747,39,ur,بنانا,,,,banānā,A
2748,39,fa,ساختن/درست کردن,,,,sākhtan/dorost kardan,A
2749,39,tr,yapmak,,,,,,A
2750,39,ja,作る/造る,,,,tsukuru,A
2751,39,ko,만들다,,,,mandeulda,A
2752,39,zh-cn,做/制造,,,,zuò/zhìzào,A
2753,39,zh-tw,做/製造,,,,zuò/zhìzào,A
2754,39,vi,làm,,,,,,A
2755,39,th,ทำ/สร้าง,,,,tham/sâang,A
2756,39,id,membuat,,,,,,A
2757,39,sw,kutengeneza,,,,,,A
2758,39,nl,maken,,,,,,A
2759,39,pl,robić/zrobić,,,,,,A
2760,39,uk,робити/зробити,,,,robyty/zrobyty,A
2761,39,el,κάνω/φτιάχνω,,,,káno/ftiáchno,A
2762,39,sv,göra,,,,,,A
2763,39,no,lage,,,,,,A
2764,39,da,lave,,,,,,A
2765,39,fi,tehdä,,,,,,A
2766,39,cs,dělat/udělat,,,,,,A
2767,39,hu,csinálni/készíteni,,,,,,A
2768,39,ro,a face,,,,,,A
2769,39,bg,правя,,,,pravya,A
2770,39,sr,правити/направити,,,,praviti/napraviti,A
2771,39,sk,robiť/urobiť,,,,,,A
2772,39,sl,narediti,,,,,,A
2773,39,lt,daryti/padaryti,,,,,,A
2774,39,lv,taisīt/iztaisīt,,,,,,A
2775,39,et,tegema/valmistama,,,,,,A
2776,39,he,לעשות/לייצר,,,,la'asot/leyatser,A
2777,39,ha,yi,,,,,,A
2778,39,yo,ṣe,,,,,,A
2779,39,ig,mee,,,,,,A
2780,39,am,ማድረግ/መፍጠር,,,,madrəg/mäfəṭär,A
2781,39,ti,ገበር,,,,gäbär,A
2782,39,ne,बनाउनु,,,,banāunu,A
2783,39,ta,செய்/உருவாக்கு,,,,cey/uruvākku,A
2784,39,te,చేయు/తయారు చేయు,,,,cēyu/tayāru cēyu,A
2785,39,ml,ഉണ്ടാക്കുക/നിർമ്മിക്കുക,,,,uṇṭākkuka/nirmmikkuka,A
2786,39,mr,बनवणे,,,,banvaṇe,A
2787,39,pa,ਬਣਾਉਣਾ,,,,baṇāuṇā,A
2788,39,gu,બનાવવું,,,,banāvvũ,A
2789,39,si,හදනවා/සාදනවා,,,,hadanavā/sādanavā,A
2790,39,km,ធ្វើ/បង្កើត,,,,thveu/bangkaət,A
2791,39,is,gera/búa til,,,,,,A
2792,39,tl,gumawa,,,,,,A
2793,39,ms,buat,,,,,,A
2794,39,jv,gawe,,,,,,A
2795,39,kk,жасау,,,,jasau,A
2796,39,uz,qilmoq/yasamoq,,,,,,A
2797,39,mn,хийх/бүтээх,,,,khiikh/büteekh,A
2798,39,ka,გაკეთება/შექმნა,,,,gak'et'eba/shekmna,A
2799,39,hy,անել/սարքել,,,,anel/sark'el,A
2800,39,eu,egin,,,,,,A
2801,39,ca,fer,,,,,,A
2802,39,gl,facer,,,,,,A
2803,39,ga,déan,,,,,,A
2804,39,cy,gwneud,,,,,,A
2805,39,gd,dèan,,,,,,A
2806,39,lb,maachen,,,,,,A
2807,39,eo,fari,,,,,,A
2808,39,la,facere/creare,,,,,,A
2809,40,en,up,,,,,,A
2810,40,es,arriba,,,,,,A
2811,40,fr,haut/en haut,,,,,,A
2812,40,pt,acima/para cima,,,,,,A
2813,40,de,hinauf/nach oben,,,,,,A
2814,40,it,su/sopra,,,,,,A
2815,40,ru,вверх,,,,vverkh,A
2816,40,ar,فوق/أعلى,,,,fawq/aʿlā,A
2817,40,hi,ऊपर,,,,ūpar,A
2818,40,bn,উপরে/উঁচুতে,,,,upôre/ũchute,A
2819,40,ur,اوپر,,,,ūpar,A
2820,40,fa,بالا,,,,bālā,A
2821,40,tr,yukarı/yukarıya,,,,,,A
2822,40,ja,上に/上がって,,,,ue ni/agatte,A
2823,40,ko,위로/올라,,,,wiro/olla,A
2824,40,zh-cn,向上/上面,,,,xiàngshàng/shàngmiàn,A
2825,40,zh-tw,向上/上面,,,,xiàngshàng/shàngmiàn,A
2826,40,vi,lên/trên,,,,,,A
2827,40,th,ขึ้น/บน,,,,khûn/bon,A
2828,40,id,naik/ke atas,,,,,,A
2829,40,sw,juu,,,,,,A
2830,40,nl,omhoog/boven,,,,,,A
2831,40,pl,w górę/do góry,,,,,,A
2832,40,uk,вгору/догори,,,,vhory/dohory,A
2833,40,el,πάνω/επάνω,,,,páno/epáno,A
2834,40,sv,upp,,,,,,A
2835,40,no,opp/oppover,,,,,,A
2836,40,da,op/opad,,,,,,A
2837,40,fi,ylös/ylhäällä,,,,,,A
2838,40,cs,nahoru,,,,,,A
2839,40,hu,fel,,,,,,A
2840,40,ro,sus,,,,,,A
2841,40,bg,нагоре/горе,,,,nagore/gore,A
2842,40,sr,горе/навише,,,,gore/naviše,A
2843,40,sk,hore,,,,,,A
2844,40,sl,gor/navzgor,,,,,,A
2845,40,lt,aukštyn/į viršų,,,,,,A
2846,40,lv,augšā/uz augšu,,,,,,A
2847,40,et,üles,,,,,,A
2848,40,he,למעלה/מעלה,,,,lemala/ma'ala,A
2849,40,ha,sama,,,,,,A
2850,40,yo,loke,,,,,,A
2851,40,ig,elu,,,,,,A
2852,40,am,ላይ/ከፍታ,,,,lay/käfəta,A
2853,40,ti,ላዕሊ/ኣብ ላዕሊ,,,,la'əli/'ab la'əli,A
2854,40,ne,माथि,,,,māthi,A
2855,40,ta,மேலே,,,,mēlē,A
2856,40,te,పైకి/మీద,,,,paiki/mīda,A
2857,40,ml,മുകളിൽ/മേലേയ്ക്ക്,,,,mukaḷil/mēleykk,A
2858,40,mr,वर/वरच्या दिशेने,,,,var/varacyā diśene,A
2859,40,pa,ਉੱਪਰ,,,,uppara,A
2860,40,gu,ઉપર,,,,upara,A
2861,40,si,ඉහළට/ඉහළ,,,,ihalaṭa/ihala,A
2862,40,km,ឡើង/ខាងលើ,,,,laəng/kʰang leu,A
2863,40,is,upp,,,,,,A
2864,40,tl,itaas/pataas,,,,,,A
2865,40,ms,naik/ke atas,,,,,,A
2866,40,jv,munggah/ndhuwur,,,,,,A
2867,40,kk,жоғары/үстіне,,,,joğarı/üstine,A
2868,40,uz,yuqoriga/yuqorida,,,,,,A
2869,40,mn,дээш/дээшээ,,,,deesh/deeshe,A
2870,40,ka,ზემოთ/ზევით,,,,zemot/zevit,A
2871,40,hy,վերև/վեր,,,,verev/ver,A
2872,40,eu,gora,,,,,,A
2873,40,ca,amunt/a dalt,,,,,,A
2874,40,gl,arriba,,,,,,A
2875,40,ga,suas/thuas,,,,,,A
2876,40,cy,i fyny/ lan,,,,,,A
2877,40,gd,suas/shìos,,,,,,A
2878,40,lb,erop/eraus,,,,,,A
2879,40,eo,supren,,,,,,A
2880,40,la,sursum,,,,,,A
2881,41,en,about,,,,,,A
2882,41,es,sobre/acerca de,,,,,,A
2883,41,fr,à propos de/au sujet de,,,,,,A
2884,41,pt,sobre/a respeito de,,,,,,A
2885,41,de,über/um,,,,,,A
2886,41,it,su/circa,,,,,,A
2887,41,ru,о/примерно,,,,o/primerno,A
2888,41,ar,حول/عن,,,,ḥawl/ʿan,A
2889,41,hi,के बारे में,,,,ke bāre mẽ,A
2890,41,bn,সম্পর্কে/প্রায়,,,,sômpôrke/prāẏ,A
2891,41,ur,کے بارے میں,,,,ke bāre mẽ,A
2892,41,fa,درباره/حدود,,,,dar bāre/ḥodud,A
2893,41,tr,hakkında/yaklaşık,,,,,,A
2894,41,ja,について/約,,,,ni tsuite/yaku,A
2895,41,ko,약/에 대해,,,,yak/e daehae,A
2896,41,zh-cn,关于/大约,,,,guānyú/dàyuē,A
2897,41,zh-tw,關於/大約,,,,guānyú/dàyuē,A
2898,41,vi,về/khoảng,,,,,,A
2899,41,th,เกี่ยวกับ/ประมาณ,,,,kī̀ẁāng kạb/pramāṇ,A
2900,41,id,tentang/sekitar,,,,,,A
2901,41,sw,kuhusu/takriban,,,,,,A
2902,41,nl,over/ongeveer,,,,,,A
2903,41,pl,o/o około,,,,,,A
2904,41,uk,про/приблизно,,,,pro/pryblyzno,A
2905,41,el,για/περίπου,,,,yia/perípou,A
2906,41,sv,om/cirka,,,,,,A
2907,41,no,om/rundt,,,,,,A
2908,41,da,om/cirka,,,,,,A
2909,41,fi,noin/ilmeisesti,,,,,,A
2910,41,cs,o/přibližně,,,,,,A
2911,41,hu,körülbelül/mit,,,,,,A
2912,41,ro,despre/cam,,,,,,A
2913,41,bg,за/около,,,,za/okolo,A
2914,41,sr,о/око,,,,o/oko,A
2915,41,sk,o/približne,,,,,,A
2916,41,sl,o/približno,,,,,,A
2917,41,lt,apie/maždaug,,,,,,A
2918,41,lv,par/aptuveni,,,,,,A
2919,41,et,umbes/kohta,,,,,,A
2920,41,he,על/בערך,,,,al/be'erekh,A
2921,41,ha,game da/kusan,,,,,,A
2922,41,yo,nipa/ni pataki,,,,,,A
2923,41,ig,banyere/ihe dị ka,,,,,,A
2924,41,am,በርትዖት/ዙሪያ,,,,bärt'ot/zuriya,A
2925,41,ti,ዝርዝር/ብዛት,,,,zərzər/bəzat,A
2926,41,ne,बारेमा/लगभग,,,,bāremā/lagabhag,A
2927,41,ta,பற்றி/சுமார்,,,,paṟṟi/cumār,A
2928,41,te,గురించి/సుమారు,,,,guriñci/sumāru,A
2929,41,ml,കുറിച്ച്/ഏകദേശം,,,,kuṟicc/ēkadēśaṁ,A
2930,41,mr,बद्दल/सुमारे,,,,baddal/sumāre,A
2931,41,pa,ਬਾਰੇ/ਲਗਭਗ,,,,bārē/lagabhag,A
2932,41,gu,બદલ/લગભગ,,,,badal/lagabhag,A
2933,41,si,පිළිබඳව/ආසන්න වශයෙන්,,,,piḷibanḍava/āsanna vaśayen,A
2934,41,km,អំពី/ប្រហែល,,,,ɑmpii/prɑhael,A
2935,41,is,um/um það bil,,,,,,A
2936,41,tl,tungkol sa/higit-kumulang,,,,,,A
2937,41,ms,tentang/sekitar,,,,,,A
2938,41,jv, bab/kira-kira,,,,bab/kira-kira,A
2939,41,kk,туралы/шамамен,,,,turaly/şamamen,A
2940,41,uz,haqida/taxminan,,,,,,A
2941,41,mn,тухай/ойролцоогоор,,,,tukhai/oiroltsoogoor,A
2942,41,ka,შესახებ/დაახლოებით,,,,shesakheb/daakhlobebit,A
2943,41,hy,մասին/մոտավորապես,,,,masin/motavorapes,A
2944,41,eu,buruz/gutxi gorabehera,,,,,,A
2945,41,ca,sobre/aproximadament,,,,,,A
2946,41,gl,sobre/arredor de,,,,,,A
2947,41,ga,faoi/thart ar,,,,,,A
2948,41,cy,am/tua,,,,,,A
2949,41,gd,mu dhèidhinn/timcheall air,,,,,,A
2950,41,lb,iwwer/ongeféier,,,,,,A
2951,41,eo,pri/cirkaŭ,,,,,,A
2952,41,la,de/circa,,,,,,A
2953,42,en,to know,,,,,,A
2954,42,es,saber/conocer,,,,,,A
2955,42,fr,savoir/connaître,,,,,,A
2956,42,pt,saber/conhecer,,,,,,A
2957,42,de,wissen/kennen,,,,,,A
2958,42,it,sapere/conoscere,,,,,,A
2959,42,ru,знать,,,,znat',A
2960,42,ar,يعرف,,,,yaʿrif,A
2961,42,hi,जानना,,,,jānnā,A
2962,42,bn,জানা,,,,jānā,A
2963,42,ur,جاننا,,,,jānnā,A
2964,42,fa,دانستن/شناختن,,,,dānestan/shenākhtan,A
2965,42,tr,bilmek/tanımak,,,,,,A
2966,42,ja,知る/分かる,,,,shiru/wakaru,A
2967,42,ko,알다,,,,alda,A
2968,42,zh-cn,知道/认识,,,,zhīdào/rènshi,A
2969,42,zh-tw,知道/認識,,,,zhīdào/rènshi,A
2970,42,vi,biết,,,,,,A
2971,42,th,รู้/ทราบ,,,,rú/sâap,A
2972,42,id,tahu/mengenal,,,,,,A
2973,42,sw,kujua,,,,,,A
2974,42,nl,weten/kennen,,,,,,A
2975,42,pl,wiedzieć/znać,,,,,,A
2976,42,uk,знати,,,,znaty,A
2977,42,el,ξέρω/γνωρίζω,,,,xéro/gnorízo,A
2978,42,sv,veta/känna,,,,,,A
2979,42,no,vite/kjenne,,,,,,A
2980,42,da,vide/kende,,,,,,A
2981,42,fi,tietää/tuntea,,,,,,A
2982,42,cs,vědět/znát,,,,,,A
2983,42,hu,tudni/ismerni,,,,,,A
2984,42,ro,a ști/a cunoaște,,,,,,A
2985,42,bg,знам,,,,znam,A
2986,42,sr,знати,,,,znati,A
2987,42,sk,vedieť/poznať,,,,,,A
2988,42,sl,vedeti/znati,,,,,,A
2989,42,lt,žinoti/pažinti,,,,,,A
2990,42,lv,zināt/pazīt,,,,,,A
2991,42,et,teadma/tundma,,,,,,A
2992,42,he,לדעת/להכיר,,,,lada'at/lehakir,A
2993,42,ha,sani,,,,,,A
2994,42,yo,mọ,,,,,,A
2995,42,ig,maara,,,,,,A
2996,42,am,መረዳት/መተዋወቅ,,,,märädat/mätäwawek',A
2997,42,ti,ኣፍልጦ/ከም,,,,'afləṭo/käm,A
2998,42,ne,थाहा पाउनु/चिन्नु,,,,thāhā pāunu/chinnu,A
2999,42,ta,தெரிந்திரு/அறி,,,,terintiru/aṟi,A
3000,42,te,తెలుసు/గుర్తుండు,,,,telusu/gurtuṇḍu,A
3001,42,ml,അറിയുക/അറിവുള്ള,,,,aṟiyuka/aṟivuḷḷa,A
3002,42,mr,माहीत असणे/ओळखणे,,,,māhīt asaṇe/oḷakhaṇe,A
3003,42,pa,ਜਾਣਨਾ/ਪਛਾਣਨਾ,,,,jāṇnā/pachāṇnā,A
3004,42,gu,જાણવું/ઓળખવું,,,,jāṇvũ/oḷakhvũ,A
3005,42,si,දන්නවා/හදුනනවා,,,,dannavā/hadunanavā,A
3006,42,km,ដឹង/ស្គាល់,,,,dəng/skoal,A
3007,42,is,vita/þekkja,,,,,,A
3008,42,tl,alam/kilala,,,,,,A
3009,42,ms,tahu/kenal,,,,,,A
3010,42,jv,tahu/ngerti,,,,,,A
3011,42,kk,білу/тану,,,,bilu/tanu,A
3012,42,uz,bilmoq/tanimoq,,,,,,A
3013,42,mn,мэдэх/таних,,,,medekh/tanikh,A
3014,42,ka,იცოდე/შემიცნობა,,,,itsode/shemitsnoba,A
3015,42,hy,իմանալ/ճանաչել,,,,imanal/chanach'el,A
3016,42,eu,jakin/ezagutu,,,,,,A
3017,42,ca,saber/conèixer,,,,,,A
3018,42,gl,saber/coñecer,,,,,,A
3019,42,ga,a fhios a bheith ag/aithne a bheith ag,,,,,,A
3020,42,cy,gwybod/adnabod,,,,,,A
3021,42,gd,bi eòlach air/fios a bhith agad,,,,,,A
3022,42,lb,wëssen/kenne,,,,,,A
3023,42,eo,scii/konati,,,,,,A
3024,42,la,scire/cognoscere,,,,,,A
3025,43,en,one,,,,,,A
3026,43,es,uno/una,,,,,,A
3027,43,fr,un/une,,,,,,A
3028,43,pt,um/uma,,,,,,A
3029,43,de,eins,,,,,,A
3030,43,it,uno/una,,,,,,A
3031,43,ru,один/одна/одно,,,,odin/odna/odno,A
3032,43,ar,واحد/واحدة,,,,wāḥid/wāḥida,A
3033,43,hi,एक,,,,ek,A
3034,43,bn,এক,,,,ek,A
3035,43,ur,ایک,,,,ek,A
3036,43,fa,یک/یکی,,,,yek/yeki,A
3037,43,tr,bir,,,,,,A
3038,43,ja,一/1,,,,ichi/1,A
3039,43,ko,하나/일,,,,hana/il,A
3040,43,zh-cn,一,,,,yī,A
3041,43,zh-tw,一,,,,yī,A
3042,43,vi,một,,,,,,A
3043,43,th,หนึ่ง,,,,nʉ̀ng,A
3044,43,id,satu,,,,,,A
3045,43,sw,moja,,,,,,A
3046,43,nl,één,,,,,,A
3047,43,pl,jeden/jedna,,,,,,A
3048,43,uk,один/одна/одне,,,,odyn/odna/odne,A
3049,43,el,ένας/μία/ένα,,,,énas/mía/éna,A
3050,43,sv,ett/en,,,,,,A
3051,43,no,en/ett,,,,,,A
3052,43,da,en/et,,,,,,A
3053,43,fi,yksi,,,,,,A
3054,43,cs,jeden/jedna/jedno,,,,,,A
3055,43,hu,egy,,,,,,A
3056,43,ro,un/una,,,,,,A
3057,43,bg,един/една/едно,,,,edin/edna/edno,A
3058,43,sr,један/једна/једно,,,,jedan/jedna/jedno,A
3059,43,sk,jeden/jedna/jedno,,,,,,A
3060,43,sl,ena/en,,,,,,A
3061,43,lt,vienas/viena,,,,,,A
3062,43,lv,viens/viena,,,,,,A
3063,43,et,üks,,,,,,A
3064,43,he,אחד/אחת,,,,ekhad/akhat,A
3065,43,ha,daya,,,,,,A
3066,43,yo,ọkan,,,,,,A
3067,43,ig,otu,,,,,,A
3068,43,am,አንድ,,,,'and,A
3069,43,ti,ሓደ,,,,ḥadä,A
3070,43,ne,एक,,,,ek,A
3071,43,ta,ஒன்று,,,,oṉṟu,A
3072,43,te,ఒకటి/ఒక్కటి,,,,okaṭi/okkaṭi,A
3073,43,ml,ഒന്ന്,,,,onn,A
3074,43,mr,एक,,,,ek,A
3075,43,pa,ਇੱਕ,,,,ikk,A
3076,43,gu,એક,,,,ek,A
3077,43,si,එක,,,,eka,A
3078,43,km,មួយ,,,,muəy,A
3079,43,is,einn,,,,,,A
3080,43,tl,isa,,,,,,A
3081,43,ms,satu,,,,,,A
3082,43,jv,siji,,,,,,A
3083,43,kk,бір,,,,bir,A
3084,43,uz,bir,,,,,,A
3085,43,mn,нэг,,,,neg,A
3086,43,ka,ერთი,,,,erti,A
3087,43,hy,մեկ,,,,mek,A
3088,43,eu,bat,,,,,,A
3089,43,ca,un/una,,,,,,A
3090,43,gl,un/una,,,,,,A
3091,43,ga,aon,,,,,,A
3092,43,cy,un,,,,,,A
3093,43,gd,aon,,,,,,A
3094,43,lb,eent,,,,,,A
3095,43,eo,unu,,,,,,A
3096,43,la,unus/una,,,,,,A
3097,44,en,time,,,,,,A
3098,44,es,tiempo,el,m,,,,,A
3099,44,fr,temps,le,m,,,,,A
3100,44,pt,tempo,o,m,,,,,A
3101,44,de,Zeit,die,f,,,,,A
3102,44,it,tempo,il,m,,,,,A
3103,44,ru,время,,,,vremya,A
3104,44,ar,وقت,,,,waqt,A
3105,44,hi,समय,,,,samay,A
3106,44,bn,সময়,,,,sômôẏ,A
3107,44,ur,وقت,,,,waqt,A
3108,44,fa,زمان,,,,zamān,A
3109,44,tr,zaman,,,,,,A
3110,44,ja,時間,,,,jikan,A
3111,44,ko,시간,,,,sigan,A
3112,44,zh-cn,时间,,,,shíjiān,A
3113,44,zh-tw,時間,,,,shíjiān,A
3114,44,vi,thời gian,,,,,,A
3115,44,th,เวลา,,,,welā,A
3116,44,id,waktu,,,,,,A
3117,44,sw,wakati,,,,,,A
3118,44,nl,tijd,de,m/f,,,,A
3119,44,pl,czas,,,,,,A
3120,44,uk,час,,,,chas,A
3121,44,el,χρόνος,ο,m,,,,A
3122,44,sv,tid,en,c,,,,A
3123,44,no,tid,,,,,,A
3124,44,da,tid,en,c,,,,A
3125,44,fi,aika,,,,,,A
3126,44,cs,čas,,,,,,A
3127,44,hu,idő,,,,,,A
3128,44,ro,timp,un,n,,,,A
3129,44,bg,време,,,,vreme,A
3130,44,sr,време,,,,vreme,A
3131,44,sk,čas,,,,,,A
3132,44,sl,čas,,,,,,A
3133,44,lt,laikas,,,,,,A
3134,44,lv,laiks,,,,,,A
3135,44,et,aeg,,,,,,A
3136,44,he,זמן,,,,zman,A
3137,44,ha,lokaci,,,,,,A
3138,44,yo,akoko,,,,,,A
3139,44,ig,oge,,,,,,A
3140,44,am,ጊዜ,,,,gīzē,A
3141,44,ti,ግዜ,,,,gəzē,A
3142,44,ne,समय,,,,samaya,A
3143,44,ta,நேரம்,,,,nēram,A
3144,44,te,సమయం,,,,samayaṁ,A
3145,44,ml,സമയം,,,,samayaṁ,A
3146,44,mr,वेळ,,,,veḷ,A
3147,44,pa,ਸਮਾਂ,,,,samā̃,A
3148,44,gu,સમય,,,,samay,A
3149,44,si,වේලාව,,,,vēlāva,A
3150,44,km,ពេលវេលា,,,,pel velia,A
3151,44,is,tími,,,,,,A
3152,44,tl,oras,,,,,,A
3153,44,ms,masa,,,,,,A
3154,44,jv,wektu,,,,,,A
3155,44,kk,уақыт,,,,uaqıt,A
3156,44,uz,vaqt,,,,,,A
3157,44,mn,цаг,,,,tsag,A
3158,44,ka,დრო,,,,dro,A
3159,44,hy,ժամանակ,,,,zhamanak,A
3160,44,eu,denbora,,,,,,A
3161,44,ca,temps,el,m,,,,A
3162,44,gl,tempo,o,m,,,,A
3163,44,ga,am,,,,,,A
3164,44,cy,amser,,,,,,A
3165,44,gd,ùine,,,,,,A
3166,44,lb,Zäit,die,f,,,,A
3167,44,eo,tempo,,,,,,A
3168,44,la,tempus,,,,,,A
3169,45,en,there,,,,,,A
3170,45,es,allí/ahí,,,,,,A
3171,45,fr,là,,,,,,A
3172,45,pt,ali/lá,,,,,,A
3173,45,de,dort/da,,,,,,A
3174,45,it,là/lì,,,,,,A
3175,45,ru,там,,,,tam,A
3176,45,ar,هناك,,,,hunāk,A
3177,45,hi,वहाँ,,,,vahā̃,A
3178,45,bn,সেখানে,,,,shekhāne,A
3179,45,ur,وہاں,,,,wahā̃,A
3180,45,fa,آنجا/آن جا,,,,ānjā/ān jā,A
3181,45,tr,orada/oraya,,,,,,A
3182,45,ja,そこ/あそこ,,,,soko/asoko,A
3183,45,ko,거기/저기,,,,geogi/jeogi,A
3184,45,zh-cn,那里,,,,nàlǐ,A
3185,45,zh-tw,那裡,,,,nàlǐ,A
3186,45,vi,ở đó/ở đấy,,,,,,A
3187,45,th,ที่นั่น/ตรงนั้น,,,,thī̀ n̂a/trng n̂a,A
3188,45,id,di sana/ di situ,,,,,,A
3189,45,sw,pale/kule,,,,,,A
3190,45,nl,daar/er,,,,,,A
3191,45,pl,tam,,,,,,A
3192,45,uk,там,,,,tam,A
3193,45,el,εκεί,,,,ekeí,A
3194,45,sv,där,,,,,,A
3195,45,no,der,,,,,,A
3196,45,da,der,,,,,,A
3197,45,fi,siellä/siinä,,,,,,A
3198,45,cs,tam,,,,,,A
3199,45,hu,ott,,,,,,A
3200,45,ro,acolo,,,,,,A
3201,45,bg,там,,,,tam,A
3202,45,sr,тамо,,,,tamo,A
3203,45,sk,tam,,,,,,A
3204,45,sl,tam,,,,,,A
3205,45,lt,ten,,,,,,A
3206,45,lv,tur,,,,,,A
3207,45,et,seal,,,,,,A
3208,45,he,שם,,,,sham,A
3209,45,ha,can,,,,,,A
3210,45,yo,níbiẹ/níbẹ,,,,,,A
3211,45,ig,n'ebe ahụ,,,,,,A
3212,45,am,እዚያ/እዚያው,,,,'əziya/'əziyaw,A
3213,45,ti,በዚ/ኣብኡ,,,bäzi/'abu,A
3214,45,ne,त्यहाँ,,,,tyahā̃,A
3215,45,ta,அங்கு,,,,aṅku,A
3216,45,te,అక్కడ,,,,akkaḍa,A
3217,45,ml,അവിടെ/അങ്ങ്,,,,aviṭe/aṅṅ,A
3218,45,mr,तिथे/तेथे,,,,tithe/tethe,A
3219,45,pa,ਉੱਥੇ,,,,utthe,A
3220,45,gu,ત્યાં,,,,tyā̃,A
3221,45,si,එහි/එතැන,,,,ehi/etæna,A
3222,45,km,នៅទីនោះ,,,,now ti noh,A
3223,45,is,þar,,,,,,A
3224,45,tl,doon,,,,,,A
3225,45,ms,di sana/di situ,,,,,,A
3226,45,jv,ing kana/ing kono,,,,,,A
3227,45,kk,сол жерде/ана жерде,,,,sol jerde/ana jerde,A
3228,45,uz,u yerda/ana yerda,,,,,,A
3229,45,mn,тэнд/үүрээ,,,,tend/üüree,A
3230,45,ka,იქ,,,,ik,A
3231,45,hy,այնտեղ,,,,ayntekh,A
3232,45,eu,han,,,,,,A
3233,45,ca,allí/allà,,,,,,A
3234,45,gl,alí/alá,,,,,,A
3235,45,ga,ann/sin,,,,,,A
3236,45,cy,yna,,,,,,A
3237,45,gd,an sin,,,,,,A
3238,45,lb,do,,,,,,A
3239,45,eo,tie,,,,,,A
3240,45,la,ibi/illic,,,,,,A
3241,46,en,year,,,,,,A
3242,46,es,año,el,m,,,,A
3243,46,fr,an,l',m,,,,A
3244,46,pt,ano,o,m,,,,A
3245,46,de,Jahr,das,n,,,,A
3246,46,it,anno,l',m,,,,A
3247,46,ru,год,,,,god,A
3248,46,ar,سنة,,,,sana,A
3249,46,hi,साल,,,,sāl,A
3250,46,bn,বছর/সাল,,,,bôchôr/sāl,A
3251,46,ur,سال,,,,sāl,A
3252,46,fa,سال,,,,sāl,A
3253,46,tr,yıl,,,,,,A
3254,46,ja,年,,,,nen,A
3255,46,ko,년/해,,,,nyeon/hae,A
3256,46,zh-cn,年,,,,nián,A
3257,46,zh-tw,年,,,,nián,A
3258,46,vi,năm,,,,,,A
3259,46,th,ปี,,,,pii,A
3260,46,id,tahun,,,,,,A
3261,46,sw,mwaka,,,,,,A
3262,46,nl,jaar,het,n,,,,A
3263,46,pl,rok,,,,,,A
3264,46,uk,рік,,,,rik,A
3265,46,el,χρόνος,ο,m,,,,A
3266,46,sv,år,ett,n,,,,A
3267,46,no,år,ett,n,,,,A
3268,46,da,år,ett,n,,,,A
3269,46,fi,vuosi,,,,,,A
3270,46,cs,rok,,,,,,A
3271,46,hu,év,,,,,,A
3272,46,ro,an,un,m,,,,A
3273,46,bg,година,,,,godina,A
3274,46,sr,година,,,,godina,A
3275,46,sk,rok,,,,,,A
3276,46,sl,leto,,,,,,A
3277,46,lt,metai,,,,,,A
3278,46,lv,gads,,,,,,A
3279,46,et,aasta,,,,,,A
3280,46,he,שנה,,,,shana,A
3281,46,ha,shekara,,,,,,A
3282,46,yo,ọdún,,,,,,A
3283,46,ig,afọ,,,,,,A
3284,46,am,አመት,,,,'amät,A
3285,46,ti,ዓመት,,,,'amät,A
3286,46,ne,वर्ष,,,,varṣa,A
3287,46,ta,ஆண்டு,,,,āṇṭu,A
3288,46,te,సంవత్సరం,,,,saṁvatsaraṁ,A
3289,46,ml,വർഷം/ആണ്ട്,,,,varṣaṁ/āṇṭ,A
3290,46,mr,वर्ष,,,,varṣa,A
3291,46,pa,ਸਾਲ,,,,sāl,A
3292,46,gu,વર્ષ,,,,varṣa,A
3293,46,si,අවුරුද්ද/වසර,,,,avurudda/vasara,A
3294,46,km,ឆ្នាំ,,,,chhnam,A
3295,46,is,ár,,,,,,A
3296,46,tl,taon,,,,,,A
3297,46,ms,tahun,,,,,,A
3298,46,jv,taun,,,,,,A
3299,46,kk,жыл,,,,jıl,A
3300,46,uz,yil,,,,,,A
3301,46,mn,жил,,,,jil,A
3302,46,ka,წელი,,,,ts'eli,A
3303,46,hy,տարի,,,,tari,A
3304,46,eu,urte,,,,,,A
3305,46,ca,any,l',m,,,,A
3306,46,gl,ano,o,m,,,,A
3307,46,ga,bliain,,,,,,A
3308,46,cy,blwyddyn,,,,,,A
3309,46,gd,bliadhna,,,,,,A
3310,46,lb,Joer,d',n,,,,A
3311,46,eo,jaro,,,,,,A
3312,46,la,annus,,,,,,A
3313,47,en,so,,,,,,A
3314,47,es,tan/entonces,,,,,,A
3315,47,fr,si/tellement,,,,,,A
3316,47,pt,tão/então,,,,,,A
3317,47,de,so/also,,,,,,A
3318,47,it,così/allora,,,,,,A
3319,47,ru,так/итак,,,,tak/itak,A
3320,47,ar,لذلك/هكذا,,,,lidhālik/hākadhā,A
3321,47,hi,इसलिए/बहुत,,,,isliye/bahut,A
3322,47,bn,তাই/এত,,,,tāi/etô,A
3323,47,ur,اس لیے/اتنا,,,,is liye/itnā,A
3324,47,fa,بنابراین/خیلی,,,,banābareen/khayli,A
3325,47,tr,bu yüzden/öyle,,,,,,A
3326,47,ja,だから/とても,,,,dakara/totemo,A
3327,47,ko,그래서/너무,,,,geuraeseo/neomu,A
3328,47,zh-cn,所以/这么,,,,suǒyǐ/zhème,A
3329,47,zh-tw,所以/這麼,,,,suǒyǐ/zhème,A
3330,47,vi,vì vậy/rất,,,,,,A
3331,47,th,ดังนั้น/มาก,,,,dạngn̂ā/mâk,A
3332,47,id,jadi/sangat,,,,,,A
3333,47,sw,kwa hivyo/sana,,,,,,A
3334,47,nl,dus/zo,,,,,,A
3335,47,pl,więc/tak,,,,,,A
3336,47,uk,так/отже,,,,tak/otzhe,A
3337,47,el,έτσι/τόσο,,,,étsi/tóso,A
3338,47,sv,så/alltså,,,,,,A
3339,47,no,så/derfor,,,,,,A
3340,47,da,så/derfor,,,,,,A
3341,47,fi,niin/niin että,,,,,,A
3342,47,cs,tak/proto,,,,,,A
3343,47,hu,tehát/annyira,,,,,,A
3344,47,ro,așa/deci,,,,,,A
3345,47,bg,така/затова,,,,taka/zatova,A
3346,47,sr,тако/зато,,,,tako/zato,A
3347,47,sk,tak/preto,,,,,,A
3348,47,sl,tako/zato,,,,,,A
3349,47,lt,taip/todėl,,,,,,A
3350,47,lv,tā/tādēļ,,,,,,A
3351,47,et,nii/niisiis,,,,,,A
3352,47,he,כך/כל כך,,,,kach/kol kach,A
3353,47,ha,don haka/sosai,,,,,,A
3354,47,yo,bẹ/bẹẹ,,,,,,A
3355,47,ig,ya mere/otu ahu,,,,,,A
3356,47,am,ስለዚህ/እንደዚህ,,,,släzih/'əndäzih,A
3357,47,ti,ስለዚህ/ከምኡ,,,,släzih/kämu,A
3358,47,ne,त्यसैले/धेरै,,,,tyasaile/dherai,A
3359,47,ta,அதனால்/மிகவும்,,,,ataṉāl/mikavum,A
3360,47,te,కాబట్టి/చాలా,,,,kābaṭṭi/cālā,A
3361,47,ml,അതുകൊണ്ട്/വളരെ,,,,atukoṇṭ/vaḷare,A
3362,47,mr,म्हणून/खूप,,,,mhaṇūn/khūp,A
3363,47,pa,ਇਸ ਲਈ/ਬਹੁਤ,,,,is la'ī/bahut,A
3364,47,gu,તેથી/ખૂબ,,,,tethī/khūb,A
3365,47,si,එමනිසා/ඉතා,,,,emanisā/itā,A
3366,47,km,ដូច្នេះ/ណាស់,,,,dochneh/nas,A
3367,47,is,svo/þannig,,,,,,A
3368,47,tl,kaya/sobra,,,,,,A
3369,47,ms,jadi/sangat,,,,,,A
3370,47,jv,dadi/banget,,,,,,A
3371,47,kk,сондықтан/өте,,,,sondıqtan/öte,A
3372,47,uz,shuning uchun/juda,,,,,,A
3373,47,mn,тийм учраас/маш,,,,tiim uchraas/mash,A
3374,47,ka,ასე რომ/ისე,,,,ase rom/ise,A
3375,47,hy,այսպիսով/այնքան,,,,ayspisov/aynk'an,A
3376,47,eu,beraz/hainbeste,,,,,,A
3377,47,ca,així/tant,,,,,,A
3378,47,gl,así/tanto,,,,,,A
3379,47,ga,mar sin/chomh,,,,,,A
3380,47,cy,felly/mor,,,,,,A
3381,47,gd,mar sin/cho,,,,,,A
3382,47,lb,sou/also,,,,,,A
3383,47,eo,do/tiel,,,,,,A
3384,47,la,ita/sic,,,,,,A
3385,48,en,to think,,,,,,A
3386,48,es,pensar,,,,,,A
3387,48,fr,penser,,,,,,A
3388,48,pt,pensar,,,,,,A
3389,48,de,denken,,,,,,A
3390,48,it,pensare,,,,,,A
3391,48,ru,думать,,,,dumat',A
3392,48,ar,يفكر,,,,yufakkir,A
3393,48,hi,सोचना,,,,socnā,A
3394,48,bn,ভাবা,,,,bhābā,A
3395,48,ur,سوچنا,,,,sochnā,A
3396,48,fa,فکر کردن,,,,fekr kardan,A
3397,48,tr,düşünmek,,,,,,A
3398,48,ja,思う/考える,,,,omou/kangaeru,A
3399,48,ko,생각하다,,,,saenggakhada,A
3400,48,zh-cn,想/认为,,,,xiǎng/rènwéi,A
3401,48,zh-tw,想/認為,,,,xiǎng/rènwéi,A
3402,48,vi,nghĩ,,,,,,A
3403,48,th,คิด,,,,khid,A
3404,48,id,berpikir,,,,,,A
3405,48,sw,kufikiri,,,,,,A
3406,48,nl,denken,,,,,,A
3407,48,pl,myśleć,,,,,,A
3408,48,uk,думати,,,,dumaty,A
3409,48,el,σκέφτομαι,,,,skéftomai,A
3410,48,sv,tänka,,,,,,A
3411,48,no,tenke,,,,,,A
3412,48,da,tenke,,,,,,A
3413,48,fi,ajatella,,,,,,A
3414,48,cs,myslet,,,,,,A
3415,48,hu,gondolni,,,,,,A
3416,48,ro,a gândi,,,,,,A
3417,48,bg,мисля,,,,mislya,A
3418,48,sr,мислити,,,,misliti,A
3419,48,sk,myslieť,,,,,,A
3420,48,sl,misliti,,,,,,A
3421,48,lt,galvoti,,,,,,A
3422,48,lv,domāt,,,,,,A
3423,48,et,mõtlema,,,,,,A
3424,48,he,לחשוב,,,,lachshov,A
3425,48,ha,tunani,,,,,,A
3426,48,yo,ro,,,,,,A
3427,48,ig,chee echiche,,,,,,A
3428,48,am,መያዝ/መገመት,,,,mäyaz/mägämäät,A
3429,48,ti,ትምኒ/ኣተረፍ,,,,təmni/'atäräf,A
3430,48,ne,सोच्नु,,,,sochnu,A
3431,48,ta,நினை,,,,niṉai,A
3432,48,te,ఆలోచించు,,,,ālōciñcu,A
3433,48,ml,ചിന്തിക്കുക,,,,cintikkuka,A
3434,48,mr,विचार करणे,,,,vicār karaṇe,A
3435,48,pa,ਸੋਚਣਾ,,,,sochaṇā,A
3436,48,gu,વિચારવું,,,,vicārvũ,A
3437,48,si,හිතනවා/සිතනවා,,,,hitanavā/sitanavā,A
3438,48,km,គិត/យល់,,,,kit/yol,A
3439,48,is,hugsa,,,,,,A
3440,48,tl,mag-isip,,,,,,A
3441,48,ms,berfikir,,,,,,A
3442,48,jv,mikir,,,,,,A
3443,48,kk,ойлау,,,,oılau,A
3444,48,uz,o'ylamoq,,,,,,A
3445,48,mn,бодох,,,,bodokh,A
3446,48,ka,ფიქრი/დაფიქრება,,,,p'ikri/dap'ikreba,A
3447,48,hy,մտածել,,,,mtatsel,A
3448,48,eu,pentsatu,,,,,,A
3449,48,ca,pensar,,,,,,A
3450,48,gl,pensar,,,,,,A
3451,48,ga,smaoineamh,,,,,,A
3452,48,cy,meddwl,,,,,,A
3453,48,gd,smaoinich,,,,,,A
3454,48,lb,denken,,,,,,A
3455,48,eo,pensi,,,,,,A
3456,48,la,cogitare,,,,,,A
3457,49,en,when,,,,,,A
3458,49,es,cuándo,,,,,,A
3459,49,fr,quand,,,,,,A
3460,49,pt,quando,,,,,,A
3461,49,de,wann,,,,,,A
3462,49,it,quando,,,,,,A
3463,49,ru,когда,,,,kogda,A
3464,49,ar,متى,,,,matā,A
3465,49,hi,कब,,,,kab,A
3466,49,bn,কখন,,,,kôkhôn,A
3467,49,ur,کب,,,,kab,A
3468,49,fa,کی/وقتی,,,,key/vaqti,A
3469,49,tr,ne zaman,,,,,,A
3470,49,ja,いつ,,,,itsu,A
3471,49,ko,언제,,,,eonje,A
3472,49,zh-cn,什么时候,,,,shénme shíhòu,A
3473,49,zh-tw,什麼時候,,,,shénme shíhòu,A
3474,49,vi,khi nào,,,,,,A
3475,49,th,เมื่อไหร่/เมื่อไร,,,,mʉ̂ʉa rài/mʉ̂ʉa rai,A
3476,49,id,kapan,,,,,,A
3477,49,sw,lini,,,,,,A
3478,49,nl,wanneer,,,,,,A
3479,49,pl,kiedy,,,,,,A
3480,49,uk,коли,,,,koly,A
3481,49,el,πότε,,,,póte,A
3482,49,sv,när,,,,,,A
3483,49,no,når,,,,,,A
3484,49,da,hvornår,,,,,,A
3485,49,fi,milloin,,,,,,A
3486,49,cs,kdy,,,,,,A
3487,49,hu,mikor,,,,,,A
3488,49,ro,când,,,,,,A
3489,49,bg,кога,,,,koga,A
3490,49,sr,када,,,,kada,A
3491,49,sk,kedy,,,,,,A
3492,49,sl,kdaj,,,,,,A
3493,49,lt,kada,,,,,,A
3494,49,lv,kad,,,,,,A
3495,49,et,millal,,,,,,A
3496,49,he,מתי,,,,matay,A
3497,49,ha,yaushe,,,,,,A
3498,49,yo,nígbà wo,,,,,,A
3499,49,ig,mgbe ole,,,,,,A
3500,49,am,መቼ,,,,mäche,A
3501,49,ti,መዓስ/ድሕሪ ክንድዚ,,,,mä'as/dəḥri kəndzi,A
3502,49,ne,कहिले,,,,kahile,A
3503,49,ta,எப்போது,,,,eppōtu,A
3504,49,te,ఎప్పుడు,,,,eppuḍu,A
3505,49,ml,എപ്പോൾ,,,,eppōḷ,A
3506,49,mr,केव्हा,,,,kevhā,A
3507,49,pa,ਕਦੋਂ,,,,kadō̃,A
3508,49,gu,ક્યારે,,,,kyāre,A
3509,49,si,කවදාද,,,,kavadāda,A
3510,49,km,ពេលណា/នៅពេលណា,,,,pel na/now pel na,A
3511,49,is,hvenær,,,,,,A
3512,49,tl,kailan,,,,,,A
3513,49,ms,bila,,,,,,A
3514,49,jv,kapan,,,,,,A
3515,49,kk,қашан,,,,qaşan,A
3516,49,uz,qachon,,,,,,A
3517,49,mn,хэзээ,,,,khezee,A
3518,49,ka,როდის,,,,rodis,A
3519,49,hy,երբ,,,,yerb,A
3520,49,au,noiz,,,,,,A
3521,49,ca,quan,,,,,,A
3522,49,gl,cando,,,,,,A
3523,49,ga,cathain,,,,,,A
3524,49,cy,pryd,,,,,,A
3525,49,gd,cuin,,,,,,A
3526,49,lb,wann,,,,,,A
3527,49,eo,kiam,,,,,,A
3528,49,la,quando,,,,,,A
3529,50,en,which,,,,,,A
3530,50,es,cuál/cuáles,,,,,,A
3531,50,fr,quel/quelle,,,,,,A
3532,50,pt,qual/quais,,,,,,A
3533,50,de,welche/welcher,,,,,,A
3534,50,it,quale/quali,,,,,,A
3535,50,ru,который/какой,,,,kotoryy/kakoy,A
3536,50,ar,أي,,,,ayy,A
3537,50,hi,कौन सा,,,,kaun sā,A
3538,50,bn,কোন,,,,kôn,A
3539,50,ur,کون سا,,,,kaun sā,A
3540,50,fa,کدام,,,,kodām,A
3541,50,tr,hangi,,,,,,A
3542,50,ja,どの,,,,dono,A
3543,50,ko,어떤/무슨,,,,eotteon/museun,A
3544,50,zh-cn,哪个,,,,nǎge,A
3545,50,zh-tw,哪個,,,,nǎge,A
3546,50,vi,nào,,,,,,A
3547,50,th,อันไหน/ที่,,,,an nǎi/thī̀,A
3548,50,id,yang mana,,,,,,A
3549,50,sw,ipi/gani,,,,,,A
3550,50,nl,welke,,,,,,A
3551,50,pl,który,,,,,,A
3552,50,uk,який,,,,yakyi,A
3553,50,el,ποιος/ποια,,,,pios/pia,A
3554,50,sv,vilken/vilket,,,,,,A
3555,50,no,hvilken,,,,,,A
3556,50,da,hvilken,,,,,,A
3557,50,fi,mikä/kumpi,,,,,,A
3558,50,cs,který,,,,,,A
3559,50,hu,melyik,,,,,,A
3560,50,ro,care,,,,,,A
3561,50,bg,кой/коя,,,,koy/koya,A
3562,50,sr,који/која,,,,koji/koja,A
3563,50,sk,ktorý,,,,,,A
3564,50,sl,kateri,,,,,,A
3565,50,lt,kuris,,,,,,A
3566,50,lv,kurš,,,,,,A
3567,50,et,milline,,,,,,A
3568,50,he,איזה,,,,eize,A
3569,50,ha,wane,,,,,,A
3570,50,yo,ewo,,,,,,A
3571,50,ig,olee/kedu,,,,,,A
3572,50,am,የትኛው/ከትኛው,,,yätəñaw/kätəñaw,A
3573,50,ti,ኣየ/ካበይ,,,,'ayä/kabäy,A
3574,50,ne,कुन,,,,kun,A
3575,50,ta,எது/எந்த,,,,etu/eṉta,A
3576,50,te,ఏది/ఏమిటి,,,,ēdi/ēmiṭi,A
3577,50,ml,ഏത്,,,,ēt,A
3578,50,mr,कोणता,,,,koṇatā,A
3579,50,pa,ਕਿਹੜਾ,,,,kihṛā,A
3580,50,gu,કયું,,,,kayuṁ,A
3581,50,si,කුමන/මොකක්ද,,,,kumana/mokakda,A
3582,50,km,ណា/មួយណា,,,,na/muəy na,A
3583,50,is,hver,,,,,,A
3584,50,tl,alin,,,,,,A
3585,50,ms,yang mana,,,,,,A
3586,50,jv,endi,,,,,,A
3587,50,kk,қайсы,,,,qaysı,A
3588,50,uz,qaysi,,,,,,A
3589,50,mn,аль,,,,al',A
3590,50,ka,რომელი,,,,romeli,A
3591,50,hy,որ/որոնք,,,,vor/voronk',A
3592,50,eu,zein,,,,,,A
3593,50,ca,quin/quina,,,,,,A
3594,50,gl,cal,,,,,,A
3595,50,ga,cé acu,,,,,,A
3596,50,cy,pa,,,,,,A
3597,50,gd,dè,,,,,,A
3598,50,lb,wéi,,,,,,A
3599,50,eo,kiu,,,,,,A
3600,50,la,quae/qui,,,,,,A
3601,51,en,them,,,,,,A
3602,51,es,los/las,,,,,,A
3603,51,fr,les,,,,,,A
3604,51,pt,os/as,,,,,,A
3605,51,de,sie,,,,,,A
3606,51,it,li/le,,,,,,A
3607,51,ru,их/им,,,,ikh/im,A
3608,51,ar,هم/هن,,,,hum/hunna,A
3609,51,hi,उन्हें,,,,unhẽ,A
3610,51,bn,তাদেরকে,,,,tādērke,A
3611,51,ur,انہیں,,,,unhẽ,A
3612,51,fa,آنها را,,,,ānhā rā,A
3613,51,tr,onları,,,,,,A
3614,51,ja,彼らを/彼女らを,,,,karera o/kanojora o,A
3615,51,ko,그들을,,,,geudeureul,A
3616,51,zh-cn,他们/她们/它们,,,,tāmen,A
3617,51,zh-tw,他們/她們/它們,,,,tāmen,A
3618,51,vi,họ,,,,,,A
3619,51,th,พวกเขา,,,,phûak khǎo,A
3620,51,id,mereka,,,,,,A
3621,51,sw,wao,,,,,,A
3622,51,nl,hen/hun,,,,,,A
3623,51,pl,ich,,,,,,A
3624,51,uk,їх,,,,yikh,A
3625,51,el,τους,,,,tous,A
3626,51,sv,dem,,,,,,A
3627,51,no,dem,,,,,,A
3628,51,da,dem,,,,,,A
3629,51,fi,heitä,,,,,,A
3630,51,cs,je/nim,,,,,,A
3631,51,hu,őket,,,,,,A
3632,51,ro,le/lor,,,,,,A
3633,51,bg,тях,,,,tyah,A
3634,51,sr,њих/njih,,,,njih,A
3635,51,sk,ich/im,,,,,,A
3636,51,sl,jih,,,,,,A
3637,51,lt,juos/jas,,,,,,A
3638,51,lv,viņus/viņas,,,,,,A
3639,51,et,neid,,,,,,A
3640,51,he,אותם/אותן,,,,otam/otan,A
3641,51,ha,su,,,,,,A
3642,51,yo,wọn,,,,,,A
3643,51,ig,ha,,,,,,A
3644,51,am,እነሱን/እነሷን,,,,'ənässun/'ənässʷan,A
3645,51,ti,ኣቶም/ኣተን,,,,'atom/'atän,A
3646,51,ne,उनीहरूलाई,,,,unīharūlāī,A
3647,51,ta,அவர்களை,,,,avarkaḷai,A
3648,51,te,వాళ్లను/వారిని,,,,vāḷḷanu/vārini,A
3649,51,ml,അവരെ,,,,avare,A
3650,51,mr,त्यांना,,,,tyā̃nā,A
3651,51,pa,ਉਨ੍ਹਾਂ ਨੂੰ,,,,unhā̃ nū̃,A
3652,51,gu,તેમને,,,,temane,A
3653,51,si,ඔවුන්ව/ඔවුන්ගෙන්,,,,ovunva/ovungen,A
3654,51,km,ពួកគេ/គាត់ទាំងអស់,,,,puək kei/koătt teaṅ ʼɑh,A
3655,51,is,þá/þær,,,,,,A
3656,51,tl,sila,,,,,,A
3657,51,ms,mereka,,,,,,A
3658,51,jv,wong-wong mau,,,,,,A
3659,51,kk,оларды,,,,olardı,A
3660,51,uz,ularni,,,,,,A
3661,51,mn,тэднийг,,,,tedniig,A
3662,51,ka,მათ,,,,mat,A
3663,51,hy,նրանց,,,,nrants,A
3664,51,eu,haiek,,,,,,A
3665,51,ca,els/les,,,,,,A
3666,51,gl,os/as,,,,,,A
3667,51,ga,iad,,,,,,A
3668,51,cy,nhw,,,,,,A
3669,51,gd,iad,,,,,,A
3670,51,lb,se,,,,,,A
3671,51,eo,ilin,,,,,,A
3672,51,la,eos/eas,,,,,,A
3673,52,en,me,,,,,,A
3674,52,es,me,,,,,,A
3675,52,fr,me/moi,,,,,,A
3676,52,pt,me,,,,,,A
3677,52,de,mich/mir,,,,,,A
3678,52,it,mi/me,,,,,,A
3679,52,ru,меня/мне,,,,menya/mne,A
3680,52,ar,ني,,,,nī,A
3681,52,hi,मुझे,,,,mujhe,A
3682,52,bn,আমাকে,,,,āmāke,A
3683,52,ur,مجھے,,,,mujhe,A
3684,52,fa,من را,,,,man rā,A
3685,52,tr,beni/bana,,,,,,A
3686,52,ja,私を/私に,,,,watashi o/watashi ni,A
3687,52,ko,나를/내게,,,,nareul/naege,A
3688,52,zh-cn,我,,,,wǒ,A
3689,52,zh-tw,我,,,,wǒ,A
3690,52,vi,tôi/tớ,,,,,,A
3691,52,th,ฉัน/ผม,,,,chǎn/phǒm,A
3692,52,id,saya/aku,,,,,,A
3693,52,sw,mimi,,,,,,A
3694,52,nl,mij,,,,,,A
3695,52,pl,mnie,,,,,,A
3696,52,uk,мені/мене,,,,meni/mene,A
3697,52,el,με,,,,me,A
3698,52,sv,mig,,,,,,A
3699,52,no,meg,,,,,,A
3700,52,da,mig,,,,,,A
3701,52,fi,minua/minulle,,,,,,A
3702,52,cs,mě/mi,,,,,,A
3703,52,hu,engem/nekem,,,,,,A
3704,52,ro,mă/mie,,,,,,A
3705,52,bg,мен,,,,men,A
3706,52,sr,мене/mene,,,,mene,A
3707,52,sk,ma/mňa,,,,,,A
3708,52,sl,mene,,,,,,A
3709,52,lt,mane/man,,,,,,A
3710,52,lv,mani/man,,,,,,A
3711,52,et,mind/mulle,,,,,,A
3712,52,he,אותי/לי,,,,oti/li,A
3713,52,ha,ni,,,,,,A
3714,52,yo,mi,,,,,,A
3715,52,ig,m,,,,,,A
3716,52,am,እኔን/ለኔ,,,,'enēn/länē,A
3717,52,ti,ኣነ/ንኣነ,,,,'anä/nə'anä,A
3718,52,ne,मलाई,,,,malāī,A
3719,52,ta,என்னை/எனக்கு,,,,eṉṉai/eṉakku,A
3720,52,te,నన్ను/నాకు,,,,nannu/nāku,A
3721,52,ml,എന്നെ/എനിക്ക്,,,,enne/enikk,A
3722,52,mr,मला,,,,malā,A
3723,52,pa,ਮੈਨੂੰ,,,,mainū̃,A
3724,52,gu,મને,,,,mane,A
3725,52,si,මට/මම,,,,maṭa/mama,A
3726,52,km,ខ្ញុំ/ខ្ញុំឯង,,,,khnhom/khnhom aeng,A
3727,52,is,mig,,,,,,A
3728,52,tl,ako/sa akin,,,,,,A
3729,52,ms,saya/aku,,,,,,A
3730,52,jv,kula,,,,,,A
3731,52,kk,мені,,,,meni,A
3732,52,uz,meni/menga,,,,,,A
3733,52,mn,надад/намайг,,,,nadad/namajg,A
3734,52,ga,მე,,,,me,A
3735,52,hy,ինձ/իմ,,,,indz/im,A
3736,52,eu,ni,,,,,,A
3737,52,ca,em/me,,,,,,A
3738,52,gl,me,,,,,,A
3739,52,ga,mé,,,,,,A
3740,52,cy,fi,,,,,,A
3741,52,gd,mi,,,,,,A
3742,52,lb,mir/mech,,,,,,A
3743,52,eo,min,,,,,,A
3744,52,la,me/mihi,,,,,,A
3745,53,en,people,,,,,,A
3746,53,es,gente,la,f,,,,A
3747,53,fr,gens,les,m/f,,,,A
3748,53,pt,gente,a,f,,,,A
3749,53,de,Leute,die,pl,,,,A
3750,53,it,gente,la,f,,,,A
3751,53,ru,люди,,,,lyudi,A
3752,53,ar,ناس,,,,nās,A
3753,53,hi,लोग,,,,log,A
3754,53,bn,মানুষ,,,,mānuṣ,A
3755,53,ur,لوگ,,,,log,A
3756,53,fa,مردم,,,,mardom,A
3757,53,tr,insanlar,,,,,,A
3758,53,ja,人々,,,,hitobito,A
3759,53,ko,사람들,,,,saramdeul,A
3760,53,zh-cn,人们/人民,,,,rénmen/rénmín,A
3761,53,zh-tw,人們/人民,,,,rénmen/rénmín,A
3762,53,vi,người,,,,,,A
3763,53,th,คน/ประชาชน,,,,khon/prachāchn,A
3764,53,id,orang-orang,,,,,,A
3765,53,sw,watu,,,,,,A
3766,53,nl,mensen,de,pl,,,,A
3767,53,pl,ludzie,,,,,,A
3768,53,uk,люди,,,,lyudy,A
3769,53,el,άνθρωποι,οι,m/pl,,,,A
3770,53,sv,människor,pl,,,,,A
3771,53,no,mennesker,pl,,,,,A
3772,53,da,mennesker,pl,,,,,A
3773,53,fi,ihmiset,,,,,,A
3774,53,cs,lidé,,,,,,A
3775,53,hu,emberek,,,,,,A
3776,53,ro,oameni,,,,,,A
3777,53,bg,хора,,,,hora,A
3778,53,sr,људи,,,,ljudi,A
3779,53,sk,ľudia,,,,,,A
3780,53,sl,ljudje,,,,,,A
3781,53,lt,žmonės,,,,,,A
3782,53,lv,cilvēki,,,,,,A
3783,53,et,inimesed,,,,,,A
3784,53,he,אנשים,,,,anashim,A
3785,53,ha,mutanen,,,,,,A
3786,53,yo,eniyan,,,,,,A
3787,53,ig,ndị mmadụ,,,,,,A
3788,53,am,ሰዎች,,,,säwoch,A
3789,53,ti,ህዝቢ,,,,həzbi,A
3790,53,ne,मानिसहरू,,,,mānisaharū,A
3791,53,ta,மக்கள்,,,,makkaḷ,A
3792,53,te,ప్రజలు/వ్యక్తులు,,,,prajalu/vyaktulu,A
3793,53,ml,ജനങ്ങൾ/മനുഷ്യർ,,,,janaṅṅaḷ/manuṣyar,A
3794,53,mr,लोक,,,,lok,A
3795,53,pa,ਲੋਕ,,,,lok,A
3796,53,gu,લોકો,,,,loko,A
3797,53,si,මිනිසුන්,,,,minisun,A
3798,53,km,មនុស្ស,,,,mɔnuh,A
3799,53,is,fólk,,,,,,A
3800,53,tl,mga tao,,,,,,A
3801,53,ms,orang-orang,,,,,,A
3802,53,jv,wong,,,,,,A
3803,53,kk,адамдар,,,,adamdar,A
3804,53,uz,odamlar,,,,,,A
3805,53,mn,хүмүүс,,,,khümüüs,A
3806,53,ka,ხალხი,,,,khalkhi,A
3807,53,hy,մարդիկ,,,,mardik,A
3808,53,eu,jendea,,,,,,A
3809,53,ca,gent,la,f,,,,A
3810,53,gl,xente,a,f,,,,A
3811,53,ga,daoine,,,,,,A
3812,53,cy,pobl,,,,,,A
3813,53,gd,daoine,,,,,,A
3814,53,lb,Leit,pl,,,,,A
3815,53,eo,homoj,,,,,,A
3816,53,la,homines,,,,,,A
3817,54,en,to take,,,,,,A
3818,54,es,tomar/coger,,,,,,A
3819,54,fr,prendre,,,,,,A
3820,54,pt,tomar/pegar,,,,,,A
3821,54,de,nehmen,,,,,,A
3822,54,it,prendere,,,,,,A
3823,54,ru,брать/взять,,,,brat'/vzyat',A
3824,54,ar,يأخذ,,,,ya'khudh,A
3825,54,hi,लेना,,,,lenā,A
3826,54,bn,নেওয়া,,,,neẏā,A
3827,54,ur,لینا,,,,lenā,A
3828,54,fa,گرفتن/برداشتن,,,,gereftan/bardāshtan,A
3829,54,tr,almak,,,,,,A
3830,54,ja,取る/持つ,,,,toru/motsu,A
3831,54,ko,잡다/가지다,,,,japda/gajida,A
3832,54,zh-cn,拿/取,,,,ná/qǔ,A
3833,54,zh-tw,拿/取,,,,ná/qǔ,A
3834,54,vi,lấy,,,,,,A
3835,54,th,เอา/รับ,,,,ao/râp,A
3836,54,id,mengambil,,,,,,A
3837,54,sw,kuchukua,,,,,,A
3838,54,nl,nemen,,,,,,A
3839,54,pl,brać/wziąć,,,,,,A
3840,54,uk,брати/взяти,,,,braty/vzyaty,A
3841,54,el,παίρνω,,,,paírno,A
3842,54,sv,ta,,,,,,A
3843,54,no,ta,,,,,,A
3844,54,da,tage,,,,,,A
3845,54,fi,ottaa,,,,,,A
3846,54,cs,brát/vzít,,,,,,A
3847,54,hu,venni,,,,,,A
3848,54,ro,a lua,,,,,,A
3849,54,bg,вземам,,,,vzemam,A
3850,54,sr,узети/узимати,,,,uzeti/uzimati,A
3851,54,sk,brať/vziať,,,,,,A
3852,54,sl,vzeti,,,,,,A
3853,54,lt,imti/paimti,,,,,,A
3854,54,lv,ņemt,,,,,,A
3855,54,et,võtma,,,,,,A
3856,54,he,לקחת,,,,lakaḥat,A
3857,54,ha,ɗauka,,,,,,A
3858,54,yo,gba,,,,,,A
3859,54,ig,were,,,,,,A
3860,54,am,መውሰድ/ማንሳት,,,,mäwsäd/manəsät,A
3861,54,ti,ውሰድ/ኣምጽእ,,,,wəsäd/'amṣə',A
3862,54,ne,लिनु,,,,linu,A
3863,54,ta,எடு/கொள்,,,,eṭu/koḷ,A
3864,54,te,తీసుకో/పట్టుకో,,,,tīsukō/paṭṭukō,A
3865,54,ml,എടുക്കുക/പിടിക്കുക,,,,eṭukkuka/piṭikkuka,A
3866,54,mr,घेणे/घ्यावे,,,,gheṇe/ghyāve,A
3867,54,pa,ਲੈਣਾ,,,,laiṇā,A
3868,54,gu,લેવું,,,,levũ,A
3869,54,si,ගන්නවා/අල්ලගන්නවා,,,,gannavā/allagannavā,A
3870,54,km,យក/យកមក,,,,yɔk/yɔk mɔk,A
3871,54,is,taka,,,,,,A
3872,54,tl,kumuha,,,,,,A
3873,54,ms,mengambil,,,,,,A
3874,54,jv,jupuk/njukut,,,,,,A
3875,54,kk,алу,,,,alu,A
3876,54,uz,olmoq,,,,,,A
3877,54,mn,авах/барих,,,,avakh/barikh,A
3878,54,ga,აღება/წაღება,,,,agheba/ts'agheba,A
3879,54,hy,վերցնել,,,,verts'nel,A
3880,54,eu,hartu,,,,,,A
3881,54,ca,agafar,,,,,,A
3882,54,gl,tomar,,,,,,A
3883,54,ga,tóg/glac,,,,,,A
3884,54,cy,cymryd,,,,,,A
3885,54,gd,gabh/glac,,,,,,A
3886,54,lb,huelen,,,,,,A
3887,54,eo,preni,,,,,,A
3888,54,la,capere/sumere,,,,,,A
3889,55,en,out,,,,,,A
3890,55,es,fuera,,,,,,A
3891,55,fr,dehors/hors,,,,,,A
3892,55,pt,fora,,,,,,A
3893,55,de,heraus/aus,,,,,,A
3894,55,it,fuori,,,,,,A
3895,55,ru,вон/наружу,,,,von/naruzhu,A
3896,55,ar,خارج,,,,khārij,A
3897,55,hi,बाहर,,,,bāhar,A
3898,55,bn,বাইরে,,,,bāire,A
3899,55,ur,باہر,,,,bāhar,A
3900,55,fa,بیرون/خارج,,,,birun/khārej,A
3901,55,tr,dışarı,,,,,,A
3902,55,ja,外に/外へ,,,,soto ni/soto e,A
3903,55,ko,밖으로/밖에,,,,bakkeuro/bakke,A
3904,55,zh-cn,出去/外面,,,,chūqù/wàimiàn,A
3905,55,zh-tw,出去/外面,,,,chūqù/wàimiàn,A
3906,55,vi,ra ngoài/ở ngoài,,,,,,A
3907,55,th,ออก/ข้างนอก,,,,xxk/ĉĥāngnxk,A
3908,55,id,keluar,,,,,,A
3909,55,sw,nje,,,,,,A
3910,55,nl,uit/buiten,,,,,,A
3911,55,pl,na zewnątrz/wyjście,,,,,,A
3912,55,uk,зовні/назовні,,,,zovni/nazovni,A
3913,55,el,έξω,,,,éxo,A
3914,55,sv,ut,,,,,,A
3915,55,no,ut,,,,,,A
3916,55,da,ud,,,,,,A
3917,55,fi,ulos/ulkona,,,,,,A
3918,55,cs,ven/venku,,,,,,A
3919,55,hu,ki/kint,,,,,,A
3920,55,ro,afară,,,,,,A
3921,55,bg,навън,,,,navǎn,A
3922,55,sr,ван/напоље,,,,van/napolje,A
3923,55,sk,von/vonkajšie,,,,,,A
3924,55,sl,ven/zunaj,,,,,,A
3925,55,lt,iš/išorėje,,,,,,A
3926,55,lv,ārā,,,,,,A
3927,55,et,väljas/väljapoole,,,,,,A
3928,55,he,החוצה/בחוץ,,,,haḥutza/baḥutz,A
3929,55,ha,waje,,,,,,A
3930,55,yo,jade,,,,,,A
3931,55,ig,pụọ/apụ,,,,,,A
3932,55,am,ውጭ/በስተውጭ,,,,wəch'/bästäwəch',A
3933,55,ti,ወጻኢ/ኣብ ወገን,,,,wäṣa'i/'ab wägän,A
3934,55,ne,बाहिर,,,,bāhira,A
3935,55,ta,வெளியே/புறம்,,,,veḷiyē/puṟam,A
3936,55,te,బయట/వెలుపలి,,,,bayaṭa/velupali,A
3937,55,ml,പുറത്ത്/വെളിയിൽ,,,,puṟatt/veḷiyil,A
3938,55,mr,बाहेर,,,,bāher,A
3939,55,pa,ਬਾਹਰ,,,,bāhar,A
3940,55,gu,બહાર,,,,bahār,A
3941,55,si,පිටත/බාහිරව,,,,piṭata/bāhirava,A
3942,55,km,ក្រៅ/ខាងក្រៅ,,,,krav/kʰang krav,A
3943,55,is,út,,,,,,A
3944,55,tl,labas,,,,,,A
3945,55,ms,keluar,,,,,,A
3946,55,jv,metu/ing njaba,,,,,,A
3947,55,kk,сыртта/сыртқа,,,,sırtta/sırtqa,A
3948,55,uz,tashqariga/tashqarida,,,,,,A
3949,55,mn,гадна/гадагш,,,,gadna/gadagsh,A
3950,55,ka,გარეთ,,,,garet,A
3951,55,hy,դուրս,,,,durs,A
3952,55,eu,kanpora,,,,,,A
3953,55,ca,fora,,,,,,A
3954,55,gl,fóra,,,,,,A
3955,55,ga,amach,,,,,,A
3956,55,cy,allan/mas,,,,,,A
3957,55,gd,a-mach,,,,,,A
3958,55,lb,eraus,,,,,,A
3959,55,eo,eksteren/el,,,,,,A
3960,55,la,foras/ex,,,,,,A
3961,56,en,into,,,,,,A
3962,56,es,en/dentro de,,,,,,A
3963,56,fr,dans/en,,,,,,A
3964,56,pt,em/para dentro de,,,,,,A
3965,56,de,in/hinein,,,,,,A
3966,56,it,in/entro,,,,,,A
3967,56,ru,в/во,,,,v/vo,A
3968,56,ar,إلى/في,,,,ilā/fī,A
3969,56,hi,में,,,,mẽ,A
3970,56,bn,মধ্যে/ভিতরে,,,,môddhê/bhitôre,A
3971,56,ur,میں,,,,mẽ,A
3972,56,fa,به/درون,,,,be/darun,A
3973,56,tr,içine,,,,,,A
3974,56,ja,中に/へ,,,,naka ni/e,A
3975,56,ko,안으로/속으로,,,,aneuro/sogeuro,A
3976,56,zh-cn,进入/到...里,,,,jìnrù/dào...lǐ,A
3977,56,zh-tw,進入/到...裡,,,,jìnrù/dào...lǐ,A
3978,56,vi,vào trong,,,,,,A
3979,56,th,เข้าไปใน/สู่,,,,k̄hêā pị nı/s̄ū̀,A
3980,56,id,ke dalam,,,,,,A
3981,56,sw,ndani ya,,,,,,A
3982,56,nl,in/naar binnen,,,,,,A
3983,56,pl,do/w,,,,,,A
3984,56,uk,в/у,,,,v/u,A
3985,56,el,μέσα σε/προς το εσωτερικό,,,,méssa se/pros to esoterikó,A
3986,56,sv,in/i,,,,,,A
3987,56,no,inn/i,,,,,,A
3988,56,da,ind/i,,,,,,A
3989,56,fi,sisään,,,,,,A
3990,56,cs,do,,,,,,A
3991,56,hu,be/belé,,,,,,A
3992,56,ro,în,,,,,,A
3993,56,bg,в,,,,v,A
3994,56,sr,у,,,,u,A
3995,56,sk,do,,,,,,A
3996,56,sl,v,,,,,,A
3997,56,lt,į,,,,,,A
3998,56,lv,iekšā,,,,,,A
3999,56,et,sisse,,,,,,A
4000,56,he,לתוך,,,,letokh,A
4001,56,ha,ciki,,,,,,A
4002,56,yo,sinu,,,,,,A
4003,56,ig,n'ime,,,,,,A
4004,56,am,ውስጥ/አስገባ,,,wəsət'/äsgäba,A
4005,56,ti,ኣብ...ውሽጢ,,,,'ab...wəshṭi,A
4006,56,ne,भित्र,,,,bhitra,A
4007,56,ta,உள்ளே/உள்நோக்கி,,,,uḷḷē/uḷnōkki,A
4008,56,te,లోపలికి/అందులోకి,,,,lōpaliki/andulōki,A
4009,56,ml,ഉള്ളിലേക്ക്/അകത്തേക്ക്,,,,uḷḷilekk/akattēkk,A
4010,56,mr,मध्ये/आत,,,,madhye/āt,A
4011,56,pa,ਅੰਦਰ/ਵਿੱਚ,,,,andara/vicca,A
4012,56,gu,માં/અંદર,,,,mā̃/andar,A
4013,56,si,ඇතුළතට/තුළට,,,,ætulataṭa/tulaṭa,A
4014,56,km,ចូលទៅក្នុង/ចូល,,,,choul tow knong/choul,A
4015,56,is,inn í,,,,,,A
4016,56,tl,sa loob ng,,,,,,A
4017,56,ms,ke dalam,,,,,,A
4018,56,jv,menyang jero,,,,,,A
4019,56,kk,ішіне,,,,işine,A
4020,56,uz,ichiga/ichkariga,,,,,,A
4021,56,mn,дотор/руу,,,,dotor/ruu,A
4022,56,ga,შიგნით/შიგაით,,,,shignit/shigait,A
4023,56,hy,մեջ/ներս,,,,mech/ners,A
4024,56,eu,barrura,,,,,,A
4025,56,ca,dins de/a dintre,,,,,,A
4026,56,gl,a dentro de,,,,,,A
4027,56,ga,isteach i,,,,,,A
4028,56,cy,i mewn i,,,,,,A
4029,56,gd,a-steach do,,,,,,A
4030,56,lb,an,,,,,,A
4031,56,eo,en,,,,,,A
4032,56,la,in/intra,,,,,,A
4033,57,en,just,,,,,,A
4034,57,es,sólo/solamente,,,,,,A
4035,57,fr,juste/seulement,,,,,,A
4036,57,pt,só/apenas,,,,,,A
4037,57,de,nur/gerade,,,,,,A
4038,57,it,solo/soltanto,,,,,,A
4039,57,ru,только/просто,,,,tol'ko/prosto,A
4040,57,ar,فقط/حسب,,,,faqaṭ/ḥasb,A
4041,57,hi,बस/सिर्फ,,,,bas/sirf,A
4042,57,bn,শুধু/মাত্র,,,,śudhu/mātr,A
4043,57,ur,بس/صرف,,,,bas/sirf,A
4044,57,fa,فقط/تنها,,,,faqat/tanhā,A
4045,57,tr,sadece/henüz,,,,,,A
4046,57,ja,ただ/ちょうど,,,,tada/chōdo,A
4047,57,ko,그냥/막,,,,geunyang/mak,A
4048,57,zh-cn,刚刚/只是,,,,gānggāng/zhǐshì,A
4049,57,zh-tw,剛剛/只是,,,,gānggāng/zhǐshì,A
4050,57,vi,vừa/chỉ,,,,,,A
4051,57,th,แค่/เพิ่ง,,,,khæ̂/pʰêng,A
4052,57,id,hanya/baru saja,,,,,,A
4053,57,sw,tu/ tu pekee,,,,,,A
4054,57,nl,net/alleen,,,,,,A
4055,57,pl,właśnie/tylko,,,,,,A
4056,57,uk,просто/лише,,,,prosto/lyshe,A
4057,57,el,μόνο/απλά,,,,móno/aplá,A
4058,57,sv,bara/precis,,,,,,A
4059,57,no,bare/akkurat,,,,,,A
4060,57,da,bare/lige,,,,,,A
4061,57,fi,vain/ihan,,,,,,A
4062,57,cs,jen/ právě,,,,,,A
4063,57,hu,csak/éppen,,,,,,A
4064,57,ro,doar/tocmai,,,,,,A
4065,57,bg,само/току-що,,,,samo/toku-shto,A
4066,57,sr,само/управо,,,,samo/upravo,A
4067,57,sk,len/ práve,,,,,,A
4068,57,sl,samo/ravno,,,,,,A
4069,57,lt,tiesiog/ ką tik,,,,,,A
4070,57,lv,tikai/ tikko,,,,,,A
4071,57,et,lihtsalt/ just,,,,,,A
4072,57,he,רק/בדיוק,,,,rak/b'diyuk,A
4073,57,ha,kawai,,,,,,A
4074,57,yo,nikan,,,,,,A
4075,57,ig,naanị/dị nnọọ,,,,,,A
4076,57,am,ብቻ/አሁን ብቻ,,,,bəcha/'ähun bəcha,A
4077,57,ti,ብሓጺር/ኣብ ሕጂ,,,,bəḥasir/'ab ḥəji,A
4078,57,ne,मात्र/भर्खर,,,,mātra/bharkhar,A
4079,57,ta,வெறும்/இப்போதுதான்,,,,veṟum/ippōtutāṉ,A
4080,57,te,కేవలం/ఇప్పుడే,,,,kēvalaṁ/ippuḍē,A
4081,57,ml,വെറും/ഇപ്പോൾ തന്നെ,,,,veṟum/ippōḷ tanne,A
4082,57,mr,फक्त/नुकतेच,,,,phakta/nuktech,A
4083,57,pa,ਸਿਰਫ਼/ਹੁਣੇ ਹੀ,,,,siraf/huṇe hī,A
4084,57,gu,માત્ર/હમણાં જ,,,,mātra/hamaṇā̃ ja,A
4085,57,si,පමණක්/දැන්,,,,pamaṇak/dæn,A
4086,57,km,គ្រាន់តែ/ទើបតែ,,,,kroan tae/təəp tae,A
4087,57,is,bara/nýlega,,,,,,A
4088,57,tl,lang/ka lang,,,,,,A
4089,57,ms,hanya/baru sahaja,,,,,,A
4090,57,jv,mung/ namung,,,,,,A
4091,57,kk,тек/ғана,,,,tek/ğana,A
4092,57,uz,faqat/hoziroq,,,,,,A
4093,57,mn,зүгээр/дөнгөж,,,,zügeer/döngöj,A
4094,57,ga,მხოლოდ/ახლახანს,,,,mkholog/akhlakhans,A
4095,57,hy,պարզապես/հենց նոր,,,,parzapes/hents' nor,A
4096,57,eu,bakarrik/ oraintxe,,,,,,A
4097,57,ca,només/just,,,,,,A
4098,57,gl,só/ xusto,,,,,,A
4099,57,ga,díreach/ ach,,,,,,A
4100,57,cy,dim ond/newydd,,,,,,A
4101,57,gd,dìreach/ a-mhàin,,,,,,A
4102,57,lb,just/ nëmmen,,,,,,A
4103,57,eo,nur/ ĵus,,,,,,A
4104,57,la,solum/iuste,,,,,,A
4105,58,en,to see,,,,,,A
4106,58,es,ver,,,,,,A
4107,58,fr,voir,,,,,,A
4108,58,pt,ver,,,,,,A
4109,58,de,sehen,,,,,,A
4110,58,it,vedere,,,,,,A
4111,58,ru,видеть,,,,videt',A
4112,58,ar,يرى,,,,yarā,A
4113,58,hi,देखना,,,,dekhnā,A
4114,58,bn,দেখা,,,,dekhā,A
4115,58,ur,دیکھنا,,,,dekhnā,A
4116,58,fa,دیدن,,,,didan,A
4117,58,tr,görmek,,,,,,A
4118,58,ja,見る,,,,miru,A
4119,58,ko,보다,,,,boda,A
4120,58,zh-cn,看/看见,,,,kàn/kànjiàn,A
4121,58,zh-tw,看/看見,,,,kàn/kànjiàn,A
4122,58,vi,nhìn thấy,,,,,,A
4123,58,th,เห็น,,,,h̄ĕn,A
4124,58,id,melihat,,,,,,A
4125,58,sw,kuona,,,,,,A
4126,58,nl,zien,,,,,,A
4127,58,pl,widzieć,,,,,,A
4128,58,uk,бачити,,,,bachyty,A
4129,58,el,βλέπω,,,,vlépo,A
4130,58,sv,se,,,,,,A
4131,58,no,se,,,,,,A
4132,58,da,se,,,,,,A
4133,58,fi,nähdä,,,,,,A
4134,58,cs,vidět,,,,,,A
4135,58,hu,látni,,,,,,A
4136,58,ro,a vedea,,,,,,A
4137,58,bg,виждам,,,,vizhdam,A
4138,58,sr,видети,,,,videti,A
4139,58,sk,vidieť,,,,,,A
4140,58,sl,videti,,,,,,A
4141,58,lt,matyti,,,,,,A
4142,58,lv,redzēt,,,,,,A
4143,58,et,nägema,,,,,,A
4144,58,he,לראות,,,,lir'ot,A
4145,58,ha,gani,,,,,,A
4146,58,yo,rí,,,,,,A
4147,58,ig,hụ,,,,,,A
4148,58,am,ማየት,,,,mayät,A
4149,58,ti,ርኣይ/ኣርእይ,,,,r'ay/'ar'əy,A
4150,58,ne,हेर्नु,,,,hernu,A
4151,58,ta,பார்/காண்,,,,pār/kāṇ,A
4152,58,te,చూడు/కనిపెట్టు,,,,cūḍu/kanipeṭṭu,A
4153,58,ml,കാണുക/നോക്കുക,,,,kāṇuka/nōkkuka,A
4154,58,mr,बघणे/पाहणे,,,,baghaṇe/pāhaṇe,A
4155,58,pa,ਦੇਖਣਾ,,,,dekhṇā,A
4156,58,gu,જોવું/દેખવું,,,,jovũ/dekhvũ,A
4157,58,si,බලනවා/දකිනවා,,,,balanavā/dakinavā,A
4158,58,km,ឃើញ/មើល,,,,kheuñ/meul,A
4159,58,is,sjá,,,,,,A
4160,58,tl,makita,,,,,,A
4161,58,ms,lihat,,,,,,A
4162,58,jv,ndeleng,,,,,,A
4163,58,kk,көру,,,,körw,A
4164,58,uz,ko'rmoq,,,,,,A
4165,58,mn,харах/үзэх,,,,kharakh/üzekh,A
4166,58,ka,ნახვა/შეხედვა,,,,nakhva/shekhdva,A
4167,58,hy,տեսնել,,,,tesnel,A
4168,58,eu,ikusi,,,,,,A
4169,58,ca,veure,,,,,,A
4170,58,gl,ver,,,,,,A
4171,58,ga,feic,,,,,,A
4172,58,cy,gweld,,,,,,A
4173,58,gd,faic,,,,,,A
4174,58,lb,gesinn,,,,,,A
4175,58,eo,vidi,,,,,,A
4176,58,la,videre,,,,,,A
4177,59,en,him,,,,,,A
4178,59,es,lo/le,,,,,,A
4179,59,fr,le/lui,,,,,,A
4180,59,pt,o/lhe,,,,,,A
4181,59,de,ihn/ihm,,,,,,A
4182,59,it,lo/gli,,,,,,A
4183,59,ru,его/ему,,,,yego/yemu,A
4184,59,ar,ه,,,,hu,A
4185,59,hi,उसे,,,,use,A
4186,59,bn,তাকে,,,,tāke,A
4187,59,ur,اسے,,,,use,A
4188,59,fa,او را,,,,u rā,A
4189,59,tr,onu/ona,,,,,,A
4190,59,ja,彼を/彼に,,,,kare o/kare ni,A
4191,59,ko,그를/그에게,,,,geureul/geuege,A
4192,59,zh-cn,他,,,,tā,A
4193,59,zh-tw,他,,,,tā,A
4194,59,vi,anh ấy,,,,,,A
4195,59,th,เขา,,,,khǎo,A
4196,59,id,dia,,,,,,A
4197,59,sw,yeye,,,,,,A
4198,59,nl,hem,,,,,,A
4199,59,pl,go/jemu,,,,,,A
4200,59,uk,його/йому,,,,yoho/yomu,A
4201,59,el,τον,,,,ton,A
4202,59,sv,honom,,,,,,A
4203,59,no,ham,,,,,,A
4204,59,da,ham,,,,,,A
4205,59,fi,hänet/hänelle,,,,,,A
4206,59,cs,ho/nemu,,,,,,A
4207,59,hu,őt/neki,,,,,,A
4208,59,ro,îl/lui,,,,,,A
4209,59,bg,него,,,,nego,A
4210,59,sr,њега/njega,,,,njega,A
4211,59,sk,ho/ jemu,,,,,,A
4212,59,sl,njega,,,,,,A
4213,59,lt,jį/jam,,,,,,A
4214,59,lv,viņu/viņam,,,,,,A
4215,59,et,teda/talle,,,,,,A
4216,59,he,אותו/לו,,,,oto/lo,A
4217,59,ha,shi,,,,,,A
4218,59,yo,óun,,,,,,A
4219,59,ig,ya,,,,,,A
4220,59,am,እሱን/ለእሱ,,,,'əssun/lä'əssu,A
4221,59,ti,ንሱ/ናቱ,,,,nəsu/natu,A
4222,59,ne,उसलाई,,,,uslāī,A
4223,59,ta,அவனை/அவனுக்கு,,,,avaṉai/avaṉukku,A
4224,59,te,అతనిని/అతనికి,,,,atanini/ataniki,A
4225,59,ml,അവനെ/അവന്,,,,avane/avan,A
4226,59,mr,त्याला,,,,tyālā,A
4227,59,pa,ਉਸਨੂੰ,,,,usnū̃,A
4228,59,gu,તેને,,,,tene,A
4229,59,si,ඔහුව/ඔහුට,,,,ohuva/ohuṭa,A
4230,59,km,គាត់/វា,,,,koat/vea,A
4231,59,is,hann,,,,,,A
4232,59,tl,siya,,,,,,A
4233,59,ms,dia,,,,,,A
4234,59,jv,dhèwèké,,,,,,A
4235,59,kk,оны,,,,onı,A
4236,59,uz,uni/unga,,,,,,A
4237,59,mn,түүнийг/түүнд,,,,tüüniig/tüünd,A
4238,59,ga,მას/მისთვის,,,,mas/mistvis,A
4239,59,hy,նրան,,,,nran,A
4240,59,eu,hura,,,,,,A
4241,59,ca,el/li,,,,,,A
4242,59,gl,o/ lle,,,,,,A
4243,59,ga,é,,,,,,A
4244,59,cy,ef,,,,,,A
4245,59,gd,e,,,,,,A
4246,59,lb,hien,,,,,,A
4247,59,eo,lin,,,,,,A
4248,59,la,eum/illi,,,,,,A
4249,60,en,your,,,,,,A
4250,60,es,tu/tus,,,,,,A
4251,60,fr,ton/ta/tes,,,,,,A
4252,60,pt,teu/tua,,,,,,A
4253,60,de,dein/deine,,,,,,A
4254,60,it,tuo/tua,,,,,,A
4255,60,ru,твой/твоя/твоё,,,,tvoy/tvoya/tvoyo,A
4256,60,ar,ك/ـك,,,,ka/ki,A
4257,60,hi,तुम्हारा/आपका,,,,tumhārā/āpkā,A
4258,60,bn,তোমার/আপনার,,,,tômār/āpônār,A
4259,60,ur,تمھارا/آپ کا,,,,tumhārā/āp kā,A
4260,60,fa,تو/ـت,,,,to/-at,A
4261,60,tr,senin,,,,,,A
4262,60,ja,あなたの,,,,anata no,A
4263,60,ko,너의/당신의,,,,neoui/dangsinui,A
4264,60,zh-cn,你的/您的,,,,nǐ de/nín de,A
4265,60,zh-tw,你的/您的,,,,nǐ de/nín de,A
4266,60,vi,của bạn/anh/chị,,,,,,A
4267,60,th,ของคุณ,,,,k̄hxng khuṇ,A
4268,60,id,mu/Anda,,,,,,A
4269,60,sw,yako,,,,,,A
4270,60,nl,jouw,,,,,,A
4271,60,pl,twój/twoja,,,,,,A
4272,60,uk,твій/твоя,,,,tviy/tvoya,A
4273,60,el,σου,,,,sou,A
4274,60,sv,din/ditt,,,,,,A
4275,60,no,din/ditt,,,,,,A
4276,60,da,din/dit,,,,,,A
4277,60,fi,sinun,,,,,,A
4278,60,cs,tvůj/tvoje,,,,,,A
4279,60,hu,te/ti,,,,,,A
4280,60,ro,tău/ta,,,,,,A
4281,60,bg,твой/твоя,,,,tvoy/tvoya,A
4282,60,sr,твој/твоја,,,,tvoj/tvoja,A
4283,60,sk,tvoj/tvoja,,,,,,A
4284,60,sl,tvoj/tvoja,,,,,,A
4285,60,lt,tavo,,,,,,A
4286,60,lv,tavs/tava,,,,,,A
4287,60,et,sinu,,,,,,A
4288,60,he,שלך,,,,shelcha/shelach,A
4289,60,ha,ka/ki,,,,,,A
4290,60,yo,rẹ/rẹ̀,,,,,,A
4291,60,ig,gị,,,,,,A
4292,60,am,የአንተ/የአንቺ,,,ye'antä/ye'antchi,A
4293,60,ti,ናትኻ/ናትኺ,,,,natxa/natxi,A
4294,60,ne,तिम्रो/तपाईंको,,,,timro/tapāīṁko,A
4295,60,ta,உங்கள்/நீங்கள்,,,,uṅkaḷ/nīṅkaḷ,A
4296,60,te,మీ/నీ,,,,mī/nī,A
4297,60,ml,നിങ്ങളുടെ/നിന്റെ,,,,niṅṅaḷuṭe/ninṟe,A
4298,60,mr,तुझा/तुमचा,,,,tujhā/tumcā,A
4299,60,pa,ਤੁਹਾਡਾ,,,,tuhāḍā,A
4300,60,gu,તમારું,,,,tamārũ,A
4301,60,si,ඔබේ/ඔබගේ,,,,obē/obagē,A
4302,60,km,របស់អ្នក/ឯង,,,,rôbăs neak/aeng,A
4303,60,is,þinn/þín,,,,,,A
4304,60,tl,iyong/mo,,,,,,A
4305,60,ms,awak/kamu,,,,,,A
4306,60,jv,kowé,,,,,,A
4307,60,kk,сенің,,,,seniñ,A
4308,60,uz,sening,,,,,,A
4309,60,mn,чиний/таны,,,,chinii/tanii,A
4310,60,ka,შენი,,,,sheni,A
4311,60,hy,քո,,,,k'o,A
4312,60,eu,zure,,,,,,A
4313,60,ca,teu/ta,,,,,,A
4314,60,gl,teu/túa,,,,,,A
4315,60,ga,do,,,,,,A
4316,60,cy,dy,,,,,,A
4317,60,gd,do,,,,,,A
4318,60,lb,däin,,,,,,A
4319,60,eo,via,,,,,,A
4320,60,la,tuus/tua,,,,,,A
4321,61,en,to come,,,,,,A
4322,61,es,venir,,,,,,A
4323,61,fr,venir,,,,,,A
4324,61,pt,vir,,,,,,A
4325,61,de,kommen,,,,,,A
4326,61,it,venire,,,,,,A
4327,61,ru,приходить/прийти,,,,prikhodit'/priyti,A
4328,61,ar,يأتي,,,,ya'tī,A
4329,61,hi,आना,,,,ānā,A
4330,61,bn,আসা,,,,āsā,A
4331,61,ur,آنا,,,,ānā,A
4332,61,fa,آمدن,,,,āmadan,A
4333,61,tr,gelmek,,,,,,A
4334,61,ja,来る,,,,kuru,A
4335,61,ko,오다,,,,oda,A
4336,61,zh-cn,来,,,,lái,A
4337,61,zh-tw,來,,,,lái,A
4338,61,vi,đến,,,,,,A
4339,61,th,มา/มาถึง,,,,maa/mā t̄hụng,A
4340,61,id,datang,,,,,,A
4341,61,sw,kuja,,,,,,A
4342,61,nl,komen,,,,,,A
4343,61,pl,przychodzić/przyjść,,,,,,A
4344,61,uk,приходити/прийти,,,,prykhodyty/pryjty,A
4345,61,el,έρχομαι,,,,érchomai,A
4346,61,sv,komma,,,,,,A
4347,61,no,komme,,,,,,A
4348,61,da,komme,,,,,,A
4349,61,fi,tulla,,,,,,A
4350,61,cs,přijít,,,,,,A
4351,61,hu,jönni,,,,,,A
4352,61,ro,a veni,,,,,,A
4353,61,bg,идвам,,,,idvam,A
4354,61,sr,доћи/долазити,,,,doći/dolaziti,A
4355,61,sk,prísť/ chodiť,,,,,,A
4356,61,sl,prihajati,,,,,,A
4357,61,lt,ateiti,,,,,,A
4358,61,lv,nākt,,,,,,A
4359,61,et,tulema,,,,,,A
4360,61,he,לבוא,,,,lavo,A
4361,61,ha,zo,,,,,,A
4362,61,yo,wá,,,,,,A
4363,61,ig,bịa,,,,,,A
4364,61,am,መምጣት/መግባት,,,,məmṭat/mägəbat,A
4365,61,ti,ምእታው/ክኸይድ,,,,mə'taw/kəxäyd,A
4366,61,ne,आउनु,,,,āunu,A
4367,61,ta,வா/வர,,,,vā/vara,A
4368,61,te,రా/వచ్చు,,,,rā/vaccu,A
4369,61,ml,വരിക/എത്തുക,,,,varika/ettuka,A
4370,61,mr,येणे,,,,yeṇe,A
4371,61,pa,ਆਉਣਾ,,,,āuṇā,A
4372,61,gu,આવવું,,,,āvavũ,A
4373,61,si,එන්න/පැමිණෙනවා,,,,enna/pæmiṇenavā,A
4374,61,km,មក,,,,mɔk,A
4375,61,is,koma,,,,,,A
4376,61,tl,dumating/pumunta,,,,,,A
4377,61,ms,datang,,,,,,A
4378,61,jv,teka,,,,,,A
4379,61,kk,келу,,,,kelw,A
4380,61,uz,kelmoq,,,,,,A
4381,61,mn,ирэх/харах,,,,irekh/kharakh,A
4382,61,ka,მოსვლა/ჩამოსვლა,,,,mosvla/chamosvla,A
4383,61,hy,գալ,,,,gal,A
4384,61,eu,etorri,,,,,,A
4385,61,ca,venir,,,,,,A
4386,61,gl,vir,,,,,,A
4387,61,ga,tar,,,,,,A
4388,61,cy,dod,,,,,,A
4389,61,gd,thig,,,,,,A
4390,61,lb,kommen,,,,,,A
4391,61,eo,veni,,,,,,A
4392,61,la,venire,,,,,,A
4393,62,en,now,,,,,,A
4394,62,es,ahora,,,,,,A
4395,62,fr,maintenant,,,,,,A
4396,62,pt,agora,,,,,,A
4397,62,de,jetzt,,,,,,A
4398,62,it,ora/adesso,,,,,,A
4399,62,ru,сейчас/теперь,,,,seychas/teper',A
4400,62,ar,الآن,,,,al-ān,A
4401,62,hi,अब,,,,ab,A
4402,62,bn,এখন,,,,ekhôn,A
4403,62,ur,اب,,,,ab,A
4404,62,fa,اکنون/حالا,,,,aknun/hālā,A
4405,62,tr,şimdi,,,,,,A
4406,62,ja,今,,,,ima,A
4407,62,ko,지금/현재,,,,jigeum/hyeonjae,A
4408,62,zh-cn,现在,,,,xiànzài,A
4409,62,zh-tw,現在,,,,xiànzài,A
4410,62,vi,bây giờ,,,,,,A
4411,62,th,ตอนนี้/เดี๋ยวนี้,,,,txx nī̂/děīyẁ nī̂,A
4412,62,id,sekarang,,,,,,A
4413,62,sw,sasa,,,,,,A
4414,62,nl,nu,,,,,,A
4415,62,pl,teraz,,,,,,A
4416,62,uk,зараз/тепер,,,,zaraz/teper,A
4417,62,el,τώρα,,,,tóra,A
4418,62,sv,nu,,,,,,A
4419,62,no,nå,,,,,,A
4420,62,da,nu,,,,,,A
4421,62,fi,nyt,,,,,,A
4422,62,cs,teď,,,,,,A
4423,62,hu,most,,,,,,A
4424,62,ro,acum,,,,,,A
4425,62,bg,сега,,,,sega,A
4426,62,sr,сада/сад,,,,sada/sad,A
4427,62,sk,teraz,,,,,,A
4428,62,sl,zdaj,,,,,,A
4429,62,lt,dabar,,,,,,A
4430,62,lv,tagad,,,,,,A
4431,62,et,nüüd,,,,,,A
4432,62,he,עכשיו,,,,akhshav,A
4433,62,ha,yanzu,,,,,,A
4434,62,yo,báyìí,,,,,,A
4435,62,ig,ugbu a,,,,,,A
4436,62,am,አሁን,,,,'ähun,A
4437,62,ti,ሕጂ,,,,ḥəji,A
4438,62,ne,अहिले,,,,ahile,A
4439,62,ta,இப்போது/இதுதான்,,,,ippōtu/itutāṉ,A
4440,62,te,ఇప్పుడు,,,,ippuḍu,A
4441,62,ml,ഇപ്പോൾ/ഇന്ന്,,,,ippōḷ/inn,A
4442,62,mr,आता,,,,ātā,A
4443,62,pa,ਹੁਣ,,,,huṇa,A
4444,62,gu,હવે,,,,have,A
4445,62,si,දැන්,,,,dæn,A
4446,62,km,ឥឡូវ/សព្វថ្ងៃ,,,,eloov/sɑp tngay,A
4447,62,is,nú,,,,,,A
4448,62,tl,ngayon,,,,,,A
4449,62,ms,sekarang,,,,,,A
4450,62,jv,saiki,,,,,,A
4451,62,kk,қазір,,,,qazir,A
4452,62,uz,hozir/endi,,,,,,A
4453,62,mn,одоо,,,,odoo,A
4454,62,ga,ახლა,,,,akhla,A
4455,62,hy,հիմա,,,,hima,A
4456,62,eu,orain,,,,,,A
4457,62,ca,ara,,,,,,A
4458,62,gl,agora,,,,,,A
4459,62,ga,anois,,,,,,A
4460,62,cy,nawr,,,,,,A
4461,62,gd,a-nis,,,,,,A
4462,62,lb,elo,,,,,,A
4463,62,eo,nun,,,,,,A
4464,62,la,nunc,,,,,,A
4465,63,en,than,,,,,,A
4466,63,es,que,,,,,,A
4467,63,fr,que,,,,,,A
4468,63,pt,que/do que,,,,,,A
4469,63,de,als,,,,,,A
4470,63,it,di/che,,,,,,A
4471,63,ru,чем,,,,chem,A
4472,63,ar,من,,,,min,A
4473,63,hi,से,,,,se,A
4474,63,bn,চেয়ে/থেকে,,,,cheẏe/theke,A
4475,63,ur,سے,,,,se,A
4476,63,fa,از,,,,az,A
4477,63,tr,-den/-dan/daha,,,,,,A
4478,63,ja,より,,,,yori,A
4479,63,ko,보다,,,,boda,A
4480,63,zh-cn,比,,,,bǐ,A
4481,63,zh-tw,比,,,,bǐ,A
4482,63,vi,hơn,,,,,,A
4483,63,th,กว่า,,,,kẁā,A
4484,63,id,daripada,,,,,,A
4485,63,sw,kuliko,,,,,,A
4486,63,nl,dan,,,,,,A
4487,63,pl,niż,,,,,,A
4488,63,uk,ніж,,,,nizh,A
4489,63,el,από,,,,apó,A
4490,63,sv,än,,,,,,A
4491,63,no,enn,,,,,,A
4492,63,da,end,,,,,,A
4493,63,fi,kuin,,,,,,A
4494,63,cs,než,,,,,,A
4495,63,hu,mint,,,,,,A
4496,63,ro,decât,,,,,,A
4497,63,bg,от,,,,ot,A
4498,63,sr,него/од,,,,nego/od,A
4499,63,sk,než/ako,,,,,,A
4500,63,sl,kot,,,,,,A
4501,63,lt,nei,,,,,,A
4502,63,lv,nekā,,,,,,A
4503,63,et,kui,,,,,,A
4504,63,he,מ...,,,,mi...,A
4505,63,ha,fiye da,,,,,,A
4506,63,yo,jù/jùlọ,,,,,,A
4507,63,ig,karịa,,,,,,A
4508,63,am,ከ...በላይ/ይበልጣል,,,,kä...bäläy/yəbäləṭal,A
4509,63,ti,ካብ/ዝያዳ,,,,kab/zəyada,A
4510,63,ne,भन्दा,,,,bhandā,A
4511,63,ta,விட,,,,viṭa,A
4512,63,te,కంటే/గా,,,,kaṇṭē/gā,A
4513,63,ml,കാട്ടിലും/വേണ്ടിയും,,,,kāṭṭiluṁ/veṇṭiyuṁ,A
4514,63,mr,पेक्षा/हून,,,,pekṣā/hūn,A
4515,63,pa,ਤੋਂ,,,,tõ,A
4516,63,gu,કરતાં/ત્યારે,,,,karatā̃/tyāre,A
4517,63,si,වඩා/කියා,,,,vaḍā/kiyā,A
4518,63,km,ជាង,,,,cheang,A
4519,63,is,en,,,,,,A
4520,63,tl,kaysa/kaysa sa,,,,,,A
4521,63,ms,daripada,,,,,,A
4522,63,jv,tinimbang,,,,,,A
4523,63,kk,гөрі,,,,göri,A
4524,63,uz,ko'ra/nisbatan,,,,,,A
4525,63,mn,илүү/хамаарах,,,,ilüü/khamarakh,A
4526,63,ga,ვიდრე,,,,vidre,A
4527,63,hy,քան,,,,k'an,A
4528,63,eu,baino,,,,,,A
4529,63,ca,que,,,,,,A
4530,63,gl,que/ca,,,,,,A
4531,63,ga,ná,,,,,,A
4532,63,cy,na,,,,,,A
4533,63,gd,na,,,,,,A
4534,63,lb,wéi,,,,,,A
4535,63,eo,ol,,,,,,A
4536,63,la,quam,,,,,,A
4537,64,en,like,,,,,,A
4538,64,es,como/gustar,,,,,,A
4539,64,fr,comme/aimer,,,,,,A
4540,64,pt,como/gostar,,,,,,A
4541,64,de,wie/mögen,,,,,,A
4542,64,it,come/piacere,,,,,,A
4543,64,ru,как/нравиться,,,,kak/nravit'sya,A
4544,64,ar,مثل/يحب,,,,mithl/yuhibb,A
4545,64,hi,जैसा/पसंद करना,,,,jaisā/pasand karnā,A
4546,64,bn,মত/পছন্দ করা,,,,môt/pôchôndô kôrā,A
4547,64,ur,جیسا/پسند کرنا,,,,jaisā/pasand karnā,A
4548,64,fa,مثل/دوست داشتن,,,,mesl/dust dāshtan,A
4549,64,tr,gibi/sevmek,,,,,,A
4550,64,ja,のように/好き,,,,no yō ni/suki,A
4551,64,ko,처럼/좋아하다,,,,cheoreom/joahada,A
4552,64,zh-cn,像/喜欢,,,,xiàng/xǐhuān,A
4553,64,zh-tw,像/喜歡,,,,xiàng/xǐhuān,A
4554,64,vi,như/thích,,,,,,A
4555,64,th,เหมือน/ชอบ,,,,mʉ̌ʉan/chxb,A
4556,64,id,seperti/suka,,,,,,A
4557,64,sw,kama/penda,,,,,,A
4558,64,nl,zoals/leuk vinden,,,,,,A
4559,64,pl,jak/lubić,,,,,,A
4560,64,uk,як/подобатися,,,,yak/podobatysya,A
4561,64,el,όπως/μου αρέσει,,,,ópos/mou arései,A
4562,64,sv,som/gilla,,,,,,A
4563,64,no,som/like,,,,,,A
4564,64,da,som/synes om,,,,,,A
4565,64,fi,kuten/tykätä,,,,,,A
4566,64,cs,jako/mít rád,,,,,,A
4567,64,hu,mint/szeret,,,,,,A
4568,64,ro,ca/îmi place,,,,,,A
4569,64,bg,като/харесвам,,,,kato/kharesvam,A
4570,64,sr,као/волео,,,,kao/voleo,A
4571,64,sk,ako/má rád,,,,,,A
4572,64,sl,kot/všeč mi je,,,,,,A
4573,64,lt,kaip/patinka,,,,,,A
4574,64,lv,kā/patīk,,,,,,A
4575,64,et,nagu/meeldima,,,,,,A
4576,64,he,כמו/אוהב,,,,kmo/ohev,A
4577,64,ha,kamar/so,,,,,,A
4578,64,yo,bi/ fẹ́ràn,,,,,,A
4579,64,ig,dị ka/masị,,,,,,A
4580,64,am,እንደ/ወደደ,,,,'əndä/wädädä,A
4581,64,ti,ከም/ፈትዎ,,,,käm/fätwo,A
4582,64,ne,जस्तो/मन पराउनु,,,,jasto/mana parāunu,A
4583,64,ta,போல/விரும்பு,,,,pōla/virumpu,A
4584,64,te,వలె/ఇష్టపడు,,,,vale/iṣṭapaḍu,A
4585,64,ml,പോലെ/ഇഷ്ടപ്പെടുക,,,,pōle/iṣṭappeṭuka,A
4586,64,mr,सारखे/आवडणे,,,,sārakhe/āvaḍaṇe,A
4587,64,pa,ਵਾਂਗ/ਪਸੰਦ ਕਰਨਾ,,,,vāṅg/pasand karnā,A
4588,64,gu,જેવું/ગમવું,,,,jevũ/gamavũ,A
4589,64,si,මෙන්/කැමති වෙනවා,,,,men/kæmati venavā,A
4590,64,km,ដូច/ចូលចិត្ត,,,,doch/choul chət,A
4591,64,is,eins og/líka,,,,,,A
4592,64,tl,parang/gusto,,,,,,A
4593,64,ms,seperti/suka,,,,,,A
4594,64,jv,kaya/seneng,,,,,,A
4595,64,kk,сияқты/ұнату,,,,sïyaqtı/unatw,A
4596,64,uz,kabi/yoqtirish,,,,,,A
4597,64,mn,шиг/таалах,,,,shig/taalakh,A
4598,64,ga,როგორც/მოწონება,,,,rogorts/mots'oneba,A
4599,64,hy,նման/հավանել,,,,nman/havanel,A
4600,64,eu,bezala/atsegin dut,,,,,,A
4601,64,ca,com/agradar,,,,,,A
4602,64,gl,como/gustar,,,,,,A
4603,64,ga,cosúil le/is maith le,,,,,,A
4604,64,cy,fel/hoffi,,,,,,A
4605,64,gd,mar/is toigh le,,,,,,A
4606,64,lb,wéi/gären,,,,,,A
4607,64,eo,kiel/ŝati,,,,,,A
4608,64,la,sicut/amare,,,,,,A
4609,65,en,other,,,,,,A
4610,65,es,otro/otra,,,,,,A
4611,65,fr,autre,,,,,,A
4612,65,pt,outro/outra,,,,,,A
4613,65,de,andere,,,,,,A
4614,65,it,altro/altra,,,,,,A
4615,65,ru,другой/другая,,,,drugoy/drugaya,A
4616,65,ar,آخر,,,,ākhar,A
4617,65,hi,दूसरा,,,,dūsrā,A
4618,65,bn,অন্য/অন্যান্য,,,,ônnô/ônyān'yô,A
4619,65,ur,دوسرا,,,,dūsrā,A
4620,65,fa,دیگر/غیر,,,,digar/qeyr,A
4621,65,tr,diğer/başka,,,,,,A
4622,65,ja,他の,,,,hoka no,A
4623,65,ko,다른/기타,,,,dareun/gita,A
4624,65,zh-cn,其他/别的,,,,qítā/bié de,A
4625,65,zh-tw,其他/別的,,,,qítā/bié de,A
4626,65,vi,khác,,,,,,A
4627,65,th,อื่น/อื่นๆ,,,,xụ̄̀n/xụ̄̀n xụ̄̀n,A
4628,65,id,lain,,,,,,A
4629,65,sw,nyingine,,,,,,A
4630,65,nl,andere,,,,,,A
4631,65,pl,inny/ina,,,,,,A
4632,65,uk,інший/інша,,,,inshyy/insha,A
4633,65,el,άλλος/άλλη,,,,állos/állī,A
4634,65,sv,annan/annat,,,,,,A
4635,65,no,annen/annet,,,,,,A
4636,65,da,anden/andet,,,,,,A
4637,65,fi,toinen/muu,,,,,,A
4638,65,cs,jiný/jiná,,,,,,A
4639,65,hu,más,,,,,,A
4640,65,ro,alt/altă,,,,,,A
4641,65,bg,друг/друга,,,,drug/druga,A
4642,65,sr,други/друга,,,,drugi/druga,A
4643,65,sk,iný/iná,,,,,,A
4644,65,sl,drug/druga,,,,,,A
4645,65,lt,kitas/kita,,,,,,A
4646,65,lv,cits/cita,,,,,,A
4647,65,et,teine/muu,,,,,,A
4648,65,he,אחר/אחרת,,,,aḥer/aḥeret,A
4649,65,ha,wani,,,,,,A
4650,65,yo,miràn,,,,,,A
4651,65,ig,ọzọ,,,,,,A
4652,65,am,ሌላ/አንደኛ,,,lēla/'andäña,A
4653,65,ti,ካልእ/ካልኣይ,,,,kal'ə/kal'ay,A
4654,65,ne,अर्को/अन्य,,,,arko/anya,A
4655,65,ta,மற்ற/வேறு,,,,maṟṟa/vēṟu,A
4656,65,te,ఇతర/మరొక,,,,itara/maroka,A
4657,65,ml,മറ്റ്/ഇതര,,,,maṟṟ/itar,A
4658,65,mr,इतर/दुसरा,,,,itar/dusrā,A
4659,65,pa,ਹੋਰ,,,,hor,A
4660,65,gu,અન્ય/બીજું,,,,anya/bījũ,A
4661,65,si,වෙනත්/අනෙක්,,,,venat/anek,A
4662,65,km,ផ្សេងទៀត/ផ្សេងៗ,,,,psaeeng tiət/psaeeng psaeeng,A
4663,65,is,annar,,,,,,A
4664,65,tl,iba,,,,,,A
4665,65,ms,lain,,,,,,A
4666,65,jv,liya/liyané,,,,,,A
4667,65,kk,басқа/өзге,,,,basqa/özge,A
4668,65,uz,boshqa,,,,,,A
4669,65,mn,өөр/бусад,,,,öör/busad,A
4670,65,ga,სხვა/სხვადასხვა,,,,skhva/skhadaskhva,A
4671,65,hy,ուրիշ/այլ,,,,urish/ayl,A
4672,65,eu,beste,,,,,,A
4673,65,ca,altre/altra,,,,,,A
4674,65,gl,outro/outra,,,,,,A
4675,65,ga,eile,,,,,,A
4676,65,cy,arall/eraill,,,,,,A
4677,65,gd,eile,,,,,,A
4678,65,lb,aner,,,,,,A
4679,65,eo,alia,,,,,,A
4680,65,la,alius/alia,,,,,,A
4681,66,en,how,,,,,,A
4682,66,es,cómo,,,,,,A
4683,66,fr,comment,,,,,,A
4684,66,pt,como,,,,,,A
4685,66,de,wie,,,,,,A
4686,66,it,come,,,,,,A
4687,66,ru,как,,,,kak,A
4688,66,ar,كيف,,,,kayf,A
4689,66,hi,कैसे,,,,kaise,A
4690,66,bn,কীভাবে/কেমন করে,,,,kibhābē/kemôn kôrē,A
4691,66,ur,کیسے,,,,kaise,A
4692,66,fa,چگونه/چطور,,,,chegunā/chetowr,A
4693,66,tr,nasıl,,,,,,A
4694,66,ja,どのように/どう,,,,dono yō ni/dō,A
4695,66,ko,어떻게/어떻습니까,,,,eotteoke/eotteoseumnikka,A
4696,66,zh-cn,怎么/如何,,,,zěnme/rúhé,A
4697,66,zh-tw,怎麼/如何,,,,zěnme/rúhé,A
4698,66,vi,như thế nào,,,,,,A
4699,66,th,อย่างไร/ยังไง,,,,xỳāngrị/yạngngị,A
4700,66,id,bagaimana,,,,,,A
4701,66,sw,jinsi,,,,,,A
4702,66,nl,hoe,,,,,,A
4703,66,pl,jak,,,,,,A
4704,66,uk,як,,,,yak,A
4705,66,el,πώς,,,,pós,A
4706,66,sv,hur,,,,,,A
4707,66,no,hvordan,,,,,,A
4708,66,da,hvordan,,,,,,A
4709,66,fi,kuinka/miten,,,,,,A
4710,66,cs,jak,,,,,,A
4711,66,hu,hogyan,,,,,,A
4712,66,ro,cum,,,,,,A
4713,66,bg,как,,,,kak,A
4714,66,sr,како,,,,kako,A
4715,66,sk,ako,,,,,,A
4716,66,sl,kako,,,,,,A
4717,66,lt,kaip,,,,,,A
4718,66,lv,kā,,,,,,A
4719,66,et,kuidas,,,,,,A
4720,66,he,איך,,,,eich,A
4721,66,ha,yaya,,,,,,A
4722,66,yo,báwo,,,,,,A
4723,66,ig,otú,,,,,,A
4724,66,am,እንዴት/እንደ,,,,'əndet/'əndä,A
4725,66,ti,ከመይ/ከመንገድ,,,,kämäy/kämäṅgäd,A
4726,66,ne,कसरी,,,,kasarī,A
4727,66,ta,எப்படி/எவ்வாறு,,,,eppaṭi/evvāṟu,A
4728,66,te,ఎలా/ఎట్లా,,,,elā/eṭlā,A
4729,66,ml,എങ്ങനെ/എപ്രകാരം,,,,eṅṅane/eprakāraṁ,A
4730,66,mr,कसे,,,,kase,A
4731,66,pa,ਕਿਵੇਂ/ਕਿਸ ਤਰ੍ਹਾਂ,,,,kivē̃/kis tarhā̃,A
4732,66,gu,કેવી રીતે/કેમ,,,,kevī rīte/kem,A
4733,66,si,කෙසේද/කොහොමද,,,,kesēda/kohomada,A
4734,66,km,យ៉ាងម៉េច/របៀបណា,,,,yeang mech/rɔbiep na,A
4735,66,is,hvernig,,,,,,A
4736,66,tl,paano,,,,,,A
4737,66,ms,bagaimana,,,,,,A
4738,66,jv,piye/carane,,,,,,A
4739,66,kk,қалай,,,,qalay,A
4740,66,uz,qanday/qalay,,,,,,A
4741,66,mn,яаж/хэрхэн,,,,yaaj/kherkhen,A
4742,66,ga,როგორ,,,,rogor,A
4743,66,hy,ինչպես,,,,inch'pes,A
4744,66,eu,nola,,,,,,A
4745,66,ca,com,,,,,,A
4746,66,gl,como,,,,,,A
4747,66,ga,conas/cén chaoi,,,,,,A
4748,66,cy,sut,,,,,,A
4749,66,gd,ciamar,,,,,,A
4750,66,lb,wéi,,,,,,A
4751,66,eo,kiel,,,,,,A
4752,66,la,quomodo,,,,,,A
4753,67,en,then,,,,,,A
4754,67,es,entonces/luego,,,,,,A
4755,67,fr,alors/ensuite,,,,,,A
4756,67,pt,então/depois,,,,,,A
4757,67,de,dann,,,,,,A
4758,67,it,allora/poi,,,,,,A
4759,67,ru,тогда/потом,,,,togda/potom,A
4760,67,ar,ثم/إذاً,,,,thumma/idhan,A
4761,67,hi,तब/फिर,,,,tab/phir,A
4762,67,bn,তখন/তারপর,,,,tôkhôn/tārôpôr,A
4763,67,ur,پھر/تب,,,,phir/tab,A
4764,67,fa,سپس/آنگاه,,,,sepas/āngāh,A
4765,67,tr,sonra/o zaman,,,,,,A
4766,67,ja,それから/その時,,,,sorekara/sono toki,A
4767,67,ko,그때/그러면,,,,geuttae/geureomyeon,A
4768,67,zh-cn,然后/那时,,,,ránhòu/nàshí,A
4769,67,zh-tw,然後/那時,,,,ránhòu/nàshí,A
4770,67,vi,sau đó/rồi,,,,,,A
4771,67,th,แล้ว/ตอนนั้น,,,,læ̂w/txx n̂ả,A
4772,67,id,kemudian/lalu,,,,,,A
4773,67,sw,basi/ndipo,,,,,,A
4774,67,nl,dan/toen,,,,,,A
4775,67,pl,wtedy/potem,,,,,,A
4776,67,uk,тоді/потім,,,,todi/potim,A
4777,67,el,τότε/έπειτα,,,,tóte/épeita,A
4778,67,sv,då/sedan,,,,,,A
4779,67,no,da/så,,,,,,A
4780,67,da,så/da,,,,,,A
4781,67,fi,sitten/silloin,,,,,,A
4782,67,cs,potom/pak,,,,,,A
4783,67,hu,akkor/aztán,,,,,,A
4784,67,ro,atunci/apoi,,,,,,A
4785,67,bg,тогава/след това,,,,togava/sled tova,A
4786,67,sr,онда/тада,,,,onda/tada,A
4787,67,sk,potom/vtedy,,,,,,A
4788,67,sl,potem/tedaj,,,,,,A
4789,67,lt,tada/tuomet,,,,,,A
4790,67,lv,tad,,,,,,A
4791,67,et,siis/selle peale,,,,,,A
4792,67,he,אז/אחר כך,,,,az/aḥar kach,A
4793,67,ha,to/sannan,,,,,,A
4794,67,yo,lẹ́yìn náà/nígbà náà,,,,,,A
4795,67,ig,mgbe ahụ/mgbe ọzọ,,,,,,A
4796,67,am,ከዚያ/ከዚያ በኋላ,,,,käziya/käziya bäḫwala,A
4797,67,ti,ድሕሪኡ/ሽዑ,,,,dəḥri'u/shə'u,A
4798,67,ne,त्यसपछि/अनि,,,,tyaspachi/ani,A
4799,67,ta,பிறகு/அப்பொழுது,,,,piṟaku/appoḻutu,A
4800,67,te,అప్పుడు/ఆ తరువాత,,,,appuḍu/ā taruvāta,A
4801,67,ml,പിന്നെ/അപ്പോൾ,,,,pinne/ appōḷ,A
4802,67,mr,मग/नंतर,,,,mag/naṅtar,A
4803,67,pa,ਫਿਰ/ਤਦ,,,,phir/tad,A
4804,67,gu,પછી/ત્યારે,,,,pachī/tyāre,A
4805,67,si,එවිට/පසුව,,,,eviṭa/pasuv,A
4806,67,km,បន្ទាប់មក/ពេលនោះ,,,,bɑntoap mɔk/pel noh,A
4807,67,is,síðan/þá,,,,,,A
4808,67,tl,noon/pagkatapos,,,,,,A
4809,67,ms,kemudian,,,,,,A
4810,67,jv,banjur/sawise,,,,,,A
4811,67,kk,содан кейін/сол кезде,,,,sodan keyin/sol kezde,A
4812,67,uz,keyin/unda,,,,,,A
4813,67,mn,дараа нь/тэр үед,,,,daraa ni/ter üed,A
4814,67,ga,მაშინ/შემდეგ,,,,mashin/shemdeg,A
4815,67,hy,հետո/այն ժամանակ,,,,heto/ayn zhamanak,A
4816,67,eu,orduan/gero,,,,,,A
4817,67,ca,llavors/després,,,,,,A
4818,67,gl,entón/despois,,,,,,A
4819,67,ga,ansin/ansin,,,,,,A
4820,67,cy,yna/wedi hynny,,,,,,A
4821,67,gd,an uair sin/ an dèidh sin,,,,,,A
4822,67,lb,da,,,,,,A
4823,67,eo,tiam,,,,,,A
4824,67,la,tum/deinde,,,,,,A
4825,68,en,its,,,,,,A
4826,68,es,su/sus,,,,,,A
4827,68,fr,son/sa/ses,,,,,,A
4828,68,pt,seu/sua,,,,,,A
4829,68,de,sein/seine,,,,,,A
4830,68,il,suo/sua,,,,,,A
4831,68,ru,его/её/его,,,,yego/yeyo/yego,A
4832,68,ar,له/لها,,,,lahu/lahā,A
4833,68,hi,इसका/उसका,,,,iskā/uskā,A
4834,68,bn,তার,,,,tār,A
4835,68,ur,اس کا,,,,us kā,A
4836,68,fa,آن/اش,,,,ān/āsh,A
4837,68,tr,onun,,,,,,A
4838,68,ja,それの/その,,,,sore no/sono,A
4839,68,ko,그것의/그의,,,,geugeosui/geuui,A
4840,68,zh-cn,它的,,,,tā de,A
4841,68,zh-tw,它的,,,,tā de,A
4842,68,vi,của nó,,,,,,A
4843,68,th,ของมัน,,,,k̄hxng mạn,A
4844,68,id,nya,,,,,,A
4845,68,sw,yake/yake,,,,,,A
4846,68,nl,zijn/haar,,,,,,A
4847,68,pl,jego/jej,,,,,,A
4848,68,uk,його/її,,,,yoho/yiy,A
4849,68,el,του/της,,,,tou/tis,A
4850,68,sv,dess,,,,,,A
4851,68,no,dets,,,,,,A
4852,68,da,dets,,,,,,A
4853,68,fi,sen,,,,,,A
4854,68,cs,jeho/její,,,,,,A
4855,68,hu,az ő,,,,,,A
4856,68,ro,său/sa,,,,,,A
4857,68,bg,негов/нейн,,,,negov/neyn,A
4858,68,sr,његов/њен,,,,njegov/njen,A
4859,68,sk,jeho/jej,,,,,,A
4860,68,sl,njegov/njen,,,,,,A
4861,68,lt,jo/jos,,,,,,A
4862,68,lv,tā,,,,,,A
4863,68,et,selle,,,,,,A
4864,68,he,שלו/שלה,,,,shelo/shelah,A
4865,68,ha,nasa,,,,,,A
4866,68,yo,rẹ̀,,,,,,A
4867,68,ig,ya/ya ya,,,,,,A
4868,68,am,እሱን/የእሱ,,,,'əssun/ye'əssu,A
4869,68,ti,ናቱ/ናታ,,,,natu/nata,A
4870,68,ne,यसको,,,,yasko,A
4871,68,ta,அதன்,,,,ataṉ,A
4872,68,te,దాని,,,,dāni,A
4873,68,ml,അതിന്റെ,,,,atinṟe,A
4874,68,mr,त्याचे/तिचे,,,,tyāce/tice,A
4875,68,pa,ਇਸਦਾ,,,,isdā,A
4876,68,gu,તેનું,,,,tenũ,A
4877,68,si,එහි/එයගේ,,,,ehi/eyagē,A
4878,68,km,របស់វា,,,,rôbăs vea,A
4879,68,is,þess,,,,,,A
4880,68,tl,ito/niya,,,,,,A
4881,68,ms,nya,,,,,,A
4882,68,jv,é,,,,,,A
4883,68,kk,оның,,,,onıñ,A
4884,68,uz,uning,,,,,,A
4885,68,mn,түүний,,,,tüünii,A
4886,68,ga,მისი,,,,misi,A
4887,68,hy,նրա,,,,nra,A
4888,68,eu,bere,,,,,,A
4889,68,ca,seu/sa,,,,,,A
4890,68,gl,seu/súa,,,,,,A
4891,68,ga,a,,,,,,A
4892,68,cy,ei,,,,,,A
4893,68,gd,a,,,,,,A
4894,68,lb,seng,,,,,,A
4895,68,eo,ĝia,,,,,,A
4896,68,la,eius,,,,,,A
4897,69,en,our,,,,,,A
4898,69,es,nuestro/nuestra,,,,,,A
4899,69,fr,notre/nos,,,,,,A
4900,69,pt,nosso/nossa,,,,,,A
4901,69,de,unser/unsere,,,,,,A
4902,69,it,nostro/nostra,,,,,,A
4903,69,ru,наш/наша/наше,,,,nash/nasha/nashe,A
4904,69,ar,نا/ـنا,,,,nā/-nā,A
4905,69,hi,हमारा,,,,hamārā,A
4906,69,bn,আমাদের,,,,āmādēr,A
4907,69,ur,ہمارا,,,,hamārā,A
4908,69,fa,ما/ـمان,,,,mā/-mān,A
4909,69,tr,bizim,,,,,,A
4910,69,ja,私たちの,,,,watashitachi no,A
4911,69,ko,우리의,,,,uriui,A
4912,69,zh-cn,我们的,,,,wǒmen de,A
4913,69,zh-tw,我們的,,,,wǒmen de,A
4914,69,vi,của chúng tôi/chúng ta,,,,,,A
4915,69,th,ของเรา,,,,k̄hxng rao,A
4916,69,id,kami/kita,,,,,,A
4917,69,sw,yetu,,,,,,A
4918,69,nl,onze,,,,,,A
4919,69,pl,nasz/nasza,,,,,,A
4920,69,uk,наш/наша,,,,nash/nasha,A
4921,69,el,μας,,,,mas,A
4922,69,sv,vår/vårt,,,,,,A
4923,69,no,vår/vårt,,,,,,A
4924,69,da,vores,,,,,,A
4925,69,fi,meidän,,,,,,A
4926,69,cs,náš/naše,,,,,,A
4927,69,hu,minek,,,,,,A
4928,69,ro,nostru/noastră,,,,,,A
4929,69,bg,наш/наша,,,,nash/nasha,A
4930,69,sr,наш/наша,,,,naš/naša,A
4931,69,sk,náš/naša,,,,,,A
4932,69,sl,naš/naša,,,,,,A
4933,69,lt,mūsų,,,,,,A
4934,69,lv,mūsu,,,,,,A
4935,69,et,meie,,,,,,A
4936,69,he,שלנו,,,,shelanu,A
4937,69,ha,mu,,,,,,A
4938,69,yo,wa,,,,,,A
4939,69,ig,anyi,,,,,,A
4940,69,am,የእኛ,,,ye'əña,A
4941,69,ti,ናትና,,,,natna,A
4942,69,ne,हाम्रो,,,,hāmro,A
4943,69,ta,எங்கள்,,,,eṅkaḷ,A
4944,69,te,మా,,,,mā,A
4945,69,ml,ഞങ്ങളുടെ/നമ്മുടെ,,,,ñaṅṅaḷuṭe/nammuṭe,A
4946,69,mr,आमचा,,,,āmcā,A
4947,69,pa,ਸਾਡਾ,,,,sāḍā,A
4948,69,gu,અમારું,,,,amārũ,A
4949,69,si,අපේ/අපගේ,,,,apē/apagē,A
4950,69,km,របស់យើង,,,,rôbăs yeung,A
4951,69,is,okkar,,,,,,A
4952,69,tl,aming/atin,,,,,,A
4953,69,ms,kami/kita,,,,,,A
4954,69,jv,kita,,,,,,A
4955,69,kk,біздің,,,,bizdiñ,A
4956,69,uz,bizning,,,,,,A
4957,69,mn,манай/бидний,,,,manai/bidnii,A
4958,69,ga,ჩვენი,,,,chveni,A
4959,69,hy,մեր,,,,mer,A
4960,69,eu,gure,,,,,,A
4961,69,ca,nostre/nostra,,,,,,A
4962,69,gl,noso/nosa,,,,,,A
4963,69,ga,ár,,,,,,A
4964,69,cy,ein,,,,,,A
4965,69,gd,ar,,,,,,A
4966,69,lb,äis,,,,,,A
4967,69,eo,nia,,,,,,A
4968,69,la,noster/nostra,,,,,,A
4969,70,en,two,,,,,,A
4970,70,es,dos,,,,,,A
4971,70,fr,deux,,,,,,A
4972,70,pt,dois/duas,,,,,,A
4973,70,de,zwei,,,,,,A
4974,70,it,due,,,,,,A
4975,70,ru,два/две,,,,dva/dve,A
4976,70,ar,اثنان/اثنتان,,,,ithnān/ithnatān,A
4977,70,hi,दो,,,,do,A
4978,70,bn,দুই,,,,dui,A
4979,70,ur,دو,,,,do,A
4980,70,fa,دو,,,,do,A
4981,70,tr,iki,,,,,,A
4982,70,ja,二,,,,ni,A
4983,70,ko,둘/이,,,,dul/i,A
4984,70,zh-cn,二/两,,,,èr/liǎng,A
4985,70,zh-tw,二/兩,,,,èr/liǎng,A
4986,70,vi,hai,,,,,,A
4987,70,th,สอง,,,,s̄xng,A
4988,70,id,dua,,,,,,A
4989,70,sw,mbili,,,,,,A
4990,70,nl,twee,,,,,,A
4991,70,pl,dwa/dwie,,,,,,A
4992,70,uk,два/дві,,,,dva/dvi,A
4993,70,el,δύο,,,,dýo,A
4994,70,sv,två,,,,,,A
4995,70,no,to,,,,,,A
4996,70,da,to,,,,,,A
4997,70,fi,kaksi,,,,,,A
4998,70,cs,dva/dvě,,,,,,A
4999,70,hu,kettő,,,,,,A
5000,70,ro,doi/două,,,,,,A
5001,70,bg,два/две,,,,dva/dve,A
5002,70,sr,два/две,,,,dva/dve,A
5003,70,sk,dva/dve,,,,,,A
5004,70,sl,dva/dve,,,,,,A
5005,70,lt,du,,,,,,A
5006,70,lv,divi/divas,,,,,,A
5007,70,et,kaks,,,,,,A
5008,70,he,שתיים/שניים,,,,shtayim/shnayim,A
5009,70,ha,biyu,,,,,,A
5010,70,yo,meji,,,,,,A
5011,70,ig,abụọ,,,,,,A
5012,70,am,ሁለት,,,,hulet,A
5013,70,ti,ክልተ,,,,kəltä,A
5014,70,ne,दुई,,,,duī,A
5015,70,ta,இரண்டு,,,,iraṇṭu,A
5016,70,te,రెండు,,,,reṇḍu,A
5017,70,ml,രണ്ട്,,,,raṇṭ,A
5018,70,mr,दोन,,,,don,A
5019,70,pa,ਦੋ,,,,do,A
5020,70,gu,બે,,,,be,A
5021,70,si,දෙක/දෙකක්,,,,deka/dekak,A
5022,70,km,ពីរ,,,,pii,A
5023,70,is,tveir/tvær,,,,,,A
5024,70,tl,dalawa,,,,,,A
5025,70,ms,dua,,,,,,A
5026,70,jv,loro,,,,,,A
5027,70,kk,екі,,,,eki,A
5028,70,uz,ikki,,,,,,A
5029,70,mn,хоёр,,,,khoyor,A
5030,70,ga,ორი,,,,ori,A
5031,70,hy,երկու,,,,yerku,A
5032,70,eu,bi,,,,,,A
5033,70,ca,dos/dues,,,,,,A
5034,70,gl,dous/dúas,,,,,,A
5035,70,ga,dó,,,,,,A
5036,70,cy,dau/dwy,,,,,,A
5037,70,gd,dà,,,,,,A
5038,70,lb,zwéin,,,,,,A
5039,70,eo,du,,,,,,A
5040,70,la,duo/duae,,,,,,A
5041,71,en,more,,,,,,A
5042,71,es,más,,,,,,A
5043,71,fr,plus,,,,,,A
5044,71,pt,mais,,,,,,A
5045,71,de,mehr,,,,,,A
5046,71,it,più,,,,,,A
5047,71,ru,больше/ещё,,,,bol'she/yeshchyo,A
5048,71,ar,أكثر,,,,akthar,A
5049,71,hi,अधिक/और,,,,adhik/aur,A
5050,71,bn,আরও/বেশি,,,,ārō/beśi,A
5051,71,ur,مزید/اور,,,,mazīd/aur,A
5052,71,fa,بیشتر/زیاد,,,,bištar/ziyād,A
5053,71,tr,daha fazla/daha,,,,,,A
5054,71,ja,もっと/さらに,,,,motto/sarani,A
5055,71,ko,더/더 많은,,,,deo/deo manh-eun,A
5056,71,zh-cn,更多/更,,,,gèng duō/gèng,A
5057,71,zh-tw,更多/更,,,,gèng duō/gèng,A
5058,71,vi,hơn/thêm,,,,,,A
5059,71,th,มากขึ้น/อีก,,,,māk k̄hụ̂n/xīk,A
5060,71,id,lebih/lagi,,,,,,A
5061,71,sw,zaidi/tena,,,,,,A
5062,71,nl,meer,,,,,,A
5063,71,pl,więcej,,,,,,A
5064,71,uk,більше/ще,,,,bil'she/shche,A
5065,71,el,περισσότερο/άλλο,,,,perissótero/állo,A
5066,71,sv,mer,,,,,,A
5067,71,no,mer,,,,,,A
5068,71,da,mere,,,,,,A
5069,71,fi,enemmän/lisää,,,,,,A
5070,71,cs,více,,,,,,A
5071,71,hu,több,,,,,,A
5072,71,ro,mult/mai mult,,,,,,A
5073,71,bg,повече/още,,,,poveche/oshche,A
5074,71,sr,више/још,,,,više/još,A
5075,71,sk,viac,,,,,,A
5076,71,sl,več,,,,,,A
5077,71,lt,daugiau,,,,,,A
5078,71,lv,vairāk,,,,,,A
5079,71,et,rohkem,,,,,,A
5080,71,he,יותר/עוד,,,,yoter/od,A
5081,71,ha,ƙari/da yawa,,,,,,A
5082,71,yo,siwaju sii/diẹ sii,,,,,,A
5083,71,ig,ọzọ/karia,,,,,,A
5084,71,am,ተጨማሪ/የበለጠ,,,,täčämäri/yäbäläṭä,A
5085,71,ti,ዝያዳ/ተወሳኺ,,,,zəyada/täwäsaxi,A
5086,71,ne,थप/अरु,,,,thapa/aru,A
5087,71,ta,மேலும்/அதிகம்,,,,mēlum/atikam,A
5088,71,te,మరిన్ని/మరింత,,,,marinni/marinta,A
5089,71,ml,കൂടുതൽ/കൂടുതലായി,,,,kūṭutal/kūṭutalāyi,A
5090,71,mr,अजून/अधिक,,,,ajūn/adhik,A
5091,71,pa,ਹੋਰ/ਵਧੇਰੇ,,,,hor/vadhērē,A
5092,71,gu,વધુ/વધારે,,,,vadhu/vadhāre,A
5093,71,si,තවත්/වැඩියෙන්,,,,tavat/vaḍiyen,A
5094,71,km,បន្ថែម/ច្រើនទៀត,,,,bɑntʰaem/croən tiət,A
5095,71,is,meira,,,,,,A
5096,71,tl,higit pa/marami,,,,,,A
5097,71,ms,lagi/lebih,,,,,,A
5098,71,jv,liyane/luwih,,,,,,A
5099,71,kk,көбірек/тағы,,,,köbirek/tağy,A
5100,71,uz,ko'proq/yana,,,,,,A
5101,71,mn,илүү/дахин,,,,ilüü/dakhin,A
5102,71,ga,მეტი/კიდევ,,,,met'i/k'idev,A
5103,71,hy,ավելի,,,,aveli,A
5104,71,eu,gehiago,,,,,,A
5105,71,ca,més,,,,,,A
5106,71,gl,máis,,,,,,A
5107,71,ga,níos mó,,,,,,A
5108,71,cy,mwy,,,,,,A
5109,71,gd,barrachd/tuilleadh,,,,,,A
5110,71,lb,méi,,,,,,A
5111,71,eo,pli,,,,,,A
5112,71,la,plus,,,,,,A
5113,72,en,these,,,,,,A
5114,72,es,estos/estas,,,,,,A
5115,72,fr,ces,,,,,,A
5116,72,pt,estes/estas,,,,,,A
5117,72,de,diese,,,,,,A
5118,72,it,questi/queste,,,,,,A
5119,72,ru,эти,,,,eti,A
5120,72,ar,هؤلاء,,,,hā'ulā',A
5121,72,hi,ये,,,,ye,A
5122,72,bn,এইগুলো,,,,eigulō,A
5123,72,ur,یہ,,,,yeh,A
5124,72,fa,اینها,,,,inhā,A
5125,72,tr,bunlar,,,,,,A
5126,72,ja,これら,,,,korera,A
5127,72,ko,이것들/이런,,,,igeotdeul/ireon,A
5128,72,zh-cn,这些,,,,zhèxiē,A
5129,72,zh-tw,這些,,,,zhèxiē,A
5130,72,vi,những cái này,,,,,,A
5131,72,th,เหล่านี้,,,,h̄el̀ā nī̂,A
5132,72,id,ini,,,,,,A
5133,72,sw,hizi,,,,,,A
5134,72,nl,deze,,,,,,A
5135,72,pl,te,,,,,,A
5136,72,uk,ці,,,,tsi,A
5137,72,el,αυτοί/αυτές,,,,aftí/aftés,A
5138,72,sv,dessa,,,,,,A
5139,72,no,disse,,,,,,A
5140,72,da,disse,,,,,,A
5141,72,fi,nämä,,,,,,A
5142,72,cs,tyto,,,,,,A
5143,72,hu,ezek,,,,,,A
5144,72,ro,aceștia/acestea,,,,,,A
5145,72,bg,тези,,,,tezi,A
5146,72,sr,ови/ове,,,,ovi/ove,A
5147,72,sk,tieto,,,,,,A
5148,72,sl,ti/te,,,,,,A
5149,72,lt,šie/šios,,,,,,A
5150,72,lv,šie/šīs,,,,,,A
5151,72,et,need,,,,,,A
5152,72,he,אלה,,,,eleh,A
5153,72,ha,wadannan,,,,,,A
5154,72,yo,àwọn wọ̀nyí,,,,,,A
5155,72,ig,ndị a,,,,,,A
5156,72,am,እነዚህ/እነዚህን,,,,'ənäzih/'ənäzihin,A
5157,72,ti,እዚኣቶም/እዚኣተን,,,,əzi'atom/əzi'atän,A
5158,72,ne,यी,,,,yī,A
5159,72,ta,இவை/இவற்றை,,,,ivai/ivaṟṟai,A
5160,72,te,ఇవి,,,,ivi,A
5161,72,ml,ഇവ,,,,iva,A
5162,72,mr,हे/ही,,,,he/hī,A
5163,72,pa,ਇਹ,,,,ih,A
5164,72,gu,આ,,,,ā,A
5165,72,si,මේ,,,,mē,A
5166,72,km,ទាំងនេះ/អ្នកទាំងនេះ,,,,teaṅ nih/neak teaṅ nih,A
5167,72,is,þessir,,,,,,A
5168,72,tl,ang mga ito,,,,,,A
5169,72,ms,ini,,,,,,A
5170,72,jv,iki iki,,,,,,A
5171,72,kk,бұлар,,,,būlar,A
5172,72,uz,bu,,,,,,A
5173,72,mn,эдгээр,,,,edgeer,A
5174,72,ga,ესენი,,,,eseni,A
5175,72,hy,սրանք,,,,srank',A
5176,72,eu,hauek,,,,,,A
5177,72,ca,aquests/aquestes,,,,,,A
5178,72,gl,estes/estas,,,,,,A
5179,72,ga,seo,,,,,,A
5180,72,cy,y rhain,,,,,,A
5181,72,gd,seo,,,,,,A
5182,72,lb,dës,,,,,,A
5183,72,eo,ĉi tiuj,,,,,,A
5184,72,la,hi/haec,,,,,,A
5185,73,en,to want,,,,,,A
5186,73,es,querer,,,,,,A
5187,73,fr,vouloir,,,,,,A
5188,73,pt,querer,,,,,,A
5189,73,de,wollen,,,,,,A
5190,73,it,volere,,,,,,A
5191,73,ru,хотеть,,,,khotet',A
5192,73,ar,يريد,,,,yurīd,A
5193,73,hi,चाहना,,,,chāhanā,A
5194,73,bn,চাওয়া,,,,cāẏā,A
5195,73,ur,چاہنا,,,,chāhnā,A
5196,73,fa,خواستن,,,,khāstan,A
5197,73,tr,istemek,,,,,,A
5198,73,ja,欲しい/したい,,,,hoshii/shitai,A
5199,73,ko,원하다/ 싶다,,,,wonhada/ sipda,A
5200,73,zh-cn,想要,,,,xiǎng yào,A
5201,73,zh-tw,想要,,,,xiǎng yào,A
5202,73,vi,muốn,,,,,,A
5203,73,th,ต้องการ,,,,t̂xngkār,A
5204,73,id,ingin,,,,,,A
5205,73,sw,kutaka,,,,,,A
5206,73,nl,willen,,,,,,A
5207,73,pl,chcieć,,,,,,A
5208,73,uk,хотіти,,,,khotity,A
5209,73,el,θέλω,,,,thélo,A
5210,73,sv,vill,,,,,,A
5211,73,no,ville,,,,,,A
5212,73,da,vil,,,,,,A
5213,73,fi,haluta,,,,,,A
5214,73,cs,chtít,,,,,,A
5215,73,hu,akarni,,,,,,A
5216,73,ro,a vrea,,,,,,A
5217,73,bg,искам,,,,iskam,A
5218,73,sr,желети/хтети,,,,želeti/hteti,A
5219,73,sk,chcieť,,,,,,A
5220,73,sl,želeti,,,,,,A
5221,73,lt,norėti,,,,,,A
5222,73,lv,gribēt,,,,,,A
5223,73,et,tahtma,,,,,,A
5224,73,he,לרצות,,,,lirtsot,A
5225,73,ha,so,,,,,,A
5226,73,yo,fẹ́,,,,,,A
5227,73,ig,chọọ,,,,,,A
5228,73,am,መፈለግ/መሻት,,,,mäfäläg/mäshat,A
5229,73,ti,ደልዩ/ይደልዩ,,,,dälyu/yədälyu,A
5230,73,ne,चाहनु,,,,chāhnu,A
5231,73,ta,வேண்டும்/விரும்பு,,,,vēṇṭum/virumpu,A
5232,73,te,కావాలి/కోరుకో,,,,kāvāli/kōrukō,A
5233,73,ml,ആഗ്രഹിക്കുക/വേണം,,,,āgrahikkuka/vēṇaṁ,A
5234,73,mr,हवे असणे/इच्छा असणे,,,,have asaṇe/icchā asaṇe,A
5235,73,pa,ਚਾਹੁਣਾ,,,,chāhuṇā,A
5236,73,gu,જોવું/ઇચ્છવું,,,,jovũ/icchavũ,A
5237,73,si,අවශ්‍යයි/කැමතියි,,,,avashyayi/kæmatiyi,A
5238,73,km,ចង់,,,,cng,A
5239,73,is,vilja,,,,,,A
5240,73,tl,gusto/nais,,,,,,A
5241,73,ms,mahu,,,,,,A
5242,73,jv,arep,,,,,,A
5243,73,kk,қалау,,,,qalaw,A
5244,73,uz,istamoq,,,,,,A
5245,73,mn,хүсэх/хүсэмжлэх,,,,khüsekh/khüsemjlekh,A
5246,73,ga,სურვილი/მოთხოვნა,,,,survili/motkhovna,A
5247,73,hy,ուզել,,,,uzel,A
5248,73,eu,nahi izan,,,,,,A
5249,73,ca,voler,,,,,,A
5250,73,gl,querer,,,,,,A
5251,73,ga,teastaigh,,,,,,A
5252,73,cy,eisiau/moyn,,,,,,A
5253,73,gd,iarraidh,,,,,,A
5254,73,lb,wëllen,,,,,,A
5255,73,eo,volei,,,,,,A
5256,73,la,velle,,,,,,A
5257,74,en,way,,,,,,A
5258,74,es,camino,el,m,,,,A
5259,74,fr,chemin,le,m,,,,A
5260,74,pt,caminho,o,m,,,,A
5261,74,de,Weg,der,m,,,,A
5262,74,it,via,la,f,,,,A
5263,74,ru,путь,,,,put',A
5264,74,ar,طريق,,,,tarīq,A
5265,74,hi,रास्ता,,,,rāstā,A
5266,74,bn,পথ,,,,pôth,A
5267,74,ur,راستہ,,,,rāstā,A
5268,74,fa,راه,,,,rāh,A
5269,74,tr,yol,,,,,,A
5270,74,ja,道/方法,,,,michi/hōhō,A
5271,74,ko,길/방법,,,,gil/bangbeop,A
5272,74,zh-cn,路/方法,,,,lù/fāngfǎ,A
5273,74,zh-tw,路/方法,,,,lù/fāngfǎ,A
5274,74,vi,đường/ cách,,,,,,A
5275,74,th,ทาง/วิธี,,,,thāng/withī,A
5276,74,id,jalan/cara,,,,,,A
5277,74,sw,njia,,,,,,A
5278,74,nl,weg,de,m,,,,A
5279,74,pl,droga,,,,,,A
5280,74,uk,шлях,,,,shlyakh,A
5281,74,el,τρόπος,ο,m,,,,A
5282,74,sv,väg,en,c,,,,A
5283,74,no,vei,,,,,,A
5284,74,da,vej,,,,,,A
5285,74,fi,tapa/ tie,,,,,,A
5286,74,cs,cesta,,,,,,A
5287,74,hu,út,,,,,,A
5288,74,ro,drum,un,n,,,,A
5289,74,bg,път,,,,pǎt,A
5290,74,sr,пут,,,,put,A
5291,74,sk,cesta,,,,,,A
5292,74,sl,pot,,,,,,A
5293,74,lt,kelias,,,,,,A
5294,74,lv,ceļš,,,,,,A
5295,74,et,tee,,,,,,A
5296,74,he,דרך,,,,derekh,A
5297,74,ha,hanya,,,,,,A
5298,74,yo,ọna,,,,,,A
5299,74,ig,ụzọ,,,,,,A
5300,74,am,መንገድ,,,,mängäd,A
5301,74,ti,መንገዲ,,,,mängädi,A
5302,74,ne,बाटो,,,,bāṭo,A
5303,74,ta,வழி/பாதை,,,,vaḻi/pātai,A
5304,74,te,మార్గం,,,,mārgaṁ,A
5305,74,ml,വഴി,,,,vaḻi,A
5306,74,mr,मार्ग,,,,mārga,A
5307,74,pa,ਰਸਤਾ,,,,rasatā,A
5308,74,gu,માર્ગ,,,,mārga,A
5309,74,si,මාර්ගය,,,,mārgaya,A
5310,74,km,ផ្លូវ,,,,phləv,A
5311,74,is,leið,,,,,,A
5312,74,tl,daan,,,,,,A
5313,74,ms,jalan,,,,,,A
5314,74,jv,dalan,,,,,,A
5315,74,kk,жол,,,,jol,A
5316,74,uz,yo'l,,,,,,A
5317,74,mn,зам,,,,zam,A
5318,74,ga,გზა,,,,gza,A
5319,74,hy,ճանապարհ,,,,chanaparh,A
5320,74,eu,bide,,,,,,A
5321,74,ca,camí,el,m,,,,A
5322,74,gl,camiño,o,m,,,,A
5323,74,ga,bealach,,,,,,A
5324,74,cy,ffordd,,,,,,A
5325,74,gd,rathad,,,,,,A
5326,74,lb,Wee,de,m,,,,A
5327,74,eo,vojo,,,,,,A
5328,74,la,via,,,,,,A
5329,75,en,to look,,,,,,A
5330,75,es,mirar,,,,,,A
5331,75,fr,regarder,,,,,,A
5332,75,pt,olhar,,,,,,A
5333,75,de,schauen,,,,,,A
5334,75,it,guardare,,,,,,A
5335,75,ru,смотреть/глядеть,,,,smotret'/glyadet',A
5336,75,ar,ينظر,,,,yanẓur,A
5337,75,hi,देखना,,,,dekhnā,A
5338,75,bn,তাকানো,,,,tākānō,A
5339,75,ur,دیکھنا,,,,dekhnā,A
5340,75,fa,نگاه کردن,,,,negāh kardan,A
5341,75,tr,bakmak,,,,,,A
5342,75,ja,見る/眺める,,,,miru/nagameru,A
5343,75,ko,보다/바라보다,,,,boda/baraboda,A
5344,75,zh-cn,看/看起来,,,,kàn/kàn qǐlái,A
5345,75,zh-tw,看/看起來,,,,kàn/kàn qǐlái,A
5346,75,vi,nhìn/trông,,,,,,A
5347,75,th,มอง/ดู,,,,mxng/dū,A
5348,75,id,melihat/memandang,,,,,,A
5349,75,sw,kuangalia,,,,,,A
5350,75,nl,kijken,,,,,,A
5351,75,pl,patrzeć,,,,,,A
5352,75,uk,дивитися,,,,dyvytysya,A
5353,75,el,κοιτάζω,,,,koitázo,A
5354,75,sv,titta,,,,,,A
5355,75,no,se,,,,,,A
5356,75,da,kigge,,,,,,A
5357,75,fi,katsoa,,,,,,A
5358,75,cs,dívat se,,,,,,A
5359,75,hu,nez,,,,,,A
5360,75,ro,a privi,,,,,,A
5361,75,bg,гледам,,,,gledam,A
5362,75,sr,гледати,,,,gledati,A
5363,75,sk,pozerať sa,,,,,,A
5364,75,sl,gledati,,,,,,A
5365,75,lt,žiūrėti,,,,,,A
5366,75,lv,skatīties,,,,,,A
5367,75,et,vaatama,,,,,,A
5368,75,he,להביט,,,,lehabit,A
5369,75,ha,duba,,,,,,A
5370,75,yo,wo,,,,,,A
5371,75,ig,lee anya,,,,,,A
5372,75,am,መመልከት,,,,mämläkät,A
5373,75,ti,ተመልከት/ኣብ ትሕቲ ምርኣይ,,,,tämläkät/'ab təḥti mər'ay,A
5374,75,ne,हेर्नु,,,,hernu,A
5375,75,ta,பார்/கவனி,,,,pār/kavaṉi,A
5376,75,te,చూడు/కనిపించు,,,,cūḍu/kanipiñcu,A
5377,75,ml,നോക്കുക/കാണപ്പെടുക,,,,nōkkuka/kāṇappeṭuka,A
5378,75,mr,बघणे/दिसणे,,,,baghaṇe/disaṇe,A
5379,75,pa,ਦੇਖਣਾ/ਵੇਖਣਾ,,,,dekhṇā/vekhṇā,A
5380,75,gu,જોવું/દેખાવું,,,,jovũ/dekhāvũ,A
5381,75,si,බලන්න/පෙනෙන්න,,,,balanna/penenna,A
5382,75,km,មើល/ឃើញ,,,,meul/kheuñ,A
5383,75,is,horfa,,,,,,A
5384,75,tl,tumingin,,,,,,A
5385,75,ms,melihat,,,,,,A
5386,75,jv,ndelok,,,,,,A
5387,75,kk,қарау,,,,qarau,A
5388,75,uz,qaramoq,,,,,,A
5389,75,mn,харах/харагдах,,,,kharakh/kharagdakh,A
5390,75,ga,შეხედვა/მოყურება,,,,shekhdva/moq'ureba,A
5391,75,hy,նայել,,,,nayel,A
5392,75,eu,begiratu,,,,,,A
5393,75,ca,mirar,,,,,,A
5394,75,gl,mirar,,,,,,A
5395,75,ga,féach,,,,,,A
5396,75,cy,edrych,,,,,,A
5397,75,gd,seall,,,,,,A
5398,75,lb,kucken,,,,,,A
5399,75,eo,rigardi,,,,,,A
5400,75,la,spectare,,,,,,A
5401,76,en,first,,,,,,A
5402,76,es,primero/primera,,,,,,A
5403,76,fr,premier/première,,,,,,A
5404,76,pt,primeiro/primeira,,,,,,A
5405,76,de,erste,,,,,,A
5406,76,it,primo/prima,,,,,,A
5407,76,ru,первый/первая,,,,pervyy/pervaya,A
5408,76,ar,أول,,,,awwal,A
5409,76,hi,पहला,,,,pahalā,A
5410,76,bn,প্রথম,,,,prôthôm,A
5411,76,ur,پہلا,,,,pahlā,A
5412,76,fa,اول/نخست,,,,avval/nokhost,A
5413,76,tr,ilk/birinci,,,,,,A
5414,76,ja,最初/第一,,,,saisho/daiichi,A
5415,76,ko,첫 번째/처음,,,cheot beonjjae/cheoeum,A
5416,76,zh-cn,第一/首先,,,,dì yī/shǒuxiān,A
5417,76,zh-tw,第一/首先,,,,dì yī/shǒuxiān,A
5418,76,vi,đầu tiên/ thứ nhất,,,,,,A
5419,76,th,แรก/ที่หนึ่ง,,,,ræk/thī̀ h̄nụ̀ng,A
5420,76,id,pertama,,,,,,A
5421,76,sw,kwanza,,,,,,A
5422,76,nl,eerste,,,,,,A
5423,76,pl,pierwszy/pierwsza,,,,,,A
5424,76,uk,перший/перша,,,,pershyy/persha,A
5425,76,el,πρώτος/πρώτη,,,,prótos/próti,A
5426,76,sv,första,,,,,,A
5427,76,no,første,,,,,,A
5428,76,da,første,,,,,,A
5429,76,fi,ensimmäinen,,,,,,A
5430,76,cs,první,,,,,,A
5431,76,hu,első,,,,,,A
5432,76,ro,primul/prima,,,,,,A
5433,76,bg,първи/първа,,,,pǎrvi/pǎrva,A
5434,76,sr,први/прва,,,,prvi/prva,A
5435,76,sk,prvý/prvá,,,,,,A
5436,76,sl,prvi/prva,,,,,,A
5437,76,lt,pirmas/pirma,,,,,,A
5438,76,lv,pirmais/pirmā,,,,,,A
5439,76,et,esimene,,,,,,A
5440,76,he,ראשון/ראשונה,,,,rishon/rishona,A
5441,76,ha,na farko,,,,,,A
5442,76,yo,àkọ́kọ́,,,,,,A
5443,76,ig,nke mbụ,,,,,,A
5444,76,am,አንደኛ/ፊት,,,,'andäña/fit,A
5445,76,ti,ቀዳማይ,,,,k'ädamay,A
5446,76,ne,पहिलो,,,,pahilo,A
5447,76,ta,முதல்,,,,mutal,A
5448,76,te,మొదటి/తొలి,,,,modaṭi/toli,A
5449,76,ml,ആദ്യം/ഒന്നാമത്തെ,,,,ādyaṁ/onnāmatte,A
5450,76,mr,पहिला,,,,pahilā,A
5451,76,pa,ਪਹਿਲਾ,,,,pahilā,A
5452,76,gu,પ્રથમ/પહેલું,,,,pratham/pahelũ,A
5453,76,si,පළමු/පළමුවන,,,,paḷamu/paḷamuvana,A
5454,76,km,ទីមួយ/ដំបូង,,,,ti muəy/dɑmbong,A
5455,76,is,fyrsti,,,,,,A
5456,76,tl,una,,,,,,A
5457,76,ms,pertama,,,,,,A
5458,76,jv,pertama,,,,,,A
5459,76,kk,бірінші,,,,birinşi,A
5460,76,uz,birinchi,,,,,,A
5461,76,mn,нэгдүгээр/анхны,,,,negdügeer/ankhnii,A
5462,76,ga,პირველი,,,,p'irveli,A
5463,76,hy,առաջին,,,,arrajin,A
5464,76,eu,lehenengo,,,,,,A
5465,76,ca,primer/primera,,,,,,A
5466,76,gl,primeiro/primeira,,,,,,A
5467,76,ga,an chéad,,,,,,A
5468,76,cy,cyntaf,,,,,,A
5469,76,gd,a' chiad,,,,,,A
5470,76,lb,éischte,,,,,,A
5471,76,eo,unua,,,,,,A
5472,76,la,primus/prima,,,,,,A
5473,77,en,also,,,,,,A
5474,77,es,también,,,,,,A
5475,77,fr,aussi,,,,,,A
5476,77,pt,também,,,,,,A
5477,77,de,auch,,,,,,A
5478,77,it,anche,,,,,,A
5479,77,ru,также/тоже,,,,takzhe/tozhe,A
5480,77,ar,أيضاً,,,,ayḍan,A
5481,77,hi,भी,,,,bhī,A
5482,77,bn,এছাড়াও/ও,,,,echāṛāō/ō,A
5483,77,ur,بھی,,,,bhī,A
5484,77,fa,همچنین/نیز,,,,hamchenin/niz,A
5485,77,tr,de,,,,,,A
5486,77,ja,も/また,,,,mo/mata,A
5487,77,ko,또한/도,,,,ddohan/do,A
5488,77,zh-cn,也/还,,,,yě/hái,A
5489,77,zh-tw,也/還,,,,yě/hái,A
5490,77,vi,cũng,,,,,,A
5491,77,th,ด้วย/เช่นกัน,,,,d̂wy/chènkạn,A
5492,77,id,juga,,,,,,A
5493,77,sw,pia,,,,,,A
5494,77,nl,ook,,,,,,A
5495,77,pl,też/również,,,,,,A
5496,77,uk,також/теж,,,,takozh/tezh,A
5497,77,el,επίσης,,,,epísis,A
5498,77,sv,också,,,,,,A
5499,77,no,også,,,,,,A
5500,77,da,også,,,,,,A
5501,77,fi,myös,,,,,,A
5502,77,cs,také,,,,,,A
5503,77,hu,is/szintén,,,,,,A
5504,77,ro,de asemenea,,,,,,A
5505,77,bg,също,,,,sǎshto,A
5506,77,sr,такође,,,,takođe,A
5507,77,sk,tiež,,,,,,A
5508,77,sl,tudi,,,,,,A
5509,77,lt,taip pat,,,,,,A
5510,77,lv,arī,,,,,,A
5511,77,et,ka,,,,,,A
5512,77,he,גם,,,,gam,A
5513,77,ha,ma,,,,,,A
5514,77,yo,tun,,,,,,A
5515,77,ig,kwa,,,,,,A
5516,77,am,እንዲሁም,,,,'əndihum,A
5517,77,ti,ከምኡ'ውን,,,,kämu'wun,A
5518,77,ne,पनि,,,,pani,A
5519,77,ta,மேலும்/கூட,,,,mēlum/kūṭa,A
5520,77,te,కూడా,,,,kūḍā,A
5521,77,ml,ഇതുപോലെ/കൂടെ,,,,itupōle/kūṭe,A
5522,77,mr,सुद्धा/ही,,,,suddhā/hī,A
5523,77,pa,ਵੀ,,,,vī,A
5524,77,gu,પણ,,,,paṇ,A
5525,77,si,ද,,,,da,A
5526,77,km,ក៏/ដែរ,,,,kɑ/dae,A
5527,77,is,einnig,,,,,,A
5528,77,tl,din,,,,,,A
5529,77,ms,juga,,,,,,A
5530,77,jv,uga,,,,,,A
5531,77,kk,да,,,,da,A
5532,77,uz,ham,,,,,,A
5533,77,mn,бас/мөн,,,,bas/mön,A
5534,77,ga,ასევე/კიდევ,,,,aseve/k'idev,A
5535,77,hy,նաև,,,,naev,A
5536,77,eu,ere,,,,,,A
5537,77,ca,també,,,,,,A
5538,77,gl,tamén,,,,,,A
5539,77,ga,fosta,,,,,,A
5540,77,cy,hefyd,,,,,,A
5541,77,gd,cuideachd,,,,,,A
5542,77,lb,och,,,,,,A
5543,77,eo,ankaŭ,,,,,,A
5544,77,la,etiam,,,,,,A
5545,78,en,new,,,,,,A
5546,78,es,nuevo/nueva,,,,,,A
5547,78,fr,nouveau/nouvelle,,,,,,A
5548,78,pt,novo/nova,,,,,,A
5549,78,de,neu,,,,,,A
5550,78,it,nuovo/nuova,,,,,,A
5551,78,ru,новый/новая,,,,novyy/novaya,A
5552,78,ar,جديد,,,,jadīd,A
5553,78,hi,नया,,,,nayā,A
5554,78,bn,নতুন,,,,nôtun,A
5555,78,ur,نیا,,,,nayā,A
5556,78,fa,جدید,,,,jadīd,A
5557,78,tr,yeni,,,,,,A
5558,78,ja,新しい,,,,atarashii,A
5559,78,ko,새로운/신규,,,,saeroun/sin-gyu,A
5560,78,zh-cn,新,,,,xīn,A
5561,78,zh-tw,新,,,,xīn,A
5562,78,vi,mới,,,,,,A
5563,78,th,ใหม่/ใหม่ๆ,,,,h̄ım̀/h̄ım̀ h̄ım̀,A
5564,78,id,baru,,,,,,A
5565,78,sw,mpya,,,,,,A
5566,78,nl,nieuw,,,,,,A
5567,78,pl,nowy/nowa,,,,,,A
5568,78,uk,новий/нова,,,,novyy/nova,A
5569,78,el,νέος/νέα,,,,néos/néa,A
5570,78,sv,ny,,,,,,A
5571,78,no,ny,,,,,,A
5572,78,da,ny,,,,,,A
5573,78,fi,uusi,,,,,,A
5574,78,cs,nový/nová,,,,,,A
5575,78,hu,új,,,,,,A
5576,78,ro,nou/nouă,,,,,,A
5577,78,bg,нов/нова,,,,nov/nova,A
5578,78,sr,нов/нова,,,,nov/nova,A
5579,78,sk,nový/nová,,,,,,A
5580,78,sl,nov/novo,,,,,,A
5581,78,lt,naujas/nauja,,,,,,A
5582,78,lv,jauns/jauna,,,,,,A
5583,78,et,uus,,,,,,A
5584,78,he,חדש/חדשה,,,,chadash/chadasha,A
5585,78,ha,sabo,,,,,,A
5586,78,yo,tuntun,,,,,,A
5587,78,ig,ọhụrụ,,,,,,A
5588,78,am,አዲስ,,,,'adis,A
5589,78,ti,ሓድሽ,,,,ḥadəsh,A
5590,78,ne,नयाँ,,,,nayā̃,A
5591,78,ta,புதிய,,,,putiya,A
5592,78,te,కొత్త,,,,kotta,A
5593,78,ml,പുതിയ/പുതുമയുള്ള,,,,putiya/putumayuḷḷa,A
5594,78,mr,नवीन/नवा,,,,navīn/navā,A
5595,78,pa,ਨਵਾਂ,,,,navā̃,A
5596,78,gu,નવું,,,,navũ,A
5597,78,si,නව/අලුත්,,,,nava/alut,A
5598,78,km,ថ្មី,,,,thməy,A
5599,78,is,nyr,,,,,,A
5600,78,tl,bago,,,,,,A
5601,78,ms,baru,,,,,,A
5602,78,jv,anyar,,,,,,A
5603,78,kk,жаңа,,,,jaña,A
5604,78,uz,yangi,,,,,,A
5605,78,mn,шинэ,,,,shine,A
5606,78,ga,ახალი,,,,akhali,A
5607,78,hy,նոր,,,,nor,A
5608,78,eu,berri,,,,,,A
5609,78,ca,nou/nova,,,,,,A
5610,78,gl,novo/nova,,,,,,A
5611,78,ga,nua,,,,,,A
5612,78,cy,newydd,,,,,,A
5613,78,gd,ùr,,,,,,A
5614,78,lb,nei,,,,,,A
5615,78,eo,nova,,,,,,A
5616,78,la,novus/nova,,,,,,A
5617,79,en,because,,,,,,A
5618,79,es,porque,,,,,,A
5619,79,fr,parce que/ car,,,,,,A
5620,79,pt,porque,,,,,,A
5621,79,de,weil/da,,,,,,A
5622,79,it,perché,,,,,,A
5623,79,ru,потому что/так как,,,,potomu chto/tak kak,A
5624,79,ar,لأن,,,,li'anna,A
5625,79,hi,क्योंकि,,,,kyoṅki,A
5626,79,bn,কারণ,,,,kāraṇ,A
5627,79,ur,کیونکہ,,,,kyoṅki,A
5628,79,fa,زیرا/چون,,,,zirā/chūn,A
5629,79,tr,çünkü,,,,,,A
5630,79,ja,なぜなら/から,,,,nazenara/kara,A
5631,79,ko,왜냐하면/때문에,,,,waenyahamyeon/ttaemune,A
5632,79,zh-cn,因为,,,,yīnwèi,A
5633,79,zh-tw,因為,,,,yīnwèi,A
5634,79,vi,vì/bởi vì,,,,,,A
5635,79,th,เพราะ/เพราะว่า,,,,pherphrwā/pherphrwā ẁā,A
5636,79,id,karena,,,,,,A
5637,79,sw,kwa sababu,,,,,,A
5638,79,nl,omdat,,,,,,A
5639,79,pl,ponieważ/bo,,,,,,A
5640,79,uk,тому що/бо,,,,tomu shcho/bo,A
5641,79,el,επειδή/γιατί,,,,epeidí/giatí,A
5642,79,sv,eftersom/för att,,,,,,A
5643,79,no,fordi/ettersom,,,,,,A
5644,79,da,fordi/da,,,,,,A
5645,79,fi,koska/siksi,,,,,,A
5646,79,cs,protože/neboť,,,,,,A
5647,79,hu,mert,,,,,,A
5648,79,ro,pentru că/ fiindcă,,,,,,A
5649,79,bg,защото/понеже,,,,zashtoto/ponezhe,A
5650,79,sr,јер/зато што,,,,jer/zato što,A
5651,79,sk,pretože/lebo,,,,,,A
5652,79,sl,ker/zato,,,,,,A
5653,79,lt,nes/ kadangi,,,,,,A
5654,79,lv,tāpēc/ jo,,,,,,A
5655,79,et,sest/kuna,,,,,,A
5656,79,he,כי/מפני ש,,,,ki/mipnei she-,A
5657,79,ha,saboda,,,,,,A
5658,79,yo,nitori,,,,,,A
5659,79,ig,maka na,,,,,,A
5660,79,am,ምክንያቱም/የተነሳ,,,məkənəyatum/yätänäsa,A
5661,79,ti,ምኽንያቱ/ካብቲ ዝበለ,,,məxənəyatu/kabti zəbälä,A
5662,79,ne,किनभने,,,,kinabhane,A
5663,79,ta,ஏனெனில்/காரணம்,,,,ēṉeṉil/kāraṇam,A
5664,79,te,ఎందుకంటే/ఎందుకనగా,,,,eṇḍukaṇṭē/eṇḍukanagā,A
5665,79,ml,കാരണം/കൊണ്ട്,,,,kāraṇaṁ/koṇṭ,A
5666,79,mr,कारण,,,,kāraṇ,A
5667,79,pa,ਕਿਉਂਕਿ/ਕਾਰਨ,,,,kiũki/kāran,A
5668,79,gu,કારણ કે,,,,kāraṇ ke,A
5669,79,si,මක්නිසාද/හේතුව නම්,,,,maknisāda/hētuva nam,A
5670,79,km,ព្រោះ/ដោយសារ,,,,proh/daoy saar,A
5671,79,is,því að/vegna þess að,,,,,,A
5672,79,tl,dahil sa/ sapagkat,,,,,,A
5673,79,ms,kerana,,,,,,A
5674,79,jv,amarga/ merga,,,,,,A
5675,79,kk,себебі/өйткені,,,,sebebi/öytkeni,A
5676,79,uz,chunki/ sabab,,,,,,A
5677,79,mn,учир нь/яагаад гэвэл,,,,uchir ni/yaagaad gevel,A
5678,79,ga,რადგან/იმიტომ რომ,,,,radgan/imit'om rom,A
5679,79,hy,քանի որ/որովհետև,,,,k'ani vor/vorovhetev,A
5680,79,eu,zeren/ baita ere,,,,,,A
5681,79,ca,perquè,,,,,,A
5682,79,gl,porque/ xa que,,,,,,A
5683,79,ga,mar,,,,,,A
5684,79,cy,oherwydd/ am,,,,,,A
5685,79,gd,oir/ air sgàth,,,,,,A
5686,79,lb,well,,,,,,A
5687,79,eo,ĉar,,,,,,A
5688,79,la,quia/quod,,,,,,A
5689,80,en,day,,,,,,A
5690,80,es,día,el,m,,,,A
5691,80,fr,jour,le,m,,,,A
5692,80,pt,dia,o,m,,,,A
5693,80,de,Tag,der,m,,,,A
5694,80,it,giorno,il,m,,,,A
5695,80,ru,день,,,,den',A
5696,80,ar,يوم,,,,yawm,A
5697,80,hi,दिन,,,,din,A
5698,80,bn,দিন,,,,din,A
5699,80,ur,دن,,,,din,A
5700,80,fa,روز,,,,ruz,A
5701,80,tr,gün,,,,,,A
5702,80,ja,日/昼,,,,hi/hiru,A
5703,80,ko,날/일,,,,nal/il,A
5704,80,zh-cn,天/日,,,,tiān/rì,A
5705,80,zh-tw,天/日,,,,tiān/rì,A
5706,80,vi,ngày,,,,,,A
5707,80,th,วัน/กลางวัน,,,,wan/klāngwan,A
5708,80,id,hari,,,,,,A
5709,80,sw,siku,,,,,,A
5710,80,nl,dag,de,m,,,,A
5711,80,pl,dzień,,,,,,A
5712,80,uk,день,,,,den',A
5713,80,el,ημέρα,η,f,,,,A
5714,80,sv,dag,en,c,,,,A
5715,80,no,dag,,,,,,A
5716,80,da,dag,,,,,,A
5717,80,fi,päivä,,,,,,A
5718,80,cs,den,,,,,,A
5719,80,hu,nap,,,,,,A
5720,80,ro,zi,f,,,,,,A
5721,80,bg,ден,,,,den,A
5722,80,sr,дан,,,,dan,A
5723,80,sk,deň,,,,,,A
5724,80,sl,dan,,,,,,A
5725,80,lt,diena,,,,,,A
5726,80,lv,diena,,,,,,A
5727,80,et,päev,,,,,,A
5728,80,he,יום,,,,yom,A
5729,80,ha,rana,,,,,,A
5730,80,yo,ọjọ́,,,,,,A
5731,80,ig,ụbọchị,,,,,,A
5732,80,am,ቀን,,,,k'än,A
5733,80,ti,ዎሮ/ኣየር,,,,woro/'ayär,A
5734,80,ne,दिन,,,,dina,A
5735,80,ta,நாள்,,,,nāḷ,A
5736,80,te,రోజు/దినము,,,,rōju/dinamu,A
5737,80,ml,ദിവസം/ദിനം,,,,divasaṁ/dinaṁ,A
5738,80,mr,दिवस,,,,divas,A
5739,80,pa,ਦਿਨ,,,,din,A
5740,80,gu,દિવસ,,,,divas,A
5741,80,si,දවස/දිනය,,,,davasa/dinaya,A
5742,80,km,ថ្ងៃ,,,,thngay,A
5743,80,is,dagur,,,,,,A
5744,80,tl,araw,,,,,,A
5745,80,ms,hari,,,,,,A
5746,80,jv,dina,,,,,,A
5747,80,kk,күн,,,,kün,A
5748,80,uz,kun,,,,,,A
5749,80,mn,өдөр,,,,ödör,A
5750,80,ga,დღე,,,,dghe,A
5751,80,hy,օր,,,,or,A
5752,80,eu,egun,,,,,,A
5753,80,ca,dia,el,m,,,,A
5754,80,gl,día,o,m,,,,A
5755,80,ga,lá,,,,,,A
5756,80,cy,diwrnod,,,,,,A
5757,80,gd,latha,,,,,,A
5758,80,lb,Dag,de,m,,,,A
5759,80,eo,tago,,,,,,A
5760,80,la,dies,,,,,,A
5761,81,en,to use,,,,,,A
5762,81,es,usar,,,,,,A
5763,81,fr,utiliser,,,,,,A
5764,81,pt,usar,,,,,,A
5765,81,de,benutzen/verwenden,,,,,,A
5766,81,it,usare,,,,,,A
5767,81,ru,использовать/пользоваться,,,,ispol'zovat'/pol'zovat'sya,A
5768,81,ar,يستخدم,,,,yastakhdim,A
5769,81,hi,उपयोग करना,,,,upyog karnā,A
5770,81,bn,ব্যবহার করা,,,,byabôhār kôrā,A
5771,81,ur,استعمال کرنا,,,,iste'māl karnā,A
5772,81,fa,استفاده کردن,,,,estefāde kardan,A
5773,81,tr,kullanmak,,,,,,A
5774,81,ja,使う/使用する,,,,tsukau/shiyō suru,A
5775,81,ko,사용하다/쓰다,,,,sayonghada/sseuda,A
5776,81,zh-cn,使用/用,,,,shǐyòng/yòng,A
5777,81,zh-tw,使用/用,,,,shǐyòng/yòng,A
5778,81,vi,sử dụng/dùng,,,,,,A
5779,81,th,ใช้,,,,chı̂,A
5780,81,id,menggunakan,,,,,,A
5781,81,sw,kutumia,,,,,,A
5782,81,nl,gebruiken,,,,,,A
5783,81,pl,używać,,,,,,A
5784,81,uk,використовувати,,,,vykorystovuvaty,A
5785,81,el,χρησιμοποιώ,,,,chrisimopoió,A
5786,81,sv,använda,,,,,,A
5787,81,no,bruke,,,,,,A
5788,81,da,bruge,,,,,,A
5789,81,fi,käyttää,,,,,,A
5790,81,cs,používat,,,,,,A
5791,81,hu,használni,,,,,,A
5792,81,ro,a folosi,,,,,,A
5793,81,bg,използвам,,,,izpolzvam,A
5794,81,sr,користити/употребити,,,,koristiti/upotrebiti,A
5795,81,sk,používať,,,,,,A
5796,81,sl,uporabljati,,,,,,A
5797,81,lt,naudoti,,,,,,A
5798,81,lv,lietot,,,,,,A
5799,81,et,kasutama,,,,,,A
5800,81,he,להשתמש,,,,lehishtamesh,A
5801,81,ha,amfani,,,,,,A
5802,81,yo,lò,,,,,,A
5803,81,ig,ji,,,,,,A
5804,81,am,መጠቀም,,,,mäṭäk'äm,A
5805,81,ti,ተጠቀም,,,,täṭäk'äm,A
5806,81,ne,प्रयोग गर्नु,,,,prayog garnu,A
5807,81,ta,பயன்படுத்து/உபயோகி,,,,payaṉpaṭuttu/upayōki,A
5808,81,te,ఉపయోగించు/వాడు,,,,upayōgiñcu/vāḍu,A
5809,81,ml,ഉപയോഗിക്കുക,,,,upayōgikkuka,A
5810,81,mr,वापर/उपयोग,,,,vāpar/upyog,A
5811,81,pa,ਵਰਤਣਾ/ਇਸਤੇਮਾਲ ਕਰਨਾ,,,,varataṇā/istemāl karnā,A
5812,81,gu,વાપરવું,,,,vāparvũ,A
5813,81,si,භාවිතා කරනවා,,,,bhāvitā karanavā,A
5814,81,km,ប្រើ/ប្រើប្រាស់,,,,praə/praə prah,A
5815,81,is,nota,,,,,,A
5816,81,tl,gumamit,,,,,,A
5817,81,ms,menggunakan,,,,,,A
5818,81,jv,nganggo,,,,,,A
5819,81,kk,қолдану,,,,qoldanu,A
5820,81,uz,foydalanmoq,,,,,,A
5821,81,mn,ашиглах/хэрэглэх,,,,ashiglakh/khereglekh,A
5822,81,ga,გამოყენება/მოხმარება,,,,gamoq'eneba/mokhmareba,A
5823,81,hy,օգտագործել,,,,ogtagortsel,A
5824,81,eu,erabili,,,,,,A
5825,81,ca,utilitzar,,,,,,A
5826,81,gl,usar,,,,,,A
5827,81,ga,úsáid,,,,,,A
5828,81,cy,defnyddio,,,,,,A
5829,81,gd,cleachd,,,,,,A
5830,81,lb,benotzen,,,,,,A
5831,81,eo,uzi,,,,,,A
5832,81,la,uti,,,,,,A
5833,82,en,man,,,,,,A
5834,82,es,hombre,el,m,,,,A
5835,82,fr,homme,l',m,,,,A
5836,82,pt,homem,o,m,,,,A
5837,82,de,Mann,der,m,,,,A
5838,82,it,uomo,l',m,,,,A
5839,82,ru,мужчина,,,,muzhchina,A
5840,82,ar,رجل,,,,rajul,A
5841,82,hi,आदमी,,,,ādmī,A
5842,82,bn,মানুষ/পুরুষ,,,,mānuṣ/puruṣ,A
5843,82,ur,آدمی,,,,ādmī,A
5844,82,fa,مرد,,,,mard,A
5845,82,tr,adam/erkek,,,,,,A
5846,82,ja,男/男性,,,,otoko/dansei,A
5847,82,ko,남자/남성,,,,namja/namseong,A
5848,82,zh-cn,男人/男子,,,,nánrén/nánzǐ,A
5849,82,zh-tw,男人/男子,,,,nánrén/nánzǐ,A
5850,82,vi,đàn ông/nam giới,,,,,,A
5851,82,th,ผู้ชาย/ชาย,,,,phūchāy/chāy,A
5852,82,id,pria/laki-laki,,,,,,A
5853,82,sw,mwanaume,,,,,,A
5854,82,nl,man,de,m,,,,A
5855,82,pl,mężczyzna,,,,,,A
5856,82,uk,чоловік,,,,cholovik,A
5857,82,el,άντρας,ο,m,,,,A
5858,82,sv,man,en,c,,,,A
5859,82,no,mann,,,,,,A
5860,82,da,mand,,,,,,A
5861,82,fi,mies,,,,,,A
5862,82,cs,muž,,,,,,A
5863,82,hu,férfi,,,,,,A
5864,82,ro,bărbat,un,m,,,,A
5865,82,bg,мъж,,,,mǎzh,A
5866,82,sr,човек/ мушкарац,,,,čovek/ muškarac,A
5867,82,sk,muž,,,,,,A
5868,82,sl,moški,,,,,,A
5869,82,lt,vyras,,,,,,A
5870,82,lv,vīrietis,,,,,,A
5871,82,et,mees,,,,,,A
5872,82,he,איש,,,,ish,A
5873,82,ha,mutum,,,,,,A
5874,82,yo,ọkùnrin,,,,,,A
5875,82,ig,nwoke,,,,,,A
5876,82,am,ሰው/ወንድ,,,,säw/wänd,A
5877,82,ti,ሰብኣይ/ሰብ,,,,säb'ay/säb,A
5878,82,ne,मानिस/पुरुष,,,,mānis/puruṣa,A
5879,82,ta,ஆண்/மனிதன்,,,,āṇ/maṉitaṉ,A
5880,82,te,మనిషి/పురుషుడు,,,,maniṣi/puruṣuḍu,A
5881,82,ml,പുരുഷൻ/മനുഷ്യൻ,,,,puruṣaṉ/manuṣyaṉ,A
5882,82,mr,माणूस/पुरुष,,,,māṇūs/puruṣa,A
5883,82,pa,ਮਨੁੱਖ/ਆਦਮੀ,,,,manukkh/ādmī,A
5884,82,gu,માણસ/પુરુષ,,,,māṇas/puruṣ,A
5885,82,si,මිනිහා/පිරිමියා,,,,minihā/pirimiyā,A
5886,82,km,បុរស/មនុស្ស,,,,borɑh/mɔnuh,A
5887,82,is,maður,,,,,,A
5888,82,tl,lalaki,,,,,,A
5889,82,ms,lelaki,,,,,,A
5890,82,jv,wong lanang,,,,,,A
5891,82,kk,ер адам,,,,er adam,A
5892,82,uz,erkak/odam,,,,,,A
5893,82,mn,эрэгтэй хүн,,,,eregtei khün,A
5894,82,ga,კაცი/მამაკაცი,,,,k'atsi/mamak'atsi,A
5895,82,hy,տղամարդ/մարդ,,,,tghamard/mard,A
5896,82,eu,gizon,,,,,,A
5897,82,ca,home,l',m,,,,A
5898,82,gl,home,o,m,,,,A
5899,82,ga,fear,,,,,,A
5900,82,cy,dyn,,,,,,A
5901,82,gd,duine,,,,,,A
5902,82,lb,Mann,de,m,,,,A
5903,82,eo,viro,,,,,,A
5904,82,la,vir,,,,,,A
5905,83,en,to find,,,,,,A
5906,83,es,encontrar,,,,,,A
5907,83,fr,trouver,,,,,,A
5908,83,pt,encontrar,,,,,,A
5909,83,de,finden,,,,,,A
5910,83,it,trovare,,,,,,A
5911,83,ru,находить/найти,,,,nakhodit'/nayti,A
5912,83,ar,يجد,,,,yajid,A
5913,83,hi,पाना/खोजना,,,,pānā/khojnā,A
5914,83,bn,খোঁজা/পাওয়া,,,,khom̐jā/pāẏā,A
5915,83,ur,پانا/تلاش کرنا,,,,pānā/talāsh karnā,A
5916,83,fa,پیدا کردن/یافتن,,,,peidā kardan/yāftan,A
5917,83,tr,bulmak,,,,,,A
5918,83,ja,見つける/発見する,,,,mitsukeru/hakken suru,A
5919,83,ko,찾다/발견하다,,,,chatda/balgyeonhada,A
5920,83,zh-cn,找到/发现,,,,zhǎodào/fāxiàn,A
5921,83,zh-tw,找到/發現,,,,zhǎodào/fāxiàn,A
5922,83,vi,tìm thấy,,,,,,A
5923,83,th,หา/พบ,,,,h̄ā/phb,A
5924,83,id,menemukan,,,,,,A
5925,83,sw,kupata,,,,,,A
5926,83,nl,vinden,,,,,,A
5927,83,pl,znaleźć,,,,,,A
5928,83,uk,знаходити,,,,znakhodyty,A
5929,83,el,βρίσκω,,,,vrísko,A
5930,83,sv,hitta,,,,,,A
5931,83,no,finne,,,,,,A
5932,83,da,finde,,,,,,A
5933,83,fi,löytää,,,,,,A
5934,83,cs,najít,,,,,,A
5935,83,hu,találni,,,,,,A
5936,83,ro,a găsi,,,,,,A
5937,83,bg,намирам,,,,namiram,A
5938,83,sr,наћи,,,,naći,A
5939,83,sk,nájsť,,,,,,A
5940,83,sl,naiti,,,,,,A
5941,83,lt,rasti,,,,,,A
5942,83,lv,atrast,,,,,,A
5943,83,et,leidma,,,,,,A
5944,83,he,למצוא,,,,limtso,A
5945,83,ha,samu,,,,,,A
5946,83,yo,rí,,,,,,A
5947,83,ig,chọta,,,,,,A
5948,83,am,ማግኘት/መፈለግ,,,,magənət'/mäfäläg,A
5949,83,ti,ረኸብ/ምዕራፍ,,,,räxäb/mə'raf,A
5950,83,ne,भेट्टाउनु,,,,bheṭṭāunu,A
5951,83,ta,கண்டுபிடி/தேடு,,,,kaṇṭupiṭi/tēṭu,A
5952,83,te,కనుగొను/అన్వేషించు,,,,kanugonu/anvēṣiñcu,A
5953,83,ml,കണ്ടെത്തുക/തിരയുക,,,,kaṇṭettuka/tira yuka,A
5954,83,mr,शोधणे/सापडणे,,,,śodhaṇe/sāpaḍaṇe,A
5955,83,pa,ਲੱਭਣਾ/ਖੋਜਣਾ,,,,labhṇā/khojaṇā,A
5956,83,gu,શોધવું/જોવું,,,,śodhvũ/jovũ,A
5957,83,si,හොයාගන්නවා/සොයාගන්නවා,,,,hoyāgannavā/soyāgannavā,A
5958,83,km,រក/ឃើញ,,,,rɔk/kheuñ,A
5959,83,is,finna,,,,,,A
5960,83,tl,mahanap,,,,,,A
5961,83,ms,menemui,,,,,,A
5962,83,jv,nemokaké,,,,,,A
5963,83,kk,табу,,,,tabu,A
5964,83,uz,topmoq,,,,,,A
5965,83,mn,олох/хайх,,,,olokh/khaikh,A
5966,83,ga,პოვნა/აღმოჩენა,,,,p'ovna/aghmochena,A
5967,83,hy,գտնել,,,,gtnel,A
5968,83,eu,aurkitu,,,,,,A
5969,83,ca,trobar,,,,,,A
5970,83,gl,atopar,,,,,,A
5971,83,ga,aimsigh,,,,,,A
5972,83,cy,dod o hyd,,,,,,A
5973,83,gd,lorg,,,,,,A
5974,83,lb,fannen,,,,,,A
5975,83,eo,trovi,,,,,,A
5976,83,la,invenire,,,,,,A
5977,84,en,here,,,,,,A
5978,84,es,aquí/acá,,,,,,A
5979,84,fr,ici,,,,,,A
5980,84,pt,aqui,,,,,,A
5981,84,de,hier,,,,,,A
5982,84,it,qui,,,,,,A
5983,84,ru,здесь/тут,,,,zdes'/tut,A
5984,84,ar,هنا,,,,hunā,A
5985,84,hi,यहाँ,,,,yahā̃,A
5986,84,bn,এখানে,,,,ekhāne,A
5987,84,ur,یہاں,,,,yahā̃,A
5988,84,fa,اینجا/اینجا,,,,injā/īn jā,A
5989,84,tr,burada/buraya,,,,,,A
5990,84,ja,ここ,,,,koko,A
5991,84,ko,여기/이쪽,,,,yeogi/ijjok,A
5992,84,zh-cn,这里,,,,zhèlǐ,A
5993,84,zh-tw,這裡,,,,zhèlǐ,A
5994,84,vi,đây,,,,,,A
5995,84,th,ที่นี่/ตรงนี้,,,,thī̀ nī̂/trng nī̂,A
5996,84,id,di sini,,,,,,A
5997,84,sw,hapa,,,,,,A
5998,84,nl,hier,,,,,,A
5999,84,pl,tutaj,,,,,,A
6000,84,uk,тут/десь,,,,tut/des',A
6001,84,el,εδώ,,,,edó,A
6002,84,sv,här,,,,,,A
6003,84,no,her,,,,,,A
6004,84,da,her,,,,,,A
6005,84,fi,tässä/täällä,,,,,,A
6006,84,cs,zde/tady,,,,,,A
6007,84,hu,itt,,,,,,A
6008,84,ro,aici,,,,,,A
6009,84,bg,тук,,,,tuk,A
6010,84,sr,овде/туда,,,,ovde/tuda,A
6011,84,sk,tu,,,,,,A
6012,84,sl,tukaj,,,,,,A
6013,84,lt,čia,,,,,,A
6014,84,lv,šeit,,,,,,A
6015,84,siin,,,,,,A
6016,84,he,כאן/פה,,,,kan/po,A
6017,84,ha,nan,,,,,,A
6018,84,yo,níbi,,,,,,A
6019,84,ig,ebe a,,,,,,A
6020,84,am,እዚህ/እዚህ አለ,,,,'əzih/'əzih 'älä,A
6021,84,ti,ኣብዚ/ኣብዚኣት,,,,'abzi/'abzi'at,A
6022,84,ne,यहाँ,,,,yahā̃,A
6023,84,ta,இங்கே,,,,iṅkē,A
6024,84,te,ఇక్కడ,,,,ikkaḍa,A
6025,84,ml,ഇവിടെ/ഇവിടെയായി,,,,iviṭe/iviṭeyāyi,A
6026,84,mr,इथे/येथे,,,,ithe/yethe,A
6027,84,pa,ਇੱਥੇ,,,,itthe,A
6028,84,gu,અહીં,,,,ahī̃,A
6029,84,si,මෙහි/මෙතන,,,,mehi/metana,A
6030,84,km,នៅទីនេះ,,,,now ti neh,A
6031,84,is,hér,,,,,,A
6032,84,tl,dito,,,,,,A
6033,84,ms,di sini,,,,,,A
6034,84,jv,ing kene,,,,,,A
6035,84,kk,мында,,,,mında,A
6036,84,uz,bu yerda,,,,,,A
6037,84,mn,энд,,,,end,A
6038,84,ga,აქ/ამ ადგილას,,,,ak/am adgilas,A
6039,84,hy,այստեղ,,,,aystekh,A
6040,84,eu,hemen,,,,,,A
6041,84,ca,aquí,,,,,,A
6042,84,gl,aquí,,,,,,A
6043,84,ga,anseo,,,,,,A
6044,84,cy,yma,,,,,,A
6045,84,gd,an seo,,,,,,A
6046,84,lb,hei,,,,,,A
6047,84,eo,ĉi tie,,,,,,A
6048,84,la,huc/hic,,,,,,A
6049,85,en,thing,,,,,,A
6050,85,es,cosa,la,f,,,,A
6051,85,fr,chose,la,f,,,,A
6052,85,pt,coisa,a,f,,,,A
6053,85,de,Ding,das,n,,,,A
6054,85,it,cosa,la,f,,,,A
6055,85,ru,вещь,,,,veshch',A
6056,85,ar,شيء,,,,shay',A
6057,85,hi,चीज़,,,,chīz,A
6058,85,bn,জিনিস,,,,jinis,A
6059,85,ur,چیز,,,,chīz,A
6060,85,fa,چیز/شیء,,,,chiz/shay',A
6061,85,tr,şey,,,,,,A
6062,85,ja,物/こと,,,,mono/koto,A
6063,85,ko,물건/것,,,,mulgeon/geot,A
6064,85,zh-cn,东西/事物,,,,dōngxi/shìwù,A
6065,85,zh-tw,東西/事物,,,,dōngxi/shìwù,A
6066,85,vi,thứ/đồ vật,,,,,,A
6067,85,th,สิ่ง/ของ,,,,s̄ìng/k̄hxng,A
6068,85,id,benda/barang,,,,,,A
6069,85,sw,kitu,,,,,,A
6070,85,nl,ding,het,n,,,,A
6071,85,pl,rzecz,,,,,,A
6072,85,uk,річ,,,,rich,A
6073,85,el,πράγμα,το,n,,,,A
6074,85,sv,sak,en,c,,,,A
6075,85,no,ting,,,,,,A
6076,85,da,ting,,,,,,A
6077,85,fi,asia,,,,,,A
6078,85,cs,věc,,,,,,A
6079,85,hu,dolog,,,,,,A
6080,85,ro,lucru,un,n,,,,A
6081,85,bg,нещо,,,,neshto,A
6082,85,sr,ствар/предмет,,,,stvar/predmet,A
6083,85,sk,vec,,,,,,A
6084,85,sl,stvar,,,,,,A
6085,85,lt,dalykas,,,,,,A
6086,85,lv,lieta,,,,,,A
6087,85,et,asi,,,,,,A
6088,85,he,דבר,,,,davar,A
6089,85,ha,abu,,,,,,A
6090,85,yo,n̄kan,,,,,,A
6091,85,ig,ihe,,,,,,A
6092,85,am,ነገር,,,,nägär,A
6093,85,ti,ነገር,,,,nägär,A
6094,85,ne,चीज/वस्तु,,,,chīj/vastu,A
6095,85,ta,விஷயம்/பொருள்,,,,viṣayam/poruḷ,A
6096,85,te,విషయం/వస్తువు,,,,viṣayaṁ/vastuvu,A
6097,85,ml,കാര്യം/വസ്തു,,,,kāryaṁ/vastu,A
6098,85,mr,गोष्ट/वस्तू,,,,goṣṭ/vastū,A
6099,85,pa,ਚੀਜ਼/ਵਸਤੂ,,,,chīz/vasatū,A
6100,85,gu,વસ્તુ,,,,vastu,A
6101,85,si,වස්තුව/දෙයක්,,,,vastuva/deyak,A
6102,85,km,វត្ថុ/របស់,,,,vottʰo/rɔbɑh,A
6103,85,is,hlutur,,,,,,A
6104,85,tl,bagay,,,,,,A
6105,85,ms,barang,,,,,,A
6106,85,jv,barang,,,,,,A
6107,85,kk,зат/нәрсе,,,,zat/närse,A
6108,85,uz,narsa,,,,,,A
6109,85,mn,зүйл/юм,,,,züil/yum,A
6110,85,ga,რამ/ნივთი,,,,ram/nivti,A
6111,85,hy,բան,,,,ban,A
6112,85,eu,gauza,,,,,,A
6113,85,ca,cosa,la,f,,,,A
6114,85,gl,cousa,a,f,,,,A
6115,85,ga,rud,,,,,,A
6116,85,cy,peth,,,,,,A
6117,85,gd,rud,,,,,,A
6118,85,lb,Saach,d',f,,,,A
6119,85,eo,afero,,,,,,A
6120,85,la,res,,,,,,A
6121,86,en,give,,,,,,A
6122,86,es,dar,,,,,,A
6123,86,fr,donner,,,,,,A
6124,86,pt, dar,,,,,,A
6125,86,de,geben,,,,,,A
6126,86,it,dare,,,,,,A
6127,86,ru,давать/дать,,,,davat'/dat',A
6128,86,ar,يعطي,,,,yu'ṭī,A
6129,86,hi,देना,,,,denā,A
6130,86,bn,দেওয়া,,,,deoyā,A
6131,86,ur,دینا,,,,denā,A
6132,86,fa,دادن/بخشیدن,,,,dādan/bakhshīdan,A
6133,86,tr,vermek,,,,,,A
6134,86,ja,与える/あげる,,,,ataeru/ageru,A
6135,86,ko,주다,,,,juda,A
6136,86,zh-cn,给,,,,gěi,A
6137,86,zh-tw,給,,,,gěi,A
6138,86,vi,cho/tặng,,,,,,A
6139,86,th,ให้,,,,h̄ị̂,A
6140,86,id,memberi/berikan,,,,,,A
6141,86,sw,kupa,,,,,,A
6142,86,nl,geven,,,,,,A
6143,86,pl,dawać,,,,,,A
6144,86,uk,давати,,,,davaty,A
6145,86,el,δίνω,,,,díno,A
6146,86,sv,ge,,,,,,A
6147,86,no,gi,,,,,,A
6148,86,da, give,,,,,,A
6149,86,fi,antaa,,,,,,A
6150,86,cs,dát,,,,,,A
6151,86,hu,ad,,,,,,A
6152,86,ro,a da,,,,,,A
6153,86,bg,давам,,,,davam,A
6154,86,sr,дати,,,,dati,A
6155,86,sk,dať,,,,,,A
6156,86,sl,dati,,,,,,A
6157,86,lt,duoti,,,,,,A
6158,86,lv,dot,,,,,,A
6159,86,et,andma,,,,,,A
6160,86,he,לתת,,,,latet,A
6161,86,ha,bãyarwa,,,,,,A
6162,86,yo,fún,,,,,,A
6163,86,ig,nye,,,,,,A
6164,86,am,መስጠት,,,,mäsṭet,A
6165,86,ti,ምለስ/መስጠት,,,,məles/mäsṭet,A
6166,86,ne,दिनु,,,,dinu,A
6167,86,ta,கொடு,,,,koṭu,A
6168,86,te,ఇవ్వండి,,,,ivvaṇḍi,A
6169,86,ml,നൽകുക,,,,nalkuka,A
6170,86,mr,देणे,,,,deṇe,A
6171,86,pa,ਦੇਣਾ,,,,deṇā,A
6172,86,gu,આપવું,,,,āpavuṁ,A
6173,86,si,දෙනවා,,,,denavā,A
6174,86,km,ឱ្យ/ឲ្យ,,,,aoy/aoy,A
6175,86,is,gefa,,,,,,A
6176,86,tl,ibigay/magbigay,,,,,,A
6177,86,ms,memberi/beri,,,,,,A
6178,86,jv, mènèhi,,,,,,A
6179,86,kk,беру,,,,beru,A
6180,86,uz,bermoq,,,,,,A
6181,86,mn,өгөх,,,,ögökh,A
6182,86,ka,მიცემა,,,,mitsema,A
6183,86,hy,տալ,,,,tal,A
6184,86,eu,eman,,,,,,A
6185,86,ca,donar,,,,,,A
6186,86,gl, dar,,,,,,A
6187,86,ga,tabhair,,,,,,A
6188,86,cy,rhoi,,,,,,A
6189,86,gd,thoir,,,,,,A
6190,86,lb,ginn,,,,,,A
6191,86,eo,doni,,,,,,A
6192,86,la,dare,,,,,,A
6193,87,en,many,,,,,,A
6194,87,es,muchos,,,,,,A
6195,87,fr,beaucoup,,,,,,A
6196,87,pt,muitos,,,,,,A
6197,87,de,viele,,,,,,A
6198,87,it,molti,,,,,,A
6199,87,ru,многие/много,,,,mnogie/mnogo,A
6200,87,ar,كثير,,,,kathīr,A
6201,87,hi,कई/बहुत,,,,kaī/bahut,A
6202,87,bn,অনেক,,,,onek,A
6203,87,ur,بہت/کئی,,,,bahut/kaī,A
6204,87,fa,بسیار/زیاد,,,,bisiyār/ziyād,A
6205,87,tr,çok/birçok,,,,,,A
6206,87,ja,多い/多くの,,,,ōi/ōku no,A
6207,87,ko,많은/많이,,,,manh-eun/manh-i,A
6208,87,zh-cn,很多/许多,,,,hěnduō/xǔduō,A
6209,87,zh-tw,很多/許多,,,,hěnduō/xǔduō,A
6210,87,vi,nhiều,,,,,,A
6211,87,th,มาก/หลาย,,,,māk/h̄lāy,A
6212,87,id,banyak,,,,,,A
6213,87,sw,-ingi,,,,,,A
6214,87,nl,veel/vele,,,,,,A
6215,87,pl,wielu,,,,,,A
6216,87,uk,багато,,,,bahato,A
6217,87,el,πολλοί,,,,polloí,A
6218,87,sv,många,,,,,,A
6219,87,no,mange,,,,,,A
6220,87,da,mange,,,,,,A
6221,87,fi,monet/monta,,,,,,A
6222,87,cs,mnoho,,,,,,A
6223,87,hu,sok,,,,,,A
6224,87,ro,mulți,,,,,,A
6225,87,bg,много,,,,mnogo,A
6226,87,sr,многи,,,,mnogi,A
6227,87,sk,veľa,,,,,,A
6228,87,sl,veliko/mnogi,,,,,,A
6229,87,lt,daug,,,,,,A
6230,87,lv,daudz,,,,,,A
6231,87,et,palju,,,,,,A
6232,87,he,רבים,,,,rabim,A
6233,87,ha,da yawa,,,,,,A
6234,87,yo, ọpọ,,,,,,A
6235,87,ig,ọtụtụ,,,,,,A
6236,87,am,ብዙ,,,,bəzu,A
6237,87,ti,ብዙ,,,,bəzu,A
6238,87,ne,धेरै,,,,dherai,A
6239,87,ta,பல,,,,pala,A
6240,87,te,చాలా,,,,cālā,A
6241,87,ml,പല/ധാരാളം,,,,pala/dhārāḷaṁ,A
6242,87,mr,अनेक/खूप,,,,anek/khūp,A
6243,87,pa,ਬਹੁਤ ਸਾਰੇ,,,,bahut sāre,A
6244,87,gu,ઘણા,,,,ghaṇā,A
6245,87,si,බොහෝ,,,,bohō,A
6246,87,km,ច្រើន,,,,chraen,A
6247,87,is,margir,,,,,,A
6248,87,tl,marami,,,,,,A
6249,87,ms,banyak,,,,,,A
6250,87,jv,akeh,,,,,,A
6251,87,kk,көп,,,,köp,A
6252,87,uz,ko'p,,,,,,A
6253,87,mn,олон,,,,olon,A
6254,87,ka,ბევრი,,,,bevri,A
6255,87,hy,շատ,,,,šat,A
6256,87,eu,asko,,,,,,A
6257,87,ca,molts,,,,,,A
6258,87,gl,moitos,,,,,,A
6259,87,ga,a lán,,,,,,A
6260,87,cy,llawer,,,,,,A
6261,87,gd,mòran,,,,,,A
6262,87,lb,vill,,,,,,A
6263,87,eo,multe/multaj,,,,,,A
6264,87,la,multi,,,,,,A
6265,88,en,well,,,,,,A
6266,88,es,bien,,,,,,A
6267,88,fr,bien,,,,,,A
6268,88,pt,bem,,,,,,A
6269,88,de,gut,,,,,,A
6270,88,it,bene,,,,,,A
6271,88,ru,хорошо,,,,khorosho,A
6272,88,ar,جيد,,,,jayyid,A
6273,88,hi,अच्छा,,,,acchā,A
6274,88,bn,ভাল,,,,bhālo,A
6275,88,ur,اچھا,,,,achā,A
6276,88,fa,خوب,,,,khūb,A
6277,88,tr,iyi,,,,,,A
6278,88,ja,よく,,,,yoku,A
6279,88,ko,잘,,,,jal,A
6280,88,zh-cn,好,,,,hǎo,A
6281,88,zh-tw,好,,,,hǎo,A
6282,88,vi,tốt,,,,,,A
6283,88,th,ดี,,,,dī,A
6284,88,id,baik,,,,,,A
6285,88,sw,vizuri,,,,,,A
6286,88,nl,goed,,,,,,A
6287,88,pl,dobrze,,,,,,A
6288,88,uk,добре,,,,dobre,A
6289,88,el,καλά,,,,kalá,A
6290,88,sv,väl,,,,,,A
6291,88,no,bra,,,,,,A
6292,88,da,godt,,,,,,A
6293,88,fi,hyvin,,,,,,A
6294,88,cs,dobře,,,,,,A
6295,88,hu,jól,,,,,,A
6296,88,ro,bine,,,,,,A
6297,88,bg,добре,,,,dobre,A
6298,88,sr,добро/добро,,,,dobro,A
6299,88,sk,dobre,,,,,,A
6300,88,sl,dobro,,,,,,A
6301,88,lt,gerai,,,,,,A
6302,88,lv,labi,,,,,,A
6303,88,et,hästi,,,,,,A
6304,88,he,טוב,,,,tov,A
6305,88,ha,da kyau,,,,,,A
6306,88,yo,dára,,,,,,A
6307,88,ig,ọma,,,,,,A
6308,88,am,ጥሩ,,,,ṭəru,A
6309,88,ti,ጽቡቕ,,,,ṣəbuq,A
6310,88,ne,राम्रो,,,,rāmro,A
6311,88,ta,நன்றாக,,,,naṉṟāka,A
6312,88,te,బాగా,,,,bāgā,A
6313,88,ml,നന്നായി,,,,nannāyi,A
6314,88,mr,चांगले,,,,cāṅgale,A
6315,88,pa,ਚੰਗਾ,,,,caṅgā,A
6316,88,gu,સારું,,,,sāruṁ,A
6317,88,si,හොඳින්,,,,hoṇin,A
6318,88,km,ល្អ,,,,l’ɑɑ,A
6319,88,is,vel,,,,,,A
6320,88,tl,mabuti,,,,,,A
6321,88,ms,baik,,,,,,A
6322,88,jv,apik,,,,,,A
6323,88,kk,жақсы,,,,zhaqsy,A
6324,88,uz,yaxshi,,,,,,A
6325,88,mn,сайн,,,,sain,A
6326,88,ka,კარგად,,,,k’argad,A
6327,88,hy,լավ,,,,lav,A
6328,88,eu,ondo,,,,,,A
6329,88,ca,bé,,,,,,A
6330,88,gl,ben,,,,,,A
6331,88,ga,go maith,,,,,,A
6332,88,cy,yn dda,,,,,,A
6333,88,gd,gu math,,,,,,A
6334,88,lb,gutt,,,,,,A
6335,88,eo,bone,,,,,,A
6336,88,la,bene,,,,,,A
6337,89,en,only,,,,,,A
6338,89,es,sólo/solamente,,,,,,A
6339,89,fr,seulement,,,,,,A
6340,89,pt,somente,,,,,,A
6341,89,de,nur,,,,,,A
6342,89,it,solo,,,,,,A
6343,89,ru,только,,,,tol'ko,A
6344,89,ar,فقط,,,,faqaṭ,A
6345,89,hi,केवल,,,,keval,A
6346,89,bn,শুধুমাত্র,,,,śudhumātr,A
6347,89,ur,صرف,,,,sirf,A
6348,89,fa,فقط/تنها,,,,faqat/tanhā,A
6349,89,tr,sadece,,,,,,A
6350,89,ja,だけ/のみ,,,,dake/nomi,A
6351,89,ko,오직/만,,,,ojik/man,A
6352,89,zh-cn,只/仅仅,,,,zhǐ/jǐnjǐn,A
6353,89,zh-tw,只/僅僅,,,,zhǐ/jǐnjǐn,A
6354,89,vi,chỉ,,,,,,A
6355,89,th,เท่านั้น/เฉพาะ,,,,t̄hèānận/ch̄phèā,A
6356,89,id,hanya,,,,,,A
6357,89,sw,tu,,,,,,A
6358,89,nl,alleen,,,,,,A
6359,89,pl,tylko,,,,,,A
6360,89,uk,тільки,,,,til'ky,A
6361,89,el,μόνο,,,,móno,A
6362,89,sv,bara,,,,,,A
6363,89,no,bare,,,,,,A
6364,89,da,kun,,,,,,A
6365,89,fi,vain,,,,,,A
6366,89,cs,pouze,,,,,,A
6367,89,hu,csak,,,,,,A
6368,89,ro,numai,,,,,,A
6369,89,bg,само,,,,samo,A
6370,89,sr,само,,,,samo,A
6371,89,sk,len,,,,,,A
6372,89,sl,samo,,,,,,A
6373,89,lt,tik,,,,,,A
6374,89,lv,tikai,,,,,,A
6375,89,et,ainult,,,,,,A
6376,89,he,רק,,,,rak,A
6377,89,ha,kawai,,,,,,A
6378,89,yo,nikan,,,,,,A
6379,89,ig,nanị,,,,,,A
6380,89,am,ብቻ,,,,bəcha,A
6381,89,ti,ብቻ,,,,bəcha,A
6382,89,ne,मात्र,,,,mātra,A
6383,89,ta,மட்டும்,,,,maṭṭum,A
6384,89,te,మాత్రమే,,,,mātramē,A
6385,89,ml,മാത്രം,,,,mātraṁ,A
6386,89,mr,फक्त,,,,phakta,A
6387,89,pa,ਕੇਵਲ,,,,keval,A
6388,89,gu,ફક્ત,,,,phakta,A
6389,89,si,පමණක්,,,,pamaṇak,A
6390,89,km,តែប៉ុណ្ណោះ,,,,tae ponnoh,A
6391,89,is,bara,,,,,,A
6392,89,tl,lamang,,,,,,A
6393,89,ms,sahaja,,,,,,A
6394,89,jv,mung,,,,,,A
6395,89,kk,тек/ғана,,,,tek/ğana,A
6396,89,uz,faqat,,,,,,A
6397,89,mn,зөвхөн,,,,zövhön,A
6398,89,ka,მხოლოდ,,,,mkh'olod,A
6399,89,hy,միայն,,,,miayn,A
6400,89,eu,bakarrik,,,,,,A
6401,89,ca,només,,,,,,A
6402,89,gl,só,,,,,,A
6403,89,ga,amháin,,,,,,A
6404,89,cy,dim ond,,,,,,A
6405,89,gd,a-mhàin,,,,,,A
6406,89,lb,nëmmen,,,,,,A
6407,89,eo,nur,,,,,,A
6408,89,la,solum,,,,,,A
6409,90,en,those,,,,,,A
6410,90,es,esos/estos,,,,,,A
6411,90,fr,ces,,,,,,A
6412,90,pt,esses/aqueles,,,,,,A
6413,90,de,jene,,,,,,A
6414,90,it,quelli/quelle,,,,,,A
6415,90,ru,те,,,,te,A
6416,90,ar,هؤلاء/أولئك,,,,hā'ulā'i/ulā'ika,A
6417,90,hi,वे,,,,ve,A
6418,90,bn,সেগুলো,,,,segulō,A
6419,90,ur,وہ,,,,woh,A
6420,90,fa,آنها/آن,,,,ānhā/ān,A
6421,90,tr,şunlar/onlar,,,,,,A
6422,90,ja,それら,,,,sorera,A
6423,90,ko,그것들,,,,geugeotdeul,A
6424,90,zh-cn,那些,,,,nàxiē,A
6425,90,zh-tw,那些,,,,nàxiē,A
6426,90,vi,những cái đó,,,,,,A
6427,90,th,เหล่านั้น/พวกนั้น,,,,h̄el̀ā nận/phwk nận,A
6428,90,id,itu/tersebut,,,,,,A
6429,90,sw,hiyo/wale,,,,,,A
6430,90,nl,die,,,,,,A
6431,90,pl,te,,,,,,A
6432,90,uk,ті,,,,ti,A
6433,90,el,αυτά/εκείνα,,,,aftá/ekeína,A
6434,90,sv,de,,,,,,A
6435,90,no,de,,,,,,A
6436,90,da,de,,,,,,A
6437,90,fi,nuo,,,,,,A
6438,90,cs,ty,,,,,,A
6439,90,hu,azok,,,,,,A
6440,90,ro,acei/acele,,,,,,A
6441,90,bg,тези/онези,,,,tezi/onezi,A
6442,90,sr,они/они,,,,oni,A
6443,90,sk,ti/tie,,,,,,A
6444,90,sl,ti/te,,,,,,A
6445,90,lt,tie/jie,,,,,,A
6446,90,lv,ti/šie,,,,,,A
6447,90,et,need,,,,,,A
6448,90,he,אלה,,,,ele,A
6449,90,ha,waɗancan,,,,,,A
6450,90,yo,àwọn,,,,,,A
6451,90,ig,ndị ahụ,,,,,,A
6452,90,am,እነዚያ,,,,ənäziya,A
6453,90,ti,እነዚያ,,,,ənäziya,A
6454,90,ne,ती,,,,tī,A
6455,90,ta,அவை,,,,avai,A
6456,90,te,ఆ,,,,ā,A
6457,90,ml,അവ,,,,ava,A
6458,90,mr,ते,,,,te,A
6459,90,pa,ਉਹ,,,,uh,A
6460,90,gu,તે,,,,te,A
6461,90,si,ඒ,,,,ē,A
6462,90,km,ពួកនោះ/អ្នកទាំងនោះ,,,,puok nuh/neak tĕang nuh,A
6463,90,is,þeir/þær/þau,,,,,,A
6464,90,tl,iyon/ang mga iyon,,,,,,A
6465,90,ms,itu/tersebut,,,,,,A
6466,90,jv,iku,,,,,,A
6467,90,kk,солар/анаулар,,,,solar/anawlar,A
6468,90,uz,ular/ushalar,,,,,,A
6469,90,mn,тэд/тэр нар,,,,ted/ter nar,A
6470,90,ka,იმ,,,,im,A
6471,90,hy,այն,,,,ayn,A
6472,90,eu,horiek,,,,,,A
6473,90,ca,aquells/aquests,,,,,,A
6474,90,gl,eses/aqueles,,,,,,A
6475,90,ga,siúd/sin,,,,,,A
6476,90,cy,y rhai hynny,,,,,,A
6477,90,gd,an fheadhainn sin,,,,,,A
6478,90,lb,dees,,,,,,A
6479,90,eo,tiuj,,,,,,A
6480,90,la,illi/illa,,,,,,A
6481,91,en,tell,,,,,,A
6482,91,es,decir,,,,,,A
6483,91,fr,dire,,,,,,A
6484,91,pt,dizer,,,,,,A
6485,91,de,sagen/erzählen,,,,,,A
6486,91,it,dire/raccontare,,,,,,A
6487,91,ru,сказать/рассказать,,,,skazat'/rasskazat',A
6488,91,ar,قال/يخبر,,,,qāla/yukhbir,A
6489,91,hi,बताना/कहना,,,,batānā/kahanā,A
6490,91,bn,বলা/জানানো,,,,bolā/jānānō,A
6491,91,ur,بتانا/کہنا,,,,batānā/kahnā,A
6492,91,fa,گفتن/تعریف کردن,,,,goftan/ta'rif kardan,A
6493,91,tr,söylemek/anlatmak,,,,,,A
6494,91,ja,伝える/話す,,,,tsutaeru/hanasu,A
6495,91,ko,말하다/이야기하다,,,,malhada/iyagihada,A
6496,91,zh-cn,告诉/说,,,,gàosu/shuō,A
6497,91,zh-tw,告訴/說,,,,gàosu/shuō,A
6498,91,vi,kể/nói,,,,,,A
6499,91,th,บอก/เล่า,,,,b̀xk/lèā,A
6500,91,id,mengatakan/menceritakan,,,,,,A
6501,91,sw,sema/ambia,,,,,,A
6502,91,nl,vertellen/zeggen,,,,,,A
6503,91,pl,mówić/opowiadać,,,,,,A
6504,91,uk,розповісти/сказати,,,,rozpovisty/skazaty,A
6505,91,el,λέω/αναφέρω,,,,léo/anafero,A
6506,91,sv,berätta/säga,,,,,,A
6507,91,no,fortelle/si,,,,,,A
6508,91,da,fortælle,,,,,,A
6509,91,fi,kertoa/sanoa,,,,,,A
6510,91,cs,říct/vyprávět,,,,,,A
6511,91,hu,mond/elmond,,,,,,A
6512,91,ro,spune/povesti,,,,,,A
6513,91,bg,казвам/разказвам,,,,kazvam/razkazvam,A
6514,91,sr,рећи/испричати,,,,reći/ispričati,A
6515,91,sk,povedať/rozprávať,,,,,,A
6516,91,sl,povedati/pripovedovati,,,,,,A
6517,91,lt,pasakyti/pasakoti,,,,,,A
6518,91,lv,pateikt/stāstīt,,,,,,A
6519,91,et,rääkima/ütlema,,,,,,A
6520,91,he,לספר/להגיד,,,,lesaper/lehagid,A
6521,91,ha,fada,,,,,,A
6522,91,yo,sọ,,,,,,A
6523,91,ig,gwa,,,,,,A
6524,91,am,ንገር,,,,nəgär,A
6525,91,ti,ንገር,,,,nəgär,A
6526,91,ne,भन्नु/सुनाउनु,,,,bhannu/sunāunu,A
6527,91,ta,சொல்,,,,sol,A
6528,91,te,చెప్పండి,,,,ceppaṇḍi,A
6529,91,ml,പറയുക,,,,paṟayuka,A
6530,91,mr,सांगणे,,,,sāṅgaṇe,A
6531,91,pa,ਦੱਸੋ/ਕਹਿਣਾ,,,,dasso/kahiṇā,A
6532,91,gu,કહો,,,,kaho,A
6533,91,si,කියන්න/පවසන්න,,,,kiyanna/pavasanna,A
6534,91,km,ប្រាប់/និយាយ,,,,brap/niyāy,A
6535,91,is,segja,,,,,,A
6536,91,tl,sabihin/ikwento,,,,,,A
6537,91,ms,beritahu/cerita,,,,,,A
6538,91,jv,celathu/nyritakake,,,,,,A
6539,91,kk,айту/әңгімелеу,,,,aytu/äñgimeleu,A
6540,91,uz,aytmoq/gapirmoq,,,,,,A
6541,91,mn,хэлэх/ярих,,,,khelekh/yarikh,A
6542,91,ka,თქმა/ვერსია,,,,tk'ma/versia,A
6543,91,hy,ասել/պատմել,,,,asel/patmel,A
6544,91,eu,esan/ kontatu,,,,,,A
6545,91,ca,dir/explicar,,,,,,A
6546,91,gl,contar/dicir,,,,,,A
6547,91,ga,inis/abair,,,,,,A
6548,91,cy,dweud/adalw,,,,,,A
6549,91,gd,innis/abhair,,,,,,A
6550,91,lb,soen/erzielen,,,,,,A
6551,91,eo,diri/rakonti,,,,,,A
6552,91,la,dicere/narrare,,,,,,A
6553,92,en,very,,,,,,A
6554,92,es,muy,,,,,,A
6555,92,fr,très,,,,,,A
6556,92,pt,muito,,,,,,A
6557,92,de,sehr,,,,,,A
6558,92,it,molto,,,,,,A
6559,92,ru,очень,,,,ochen',A
6560,92,ar,جدا/كثيرا,,,,jiddan/kathīran,A
6561,92,hi,बहुत,,,,bahut,A
6562,92,bn,খুব,,,,khub,A
6563,92,ur,بہت,,,,bahut,A
6564,92,fa,خیلی,,,,kheili,A
6565,92,tr,çok,,,,,,A
6566,92,ja,とても/非常に,,,,totemo/hijō ni,A
6567,92,ko,매우/아주,,,,maeu/aju,A
6568,92,zh-cn,很/非常,,,,hěn/fēicháng,A
6569,92,zh-tw,很/非常,,,,hěn/fēicháng,A
6570,92,vi,rất,,,,,,A
6571,92,th,มาก/อย่างมาก,,,,māk/xỳāng māk,A
6572,92,id,sangat,,,,,,A
6573,92,sw,sana,,,,,,A
6574,92,nl,heel/erg,,,,,,A
6575,92,pl,bardzo,,,,,,A
6576,92,uk,дуже,,,,duzhe,A
6577,92,el,πολύ,,,,polý,A
6578,92,sv,mycket/väldigt,,,,,,A
6579,92,no,veldig,,,,,,A
6580,92,da,meget,,,,,,A
6581,92,fi,erittäin,,,,,,A
6582,92,cs,velmi,,,,,,A
6583,92,hu,nagyon,,,,,,A
6584,92,ro,foarte,,,,,,A
6585,92,bg,много,,,,mnogo,A
6586,92,sr,врло,,,,vrlo,A
6587,92,sk,veľmi,,,,,,A
6588,92,sl,zelo,,,,,,A
6589,92,lt,labai,,,,,,A
6590,92,lv,ļoti,,,,,,A
6591,92,et,väga,,,,,,A
6592,92,he,מאוד,,,,me'od,A
6593,92,ha,sosai,,,,,,A
6594,92,yo,gan,,,,,,A
6595,92,ig,nnukwu,,,,,,A
6596,92,am,በጣም,,,,bätam,A
6597,92,ti,የለውም,,,,yäläwäm,A
6598,92,ne,धेरै,,,,dherai,A
6599,92,ta,மிகவும்,,,,mikavum,A
6600,92,te,చాలా,,,,cālā,A
6601,92,ml,വളരെ,,,,vaḷare,A
6602,92,mr,खूप,,,,khūp,A
6603,92,pa,ਬਹੁਤ,,,,bahut,A
6604,92,gu,ખૂબ,,,,khūb,A
6605,92,si,ඉතා,,,,itā,A
6606,92,km,ណាស់/ខ្លាំងណាស់,,,,nah/khlang nah,A
6607,92,is,mjög,,,,,,A
6608,92,tl,sobra,,,,,,A
6609,92,ms,sangat,,,,,,A
6610,92,jv,sanget,,,,,,A
6611,92,kk,өте,,,,öte,A
6612,92,uz,juda,,,,,,A
6613,92,mn,маш,,,,mash,A
6614,92,ka,ძალიან,,,,dzalian,A
6615,92,hy,շատ,,,,šat,A
6616,92,eu,oso,,,,,,A
6617,92,ca,molt,,,,,,A
6618,92,gl,moi,,,,,,A
6619,92,ga,an-,,,,,,A
6620,92,cy,iawn,,,,,,A
6621,92,gd,glè,,,,,,A
6622,92,lb,ganz,,,,,,A
6623,92,eo,tre,,,,,,A
6624,92,la,valde,,,,,,A
6625,93,en,her,,,,,,A
6626,93,es,su/sus (de ella),,,,,,A
6627,93,fr,son/sa/ses,,,,,,A
6628,93,pt,seu/sua (dela),,,,,,A
6629,93,de,ihr/ihre,,,,,,A
6630,93,it,suo/sua (di lei),,,,,,A
6631,93,ru,её,,,,yeyo,A
6632,93,ar,لها,,,,lahā,A
6633,93,hi,उसकी,,,,uskī,A
6634,93,bn,তার (স্ত্রীলিঙ্গ),,,,,tār (strīliṅga),A
6635,93,ur,اس کا (عورتوں کے لیے),,,,,us kā (aurton ke liye),A
6636,93,fa,او (مالکیت زن),,,,,ū (mālekīyat-e zan),A
6637,93,tr,onun (kadın için),,,,,,A
6638,93,ja,彼女の,,,,kanojo no,A
6639,93,ko,그녀의,,,,geunyeoui,A
6640,93,zh-cn,她的,,,,tā de,A
6641,93,zh-tw,她的,,,,tā de,A
6642,93,vi,cô ấy/của cô ấy,,,,,,A
6643,93,th,ของเธอ,,,,k̄hxng ṭhex,A
6644,93,id,nya (perempuan),,,,,,A
6645,93,sw,ake (mwanamke),,,,,,A
6646,93,nl,haar,,,,,,A
6647,93,pl,jej,,,,,,A
6648,93,uk,її,,,,yiyi,A
6649,93,el,της,,,,tis,A
6650,93,sv,hennes,,,,,,A
6651,93,no,hennes,,,,,,A
6652,93,da,hendes,,,,,,A
6653,93,fi,hänen (naisesta),,,,,,A
6654,93,cs,její,,,,,,A
6655,93,hu,ő (női),,,,,A
6656,93,ro,ei,,,,,,A
6657,93,bg,нейен,,,,neyen,A
6658,93,sr,њен/њена/њено,,,,njen/njena/njeno,A
6659,93,sk,jej,,,,,,A
6660,93,sl,njen,,,,,,A
6661,93,lt, jos,,,,,,A
6662,93,lv,viņas,,,,,,A
6663,93,et,tema (naissoost),,,,,,A
6664,93,he,שלה,,,,shela,A
6665,93,ha,ta (mace),,,,,,A
6666,93,yo,rẹ̀ (obirin),,,,,,A
6667,93,ig,ya (nwanyị),,,,,,A
6668,93,am,የእሷ,,,,yä'əswa,A
6669,93,ti,ናታ,,,,nata,A
6670,93,ne,उनको (महिला),,,,,unko (mahilā),A
6671,93,ta,அவள்,,,,avaḷ,A
6672,93,te,ఆమె,,,,āme,A
6673,93,ml,അവളുടെ,,,,avaḷuṭe,A
6674,93,mr,तिचा,,,,ticā,A
6675,93,pa,ਉਸਦੀ (ਔਰਤ),,,,,usdī (aurat),A
6676,93,gu,તેણીનું,,,,teṇīnuṁ,A
6677,93,si,ඇයගේ,,,,æyagē,A
6678,93,km,របស់នាង/គាត់,,,,rɔbɑh neang/koat,A
6679,93,is,hennar,,,,,,A
6680,93,tl,niya (babae),,,,,,A
6681,93,ms,dia (perempuan),,,,,,A
6682,93,jv,dheweke (wadon),,,,,,A
6683,93,kk,оның (әйел),,,,,onıñ (äyel),A
6684,93,uz,uning (ayol),,,,,,A
6685,93,mn,түүний (эмэгтэй),,,,,tüünii (emegtei),A
6686,93,ka,მისი (ქალი),,,,,misi (k'ali),A
6687,93,hy,նրա (իգական),,,,,nra (igakan),A
6688,93,eu,bere (emakumea),,,,,,A
6689,93,ca,seva (d'ella),,,,,,A
6690,93,gl,súa (dela),,,,,,A
6691,93,ga,a (mná),,,,,,A
6692,93,cy,ei,,,,,,A
6693,93,gd,aice,,,,,,A
6694,93,lb,hire (fra),,,,,,A
6695,93,eo,ŝia,,,,,,A
6696,93,la,eius (femininum),,,,,,A
6697,94,en,even,,,,,,A
6698,94,es,incluso,,,,,,A
6699,94,fr,même,,,,,,A
6700,94,pt,até/mesmo,,,,,,A
6701,94,de,sogar,,,,,,A
6702,94,it,anche,,,,,,A
6703,94,ru,даже,,,,dazhe,A
6704,94,ar,حتى,,,,ḥattā,A
6705,94,hi,यहाँ तक कि/भी,,,,yahā̃ tak ki/bhī,A
6706,94,bn,এমনকি,,,,emônki,A
6707,94,ur,یہاں تک کہ,,,,yahā̃ tak kah,A
6708,94,fa,حتی/همینطور,,,,hattā/hamintor,A
6709,94,tr,hatta,,,,,,A
6710,94,ja,さえ/にも,,,,sae/nimo,A
6711,94,ko,심지어/조차,,,,simjieo/jo cha,A
6712,94,zh-cn,甚至,,,,shènzhì,A
6713,94,zh-tw,甚至,,,,shènzhì,A
6714,94,vi,thậm chí,,,,,,A
6715,94,th,แม้กระทั่ง/ยิ่งไปกว่านั้น,,,,mæ̂ krat̀̀ng/yìng pị kẁā nận,A
6716,94,id,bahkan,,,,,,A
6717,94,sw,hata,,,,,,A
6718,94,nl,zelfs,,,,,,A
6719,94,pl,nawet,,,,,,A
6720,94,uk,навіть,,,,navit',A
6721,94,el,ακόμα/ακόμη,,,,akóma/akómi,A
6722,94,sv,till och med,,,,,,A
6723,94,no,til og med,,,,,,A
6724,94,da,endda,,,,,,A
6725,94,fi,jopa,,,,,,A
6726,94,cs,dokonce,,,,,,A
6727,94,hu,még,,,,,,A
6728,94,ro,chiar,,,,,,A
6729,94,bg,дори,,,,dori,A
6730,94,sr,чак/чак,,,,čak,A
6731,94,sk,dokonca,,,,,,A
6732,94,sl,celo,,,,,,A
6733,94,lt,net,,,,,,A
6734,94,lv,pat,,,,,,A
6735,94,et,isegi,,,,,,A
6736,94,he,אפילו,,,,afilu,A
6737,94,ha,ko da,,,,,,A
6738,94,yo,pàápàá,,,,,,A
6739,94,ig,ọbụna,,,,,,A
6740,94,am,እንኳን,,,,ənəkʷan,A
6741,94,ti,እንኳን,,,,ənəkʷan,A
6742,94,ne,पनि,,,,pani,A
6743,94,ta,கூட,,,,kūṭa,A
6744,94,te,కూడా,,,,kūḍā,A
6745,94,ml,പോലും,,,,pōluṁ,A
6746,94,mr,अगदी,,,,agadī,A
6747,94,pa,ਹੋਰ ਵੀ,,,,hor vī,A
6748,94,gu,પણ,,,,paṇ,A
6749,94,si,පවා,,,,pavā,A
6750,94,km,សូម្បីតែ,,,,soumbē tae,A
6751,94,is,jafnvel,,,,,,A
6752,94,tl,kahit,,,,,,A
6753,94,ms,walaupun,,,,,,A
6754,94,jv,malah,,,,,,A
6755,94,kk,тіпті,,,,tipti,A
6756,94,uz,hatto,,,,,,A
6757,94,mn,тэр ч байтугай,,,,ter ch baitugai,A
6758,94,ka,თუნდაც,,,,tundats,A
6759,94,hy,նույնիսկ,,,,nuynisk,A
6760,94,eu,are,,,,,,A
6761,94,ca,fins i tot,,,,,,A
6762,94,gl,ataé/mesmo,,,,,,A
6763,94,ga,fiú,,,,,,A
6764,94,cy,hyd yn oed,,,,,,A
6765,94,gd,eadhon,,,,,,A
6766,94,lb,souguer,,,,,,A
6767,94,eo,eĉ,,,,,,A
6768,94,la,etiam,,,,,,A
6769,95,en,back,,,,,,A
6770,95,es,atrás/espalda,,,,,,A
6771,95,fr,dos/arrière,,,,,,A
6772,95,pt,voltar/costas,,,,,,A
6773,95,de,zurück/Rücken,,,,,,A
6774,95,it,indietro/schiena,,,,,,A
6775,95,ru,назад/спина,,,,nazad/spina,A
6776,95,ar,ظهر/رجوع,,,,ẓahr/rujūʿ,A
6777,95,hi,पीछे/पीठ,,,,pīche/pīṭh,A
6778,95,bn,পিঠ/পিছনে,,,,piṭh/pichhane,A
6779,95,ur,پیٹھ/واپس,,,,pīṭh/vāpas,A
6780,95,fa,پشت/بازگشت,,,,posht/bāzgasht,A
6781,95,tr,geri/sırt,,,,,,A
6782,95,ja,背中/戻る,,,,senaka/modoru,A
6783,95,ko,뒤/등,,,,dwi/deung,A
6784,95,zh-cn,后面/背,,,,hòumiàn/bèi,A
6785,95,zh-tw,後面/背,,,,hòumiàn/bèi,A
6786,95,vi,lưng/trở lại,,,,,,A
6787,95,th,หลัง/กลับ,,,,h̄lạng/klạb,A
6788,95,id,kembali/punggung,,,,,,A
6789,95,sw,nyuma/mgongo,,,,,,A
6790,95,nl,terug/rug,,,,,,A
6791,95,pl,plecy/z powrotem,,,,,,A
6792,95,uk,спина/назад,,,,spyna/nazad,A
6793,95,el,πίσω/πλάτη,,,,píso/pláti,A
6794,95,sv,tillbaka/rygg,,,,,,A
6795,95,no,tilbake/rygg,,,,,,A
6796,95,da,tilbage/ryg,,,,,,A
6797,95,fi,takaisin/selkä,,,,,,A
6798,95,cs,zpět/záda,,,,,,A
6799,95,hu,vissza/hát,,,,,,A
6800,95,ro,spate/înapoi,,,,,,A
6801,95,bg,гръб/назад,,,,grǎb/nazad,A
6802,95,sr,леђа/назад,,,,leđa/nazad,A
6803,95,sk,chrbát/späť,,,,,,A
6804,95,sl,hrbet/nazaj,,,,,,A
6805,95,lt,nugara/atgal,,,,,,A
6806,95,lv,mugura/atpakaļ,,,,,,A
6807,95,et,selg/tagasi,,,,,,A
6808,95,he,גב/חזרה,,,,gav/chazara,A
6809,95,ha,baya/baya,,,,,,A
6810,95,yo,ẹhin/padà,,,,,,A
6811,95,ig,azụ/laghachi,,,,,,A
6812,95,am,ጀርባ/ተመለስ,,,,järəba/tämäläs,A
6813,95,ti,ድሕሪት/ተመለሰ,,,,dəḥrit/tämäläse,A
6814,95,ne,पछाडि/फिर्ता,,,,pachāḍi/phirtā,A
6815,95,ta,முதுகு/பின்னால்,,,,mutuku/piṉṉāl,A
6816,95,te,వెనుక/వెనుకకు,,,,venuka/venukaku,A
6817,95,ml,പുറകിലേക്ക്/മുതുക്,,,,puṟakilēkk/mutuk,A
6818,95,mr,पाठ/परत,,,,pāṭh/parat,A
6819,95,pa,ਵਾਪਸ/ਪਿੱਠ,,,,vāpas/piṭh,A
6820,95,gu,પાછળ/પીઠ,,,,pāchaḷ/pīṭh,A
6821,95,si,පිටුපස/ආපසු,,,,piṭupasa/āpasu,A
6822,95,km,ខ្នង/ត្រឡប់មកវិញ,,,,khnɑng/trɑlɑp mɔk vɨɲ,A
6823,95,is,aftur/hryggur,,,,,,A
6824,95,tl,likod/bumalik,,,,,,A
6825,95,ms,belakang/kembali,,,,,,A
6826,95,jv,mbalik/balung,,,,,,A
6827,95,kk,артқа/арқа,,,,artqa/arqa,A
6828,95,uz,orqaga/orga,,,,,,A
6829,95,mn,нуруу/буцах,,,,nuruu/butsakh,A
6830,95,ka,ზურგი/უკან,,,,zurgi/uḳan,A
6831,95,hy,մեջք/ետ,,,,meǰk'/yet,A
6832,95,eu,bizkar/atzera,,,,,,A
6833,95,ca,esquena/enrere,,,,,,A
6834,95,gl,espiña/volver,,,,,,A
6835,95,ga,droim/ar ais,,,,,,A
6836,95,cy,cefn/yn ôl,,,,,,A
6837,95,gd,druim/air ais,,,,,,A
6838,95,lb,zeréck/Réck,,,,,,A
6839,95,eo,dorso/malantaŭe,,,,,,A
6840,95,la,dorsum/retro,,,,,,A
6841,96,en,any,,,,,,A
6842,96,es,algún/ningún,,,,,,A
6843,96,fr,n'importe quel/aucun,,,,,,A
6844,96,pt,qualquer/nenhum,,,,,,A
6845,96,de,jeder/irgendein,,,,,,A
6846,96,it,qualsiasi/nessun,,,,,,A
6847,96,ru,любой/никакой,,,,lyuboy/nikakoy,A
6848,96,ar,أي,,,,ay,A
6849,96,hi,कोई,,,,koī,A
6850,96,bn,কোন,,,,kono,A
6851,96,ur,کوئی,,,,koī,A
6852,96,fa,هر/هیچ,,,,har/hich,A
6853,96,tr,herhangi/hiç,,,,,,A
6854,96,ja,どれか/いずれか,,,,doreka/izureka,A
6855,96,ko,어떤/아무,,,,eotteon/amu,A
6856,96,zh-cn,任何/任何,,,,rènhé/rènhé,A
6857,96,zh-tw,任何/任何,,,,rènhé/rènhé,A
6858,96,vi,bất kỳ,,,,,,A
6859,96,th,ใดๆ/บ้าง,,,,dı̀ˌ/b̂āng,A
6860,96,id,apa saja/tidak ada,,,,,,A
6861,96,sw,yoyote/hakuna,,,,,,A
6862,96,nl,elk/geen,,,,,,A
6863,96,pl,jakiś/żaden,,,,,,A
6864,96,uk,будь-який/жоден,,,,bud'-yakyj/zhoden,A
6865,96,el,οποιοσδήποτε/κανένας,,,,opoiosdīpote/kanénas,A
6866,96,sv,någon/ingen,,,,,,A
6867,96,no,noen/ingen,,,,,,A
6868,96,da,nogen/ingen,,,,,,A
6869,96,fi,mikä tahansa/ei yhtään,,,,,,A
6870,96,cs,jakýkoli/žádný,,,,,,A
6871,96,hu,bármilyen/egyik sem,,,,,,A
6872,96,ro,orice/nici un,,,,,,A
6873,96,bg,всеки/никакъв,,,,vseki/nikakǎv,A
6874,96,sr,било који/ниједан,,,,bilo koji/nijedan,A
6875,96,sk,akýkoľvek/žiadny,,,,,,A
6876,96,sl,katerikoli/noben,,,,,,A
6877,96,lt,bet kuris/joks,,,,,,A
6878,96,lv,jebkurš/neviens,,,,,,A
6879,96,et,ükskõik milline/ükski,,,,,,A
6880,96,he,כל/שום,,,,kol/shum,A
6881,96,ha,kowane/babu,,,,,,A
6882,96,yo,eyikeyin/ko si,,,,,,A
6883,96,ig,ọ bụla/ọ dịghị,,,,,,A
6884,96,am,ማንኛውም/ማንም,,,,manniñawim/manim,A
6885,96,ti,እንግዲህ/ማንም,,,,əngidih/manim,A
6886,96,ne,कुनै पनि/कुनै,,,,kunai pani/kunai,A
6887,96,ta,எந்த/எதுவும்,,,,enta/etuvum,A
6888,96,te,ఏదైనా/ఏదీ,,,,ēdainā/ēdī,A
6889,96,ml,ഏതെങ്കിലും/ഒന്നുമില്ല,,,,ēteṅkiluṁ/onnumnilla,A
6890,96,mr,काही/कोणतेही,,,,kāhī/koṇatehī,A
6891,96,pa,ਕੋਈ/ਕੋਈ ਨਹੀਂ,,,,koī/koī nahī̃,A
6892,96,gu,કોઈપણ/કોઈ,,,,koīpaṇ/koī,A
6893,96,si,ඕනෑම/කිසිම,,,,ōnǣma/kisima,A
6894,96,km,ណាមួយ/គ្មានណា,,,,na muəy/kmien na,A
6895,96,is,einhver/enginn,,,,,,A
6896,96,tl,kahit ano/wala,,,,,,A
6897,96,ms,mana-mana/tiada,,,,,,A
6898,96,jv,apa wae/ora ana,,,,,,A
6899,96,kk,кез келген/ешқандай,,,,kez kelgen/eshqanday,A
6900,96,uz,har qanday/hech qanday,,,,,,A
6901,96,mn,ямар ч/юу ч,,,,yamar ch/yuu ch,A
6902,96,ka,ნებისმიერი/არც ერთი,,,,nebis'mieri/arts erti,A
6903,96,hy,ցանկացած/ոչ մեկը,,,,c'ankac'ac'/voč' mekə,A
6904,96,eu,edozein/batere,,,,,,A
6905,96,ca,qualsevol/cap,,,,,,A
6906,96,gl,calquera/ningún,,,,,,A
6907,96,ga,ar bith/ceann ar bith,,,,,,A
6908,96,cy,unrhyw/dim,,,,,,A
6909,96,gd,sam bith/gin,,,,,,A
6910,96,lb,all/keen,,,,,,A
6911,96,eo,iu/neniu,,,,,,A
6912,96,la,ullus/nullus,,,,,,A
6913,97,en,good,,,,,,A
6914,97,es,bueno,,,,,,A
6915,97,fr,bon,,,,,,A
6916,97,pt,bom,,,,,,A
6917,97,de,gut,,,,,,A
6918,97,it,buono,,,,,,A
6919,97,ru,хороший,,,,khoroshiy,A
6920,97,ar,جيد/حسن,,,,jayyid/ḥasan,A
6921,97,hi,अच्छा,,,,acchā,A
6922,97,bn,ভাল,,,,bhālo,A
6923,97,ur,اچھا,,,,achā,A
6924,97,fa,خوب/نیک,,,,khūb/neyk,A
6925,97,tr,iyi,,,,,,A
6926,97,ja,良い,,,,yoi,A
6927,97,ko,좋은,,,,joheun,A
6928,97,zh-cn,好,,,,hǎo,A
6929,97,zh-tw,好,,,,hǎo,A
6930,97,vi,tốt,,,,,,A
6931,97,th,ดี,,,,dī,A
6932,97,id,baik,,,,,,A
6933,97,sw,nzuri,,,,,,A
6934,97,nl,goed,,,,,,A
6935,97,pl,dobry,,,,,,A
6936,97,uk,хороший,,,,khoroshyy,A
6937,97,el,καλός,,,,kalós,A
6938,97,sv,bra,,,,,,A
6939,97,no,bra,,,,,,A
6940,97,da,god,,,,,,A
6941,97,fi,hyvä,,,,,,A
6942,97,cs,dobrý,,,,,,A
6943,97,hu,jó,,,,,,A
6944,97,97,ro,bun,,,,,,A
6945,97,bg,добър,,,,dobǎr,A
6946,97,sr,добар,,,,dobar,A
6947,97,sk,dobrý,,,,,,A
6948,97,sl,dober,,,,,,A
6949,97,lt,geras,,,,,,A
6950,97,lv,labs,,,,,,A
6951,97,et,hea,,,,,,A
6952,97,he,טוב,,,,tov,A
6953,97,ha,kyau,,,,,,A
6954,97,yo,dára,,,,,,A
6955,97,ig,ọma,,,,,,A
6956,97,am,ጥሩ,,,,ṭəru,A
6957,97,ti,ጽቡቕ,,,,ṣəbuq,A
6958,97,ne,राम्रो,,,,rāmro,A
6959,97,ta,நல்ல,,,,nalla,A
6960,97,te,మంచి,,,,mañci,A
6961,97,ml,നല്ലത്,,,,nallat,A
6962,97,mr,चांगले,,,,cāṅgale,A
6963,97,pa,ਚੰਗਾ,,,,caṅgā,A
6964,97,gu,સારું,,,,sāruṁ,A
6965,97,si,හොඳ,,,,hoṇda,A
6966,97,km,ល្អ,,,,l’ɑɑ,A
6967,97,is,góður,,,,,,A
6968,97,tl,mabuti,,,,,,A
6969,97,ms,baik,,,,,,A
6970,97,jv,apik,,,,,,A
6971,97,kk,жақсы,,,,zhaqsy,A
6972,97,uz,yaxshi,,,,,,A
6973,97,mn,сайн,,,,sain,A
6974,97,ka,კარგი,,,,k'argi,A
6975,97,hy,լավ,,,,lav,A
6976,97,eu,ona,,,,,,A
6977,97,ca,bo,,,,,,A
6978,97,gl,bo,,,,,,A
6979,97,97,ga,maith,,,,,,A
6980,97,cy,da,,,,,,A
6981,97,gd,math,,,,,,A
6982,97,lb,gutt,,,,,,A
6983,97,eo,bona,,,,,,A
6984,97,la,bonus,,,,,,A
6985,98,en,woman,,,,,,A
6986,98,es,mujer,la,f,,,,A
6987,98,fr,femme,la,f,,,,A
6988,98,pt,mulher,a,f,,,,A
6989,98,de,Frau,die,f,,,,A
6990,98,it,donna,la,f,,,,A
6991,98,ru,женщина,,,,zhenshchina,A
6992,98,ar,امرأة,,,,imra'ah,A
6993,98,hi,महिला/स्त्री,,,,mahilā/strī,A
6994,98,bn,মহিলা,,,,mohilā,A
6995,98,ur,عورت,,,,aurat,A
6996,98,fa,زن,,,,zan,A
6997,98,tr,kadın,,,,,,A
6998,98,ja,女性/女,,,,josei/onna,A
6999,98,ko,여자,,,,yeoja,A
7000,98,zh-cn,女人/妇女,,,,nǚrén/fùnǚ,A
7001,98,zh-tw,女人/婦女,,,,nǚrén/fùnǚ,A
7002,98,vi,phụ nữ/đàn bà,,,,,,A
7003,98,th,ผู้หญิง,,,,p̄hū̂ h̄ỵing,A
7004,98,id,perempuan/wanita,,,,,,A
7005,98,sw,mwanamke,,,,,,A
7006,98,nl,vrouw,de,f,,,,A
7007,98,pl,kobieta,,,,,,A
7008,98,uk,жінка,,,,zhinka,A
7009,98,el,γυναίκα,,,,gynaíka,A
7010,98,sv,kvinna,en,c,,,,A
7011,98,no,kvinne,,,,,,A
7012,98,da,kvinde,,,,,,A
7013,98,fi,nainen,,,,,,A
7014,98,cs,žena,,,,,,A
7015,98,hu,nő,,,,,,A
7016,98,ro,femeie,,,,,,A
7017,98,bg,жена,,,,zhena,A
7018,98,sr,жена,,,,žena,A
7019,98,sk,žena,,,,,,A
7020,98,sl,ženska,,,,,,A
7021,98,lt,moteris,,,,,,A
7022,98,lv,sieviete,,,,,,A
7023,98,et,naine,,,,,,A
7024,98,he,אישה,,,,isha,A
7025,98,ha,mace,,,,,,A
7026,98,yo,obirin,,,,,,A
7027,98,ig,nwanyị,,,,,,A
7028,98,am,ሴት,,,,set,A
7029,98,ti,ሰበይቲ,,,,säbäyti,A
7030,98,ne,महिला,,,,mahilā,A
7031,98,ta,பெண்,,,,peṇ,A
7032,98,te,స్త్రీ/ఆడది,,,,strī/āḍadi,A
7033,98,ml,സ്ത്രീ,,,,strī,A
7034,98,mr,स्त्री/महिला,,,,strī/mahilā,A
7035,98,pa,ਔਰਤ,,,,aurat,A
7036,98,gu,સ્ત્રી,,,,strī,A
7037,98,si,ගැහැනු/කාන්තාව,,,,gähänu/kāntāva,A
7038,98,km,ស្ត្រី,,,,s̄drey,A
7039,98,is,kona,,,,,,A
7040,98,tl,babae,,,,,,A
7041,98,ms,perempuan/wanita,,,,,,A
7042,98,jv,wadon,,,,,,A
7043,98,kk,әйел,,,,äyel,A
7044,98,uz,ayol,,,,,,A
7045,98,mn,эмэгтэй,,,,emegtei,A
7046,98,ka,ქალი,,,,k'ali,A
7047,98,hy,կին,,,,kin,A
7048,98,eu,emakume,,,,,,A
7049,98,ca,dona,la,f,,,,A
7050,98,gl,muller,a,f,,,,A
7051,98,ga,bean,,,,,,A
7052,98,cy,benyw,,,,,,A
7053,98,gd,boireannach/bean,,,,,,A
7054,98,lb,Fra,d',f,,,,A
7055,98,eo,virino,,,,,,A
7056,98,la,femina/mulier,,,,,,A
7057,99,en,through,,,,,,A
7058,99,es,a través de,,,,,,A
7059,99,fr,à travers,,,,,,A
7060,99,pt,através de,,,,,,A
7061,99,de,durch,,,,,,A
7062,99,it,attraverso,,,,,,A
7063,99,ru,через,,,,cherez,A
7064,99,ar,عبر,,,,ʿabr,A
7065,99,hi,के माध्यम से,,,,ke mādhyam se,A
7066,99,bn,মাধ্যমে,,,,mādhyame,A
7067,99,ur,کے ذریعے,,,,ke zariye,A
7068,99,fa,از طریق/توسط,,,,az tarīq/tavassot,A
7069,99,tr,aracılığıyla/üzerinden,,,,,,A
7070,99,ja,を通って,,,,wo tōtte,A
7071,99,ko,를 통해,,,,reul tonghae,A
7072,99,zh-cn,通过,,,,tōngguò,A
7073,99,zh-tw,通過,,,,tōngguò,A
7074,99,vi,xuyên qua,,,,,,A
7075,99,th,ผ่าน,,,,p̄h̀ān,A
7076,99,id,melalui,,,,,,A
7077,99,sw,kupitia,,,,,,A
7078,99,nl,door,,,,,,A
7079,99,pl,przez,,,,,,A
7080,99,uk,через,,,,cherez,A
7081,99,el,μέσω,,,,méso,A
7082,99,sv,genom,,,,,,A
7083,99,no,gjennom,,,,,,A
7084,99,da,gennem,,,,,,A
7085,99,fi,kautta,,,,,,A
7086,99,cs,přes,,,,,,A
7087,99,hu,keresztül,,,,,,A
7088,99,ro,prin,,,,,,A
7089,99,bg,през,,,,prez,A
7090,99,sr,кроз,,,,kroz,A
7091,99,sk,cez,,,,,,A
7092,99,sl,skozi,,,,,,A
7093,99,lt,per,,,,,,A
7094,99,lv,caur,,,,,,A
7095,99,et,läbi,,,,,,A
7096,99,he,דרך/על פני,,,,derech/al p'nei,A
7097,99,ha,ta hanyar,,,,,,A
7098,99,yo,lẹsẹsẹ,,,,,,A
7099,99,ig,site na,,,,,,A
7100,99,am,በኩል,,,,bekul,A
7101,99,ti,በኩል,,,,bekul,A
7102,99,ne,बाट,,,,bāṭa,A
7103,99,ta,வழியாக,,,,vaḻiyāka,A
7104,99,te,ద్వారా,,,,dvārā,A
7105,99,ml,വഴി,,,,vaḻi,A
7106,99,mr,माध्यमातून,,,,mādhyamātūn,A
7107,99,pa,ਦੁਆਰਾ,,,,duārā,A
7108,99,gu,દ્વારા,,,,dvārā,A
7109,99,si,හරහා,,,,harahā,A
7110,99,km,តាមរយៈ,,,,tam royā,A
7111,99,is,í gegnum,,,,,,A
7112,99,tl,sa pamamagitan ng,,,,,,A
7113,99,ms,melalui,,,,,,A
7114,99,jv,liwat,,,,,,A
7115,99,kk,арқылы,,,,arqyly,A
7116,99,uz,orqali,,,,,,A
7117,99,mn,дамжуулан,,,,damjuulan,A
7118,99,ka,მეშვეობით,,,,meshavebit,A
7119,99,hy,միջոցով,,,,miǰoc'ov,A
7120,99,eu,bidez,,,,,,A
7121,99,ca,a través de,,,,,,A
7122,99,gl,a través de,,,,,,A
7123,99,ga,trí,,,,,,A
7124,99,cy,trwy,,,,,,A
7125,99,gd,troimhe,,,,,,A
7126,99,lb,duerch,,,,,,A
7127,99,eo,tra,,,,,,A
7128,99,la,per,,,,,,A
7129,100,en,us,,,,,,A
7130,100,es,nosotros/nos (objeto),,,,,,A
7131,100,fr,nous,,,,,,A
7132,100,pt,nós/nos (objeto),,,,,,A
7133,100,de,uns,,,,,,A
7134,100,it,noi/ci (oggetto),,,,,,A
7135,100,ru,нас/нам,,,,nas/nam,A
7136,100,ar,نا (مفعول به),,,,,nā (maf'ūl bih),A
7137,100,hi,हमें,,,,hamẽ,A
7138,100,bn,আমাদের,,,,āmāder,A
7139,100,ur,ہمیں,,,,hamẽ,A
7140,100,fa,ما/ما را,,,,mā/mā rā,A
7141,100,tr,bizi,,,,,,A
7142,100,ja,私たちを,,,,watashitachi o,A
7143,100,ko,우리를,,,,urireul,A
7144,100,zh-cn,我们,,,,wǒmen,A
7145,100,zh-tw,我們,,,,wǒmen,A
7146,100,vi,chúng tôi/chúng ta,,,,,,A
7147,100,th,เรา,,,,raw,A
7148,100,id,kami/kita (objek),,,,,,A
7149,100,sw,sisi (kipi kikuu),,,,,,A
7150,100,nl,ons,,,,,,A
7151,100,pl,nam/nas,,,,,,A
7152,100,uk,нам/нас,,,,nam/nas,A
7153,100,el,μας,,,,mas,A
7154,100,sv,oss,,,,,,A
7155,100,no,oss,,,,,,A
7156,100,da,os,,,,,,A
7157,100,fi,meidät/meille,,,,,,A
7158,100,cs,nás/nám,,,,,,A
7159,100,hu,minket/bennünket,,,,,,A
7160,100,ro,noi/ne,,,,,,A
7161,100,bg,ни/нас,,,,ni/nas,A
7162,100,sr,нас/нама,,,,nas/nama,A
7163,100,sk,nás/nám,,,,,,A
7164,100,sl,nas/nam,,,,,,A
7165,100,lt,mums/mus,,,,,,A
7166,100,lv,mums/mūs,,,,,,A
7167,100,et,meid/meile,,,,,,A
7168,100,he,אותנו,,,,otanu,A
7169,100,ha,mu,,,,,,A
7170,100,yo,wa,,,,,,A
7171,100,ig,anyi,,,,,,A
7172,100,am,እኛን,,,,əñan,A
7173,100,ti,ንሕናን,,,,nəḥnan,A
7174,100,ne,हामीलाई,,,,hāmīlāī,A
7175,100,ta,எங்களை,,,,eṅkaḷai,A
7176,100,te,మాకు/మమ్మల్ని,,,,māku/mammalni,A
7177,100,ml,ഞങ്ങളെ/നമ്മെ,,,,ñaṅṅaḷe/namme,A
7178,100,mr,आम्हाला,,,,āmhālā,A
7179,100,pa,ਸਾਨੂੰ,,,,sānū̃,A
7180,100,gu,અમને,,,,amane,A
7181,100,si,අපට/අපව,,,,apaṭa/apava,A
7182,100,km,ពួកយើង/យើង,,,,puok yeung/yeung,A
7183,100,is,okkur,,,,,,A
7184,100,tl,amin/kami (obyekto),,,,,,A
7185,100,ms,kami/kita (objek),,,,,,A
7186,100,jv,kita/kula (obyek),,,,,,A
7187,100,kk,бізді/бізге,,,,bizdi/bizge,A
7188,100,uz,bizni/bizga,,,,,,A
7189,100,mn,бидэнд/биднийг,,,,bidend/bidnīg,A
7190,100,ka,ჩვენ/ჩვენს,,,,chven/chvens,A
7191,100,hy,մեզ,,,,mez,A
7192,100,eu,guri/guk,,,,,,A
7193,100,ca,ens/nosaltres (objecte),,,,,,A
7194,100,gl,nos,,,,,,A
7195,100,ga,sinn (cuspóireach),,,,,,A
7196,100,cy,ni,,,,,,A
7197,100,gd,sinne (cuspair),,,,,,A
7198,100,lb,eis/ons,,,,,,A
7199,100,eo,ni,,,,,,A
7200,100,la,nos,,,,,,A
7201,101,en,life,,,,,,A
7202,101,es,vida,la,f,,,,A
7203,101,fr,vie,la,f,,,,A
7204,101,pt,vida,a,f,,,,A
7205,101,de,Leben,das,n,,,,A
7206,101,it,vita,la,f,,,,A
7207,101,ru,жизнь,,,,zhizn',A
7208,101,ar,حياة,,,,ḥayāh,A
7209,101,hi,जीवन,,,,jīvan,A
7210,101,bn,জীবন,,,,jīban,A
7211,101,ur,زندگی,,,,zindagī,A
7212,101,fa,زندگی,,,,zendegī,A
7213,101,tr,hayat/yaşam,,,,,,A
7214,101,ja,人生/命,,,,jinsei/inochi,A
7215,101,ko,생명/인생,,,,saengmyeong/insaeng,A
7216,101,zh-cn,生命/生活,,,,shēngmìng/shēnghuó,A
7217,101,zh-tw,生命/生活,,,,shēngmìng/shēnghuó,A
7218,101,vi,cuộc sống/đời sống,,,,,,A
7219,101,th,ชีวิต,,,,chīwit,A
7220,101,id,kehidupan/hidup,,,,,,A
7221,101,sw,maisha,,,,,,A
7222,101,nl,leven,het,n,,,,A
7223,101,pl,życie,,,,,,A
7224,101,uk,життя,,,,zhyttya,A
7225,101,el,ζωή,,,,zoī́,A
7226,101,sv,liv,ett,n,,,,A
7227,101,no,liv,,,,,,A
7228,101,da,liv,,,,,,A
7229,101,fi,elämä,,,,,,A
7230,101,cs,život,,,,,,A
7231,101,hu,élet,,,,,,A
7232,101,ro,viață,,,,,,A
7233,101,bg,живот,,,,zhivot,A
7234,101,sr,живот,,,,život,A
7235,101,sk,život,,,,,,A
7236,101,sl,življenje,,,,,,A
7237,101,lt,gyvenimas,,,,,,A
7238,101,lv,dzīve,,,,,,A
7239,101,et,elu,,,,,,A
7240,101,he,חיים,,,,khayim,A
7241,101,ha,rayuwa,,,,,,A
7242,101,yo,aye,,,,,,A
7243,101,ig,ndụ,,,,,,A
7244,101,am,ሕይወት,,,,ḥəywät,A
7245,101,ti,ህይወት,,,,ḥəywät,A
7246,101,ne,जीवन,,,,jīvan,A
7247,101,ta,வாழ்க்கை,,,,vāḻkkai,A
7248,101,te,జీవితం,,,,jīvitaṁ,A
7249,101,ml,ജീവിതം,,,,jīvitaṁ,A
7250,101,mr,जीवन,,,,jīvan,A
7251,101,pa,ਜ਼ਿੰਦਗੀ,,,,zindagī,A
7252,101,gu,જીવન,,,,jīvan,A
7253,101,si,ජීවිතය,,,,jīvitaya,A
7254,101,km,ជីវិត,,,,chīvit,A
7255,101,is,líf,,,,,,A
7256,101,tl,buhay,,,,,,A
7257,101,ms,kehidupan,,,,,,A
7258,101,jv,urip,,,,,,A
7259,101,kk,өмір,,,,ömir,A
7260,101,uz,hayot/umr,,,,,,A
7261,101,mn,амьдрал,,,,am'dral,A
7262,101,ka,ცხოვრება,,,,tskhovreba,A
7263,101,hy,կյանք,,,,kyanq,A
7264,101,eu,bizitza,,,,,,A
7265,101,ca,vida,la,f,,,,A
7266,101,gl,vida,a,f,,,,A
7267,101,ga,saol,,,,,,A
7268,101,cy,bywyd,,,,,,A
7269,101,gd,beatha,,,,,,A
7270,101,lb,Liewen,d',n,,,,A
7271,101,eo,vivo,,,,,,A
7272,101,la,vita,,,,,,A
7273,102,en,child,,,,,,A
7274,102,es,niño/niña,el/la,m/f,,,,A
7275,102,fr,enfant,,,,,,A
7276,102,pt,criança,a,f,,,,A
7277,102,de,Kind,das,n,,,,A
7278,102,it,bambino/bambina,il/la,m/f,,,,A
7279,102,ru,ребенок,,,,rebenok,A
7280,102,ar,طفل/طفلة,,,,ṭifl/ṭifla,A
7281,102,hi,बच्चा,,,,baccā,A
7282,102,bn,শিশু,,,,śiśu,A
7283,102,ur,بچہ,,,,bacha,A
7284,102,fa,کودک,,,,kūdak,A
7285,102,tr,çocuk,,,,,,A
7286,102,ja,子供,,,,kodomo,A
7287,102,ko,아이/어린이,,,,ai/eolin-i,A
7288,102,zh-cn,孩子,,,,háizi,A
7289,102,zh-tw,孩子,,,,háizi,A
7290,102,vi,đứa trẻ/trẻ em,,,,,,A
7291,102,th,เด็ก,,,,dĕk,A
7292,102,id,anak,,,,,,A
7293,102,sw,mtoto,,,,,,A
7294,102,nl,kind,het,n,,,,A
7295,102,pl,dziecko,,,,,,A
7296,102,uk,дитина,,,,dytyna,A
7297,102,el,παιδί,,,,paidí,A
7298,102,sv,barn,ett,n,,,,A
7299,102,no,barn,,,,,,A
7300,102,da,barn,,,,,,A
7301,102,fi,lapsi,,,,,,A
7302,102,cs,dítě,,,,,,A
7303,102,hu,gyerek,,,,,,A
7304,102,ro,copil,,,,,,A
7305,102,bg,дете,,,,dete,A
7306,102,sr,дете,,,,dete,A
7307,102,sk,dieta,,,,,,A
7308,102,sl,otrok,,,,,,A
7309,102,lt,vaikas,,,,,,A
7310,102,lv,bērns,,,,,,A
7311,102,et,laps,,,,,,A
7312,102,he,ילד,,,,yeled,A
7313,102,ha,yaro/yarinya,,,,,,A
7314,102,yo,ọmọ,,,,,,A
7315,102,ig,nwatakịrị,,,,,,A
7316,102,am,ልጅ,,,,ləj,A
7317,102,ti,ቆልዓ,,,,ḳol'a,A
7318,102,ne,बच्चा,,,,baccā,A
7319,102,ta,குழந்தை,,,,kuḻantai,A
7320,102,te,బిడ్డ/పిల్లవాడు,,,,biḍḍa/pillavāḍu,A
7321,102,ml,കുട്ടി,,,,kuṭṭi,A
7322,102,mr,मूल/लहान मूल,,,,mūl/lahān mūl,A
7323,102,pa,ਬੱਚਾ,,,,baccā,A
7324,102,gu,બાળક,,,,bāḷak,A
7325,102,si,ළමයා/දරුවා,,,,ḷamayā/daruvā,A
7326,102,km,កូន,,,,koun,A
7327,102,is,barn,,,,,,A
7328,102,tl,bata,,,,,,A
7329,102,ms,kanak-kanak/anak,,,,,,A
7330,102,jv,anak,,,,,,A
7331,102,kk,бала,,,,bala,A
7332,102,uz,bola,,,,,,A
7333,102,mn,хүүхэд,,,,khüükhed,A
7334,102,ka,ბავშვი,,,,bavshvi,A
7335,102,hy,երեխա,,,,yerekha,A
7336,102,eu,haur/ume,,,,,,A
7337,102,ca,nen/nena,el/la,m/f,,,,A
7338,102,gl,neno/nena,o/a,m/f,,,,A
7339,102,ga,páiste,,,,,,A
7340,102,cy,plentyn,,,,,,A
7341,102,gd,pàiste/leanabh,,,,,,A
7342,102,lb,Kand,d',n,,,,A
7343,102,eo,infano,,,,,,A
7344,102,la,puer/puella,,,,,,A
7345,103,en,work,,,,,,A
7346,103,es,trabajar,,,,,,A
7347,103,fr,travailler,,,,,,A
7348,103,pt,trabalhar,,,,,,A
7349,103,de,arbeiten,,,,,,A
7350,103,it,lavorare,,,,,,A
7351,103,ru,работать,,,,rabotat',A
7352,103,ar,عمل/اشتغل,,,,ʿamal/ishtaghal,A
7353,103,hi,काम करना,,,,kām karnā,A
7354,103,bn,কাজ করা,,,,kāj karā,A
7355,103,ur,کام کرنا,,,,kām karnā,A
7356,103,fa,کار کردن,,,,kār kardan,A
7357,103,tr,çalışmak,,,,,,A
7358,103,ja,働く,,,,hataraku,A
7359,103,ko,일하다,,,,ilhada,A
7360,103,zh-cn,工作,,,,gōngzuò,A
7361,103,zh-tw,工作,,,,gōngzuò,A
7362,103,vi,làm việc,,,,,,A
7363,103,th,ทำงาน,,,,thảngān,A
7364,103,id,bekerja,,,,,,A
7365,103,sw,kufanya kazi,,,,,,A
7366,103,nl,werken,,,,,,A
7367,103,pl,pracować,,,,,,A
7368,103,uk,працювати,,,,pratsyuvaty,A
7369,103,el,δουλεύω,,,,doulévo,A
7370,103,sv,arbeta,,,,,,A
7371,103,no,jobbe/arbeide,,,,,,A
7372,103,da,arbejde,,,,,,A
7373,103,fi,työskennellä,,,,,,A
7374,103,cs,pracovat,,,,,,A
7375,103,hu,dolgozni,,,,,,A
7376,103,ro,lucra,,,,,,A
7377,103,bg,работя,,,,rabotya,A
7378,103,sr,радити,,,,raditi,A
7379,103,sk,pracovať,,,,,,A
7380,103,sl,delati,,,,,,A
7381,103,lt,dirbti,,,,,,A
7382,103,lv,strādāt,,,,,,A
7383,103,et,töötama,,,,,,A
7384,103,he,לעבוד,,,,la'avod,A
7385,103,ha,yi aiki,,,,,,A
7386,103,yo,ṣiṣẹ́,,,,,,A
7387,103,ig,rụọ ọrụ,,,,,,A
7388,103,am,ስራ,,,,səra,A
7389,103,ti,ስራ,,,,səra,A
7390,103,ne,काम गर्नु,,,,kām garnu,A
7391,103,ta,வேலை செய்,,,,vēlai cey,A
7392,103,te,పని చేయండి,,,,pani cēyaṇḍi,A
7393,103,ml,ജോലി ചെയ്യുക,,,,jēāli ceyyuka,A
7394,103,mr,काम करा,,,,kām karā,A
7395,103,pa,ਕੰਮ ਕਰੋ,,,,kamm karo,A
7396,103,gu,કામ કરો,,,,kām karo,A
7397,103,si,වැඩ කරන්න,,,,væḍa karanna,A
7398,103,km,ធ្វើការ,,,,tvəə kaa,A
7399,103,is,vinna,,,,,,A
7400,103,tl,magtrabaho,,,,,,A
7401,103,ms,bekerja,,,,,,A
7402,103,jv,nyambut gawé,,,,,,A
7403,103,kk,жұмыс істеу,,,,jumys isteu,A
7404,103,uz,ishlamoq,,,,,,A
7405,103,mn,ажиллах,,,,ajillakh,A
7406,103,ka,მუშაობა,,,,mushaoba,A
7407,103,hy,աշխատել,,,,ashkhatel,A
7408,103,eu,lanean aritu,,,,,,A
7409,103,ca,treballar,,,,,,A
7410,103,gl,traballar,,,,,,A
7411,103,ga,obair,,,,,,A
7412,103,cy,gweithio,,,,,,A
7413,103,gd,obraich,,,,,,A
7414,103,lb,aarbechten,,,,,,A
7415,103,eo,labori,,,,,,A
7416,103,la,laborare,,,,,,A
7417,104,en,down,,,,,,A
7418,104,es,abajo,,,,,,A
7419,104,fr,bas,,,,,,A
7420,104,pt,abaixo,,,,,,A
7421,104,de,unten/runter,,,,,,A
7422,104,it,giù,,,,,,A
7423,104,ru,вниз,,,,vniz,A
7424,104,ar,أسفل,,,,asfal,A
7425,104,hi,नीचे,,,,nīche,A
7426,104,bn,নিচে,,,,niche,A
7427,104,ur,نیچے,,,,nīche,A
7428,104,fa,پایین/زیر,,,,pāyīn/zīr,A
7429,104,tr,aşağı,,,,,,A
7430,104,ja,下に,,,,shita ni,A
7431,104,ko,아래/아래로,,,,arae/araero,A
7432,104,zh-cn,下/向下,,,,xià/xiàngxià,A
7433,104,zh-tw,下/向下,,,,xià/xiàngxià,A
7434,104,vi,xuống/dưới,,,,,,A
7435,104,th,ลง/ด้านล่าง,,,,lng/d̂ān l̂āng,A
7436,104,id,turun/ke bawah,,,,,,A
7437,104,sw,chini,,,,,,A
7438,104,nl,naar beneden/omlaag,,,,,,A
7439,104,pl,w dół/na dole,,,,,,A
7440,104,uk,вниз,,,,vnyz,A
7441,104,el,κάτω,,,,káto,A
7442,104,sv,ner,,,,,,A
7443,104,no,ned,,,,,,A
7444,104,da,ned,,,,,,A
7445,104,fi,alas,,,,,,A
7446,104,cs,dolů,,,,,,A
7447,104,hu,le/lefelé,,,,,,A
7448,104,ro,jos,,,,,,A
7449,104,bg,надолу,,,,nadolu,A
7450,104,sr,доле,,,,dole,A
7451,104,sk,dole,,,,,,A
7452,104,sl,dol,,,,,,A
7453,104,lt,žemyn/apačioje,,,,,,A
7454,104,lv,lejā/uz leju,,,,,,A
7455,104,et,alla/allapoole,,,,,,A
7456,104,he,מטה,,,,mata,A
7457,104,ha,ƙasa,,,,,,A
7458,104,yo,isalẹ,,,,,,A
7459,104,ig,ala,,,,,,A
7460,104,am,ታች,,,,tach,A
7461,104,ti,ታች,,,,tach,A
7462,104,ne,तल,,,,tal,A
7463,104,ta,கீழே,,,,kīḻē,A
7464,104,te,దిగువ/కిందకు,,,,diguva/kindaku,A
7465,104,ml,താഴെ,,,,tāḻe,A
7466,104,mr,खाली,,,,khālī,A
7467,104,pa,ਹੇਠਾਂ,,,,heṭhā̃,A
7468,104,gu,નીચે,,,,nīce,A
7469,104,si,පහළට/යටින්,,,,pahaḷaṭa/yaṭin,A
7470,104,km,ចុះក្រោម,,,,choh kraom,A
7471,104,is,niður,,,,,,A
7472,104,tl,pababa,,,,,,A
7473,104,ms,turun/ke bawah,,,,,,A
7474,104,jv,mudhun,,,,,,A
7475,104,kk,төмен,,,,tömen,A
7476,104,uz,pastga/quyi,,,,,,A
7477,104,mn,доош,,,,doosh,A
7478,104,ga,йихаы,,,,yikhayi,A
7479,104,hy,ներքև,,,,nerk'ev,A
7480,104,eu,behera,,,,,,A
7481,104,ca,avall/baix,,,,,,A
7482,104,gl,abaixo,,,,,,A
7483,104,ga,síos,,,,,,A
7484,104,cy,i lawr,,,,,,A
7485,104,gd,sìos,,,,,,A
7486,104,lb,erof/erof,,,,,,A
7487,104,eo,malsupren,,,,,,A
7488,104,la,deorsum,,,,,,A
7489,105,en,May,,,,,,A
7490,105,es,Mayo,,,,,,A
7491,105,fr,Mai,,,,,,A
7492,105,pt,Maio,,,,,,A
7493,105,de,Mai,,,,,,A
7494,105,it,Maggio,,,,,,A
7495,105,ru,Май,,,,May,A
7496,105,ar,مايو/أيار,,,,Māyū/Ayyār,A
7497,105,hi,मई,,,,maī,A
7498,105,bn,মে,,,,me,A
7499,105,ur,مئی,,,,maī,A
7500,105,fa,مه/می,,,,Mih/Meh,A
7501,105,tr,Mayıs,,,,,,A
7502,105,ja,5月,,,,5-gatsu,A
7503,105,ko,5월/오월,,,,5-wol/owol,A
7504,105,zh-cn,五月,,,,Wǔyuè,A
7505,105,zh-tw,五月,,,,Wǔyuè,A
7506,105,vi,tháng Năm,,,,,,A
7507,105,th,พฤษภาคม,,,,Phruetsaphākhom,A
7508,105,id,Mei,,,,,,A
7509,105,sw,Mei,,,,,,A
7510,105,nl,Mei,,,,,,A
7511,105,pl,Maj,,,,,,A
7512,105,uk,Травень,,,,Traven',A
7513,105,el,Μάιος,,,,Máios,A
7514,105,sv,Maj,,,,,,A
7515,105,no,Mai,,,,,,A
7516,105,da,Maj,,,,,,A
7517,105,fi,Toukokuu,,,,,,A
7518,105,cs,Květen,,,,,,A
7519,105,hu,Május,,,,,,A
7520,105,ro,Mai,,,,,,A
7521,105,bg,Май,,,,May,A
7522,105,sr,Мај,,,,Maj,A
7523,105,sk,Máj,,,,,,A
7524,105,sl,Maj,,,,,,A
7525,105,lt,Gegužė,,,,,,A
7526,105,lv,Maijs,,,,,,A
7527,105,et,Mai,,,,,,A
7528,105,he,מאי,,,,May,A
7529,105,ha,Mayu,,,,,,A
7530,105,yo,Oṣù Kàrún,,,,,,A
7531,105,ig,May,,,,,,A
7532,105,am,ሜይ,,,,mey,A
7533,105,ti,ሜይ,,,,mey,A
7534,105,ne,मे,,,,me,A
7535,105,ta,மே,,,,mē,A
7536,105,te,మే,,,,mē,A
7537,105,ml,മേയ്,,,,mēy,A
7538,105,mr,मे,,,,me,A
7539,105,pa,ਮਈ,,,,maī,A
7540,105,gu,મે,,,,me,A
7541,105,si,මැයි,,,,mæyi,A
7542,105,km,ឧសភា,,,,usaphéa,A
7543,105,is,Maí,,,,,,A
7544,105,tl,Mayo,,,,,,A
7545,105,ms,Mei,,,,,,A
7546,105,jv,Mei,,,,,,A
7547,105,kk,Мамыр,,,,Mamyr,A
7548,105,uz,May,,,,,,A
7549,105,mn,5-р сар,,,,5-r sar,A
7550,105,ka,მაისი,,,,maisi,A
7551,105,hy,Մայիս,,,,Mayis,A
7552,105,eu,Maiatz,,,,,,A
7553,105,ca,Maig,,,,,,A
7554,105,gl,Maio,,,,,,A
7555,105,ga,Bealtaine,,,,,,A
7556,105,cy,Mai,,,,,,A
7557,105,gd,An Cèitean,,,,,,A
7558,105,lb,Mäi,,,,,,A
7559,105,eo,Majo,,,,,,A
7560,105,la,Maius,,,,,,A
7561,106,en,after,,,,,,A
7562,106,es,después,,,,,,A
7563,106,fr,après,,,,,,A
7564,106,pt,depois,,,,,,A
7565,106,de,nach,,,,,,A
7566,106,it,dopo,,,,,,A
7567,106,ru,после,,,,posle,A
7568,106,ar,بعد,,,,baʿd,A
7569,106,hi,बाद,,,,bād,A
7570,106,bn,পরে,,,,pore,A
7571,106,ur,بعد,,,,ba'd,A
7572,106,fa,بعد از,,,,ba'd az,A
7573,106,tr,sonra,,,,,,A
7574,106,ja,後,,,,ato,A
7575,106,ko,후/이후,,,,hu/ihu,A
7576,106,zh-cn,之后,,,,zhīhòu,A
7577,106,zh-tw,之後,,,,zhīhòu,A
7578,106,vi,sau,,,,,,A
7579,106,th,หลังจาก,,,,h̄lạngcāk,A
7580,106,id,setelah/sesudah,,,,,,A
7581,106,sw,baada ya,,,,,,A
7582,106,nl,na,,,,,,A
7583,106,pl,po,,,,,,A
7584,106,uk,після,,,,pislya,A
7585,106,el,μετά,,,,metá,A
7586,106,sv,efter,,,,,,A
7587,106,no,etter,,,,,,A
7588,106,da,efter,,,,,,A
7589,106,fi,jälkeen,,,,,,A
7590,106,cs,po,,,,,,A
7591,106,hu,után,,,,,,A
7592,106,ro,după,,,,,,A
7593,106,bg,след,,,,sled,A
7594,106,sr,после/послије,,,,posle/poslije,A
7595,106,sk,po,,,,,,A
7596,106,sl,po,,,,,,A
7597,106,lt,po,,,,,,A
7598,106,lv,pēc,,,,,,A
7599,106,et,pärast,,,,,,A
7600,106,he,אחרי,,,,acharei,A
7601,106,ha,bayan,,,,,,A
7602,106,yo,lẹ́yìn,,,,,,A
7603,106,ig,mgbasa,,,,,,A
7604,106,am,በኋላ,,,,beḫwala,A
7605,106,ti,ድሕሪ,,,,dəḥri,A
7606,106,ne,पछि,,,,pachi,A
7607,106,ta,பிறகு,,,,piṟaku,A
7608,106,te,తరువాత,,,,taruvāta,A
7609,106,ml,ശേഷം,,,,śēṣaṁ,A
7610,106,mr,नंतर,,,,nantar,A
7611,106,pa,ਬਾਅਦ,,,,bā'ad,A
7612,106,gu,પછી,,,,pachī,A
7613,106,si,පසුව,,,,pasuva,A
7614,106,km,ក្រោយមក,,,,kraoy mɔk,A
7615,106,is,eftir,,,,,,A
7616,106,tl,matapos/ pagkatapos,,,,,,A
7617,106,ms,selepas/setelah,,,,,,A
7618,106,jv,sawise,,,,,,A
7619,106,kk,кейін,,,,keyin,A
7620,106,uz,keyin/so'ng,,,,,,A
7621,106,mn,дараа/дараа нь,,,,daraa/daraa ni,A
7622,106,ka,შემდეგ,,,,shemdeg,A
7623,106,hy,հետո,,,,heto,A
7624,106,eu,ondoren,,,,,,A
7625,106,ca,després,,,,,,A
7626,106,gl,despois,,,,,,A
7627,106,ga,iar,,,,,,A
7628,106,cy,ar ôl,,,,,,A
7629,106,gd,an dèidh,,,,,,A
7630,106,lb,no,,,,,,A
7631,106,eo,post,,,,,,A
7632,106,la,post,,,,,,A
7633,107,en,should,,,,,,A
7634,107,es,debería,,,,,,A
7635,107,fr,devrait,,,,,,A
7636,107,pt,deveria,,,,,,A
7637,107,de,sollte,,,,,,A
7638,107,it,dovrebbe,,,,,,A
7639,107,ru,должен (условный),,,,,dolzhen (uslovnyy),A
7640,107,ar,يجب أن/ينبغي,,,,yajib an/yanbaghī,A
7641,107,hi,चाहिए,,,,chāhiye,A
7642,107,bn,উচিত,,,,uchit,A
7643,107,ur,چاہیے,,,,chāhiye,A
7644,107,fa,باید/شایسته است,,,,bāyad/shāyande ast,A
7645,107,tr,-meli/-malı,,,,,,A
7646,107,ja,べきだ/はずだ,,,,bekida/hazuda,A
7647,107,ko,해야 한다/말이다,,,,haeya handa/malida,A
7648,107,zh-cn,应该,,,,yīnggāi,A
7649,107,zh-tw,應該,,,,yīnggāi,A
7650,107,vi,nên,,,,,,A
7651,107,th,ควร,,,,khwr,A
7652,107,id,seharusnya/sebaiknya,,,,,,A
7653,107,sw,anapaswa,,,,,,A
7654,107,nl,zou moeten,,,,,,A
7655,107,pl,powinien,,,,,,A
7656,107,uk,повинен,,,,povynen,A
7657,107,el,θα έπρεπε,,,,tha éprepe,A
7658,107,sv,borde,,,,,,A
7659,107,no,bør,,,,,,A
7660,107,da,bør,,,,,,A
7661,107,fi,pitäisi,,,,,,A
7662,107,cs,měl by,,,,,,A
7663,107,hu,kellene,,,,,,A
7664,107,ro,ar trebui,,,,,,A
7665,107,bg,трябва,,,,tryabva,A
7666,107,sr,треба/требало би,,,,treba/trebalo bi,A
7667,107,sk,mal by,,,,,,A
7668,107,sl,moral bi,,,,,,A
7669,107,lt,turėtų,,,,,,A
7670,107,lv,vajadzētu,,,,,,A
7671,107,et,peaks,,,,,,A
7672,107,he,צריך/אמור,,,,tsarikh/amur,A
7673,107,ha,yakamata,,,,,,A
7674,107,yo,yóò,,,,,,A
7675,107,ig,kwesịrị,,,,,,A
7676,107,am,ነው/ይገባል,,,,näw/yəgäbal,A
7677,107,ti,ክንብህ,,,,kənəbəh,A
7678,107,ne,हुनुपर्छ,,,,hunuparcha,A
7679,107,ta,வேண்டும்,,,,vēṇṭum,A
7680,107,te,ఉండాలి/చేయాలి,,,,uṇḍāli/cēyāli,A
7681,107,ml,വേണം,,,,vēṇaṁ,A
7682,107,mr,पाहिजे,,,,pāhije,A
7683,107,pa,ਚਾਹੀਦਾ ਹੈ,,,,cāhīdā hai,A
7684,107,gu,જોઈએ,,,,joīe,A
7685,107,si,යුතුයි,,,,yutuyi,A
7686,107,km,គួរតែ,,,,kuə tae,A
7687,107,is,ætti,,,,,,A
7688,107,tl,dapat,,,,,,A
7689,107,ms,sepatutnya,,,,,,A
7690,107,jv,kuduné,,,,,,A
7691,107,kk,керек,,,,kerek,A
7692,107,uz,kerak,,,,,,A
7693,107,mn,байх ёстой,,,,baikh yostoi,A
7694,107,ka,უნდა/უნდა იყოს,,,,unda/unda iq'os,A
7695,107,hy,պետք է,,,,petk' e,A
7696,107,eu,beharko luke,,,,,,A
7697,107,ca,hauria de,,,,,,A
7698,107,gl,debería,,,,,,A
7699,107,ga,ba chóir,,,,,,A
7700,107,cy,dylai,,,,,,A
7701,107,gd,bu chòir,,,,,,A
7702,107,lb,sollt,,,,,,A
7703,107,eo,devus,,,,,,A
7704,107,la,deberet,,,,,,A
7705,108,en,to call,,,,,,A
7706,108,es,llamar,,,,,,A
7707,108,fr,appeler,,,,,,A
7708,108,pt,chamar,,,,,,A
7709,108,de,rufen/anrufen,,,,,,A
7710,108,it,chiamare,,,,,,A
7711,108,ru,звонить/называть,,,,zvonit'/nazyvat',A
7712,108,ar,يتصل/يدعو,,,,yattasil/yadʿū,A
7713,108,hi,बुलाना/कॉल करना,,,,bulānā/kŏl karnā,A
7714,108,bn,ডাকা,,,,ḍākā,A
7715,108,ur,بلانا/کال کرنا,,,,bulānā/kāl karnā,A
7716,108,fa,تماس گرفتن/صدا زدن,,,,tamās gereftan/ṣedā zadan,A
7717,108,tr,aramak/çağırmak,,,,,,A
7718,108,ja,呼ぶ/電話する,,,,yobu/denwa suru,A
7719,108,ko,부르다/전화하다,,,,bureuda/jeonhwahada,A
7720,108,zh-cn,打电话/称呼,,,,dǎ diànhuà/chēnghū,A
7721,108,zh-tw,打電話/稱呼,,,,dǎ diànhuà/chēnghū,A
7722,108,vi,gọi,,,,,,A
7723,108,th,เรียก/โทร,,,,rêāk/tho,A
7724,108,id,memanggil/menelepon,,,,,,A
7725,108,sw,kupiga simu/kuita,,,,,,A
7726,108,nl,bellen/roepen,,,,,,A
7727,108,pl,dzwonić/wołać,,,,,,A
7728,108,uk,дзвонити/називати,,,,dzvonyty/nazyvaty,A
7729,108,el,καλώ/τηλεφωνώ,,,,kaló/tilefonó,A
7730,108,sv,ringa/kalla,,,,,,A
7731,108,no,ringe/kalle,,,,,,A
7732,108,da,ringe/kalde,,,,,,A
7733,108,fi,soittaa/kutsua,,,,,,A
7734,108,cs,zavolat/nazvat,,,,,,A
7735,108,hu,hívni/telefonálni,,,,,,A
7736,108,ro,a suna/a chema,,,,,,A
7737,108,bg,обаждам/наричам,,,,obazhdam/naricham,A
7738,108,sr,звати/назвати,,,,zvati/nazvati,A
7739,108,sk,zavolať/nazvať,,,,,,A
7740,108,sl,poklicati,,,,,,A
7741,108,lt,skambinti/pavadinimas,,,,,,A
7742,108,lv,zvanīt/saukt,,,,,,A
7743,108,et,helistama/kutsuma,,,,,,A
7744,108,he,לקרוא/להתקשר,,,,likro/lehitkasher,A
7745,108,ha,kira,,,,,,A
7746,108,yo,pe,,,,,,A
7747,108,ig,kpọọ,,,,,,A
7748,108,am,ጠራ,,,,ṭära,A
7749,108,ti,ደወል,,,,däwäl,A
7750,108,ne,कल गर्नु/बोलाउनु,,,,kala garnu/bolāunu,A
7751,108,ta,அழை/கால் செய்,,,,aḻai/kāl cey,A
7752,108,te,కాల్ చేయండి/పిలవండి,,,,kāl cēyaṇḍi/pilavaṇḍi,A
7753,108,ml,കോൾ ചെയ്യുക/വിളിക്കുക,,,,kōḷ ceyyuka/viḷikkuka,A
7754,108,mr,कॉल करा/बोलावणे,,,,kŏl karā/bolāvaṇe,A
7755,108,pa,ਕਾਲ ਕਰੋ/ਬੁਲਾਓ,,,,kāl karo/bulāo,A
7756,108,gu,કોલ કરો/બોલાવો,,,,kol karo/bolāvo,A
7757,108,si,කතා කරන්න/ඇමතුම් කරන්න,,,,katā karanna/æmatum karanna,A
7758,108,km,ទូរស័ព្ទ/ហៅ,,,,turŏsap/hao,A
7759,108,is,hringja/kalla,,,,,,A
7760,108,tl,tumawag,,,,,,A
7761,108,ms,memanggil/menelefon,,,,,,A
7762,108,jv,nelpon/ngundang,,,,,,A
7763,108,kk,телефон шалғу/шақыру,,,,telefon shalğu/shaqıru,A
7764,108,uz,qo'ng'iroq qilish/chaqirish,,,,,,A
7765,108,mn,дуудах/залгах,,,,duudakh/zalgakh,A
7766,108,ka,დარეკვა/ძახილი,,,,darek'va/dzakhili,A
7767,108,hy,զանգել/կանչել,,,,zangel/kanchel,A
7768,108,eu,deitu,,,,,,A
7769,108,ca,trucar/telefonar,,,,,,A
7770,108,gl,chamar/telefonar,,,,,,A
7771,108,ga,glaoch,,,,,,A
7772,108,cy,ffonio/galw,,,,,,A
7773,108,gd,gairm,,,,,,A
7774,108,lb,ruffen/uruffen,,,,,,A
7775,108,eo,voki/telefoni,,,,,,A
7776,108,la,appellare/vocare,,,,,,A
7777,109,en,world,,,,,,A
7778,109,es,mundo,el,m,,,,A
7779,109,fr,monde,le,m,,,,A
7780,109,pt,mundo,o,m,,,,A
7781,109,de,Welt,die,f,,,,A
7782,109,it,mondo,il,m,,,,A
7783,109,ru,мир,,,,mir,A
7784,109,ar,عالم/دنيا,,,,ʿālam/dunyā,A
7785,109,hi,दुनिया/विश्व,,,,duniyā/viśva,A
7786,109,bn,বিশ্ব/দুনিয়া,,,,biśba/duniẏā,A
7787,109,ur,دنیا/عالم,,,,duniyā/ālam,A
7788,109,fa,جهان/دنیا,,,,jahān/dunyā,A
7789,109,tr,dünya,,,,,,A
7790,109,ja,世界,,,,sekai,A
7791,109,ko,세계/세상,,,,segye/sesang,A
7792,109,zh-cn,世界,,,,shìjiè,A
7793,109,zh-tw,世界,,,,shìjiè,A
7794,109,vi,thế giới,,,,,,A
7795,109,th,โลก,,,,lok,A
7796,109,id,dunia,,,,,,A
7797,109,sw,dunia,,,,,,A
7798,109,nl,wereld,de,m,,,,A
7799,109,pl,świat,,,,,,A
7800,109,uk,світ,,,,svit,A
7801,109,el,κόσμος,,,,kósmos,A
7802,109,sv,värld,en,c,,,,A
7803,109,no,verden,,,,,,A
7804,109,da,verden,,,,,,A
7805,109,fi,maailma,,,,,,A
7806,109,cs,svět,,,,,,A
7807,109,hu,világ,,,,,,A
7808,109,ro,lume,,,,,,A
7809,109,bg,свят,,,,svyat,A
7810,109,sr,свет/свијет,,,,svet/svijet,A
7811,109,sk,svet,,,,,,A
7812,109,sl,svet,,,,,,A
7813,109,lt,pasaulis,,,,,,A
7814,109,lv,pasaule,,,,,,A
7815,109,et,maailm,,,,,,A
7816,109,he,עולם,,,,olam,A
7817,109,ha,duniya,,,,,,A
7818,109,yo,ayé,,,,,,A
7819,109,ig,uwa,,,,,,A
7820,109,am,ዓለም,,,,'alem,A
7821,109,ti,ዓለም,,,,'alem,A
7822,109,ne,संसार,,,,sansār,A
7823,109,ta,உலகம்,,,,ulakam,A
7824,109,te,ప్రపంచం,,,,prapan̄caṁ,A
7825,109,ml,ലോകം,,,,lōkaṁ,A
7826,109,mr,जग,,,,jag,A
7827,109,pa,ਸੰਸਾਰ,,,,sansār,A
7828,109,gu,વિશ્વ,,,,viśva,A
7829,109,si,ලෝකය,,,,lōkaya,A
7830,109,km,ពិភពលោក,,,,piphup loak,A
7831,109,is,heimur,,,,,,A
7832,109,tl,mundo/daigdig,,,,,,A
7833,109,ms,dunia,,,,,,A
7834,109,jv,donya,,,,,,A
7835,109,kk,әлем,,,,älem,A
7836,109,uz,dunyo,,,,,,A
7837,109,mn,дэлхий,,,,delkhii,A
7838,109,ka,მსოფლიო,,,,msoplio,A
7839,109,hy,աշխարհ,,,,ashkharh,A
7840,109,eu,mundua,,,,,,A
7841,109,ca,món,el,m,,,,A
7842,109,gl,mundo,o,m,,,,A
7843,109,ga,domhan,,,,,,A
7844,109,cy,byd,,,,,,A
7845,109,gd,saoghal,,,,,,A
7846,109,lb,Welt,d',f,,,,A
7847,109,eo,mondo,,,,,,A
7848,109,la,mundus,,,,,,A
7849,110,en,over,,,,,,A
7850,110,es,sobre/encima,,,,,,A
7851,110,fr,au-dessus/plus de,,,,,,A
7852,110,pt,sobre/acima de,,,,,,A
7853,110,de,über,,,,,,A
7854,110,it,sopra/oltre,,,,,,A
7855,110,ru,над/закончено,,,,nad/zakoncheno,A
7856,110,ar,فوق/أكثر من,,,,fawq/akthar min,A
7857,110,hi,ऊपर/से अधिक,,,,ūpar/se adhik,A
7858,110,bn,উপরে/এর উপর,,,,upare/ēr upar,A
7859,110,ur,اوپر/ختم,,,,ūpar/khatam,A
7860,110,fa,روی/بیش از,,,,rūy/bīsh az,A
7861,110,tr,üzerinde/bitmiş,,,,,,A
7862,110,ja,上/終わった,,,,ue/owatta,A
7863,110,ko,위에/끝난,,,,wie/kkeunnan,A
7864,110,zh-cn,在...上面/结束,,,,zài... shàngmiàn/jiéshù,A
7865,110,zh-tw,在...上面/結束,,,,zài... shàngmiàn/jiéshù,A
7866,110,vi,trên/kết thúc,,,,,,A
7867,110,th,เหนือ/จบแล้ว,,,,h̄enu x/cb læ̂w,A
7868,110,id,di atas/lebih dari,,,,,,A
7869,110,sw,juu ya/zaidi ya,,,,,,A
7870,110,nl,over/boven,,,,,,A
7871,110,pl,ponad/na,,,,,,A
7872,110,uk,над/закінчитися,,,,nad/zakinchytysya,A
7873,110,el,πάνω/πάνω από,,,,páno/páno apó,A
7874,110,sv,över,,,,,,A
7875,110,no,over,,,,,,A
7876,110,da,over,,,,,,A
7877,110,fi,yli/valmis,,,,,,A
7878,110,cs,nad/přes,,,,,,A
7879,110,hu,felett/túl,,,,,,A
7880,110,ro,peste/deasupra,,,,,,A
7881,110,bg,над/приключил,,,,nad/priklyuchil,A
7882,110,sr,преко/изнад,,,,preko/iznad,A
7883,110,sk,nad/cez,,,,,,A
7884,110,sl,nad/čez,,,,,,A
7885,110,lt,virš/baigta,,,,,,A
7886,110,lv,pāri/virs,,,,,,A
7887,110,et,üle/lõppenud,,,,,,A
7888,110,he,מעל/נגמר,,,,me'al/nigmar,A
7889,110,ha,sama/same,,,,,,A
7890,110,yo,lori/pari,,,,,,A
7891,110,ig,karịrị/gafere,,,,,,A
7892,110,am,በላይ/በላይኛው,,,,belay/belayñaw,A
7893,110,ti,ላይ/ተጠናቅቋል,,,,lay/täṭänakh'əḳal,A
7894,110,ne,माथि/सकियो,,,,māthi/sakiyo,A
7895,110,ta,மேல்/முடிந்தது,,,,mēl/muṭintatu,A
7896,110,te,పైన/పూర్తి,,,,paina/pūrti,A
7897,110,ml,മുകളിൽ/പൂർത്തിയായി,,,,mukaḷil/pūrttiyāyi,A
7898,110,mr,वर/संपले,,,,var/saṁpale,A
7899,110,pa,ਉੱਤੇ/ਖ਼ਤਮ,,,,utte/khatam,A
7900,110,gu,ઉપર/સમાપ્ત,,,,upar/samāpt,A
7901,110,si,ඉහළින්/අවසන්,,,,ihalin/avasan,A
7902,110,km,លើ/បានបញ្ចប់,,,,ləə/ban bɑñcɑp,A
7903,110,is,yfir/búið,,,,,,A
7904,110,tl,sa ibabaw/tapos na,,,,,,A
7905,110,ms,atas/selesai,,,,,,A
7906,110,jv,njaba/wis rampung,,,,,,A
7907,110,kk,үстіңгі/аяқталған,,,,üstiñgi/ayaqtalğan,A
7908,110,uz,ustida/tugagan,,,,,,A
7909,110,mn,дээр/дууссан,,,,deer/duussan,A
7910,110,ka,ზემოთ/დასრულებული,,,,zemot/dasrulebuli,A
7911,110,hy,վրա/ավարտված,,,,vra/avartvac,A
7912,110,eu,gainean/amaitu,,,,,,A
7913,110,ca,sobre/acabat,,,,,,A
7914,110,gl,sobre/rematado,,,,,,A
7915,110,ga,thar/curtha,,,,,,A
7916,110,cy,dros/gorffen,,,,,,A
7917,110,gd,thairis/deiseil,,,,,,A
7918,110,lb,iwwer/fäerdeg,,,,,,A
7919,110,eo,super/finitaj,,,,,,A
7920,110,la,super/finitus,,,,,,A
7921,111,en,school,,,,,,A
7922,111,es,escuela,la,f,,,,A
7923,111,fr,école,l',f,,,,A
7924,111,pt,escola,a,f,,,,A
7925,111,de,Schule,die,f,,,,A
7926,111,it,scuola,la,f,,,,A
7927,111,ru,школа,,,,shkola,A
7928,111,ar,مدرسة,,,,madrasa,A
7929,111,hi,स्कूल/विद्यालय,,,,skūl/vidyālay,A
7930,111,bn,বিদ্যালয়/স্কুল,,,,bidyālaẏ/skūl,A
7931,111,ur,اسکول/مدرسہ,,,,iskūl/madrasa,A
7932,111,fa,مدرسه/مکتب,,,,madrese/maktab,A
7933,111,tr,okul,,,,,,A
7934,111,ja,学校,,,,gakkō,A
7935,111,ko,학교,,,,hakgyo,A
7936,111,zh-cn,学校,,,,xuéxiào,A
7937,111,zh-tw,學校,,,,xuéxiào,A
7938,111,vi,trường học,,,,,,A
7939,111,th,โรงเรียน,,,,roṅrīyn,A
7940,111,id,sekolah,,,,,,A
7941,111,shule,skuli,,,,,,A
7942,111,nl,school,de,f,,,,A
7943,111,pl,szkoła,,,,,,A
7944,111,uk,школа,,,,shkola,A
7945,111,el,σχολείο,,,,scholeío,A
7946,111,sv,skola,en,c,,,,A
7947,111,no,skole,,,,,,A
7948,111,da,skole,,,,,,A
7949,111,fi,koulu,,,,,,A
7950,111,cs,škola,,,,,,A
7951,111,hu,iskola,,,,,,A
7952,111,ro,școală,,,,,,A
7953,111,bg,училище/школа,,,,uchilishte/shkola,A
7954,111,sr,школа,,,,škola,A
7955,111,sk,škola,,,,,,A
7956,111,sl,šola,,,,,,A
7957,111,lt,mokykla,,,,,,A
7958,111,lv,skola,,,,,,A
7959,111,et,kool,,,,,,A
7960,111,he,בית ספר,,,,beit sefer,A
7961,111,ha,makaranta,,,,,,A
7962,111,yo,ile-iwe,,,,,,A
7963,111,ig,ụlọ akwụkwọ,,,,,,A
7964,111,am,ትምህርት ቤት,,,,təmhərt bet,A
7965,111,ti,ቤት ትምህርቲ,,,,bet təmhərti,A
7966,111,ne,विद्यालय/स्कूल,,,,vidyālay/skūl,A
7967,111,ta,பள்ளி,,,,paḷḷi,A
7968,111,te,బడి/పాఠశాల,,,,baḍi/pāṭhaśāla,A
7969,111,ml,സ്കൂൾ,,,,skūḷ,A
7970,111,mr,शाळा,,,,śāḷā,A
7971,111,pa,ਸਕੂਲ,,,,sakūl,A
7972,111,gu,શાળા,,,,śāḷā,A
7973,111,si,පාසල,,,,pāsala,A
7974,111,km,សាលារៀន,,,,saala riən,A
7975,111,is,skóli,,,,,,A
7976,111,tl,paaralan,,,,,,A
7977,111,ms,sekolah,,,,,,A
7978,111,jv,sekolah,,,,,,A
7979,111,kk,мектеп,,,,mektep,A
7980,111,uz,maktab,,,,,,A
7981,111,mn,сургууль,,,,surguuli,A
7982,111,ka,სკოლა,,,,sk'ola,A
7983,111,hy,դպրոց,,,,dproc',A
7984,111,eu,eskola,,,,,,A
7985,111,ca,escola,la,f,,,,A
7986,111,gl,escola,a,f,,,,A
7987,111,ga,scoil,,,,,,A
7988,111,cy,ysgol,,,,,,A
7989,111,gd,sgoil,,,,,,A
7990,111,lb,Schoul,d',f,,,,A
7991,111,eo,lernejo,,,,,,A
7992,111,la,ludus/schola,,,,,,A
7993,112,en,still,,,,,,A
7994,112,es,aún/todavía,,,,,,A
7995,112,fr,encore,,,,,,A
7996,112,pt,ainda,,,,,,A
7997,112,de,noch,,,,,,A
7998,112,it,ancora,,,,,,A
7999,112,ru,все еще,,,,vse yeshche,A
8000,112,ar,لا يزال,,,,lā yazāl,A
8001,112,hi,अभी भी,,,,abhī bhī,A
8002,112,bn,এখনও,,,,ekhanō,A
8003,112,ur,ابھی تک,,,,abhī tak,A
8004,112,fa,هنوز,,,,hanūz,A
8005,112,tr,hâlâ,,,,,,A
8006,112,ja,まだ,,,,mada,A
8007,112,ko,여전히/아직,,,,yeojeonhi/ajik,A
8008,112,zh-cn,仍然/还,,,,réngrán/hái,A
8009,112,zh-tw,仍然/還,,,,réngrán/hái,A
8010,112,vi,vẫn,,,,,,A
8011,112,th,ยัง,,,,yang,A
8012,112,id,masih,,,,,,A
8013,112,sw,bado,,,,,,A
8014,112,nl,nog,,,,,,A
8015,112,pl,nadal,,,,,,A
8016,112,uk,досі,,,,dosi,A
8017,112,el,ακόμα,,,,akóma,A
8018,112,sv,fortfarande,,,,,,A
8019,112,no,fortsatt,,,,,,A
8020,112,da,stadig,,,,,,A
8021,112,fi,vielä,,,,,,A
8022,112,cs,stále,,,,,,A
8023,112,hu,még,,,,,,A
8024,112,ro,încă,,,,,,A
8025,112,bg,още,,,,oshte,A
8026,112,sr,још увек,,,,još uvek,A
8027,112,sk,stále,,,,,,A
8028,112,sl,še vedno,,,,,,A
8029,112,lt,vis dar,,,,,,A
8030,112,lv,vēl joprojām,,,,,,A
8031,112,et,ikka,,,,,,A
8032,112,he,עדיין,,,,adayin,A
8033,112,ha,har yanzu,,,,,,A
8034,112,yo,síbẹ̀,,,,,,A
8035,112,ig,ka dị,,,,,,A
8036,112,am,አሁንም,,,,ahunim,A
8037,112,ti,አሁንያ,,,,ahuniya,A
8038,112,ne,अझै,,,,ajhai,A
8039,112,ta,இன்னும்,,,,iṉṉum,A
8040,112,te,ఇంకా,,,,iṅkā,A
8041,112,ml,ഇപ്പോഴും,,,,ippoḻuṁ,A
8042,112,mr,अजून,,,,ajūn,A
8043,112,pa,ਅਜੇ ਵੀ,,,,aje vī,A
8044,112,gu,હજી પણ,,,,hajī paṇ,A
8045,112,si,තවමත්,,,,tavamata,A
8046,112,km,នៅតែ,,,,nɨw tae,A
8047,112,is,enn,,,,,,A
8048,112,tl,pa rin,,,,,,A
8049,112,ms,masih,,,,,,A
8050,112,jv,isih,,,,,,A
8051,112,kk,әлі де,,,,äli de,A
8052,112,uz,hali,,,,,,A
8053,112,mn,одоо ч,,,,odoo ch,A
8054,112,ka,კვლავ,,,,k'vlav,A
8055,112,hy,դեռ,,,,der,A
8056,112,eu,oraindik,,,,,,A
8057,112,ca,encara,,,,,,A
8058,112,gl,aínda,,,,,,A
8059,112,ga,fós,,,,,,A
8060,112,cy,eto,,,,,,A
8061,112,gd,fhathast,,,,,,A
8062,112,lb,nach,,,,,,A
8063,112,eo,ankoraŭ,,,,,,A
8064,112,la,adhuc,,,,,,A
8065,113,en,to try,,,,,,A
8066,113,es,intentar/probar,,,,,,A
8067,113,fr,essayer,,,,,,A
8068,113,pt,tentar/experimentar,,,,,,A
8069,113,de,versuchen/probieren,,,,,,A
8070,113,it,provare/tentare,,,,,,A
8071,113,ru,пробовать/пытаться,,,,probovat'/pytat'sya,A
8072,113,ar,يحاول/يجرب,,,,yuḥāwil/yujarrib,A
8073,113,hi,कोशिश करना,,,,koshish karnā,A
8074,113,bn,চেষ্টা করা,,,,cheshṭā karā,A
8075,113,ur,کوشش کرنا,,,,koshish karnā,A
8076,113,fa,سعی کردن/امتحان کردن,,,,sa'ī kardan/emtehān kardan,A
8077,113,tr,denemek,,,,,,A
8078,113,ja,試す/やってみる,,,,tamesu/yatte miru,A
8079,113,ko,시도하다/노력하다,,,,sido hada/noryeok hada,A
8080,113,zh-cn,尝试/试,,,,chángshì/shì,A
8081,113,zh-tw,嘗試/試,,,,chángshì/shì,A
8082,113,vi,cố gắng/thử,,,,,,A
8083,113,th,พยายาม/ลอง,,,,phayāyām/lxng,A
8084,113,id,mencoba/berusaha,,,,,,A
8085,113,sw,kujaribu/kujaribu,,,,,,A
8086,113,nl,proberen,,,,,,A
8087,113,pl,próbować,,,,,,A
8088,113,uk,намагатися/пробувати,,,,namahatysya/probuvaty,A
8089,113,el,προσπαθώ/δοκιμάζω,,,,prospathó/dokimázo,A
8090,113,sv,försöka,,,,,,A
8091,113,no,prøve,,,,,,A
8092,113,da,forsøge,,,,,,A
8093,113,fi,yrittää/kokeilla,,,,,,A
8094,113,cs,zkusit,,,,,,A
8095,113,hu,próbál/kísérlet,,,,,,A
8096,113,ro,a încerca,,,,,,A
8097,113,bg,опитам/опитвам се,,,,opitam/opitvam se,A
8098,113,sr,покушати/пробати,,,,pokušati/probati,A
8099,113,sk,skúsiť,,,,,,A
8100,113,sl,poskusiti,,,,,,A
8101,113,lt,bandyti,,,,,,A
8102,113,lv,mēģināt,,,,,,A
8103,113,et,proovima/üritama,,,,,,A
8104,113,he,לנסות,,,,lin'sot,A
8105,113,ha,gwada,,,,,,A
8106,113,yo,gbiyanju,,,,,,A
8107,113,ig,gbalịa,,,,,,A
8108,113,am,ለመሞከር,,,,ləmämokär,A
8109,113,ti,ክሽተት,,,,kəshətät,A
8110,113,ne,प्रयास गर्नु,,,,prayās garnu,A
8111,113,ta,முயற்சி செய்,,,,muyaṟci cey,A
8112,113,te,ప్రయత్నించండి/ప్రయత్నించు,,,,prayatniñcaṇḍi/prayatniñcu,A
8113,113,ml,ശ്രമിക്കുക,,,,śramikkuka,A
8114,113,mr,प्रयत्न करा/प्रयत्न करणे,,,,prayatna karā/prayatna karaṇe,A
8115,113,pa,ਕੋਸ਼ਿਸ਼ ਕਰੋ,,,,kōśiś karo,A
8116,113,gu,પ્રયત્ન કરો,,,,prayatna karo,A
8117,113,si,ප්රයත්නය කරන්න/උත්සාහ කරන්න,,,,prayatnaya karanna/utsāha karanna,A
8118,113,km,ព្យាយាម/សាកល្បង,,,,pyieyam/saklbɑng,A
8119,113,is,reyna,,,,,,A
8120,113,tl,subukan,,,,,,A
8121,113,ms,cuba,,,,,,A
8122,113,jv,njoba/njajal,,,,,,A
8123,113,kk,тырысу/байқау,,,,tırysı/baıqaý,A
8124,113,uz,urinmoq/sinab ko'rmoq,,,,,,A
8125,113,mn,оролдох/турших,,,,oroldokh/turshikh,A
8126,113,ka,ცდილობს,,,,tsdilobs,A
8127,113,hy,փորձել,,,,p'orjel,A
8128,113,eu,saiatu,,,,,,A
8129,113,ca,intentar/provar,,,,,,A
8130,113,gl,intentar/probar,,,,,,A
8131,113,ga,bain triail as,,,,,,A
8132,113,cy,ceisio/rhoi cynnig ar,,,,,,A
8133,113,gd,feuchainn/fèuch,,,,,,A
8134,113,lb,probéieren,,,,,,A
8135,113,eo,provi,,,,,,A
8136,113,la,temptare/conari,,,,,,A
8137,114,en,in,,,,,,A
8138,114,es,en,,,,,,A
8139,114,fr,dans/en,,,,,,A
8140,114,pt,em/no,,,,,,A
8141,114,de,in,,,,,,A
8142,114,it,in/nel,,,,,,A
8143,114,ru,в,,,,v,A
8144,114,ar,في,,,,fī,A
8145,114,hi,में,,,,mẽ,A
8146,114,bn,ভিতরে/মধ্যে,,,,bhitorẏe/moddhẏe,A
8147,114,ur,میں,,,,mẽ,A
8148,114,fa,در/درون,,,,dar/darun,A
8149,114,tr,içinde/-de/-da,,,,,,A
8150,114,ja,中に/で,,,,naka ni/de,A
8151,114,ko,안에/에서,,,,ane/eseo,A
8152,114,zh-cn,在...里,,,,zài... lǐ,A
8153,114,zh-tw,在...裡,,,,zài... lǐ,A
8154,114,vi,trong/ở trong,,,,,,A
8155,114,th,ใน,,,,nı,A
8156,114,id,dalam,,,,,,A
8157,114,sw,katika/ndani,,,,,,A
8158,114,nl,in,,,,,,A
8159,114,pl,w,,,,,,A
8160,114,uk,в,,,,v,A
8161,114,el,σε/μέσα,,,,se/mésa,A
8162,114,sv,i,,,,,,A
8163,114,no,i,,,,,,A
8164,114,da,i,,,,,,A
8165,114,fi,-ssa/-ssä,,,,,,A
8166,114,cs,v,,,,,,A
8167,114,hu,-ban/-ben,,,,,,A
8168,114,ro,în,,,,,,A
8169,114,bg,в,,,,v,A
8170,114,sr,у/унутра,,,,u/unutra,A
8171,114,sk,v,,,,,,A
8172,114,sl,v,,,,,,A
8173,114,lt,į/ viduje,,,,,,A
8174,114,lv,iekšā,,,,,,A
8175,114,et,-s,,,,,,A
8176,114,he,ב...,,b...,A
8177,114,ha,a cikin,,,,,,A
8178,114,yo,nínú,,,,,,A
8179,114,ig,na,,,,,,A
8180,114,am,ውስጥ,,,,wəsṭ,A
8181,114,ti,ኣብ ውሽጢ,,,,ab wəshṭi,A
8182,114,ne,भित्र,,,,bhitra,A
8183,114,ta,உள்ளே/இல்,,,,uḷḷē/il,A
8184,114,te,లోపల,,,,lōpala,A
8185,114,ml,ഉള്ളിൽ/ഇൻ,,,,uḷḷil/in,A
8186,114,mr,मध्ये,,,,madhye,A
8187,114,pa,ਵਿੱਚ,,,,vicc,A
8188,114,gu,માં,,,,māṁ,A
8189,114,si,ඇතුළත,,,,ætuḷata,A
8190,114,km,ក្នុង,,,,knong,A
8191,114,is,í,,,,,,A
8192,114,tl,sa,,,,,,A
8193,114,ms,dalam,,,,,,A
8194,114,jv,ing,,,,,,A
8195,114,kk,ішінде/ішінде,,,,işinde/işinde,A
8196,114,uz,ichida,,,,,,A
8197,114,mn,дотор/доторх,,,dotor/dotorkh,A
8198,114,ga,在,ro,,,,A
8199,114,hy,ում,,,,um,A
8200,114,eu,barruan,,,,,,A
8201,114,ca,a/en,,,,,,A
8202,114,gl,en/no,,,,,,A
8203,114,ga,i,,,,,,A
8204,114,cy,mewn,,,,,,A
8205,114,gd,ann an/a-steach,,,,,,A
8206,114,lb,am/an,,,,,,A
8207,114,eo,en,,,,,,A
8208,114,la,in,,,,,,A
8209,115,en,last,,,,,,A
8210,115,es,último/última,,,,,,A
8211,115,fr,dernier/dernière,,,,,,A
8212,115,pt,último/última,,,,,,A
8213,115,de,letzte,,,,,,A
8214,115,it,ultimo/ultima,,,,,,A
8215,115,ru,последний,,,,posledniy,A
8216,115,ar,آخر,,,,ākhir,A
8217,115,hi,आखिरी/पिछला,,,,ākhirī/pichhlā,A
8218,115,bn,শেষ/চূড়ান্ত,,,,śeṣ/cuṛānta,A
8219,115,ur,آخری/گزشتہ,,,,ākhirī/guzashtā,A
8220,115,fa,آخرین/پیشین,,,,ākharin/pishin,A
8221,115,tr,son/geçen,,,,,,A
8222,115,ja,最後の/前の,,,,saigo no/mae no,A
8223,115,ko,마지막/지난,,,,majimag/jinan,A
8224,115,zh-cn,最后的/上一个,,,,zuìhòu de/shàng yī gè,A
8225,115,zh-tw,最後的/上一個,,,,zuìhòu de/shàng yī gè,A
8226,115,vi,cuối cùng/trước,,,,,,A
8227,115,th,สุดท้าย/ที่แล้ว,,,,s̄udtĥāy/thī̀ læ̂w,A
8228,115,id,terakhir/sebelumnya,,,,,,A
8229,115,sw,ya mwisho,,,,,,A
8230,115,nl,laatste/verleden,,,,,,A
8231,115,pl,ostatni/zeszły,,,,,,A
8232,115,uk,останній/минулий,,,,ostanniy/mynulyi,A
8233,115,el,τελευταίος/προηγούμενος,,,,telefteíos/proïgoúmenos,A
8234,115,sv,sista/senaste,,,,,,A
8235,115,no,siste/forrige,,,,,,A
8236,115,da,sidste/forrige,,,,,,A
8237,115,fi,viimeinen/edellinen,,,,,,A
8238,115,cs,poslední/minulý,,,,,,A
8239,115,hu,utolsó/előző,,,,,,A
8240,115,ro,ultim/trecut,,,,,,A
8241,115,bg,последен/минал,,,,posleden/minal,A
8242,115,sr,последњи/претходни,,,,poslednji/prethodni,A
8243,115,sk,posledný/minulý,,,,,,A
8244,115,sl,zadnji/prejšnji,,,,,,A
8245,115,lt,paskutinis/praeitas,,,,,,A
8246,115,lv,pēdējais/iepriekšējais,,,,,,A
8247,115,et,viimane/eelmine,,,,,,A
8248,115,he,אחרון/קודם,,,,acharon/kodem,A
8249,115,ha,na ƙarshe/na baya,,,,,,A
8250,115,yo,àkókò tó kẹ́yìn/èyí tó kọjá,,,,,,A
8251,115,ig,ikpeazụ/ gara aga,,,,,,A
8252,115,am,መጨረሻ/ባለፈው,,,,mäč̣äräsha/bäläfäw,A
8253,115,ti,ናይ መወዳእታ/ቀደምት,,,,nay mäwäda'ta/ḳädəmt,A
8254,115,ne,अन्तिम/अघिल्लो,,,,antima/aghillo,A
8255,115,ta,கடைசி/கடந்த,,,,kaṭaici/kaṭanta,A
8256,115,te,చివరి/గత,,,,civari/gata,A
8257,115,ml,അവസാനത്തെ/കഴിഞ്ഞ,,,,avasānatte/kaḻiñña,A
8258,115,mr,शेवटचा/गेलेला,,,,śevaṭcā/gelelā,A
8259,115,pa,ਆਖਰੀ/ਪਿਛਲਾ,,,,ākharī/pichhalā,A
8260,115,gu,છેલ્લું/ગયું,,,,chelluṁ/gayuṁ,A
8261,115,si,අවසන්/පසුගිය,,,,avasan/pasugiya,A
8262,115,km,ចុងក្រោយ/កាលពីមុន,,,,chong kraoy/kaal pii mun,A
8263,115,is,síðasti/síðastliðinn,,,,,,A
8264,115,tl,huli/naunang,,,,,,A
8265,115,ms,terakhir/lepas,,,,,,A
8266,115,jv,pungkasan/kapungkur,,,,,,A
8267,115,kk,соңғы/өткен,,,,soñğı/ötken,A
8268,115,uz,oxirgi/o'tgan,,,,,,A
8269,115,mn,сүүлчийн/өнгөрсөн,,,,süülchiin/öngörsön,A
8270,115,ka,ბოლო/გასული,,,,bolo/gasuli,A
8271,115,hy,վերջին/նախորդ,,,,verjin/nakhord,A
8272,115,eu,azken/aurreko,,,,,,A
8273,115,ca,darrer/últim,,,,,,A
8274,115,gl,último/pasado,,,,,,A
8275,115,ga,seo caite/deireanach,,,,,,A
8276,115,cy,olaf/diwethaf,,,,,,A
8277,115,gd,mu dheireadh/an uair dheireannach,,,,,,A
8278,115,lb,leschte/vergaangen,,,,,,A
8279,115,eo,lasta/pasinta,,,,,,A
8280,115,la,ultimus/prior,,,,,,A
8281,116,en,to ask,,,,,,A
8282,116,es,preguntar,,,,,,A
8283,116,fr,demander,,,,,,A
8284,116,pt,pedir/perguntar,,,,,,A
8285,116,de,fragen/bitten,,,,,,A
8286,116,it,chiedere/domandare,,,,,,A
8287,116,ru,спрашивать/просить,,,,sprashivat'/prosit',A
8288,116,ar,يسأل/يطلب,,,,yas'al/yaṭlub,A
8289,116,hi,पूछना,,,,pūchnā,A
8290,116,bn,জিজ্ঞাসা করা,,,,jijñāsā karā,A
8291,116,ur,پوچھنا,,,,pūchnā,A
8292,116,fa,پرسیدن/درخواست کردن,,,,porsidan/darkhāst kardan,A
8293,116,tr,sormak/istemek,,,,,,A
8294,116,ja,聞く/頼む,,,,kiku/tanomu,A
8295,116,ko,묻다/부탁하다,,,,mutda/butak hada,A
8296,116,zh-cn,问/请求,,,,wèn/qǐngqiú,A
8297,116,zh-tw,問/請求,,,,wèn/qǐngqiú,A
8298,116,vi,hỏi/yêu cầu,,,,,,A
8299,116,th,ถาม/ขอ,,,,t̄hām/k̄hx,A
8300,116,id,bertanya/meminta,,,,,,A
8301,116,sw,kuuliza/omba,,,,,,A
8302,116,nl,vragen,,,,,,A
8303,116,pl,pytać/prosić,,,,,,A
8304,116,uk,питати/просити,,,,pytaty/prosyty,A
8305,116,el,ρωτάω/ζητάω,,,,rotáo/zitáo,A
8306,116,sv,fråga/be,,,,,,A
8307,116,no,spørre/be,,,,,,A
8308,116,da,spørge/bede,,,,,,A
8309,116,fi,kysyä/pyytää,,,,,,A
8310,116,cs,zeptat se/žádat,,,,,,A
8311,116,hu,kérdezni/kérni,,,,,,A
8312,116,ro,a întreba/a cere,,,,,,A
8313,116,bg,питам/моля,,,,pitam/molya,A
8314,116,sr,питати/тражити,,,,pitati/tražiti,A
8315,116,sk,opýtať sa/žiadať,,,,,,A
8316,116,sl,vprašati/prositi,,,,,,A
8317,116,lt,klausti/prašyti,,,,,,A
8318,116,lv,jautāt/lūgt,,,,,,A
8319,116,et,küsima/paluma,,,,,,A
8320,116,he,לשאול/לבקש,,,,lish'ol/levakesh,A
8321,116,ha,tambaya/nema,,,,,,A
8322,116,yo,beere,,,,,,A
8323,116,ig,jụọ/rịọ,,,,,,A
8324,116,am,ጠየቀ/ለመጠየቅ,,,,ṭäyäḳä/lämäṭäyäḳ,A
8325,116,ti,ሕተት,,,,ḥətät,A
8326,116,ne,सोध्नु/माग्नु,,,,sodhnu/māgnu,A
8327,116,ta,கேள்/கேட்டுக்கொள்,,,,kēḷ/kēṭṭukkoḷ,A
8328,116,te,అడగండి/కోరండి,,,,aḍagaṇḍi/kōraṇḍi,A
8329,116,ml,ചോദിക്കുക/അഭ്യർത്ഥിക്കുക,,,,cōdikkuka/abhyart'thikkuka,A
8330,116,mr,विचारणे/मागणे,,,,vicāraṇe/māgaṇe,A
8331,116,pa,ਪੁੱਛੋ/ਮੰਗੋ,,,,puccho/maṅgo,A
8332,116,gu,પૂછો/વિનંતી કરો,,,,pūcho/vinantī karo,A
8333,116,si,අහන්න/ඉල්ලන්න,,,,ahanna/illanna,A
8334,116,km,សួរ/សុំ,,,,suə/som,A
8335,116,is,spyrja/biðja,,,,,,A
8336,116,tl,magtanong/humingi,,,,,,A
8337,116,ms,tanya/minta,,,,,,A
8338,116,jv,takok/nyuwun,,,,,,A
8339,116,kk,сұрау/өтіну,,,,suraý/ötinu,A
8340,116,uz,so'ramoq/iltimos qilmoq,,,,,,A
8341,116,mn,асуух/хүсэх,,,,asuukh/khusekh,A
8342,116,ga,კითხვა/მოთხოვნა,,,,kit'qva/motkhovna,A
8343,116,hy,հարցնել/խնդրել,,,,harts'nel/khndrel,A
8344,116,eu,galdetu/eskatu,,,,,,A
8345,116,ca,preguntar/demanar,,,,,,A
8346,116,gl,preguntar/pedir,,,,,,A
8347,116,ga,iarr/a fhiafraigh de,,,,,,A
8348,116,cy,gofyn,,,,,,A
8349,116,gd,faighnich/iarr,,,,,,A
8350,116,lb,froen/bieden,,,,,,A
8351,116,eo,demandi,,,,,,A
8352,116,la,rogare/interrogare,,,,,,A
8353,117,en,to need,,,,,,A
8354,117,es,necesitar,,,,,,A
8355,117,fr,avoir besoin de,,,,,,A
8356,117,precisar de,necessitar,,,,,,A
8357,117,de,brauchen/benötigen,,,,,,A
8358,117,it,avere bisogno di,,,,,,A
8359,117,ru,нуждаться/требоваться,,,,nuzhdat'sya/trebovat'sya,A
8360,117,ar,يحتاج,,,,yaḥtāj,A
8361,117,hi,ज़रूरत होना,,,,zarūrat honā,A
8362,117,bn,প্রয়োজন,,,,proẏojon,A
8363,117,ur,ضرورت ہونا,,,,zarūrat honā,A
8364,117,fa,نیاز داشتن/لازم داشتن,,,,niyāz dāshtan/lāzem dāshtan,A
8365,117,tr,ihtiyaç duymak/gerekmek,,,,,,A
8366,117,ja,必要とする/要る,,,,hitsuyō to suru/iru,A
8367,117,ko,필요하다,,,,piryohada,A
8368,117,zh-cn,需要,,,,xūyào,A
8369,117,zh-tw,需要,,,,xūyào,A
8370,117,vi,cần,,,,,,A
8371,117,th,ต้องการ,,,,t̂xngkār,A
8372,117,id,perlu/membutuhkan,,,,,,A
8373,117,sw,kuhitaji,,,,,,A
8374,117,nl,nodig hebben,,,,,,A
8375,117,pl,potrzebować,,,,,,A
8376,117,uk,потрібно/потребувати,,,,potribno/potrebuvaty,A
8377,117,el,χρειάζομαι,,,,chreiázomai,A
8378,117,sv,behöva,,,,,,A
8379,117,no,trenge,,,,,,A
8380,117,da,behøve,,,,,,A
8381,117,fi,tarvita,,,,,,A
8382,117,cs,potřebovat,,,,,,A
8383,117,hu,szüksége van/kell,,,,,,A
8384,117,ro,a avea nevoie de,,,,,,A
8385,117,bg,имам нужда/се нуждая,,,,imam nuzhda/se nuzhdaya,A
8386,117,sr,треба/потребно,,,,treba/potrebno,A
8387,117,sk,potrebovať,,,,,,A
8388,117,sl,potrebovati,,,,,,A
8389,117,lt,reikėti,,,,,,A
8390,117,lv,vajadzēt,,,,,,A
8391,117,et,vajama,,,,,,A
8392,117,he,צריך,,,,tsarikh,A
8393,117,ha,bukata,,,,,,A
8394,117,yo,nilọ,,,,,,A
8395,117,ig,chọrọ,,,,,,A
8396,117,am,መፈልጥ,,,,mäfälṭ,A
8397,117,ti,ኣገደስቲ,,,,agädästi,A
8398,117,ne,आवश्यक पर्नु,,,,āvaśyak parnu,A
8399,117,ta,தேவை,,,,tēvai,A
8400,117,te,అవసరం,,,,avasaraṁ,A
8401,117,ml,ആവശ്യമാണ്,,,,āvaśyamāṇ,A
8402,117,mr,गरज/आवश्यक आहे,,,,garaj/āvaśyak āhe,A
8403,117,pa,ਲੋੜ ਹੈ,,,,lōṛ hai,A
8404,117,gu,જરૂર છે,,,,jarūr che,A
8405,117,si,අවශ්යයි,,,,avaśyayi,A
8406,117,km,ត្រូវការ,,,,trov kar,A
8407,117,is,þurfa,,,,,,A
8408,117,tl,kailangan,,,,,,A
8409,117,ms,perlu,,,,,,A
8410,117,jv,butuh,,,,,,A
8411,117,kk,қажет болу,,,,qajet bolu,A
8412,117,uz,kerak bo'lmoq,,,,,,A
8413,117,mn,хэрэгтэй,,,,kheregtei,A
8414,117,ga,საჭიროება,,,,sach'iroeba,A
8415,117,hy,պետք լինել,,,,petk' linel,A
8416,117,eu,behar izan,,,,,,A
8417,117,ca,necessitar,,,,,,A
8418,117,gl,necesitar,,,,,,A
8419,117,ga,is gá,,,,,,A
8420,117,cy,angen/angen,,,,,,A
8421,117,gd,feum air,,,,,,A
8422,117,lb,brauchen,,,,,,A
8423,117,eo,bezoni,,,,,,A
8424,117,la,egere/opus esse,,,,,,A
8425,118,en,too,,,,,,A
8426,118,es,también/demasiado,,,,,,A
8427,118,fr,aussi/trop,,,,,,A
8428,118,pt,também/demais,,,,,,A
8429,118,de,auch/zu,,,,,,A
8430,118,it,anche/troppo,,,,,,A
8431,118,ru,тоже/слишком,,,,tozhe/slishkom,A
8432,118,ar,أيضاً/كثيراً,,,,ayḍan/kathīran,A
8433,118,hi,भी/बहुत ज्यादा,,,,bhī/bahut jyādā,A
8434,118,bn,এছাড়াও/অত্যধিক,,,,echāṛāō/atyadhik,A
8435,118,ur,بھی/بہت زیادہ,,,,bhī/bahut ziyādā,A
8436,118,fa,هم/خیلی زیاد,,,,ham/kheili ziyād,A
8437,118,tr,de/da/fazla,,,,,,A
8438,118,ja,も/すぎる,,,,mo/sugiru,A
8439,118,ko,도/너무,,,,do/neomu,A
8440,118,zh-cn,也/太,,,,yě/tài,A
8441,118,zh-tw,也/太,,,,yě/tài,A
8442,118,vi,cũng/quá,,,,,,A
8443,118,th,ด้วย/เกินไป,,,,d̂wy/kein pị,A
8444,118,id,juga/terlalu,,,,,,A
8445,118,sw,pia/sana,,,,,,A
8446,118,nl,ook/te,,,,,,A
8447,118,pl,też/za,,,,,,A
8448,118,uk,теж/занадто,,,,tezh/zanadto,A
8449,118,el,επίσης/πολύ,,,,epísis/polý,A
8450,118,sv,också/för,,,,,,A
8451,118,no,også/for,,,,,,A
8452,118,da,også/for,,,,,,A
8453,118,fi,myös/liian,,,,,,A
8454,118,cs,také/příliš,,,,,,A
8455,118,hu,is/túl,,,,,,A
8456,118,ro,de asemenea/prea,,,,,,A
8457,118,bg,също/твърде,,,,sŭshto/tvŭrde,A
8458,118,sr,такође/превише,,,,takođe/previše,A
8459,118,sk,tiež/príliš,,,,,,A
8460,118,sl,tudi/preveč,,,,,,A
8461,118,lt,taip pat/per,,,,,,A
8462,118,lv,arī/pārāk,,,,,,A
8463,118,et,ka/liiga,,,,,,A
8464,118,he,גם/יותר מדי,,,,gam/yoter midi,A
8465,118,ha,ma/sosai,,,,,,A
8466,118,yo,pẹlu/jù,,,,,,A
8467,118,ig,kwa/ọzịkwa,,,,,,A
8468,118,am,እንዲሁም/በጣም,,,,əndihum/bätam,A
8469,118,ti,እውነት/ብልጽግና,,,,əwnät/bəlṣəgna,A
8470,118,ne,पनि/धेरै,,,,pani/dherai,A
8471,118,ta,கூட/மிகவும்,,,,kūṭa/mikavum,A
8472,118,te,కూడా/చాలా,,,,kūḍā/cālā,A
8473,118,ml,കൂടെ/വളരെ,,,,kūṭe/vaḷare,A
8474,118,mr,ही/खूप,,,,hī/khūp,A
8475,118,pa,ਵੀ/ਬਹੁਤ,,,,vī/bahut,A
8476,118,gu,પણ/ખૂબ,,,,paṇ/khūb,A
8477,118,si,ද/ඉතා,,,,da/itā,A
8478,118,km,ក៏/ពេក,,,,kɑ/peak,A
8479,118,is,of/einnig,,,,,,A
8480,118,tl,rin/sobra,,,,,,A
8481,118,ms,juga/terlalu,,,,,,A
8482,118,jv,uwo/keluwihan,,,,,,A
8483,118,kk,да/тым,,,,da/tım,A
8484,118,uz,ham/juda,,,,,,A
8485,118,mn,бас/хэт,,,,bas/khet,A
8486,118,ga,აგრეთვე/ძალიან,,,,agretve/dzalian,A
8487,118,hy,նաև/չափազանց,,,,naev/ch'ap'azants',A
8488,118,eu,ere/gehiegi,,,,,,A
8489,118,ca,també/massa,,,,,,A
8490,118,gl,tamén/denais,,,,,,A
8491,118,ga,freisin/ró,,,,,,A
8492,118,cy,hefyd/rhy,,,,,,A
8493,118,gd,cuideachd/ro,,,,,,A
8494,118,lb,och/ze vill,,,,,,A
8495,118,eo,ankaŭ/tro,,,,,,A
8496,118,la,etiam/nimis,,,,,,A
8497,119,en,to feel,,,,,,A
8498,119,es,sentir,,,,,,A
8499,119,fr,ressentir/sentir,,,,,,A
8500,119,pt,sentir,,,,,,A
8501,119,de,fühlen/empfinden,,,,,,A
8502,119,it,sentire,,,,,,A
8503,119,ru,чувствовать,,,,chuvstvovat',A
8504,119,ar,يشعر,,,,yushʿur,A
8505,119,hi,महसूस करना,,,,mahasūs karnā,A
8506,119,bn,অনুভব করা,,,,onubhob karā,A
8507,119,ur,محسوس کرنا,,,,mehsūs karnā,A
8508,119,fa,احساس کردن,,,,eḥsās kardan,A
8509,119,tr,hissetmek,,,,,,A
8510,119,ja,感じる,,,,kanjiru,A
8511,119,ko,느끼다,,,,neukkida,A
8512,119,zh-cn,感觉,,,,gǎnjué,A
8513,119,zh-tw,感覺,,,,gǎnjué,A
8514,119,vi,cảm thấy,,,,,,A
8515,119,th,รู้สึก,,,,rū̂s̄ụk,A
8516,119,id,merasakan,,,,,,A
8517,119,sw,kuhisi,,,,,,A
8518,119,nl,voelen,,,,,,A
8519,119,pl,czuć,,,,,,A
8520,119,uk,відчувати,,,,vidchuvaty,A
8521,119,el,νιώθω/αισθάνομαι,,,,niótho/aisthánomai,A
8522,119,sv,känna,,,,,,A
8523,119,no,føle,,,,,,A
8524,119,da,føle,,,,,,A
8525,119,fi,tuntea,,,,,,A
8526,119,cs,cítit,,,,,,A
8527,119,hu,érez,,,,,,A
8528,119,ro,a simți,,,,,,A
8529,119,bg,чувствам/усещам,,,,chuvstvam/useshtam,A
8530,119,sr,осећати,,,,osećati,A
8531,119,sk,cítiť,,,,,,A
8532,119,sl,čutiti,,,,,,A
8533,119,lt,justi,,,,,,A
8534,119,lv,just,,,,,,A
8535,119,et,tundma,,,,,,A
8536,119,he,להרגיש,,,,lehargish,A
8537,119,ha,ji,,,,,,A
8538,119,yo,lèrò láàyè,,,,,,A
8539,119,ig,chee,,,,,,A
8540,119,am,ስሜት መቀበል,,,,səmet mäḳäbäl,A
8541,119,ti,ስምዒት ምሕላፍ,,,,səm'i't məḥlaf,A
8542,119,ne,महसुस गर्नु,,,,mahasus garnu,A
8543,119,ta,உணர்,,,,uṇar,A
8544,119,te,అనుభవించండి/ఫీల్ చేయండి,,,,anubhaviñcaṇḍi/phīl cēyaṇḍi,A
8545,119,ml,അനുഭവിക്കുക,,,,anubhavikkuka,A
8546,119,mr,वाटणे/जाणवणे,,,,vāṭaṇe/jāṇavaṇe,A
8547,119,pa,ਮਹਿਸੂਸ ਕਰੋ,,,,mahisūs karo,A
8548,119,gu,અનુભવ કરો,,,,anubhav karo,A
8549,119,si,හැඟෙනවා/අනුභව කරන්න,,,,hæghenavā/anubhava karanna,A
8550,119,km,រស់វិញ្ញាណ/មានអារម្មណ៍,,,,rŏs vinhean/mean arom,A
8551,119,is,finnast,,,,,,A
8552,119,tl,maramdaman,,,,,,A
8553,119,ms,merasakan,,,,,,A
8554,119,jv,ngrasakake,,,,,,A
8555,119,kk,сезіну,,,,sezinu,A
8556,119,uz,hiss qilmoq,,,,,,A
8557,119,mn,мэдрэх,,,,medrekh,A
8558,119,ga,გრძნობა,,,,grdznoba,A
8559,119,hy,զգալ,,,,zgal,A
8560,119,eu,sentitu,,,,,,A
8561,119,ca,sentir,,,,,,A
8562,119,gl,sentir,,,,,,A
8563,119,ga,braith/mothaigh,,,,,,A
8564,119,cy,teimlo,,,,,,A
8565,119,gd,faireachdainn/ mothachadh,,,,,,A
8566,119,lb,fillen,,,,,,A
8567,119,eo,senti,,,,,,A
8568,119,la,sentire,,,,,,A
8569,120,en,three,,,,,,A
8570,120,es,tres,,,,,,A
8571,120,fr,trois,,,,,,A
8572,120,pt,três,,,,,,A
8573,120,de,drei,,,,,,A
8574,120,it,tre,,,,,,A
8575,120,ru,три,,,,tri,A
8576,120,ar,ثلاثة,,,,thalāthah,A
8577,120,hi,तीन,,,,tīn,A
8578,120,bn,তিন,,,,tin,A
8579,120,ur,تین,,,,tīn,A
8580,120,fa,سه,,,,seh,A
8581,120,tr,üç,,,,,,A
8582,120,ja,三,,,,san,A
8583,120,ko,셋/삼,,,,set/sam,A
8584,120,zh-cn,三,,,,sān,A
8585,120,zh-tw,三,,,,sān,A
8586,120,vi,ba,,,,,,A
8587,120,th,สาม,,,,s̄ām,A
8588,120,id,tiga,,,,,,A
8589,120,sw,tatu,,,,,,A
8590,120,nl,drie,,,,,,A
8591,120,pl,trzy,,,,,,A
8592,120,uk,три,,,,try,A
8593,120,el,τρία,,,,tría,A
8594,120,sv,tre,,,,,,A
8595,120,no,tre,,,,,,A
8596,120,da,tre,,,,,,A
8597,120,fi,kolme,,,,,,A
8598,120,cs,tři,,,,,,A
8599,120,hu,három,,,,,,A
8600,120,ro,trei,,,,,,A
8601,120,bg,три,,,,tri,A
8602,120,sr,три,,,,tri,A
8603,120,sk,tri,,,,,,A
8604,120,sl,tri,,,,,,A
8605,120,lt,trys,,,,,,A
8606,120,lv,trīs,,,,,,A
8607,120,et,kolm,,,,,,A
8608,120,he,שלוש,,,,shalosh,A
8609,120,ha,uku,,,,,,A
8610,120,yo,ẹta,,,,,,A
8611,120,ig,atọ,,,,,,A
8612,120,am,ሶስት,,,,sost,A
8613,120,ti,ሰለስተ,,,,sälästä,A
8614,120,ne,तीन,,,,tīn,A
8615,120,ta,மூன்று,,,,mūṉṟu,A
8616,120,te,మూడు,,,,mūḍu,A
8617,120,ml,മൂന്ന്,,,,mūnn,A
8618,120,mr,तीन,,,,tīn,A
8619,120,pa,ਤਿੰਨ,,,,tinn,A
8620,120,gu,ત્રણ,,,,traṇ,A
8621,120,si,තුන,,,,tuna,A
8622,120,km,បី,,,,bəy,A
8623,120,is,þrjú,,,,,,A
8624,120,tl,tatlo,,,,,,A
8625,120,ms,tiga,,,,,,A
8626,120,jv,telu,,,,,,A
8627,120,kk,үш,,,,üsh,A
8628,120,uz,uch,,,,,,A
8629,120,mn,гурав,,,,gurav,A
8630,120,ga,სამი,,,,sami,A
8631,120,hy,երեք,,,,yerek',A
8632,120,eu,hiru,,,,,,A
8633,120,ca,tres,,,,,,A
8634,120,gl,tres,,,,,,A
8635,120,ga,trí,,,,,,A
8636,120,cy,tri,,,,,,A
8637,120,gd,trì,,,,,,A
8638,120,lb,dräi,,,,,,A
8639,120,eo,tri,,,,,,A
8640,120,la,tres,,,,,,A
8641,121,en,when,,,,,,A
8642,121,es,cuándo/cuando,,,,,,A
8643,121,fr,quand,,,,,,A
8644,121,pt,quando,,,,,,A
8645,121,de,wann,,,,,,A
8646,121,it,quando,,,,,,A
8647,121,ru,когда,,,,kogda,A
8648,121,ar,متى/عندما,,,,matā/ʿindamā,A
8649,121,hi,कब,,,,kab,A
8650,121,bn,কখন,,,,kokhon,A
8651,121,ur,کب,,,,kab,A
8652,121,fa,کی/وقتی,,,,key/vaqti,A
8653,121,tr,ne zaman,,,,,,A
8654,121,ja,いつ,,,,itsu,A
8655,121,ko,언제,,,,eonje,A
8656,121,zh-cn,什么时候,,,,shénme shíhòu,A
8657,121,zh-tw,什麼時候,,,,shénme shíhòu,A
8658,121,vi,khi nào,,,,,,A
8659,121,th,เมื่อไร/เมื่อไหร่,,,,meụ̄̀x rị/meụ̄̀x h̄ịr̀,A
8660,121,id,kapan/ketika,,,,,,A
8661,121,sw,lini/wakati,,,,,,A
8662,121,nl,wanneer,,,,,,A
8663,121,pl,kiedy,,,,,,A
8664,121,uk,коли,,,,koly,A
8665,121,el,πότε,,,,póte,A
8666,121,sv,när,,,,,,A
8667,121,no,når,,,,,,A
8668,121,da,når,,,,,,A
8669,121,fi,kun/milloin,,,,,,A
8670,121,cs,kdy,,,,,,A
8671,121,hu,amikor/mikor,,,,,,A
8672,121,ro,când,,,,,,A
8673,121,bg,кога,,,,koga,A
8674,121,sr,када,,,,kada,A
8675,121,sk,kedy,,,,,,A
8676,121,sl,kdaj,,,,,,A
8677,121,lt,kada,,,,,,A
8678,121,lv,kad,,,,,,A
8679,121,et,millal,,,,,,A
8680,121,he,מתי,,,,matay,A
8681,121,ha,yaushe,,,,,,A
8682,121,yo,nígbà wo,,,,,,A
8683,121,ig,mgbe ole,,,,,,A
8684,121,am,ስንት ጊዜ,,,,sənt gize,A
8685,121,ti,ምዕራፍ,,,,mə'raf,A
8686,121,ne,कहिले,,,,kahile,A
8687,121,ta,எப்போது,,,,eppōtu,A
8688,121,te,ఎప్పుడు,,,,eppuḍu,A
8689,121,ml,എപ്പോൾ,,,,eppōḷ,A
8690,121,mr,कधी,,,,kadhī,A
8691,121,pa,ਕਦੋਂ,,,,kadō̃,A
8692,121,gu,ક્યારે,,,,kyāre,A
8693,121,si,කවදා,,,,kavadā,A
8694,121,km,ពេលណា,,,,pel na,A
8695,121,is,hvenær,,,,,,A
8696,121,tl,kailan,,,,,,A
8697,121,ms,bila/apabila,,,,,,A
8698,121,jv,kapan,,,,,,A
8699,121,kk,қашан,,,,qaşan,A
8700,121,uz,qachon,,,,,,A
8701,121,mn,хэзээ,,,,khezee,A
8702,121,ka,როდის,,,,rodis,A
8703,121,hy,երբ,,,,yerb,A
8704,121,eu,noiz,,,,,,A
8705,121,ca,quan,,,,,,A
8706,121,gl,cando,,,,,,A
8707,121,ga,cathain/cá huair,,,,,,A
8708,121,cy,pryd,,,,,,A
8709,121,gd,cuin,,,,,,A
8710,121,lb,wann,,,,,,A
8711,121,eo,kiam,,,,,,A
8712,121,la,quando,,,,,,A
8713,122,en,state,,,,,,A
8714,122,es,estado,el,m,,,,A
8715,122,fr,état,l',m,,,,A
8716,122,pt,estado,o,m,,,,A
8717,122,de,Staat,der,m,,,,A
8718,122,it,stato,lo,m,,,,A
8719,122,ru,государство/состояние,,,,gosudarstvo/sostoyanie,A
8720,122,ar,ولاية/حالة,,,,wilāyah/ḥālah,A
8721,122,hi,राज्य/अवस्था,,,,rājya/avasthā,A
8722,122,bn,রাষ্ট্র/অবস্থা,,,,rāṣṭra/abasthā,A
8723,122,ur,ریاست/حالت,,,,riyāsat/hālat,A
8724,122,fa,ایالت/حالت,,,,eyālat/hālat,A
8725,122,tr,devlet/durum,,,,,,A
8726,122,ja,州/状態,,,,shū/jōtai,A
8727,122,ko,주/상태,,,,ju/sangtae,A
8728,122,zh-cn,州/状态,,,,zhōu/zhuàngtài,A
8729,122,zh-tw,州/狀態,,,,zhōu/zhuàngtài,A
8730,122,vi,tiểu bang/tình trạng,,,,,,A
8731,122,th,รัฐ/สถานะ,,,,rạṭ̄h/s̄t̄hāna,A
8732,122,id,negara bagian/keadaan,,,,,,A
8733,122,sw,jimbo/hali,,,,,,A
8734,122,nl,staat/deelstaat,de,m,,,,A
8735,122,pl,stan/państwo,,,,,,A
8736,122,uk,штат/стан,,,,shtat/stan,A
8737,122,el,πολιτεία/κατάσταση,,,,politeía/katástasi,A
8738,122,sv,delstat/tillstånd,en,c,,,,A
8739,122,no,stat/tilstand,,,,,,A
8740,122,da,stat/tilstand,,,,,,A
8741,122,fi,osavaltio/tila,,,,,,A
8742,122,cs,stát/stav,,,,,,A
8743,122,hu,állam/állapot,,,,,,A
8744,122,ro,stat/stare,,,,,,A
8745,122,bg,щат/състояние,,,,shtat/sŭstoyanie,A
8746,122,sr,држава/стање,,,,država/stanje,A
8747,122,sk,štát/stav,,,,,,A
8748,122,sl,država/stanje,,,,,,A
8749,122,lt,valstybė/būsena,,,,,,A
8750,122,lv,štats/stāvoklis,,,,,,A
8751,122,et,riik/olek,,,,,,A
8752,122,he,מדינה/מצב,,,,medina/matzav,A
8753,122,ha,jiha/yanayi,,,,,,A
8754,122,yo,ipinle/ipo,,,,,,A
8755,122,ig,steeti/ọnọdụ,,,,,,A
8756,122,am,ግዛት/ሁኔታ,,,,gəzat/huneta,A
8757,122,ti,ሃገር/ኩነት,,,,hagär/kunät,A
8758,122,ne,राज्य/अवस्था,,,,rājya/avasthā,A
8759,122,ta,மாநிலம்/நிலை,,,,mānilam/nilai,A
8760,122,te,రాష్ట్రం/స్థితి,,,,rāṣṭraṁ/sthiti,A
8761,122,ml,സംസ്ഥാനം/സ്ഥിതി,,,,saṁsthānaṁ/sthiti,A
8762,122,mr,राज्य/स्थिती,,,,rājya/sthitī,A
8763,122,pa,ਰਾਜ/ਹਾਲਤ,,,,rāj/hālat,A
8764,122,gu,રાજ્ય/સ્થિતિ,,,,rājya/sthiti,A
8765,122,si,රාජ්යය/තත්වය,,,,rājyaya/tattvaya,A
8766,122,km,រដ្ឋ/ស្ថានភាព,,,,rŏdthɑ/sthanphéap,A
8767,122,is,fylki/ástand,,,,,,A
8768,122,tl,estado/kalagayan,,,,,,A
8769,122,ms,negeri/keadaan,,,,,,A
8770,122,jv,negara/kahanan,,,,,,A
8771,122,kk,мемлекет/жағдай,,,,memleket/jagday,A
8772,122,uz,davlat/holat,,,,,,A
8773,122,mn,улс/төлөв,,,,uls/tölöv,A
8774,122,ka,შტატი/მდგომარეობა,,,,sht'at'i/mdgomareoba,A
8775,122,hy,նահանգ/վիճակ,,,,nahang/vichak,A
8776,122,eu,estatu/egoera,,,,,,A
8777,122,ca,estat/estat,el,m,,,,A
8778,122,gl,estado/estado,o,m,,,,A
8779,122,ga,stát,,,,,,A
8780,122,cy,talaith/cyflwr,,,,,,A
8781,122,gd,stàit/cumha,,,,,,A
8782,122,lb,Staat/Zoustand,de,m,,,,A
8783,122,eo,ŝtato/stato,,,,,,A
8784,122,la,civitas/status,,,,,,A
8785,123,en,never,,,,,,A
8786,123,es,nunca,,,,,,A
8787,123,fr,jamais,,,,,,A
8788,123,portugal,nunca,,,,,,A
8789,123,de,nie,,,,,,A
8790,123,it,mai,,,,,,A
8791,123,ru,никогда,,,,nikogda,A
8792,123,ar,أبداً,,,,abadan,A
8793,123,hi,कभी नहीं,,,,kabhī nahī̃,A
8794,123,bn,কখনো না,,,,kokhono nā,A
8795,123,ur,کبھی نہیں,,,,kabhī nahī̃,A
8796,123,fa,هرگز,,,,hargez,A
8797,123,tr,asla/hiçbir zaman,,,,,,A
8798,123,ja,決して/一度も,,,,kesshite/ichido mo,A
8799,123,ko,결코/절대로,,,,gyeolko/jeoldaero,A
8800,123,zh-cn,从不/决不,,,,cóng bù/jué bù,A
8801,123,zh-tw,從不/決不,,,,cóng bù/jué bù,A
8802,123,vi,không bao giờ,,,,,,A
8803,123,th,ไม่เคย/ไม่เคยเลย,,,,mị̀ khey/mị̀ khey ley,A
8804,123,id,tidak pernah,,,,,,A
8805,123,sw,kamwe,,,,,,A
8806,123,nl,nooit,,,,,,A
8807,123,pl,nigdy,,,,,,A
8808,123,uk,ніколи,,,,nikoly,A
8809,123,el,ποτέ,,,,poté,A
8810,123,sv,aldrig,,,,,,A
8811,123,no,aldri,,,,,,A
8812,123,da,aldrig,,,,,,A
8813,123,fi,ei koskaan,,,,,,A
8814,123,cs,nikdy,,,,,,A
8815,123,hu,soha,,,,,,A
8816,123,ro,niciodată,,,,,,A
8817,123,bg,никога,,,,nikoga,A
8818,123,sr,никад,,,,nikad,A
8819,123,sk,nikdy,,,,,,A
8820,123,sl,nikoli,,,,,,A
8821,123,lt,niekada,,,,,,A
8822,123,lv,nikad,,,,,,A
8823,123,et,mitte kunagi,,,,,,A
8824,123,he,אף פעם,,,,af pa'am,A
8825,123,ha,ba kowane lokaci,,,,,,A
8826,123,yo,kò sígbà,,,,,,A
8827,123,ig,mgbe ọ bụla,,,,,,A
8828,123,am,ፈፅሞ,,,,fäṣmo,A
8829,123,ti,ብጭብጭ,,,,bəč̣bəč̣,A
8830,123,ne,कहिल्यै,,,,kahilyai,A
8831,123,ta,ஒருபோதும்,,,,orupōtum,A
8832,123,te,ఎప్పటికీ,,,,eppaṭikī,A
8833,123,ml,ഒരിക്കലും,,,,orikkaluṁ,A
8834,123,mr,कधीही नाही,,,,kadhīhī nāhī,A
8835,123,pa,ਕਦੇ ਨਹੀਂ,,,,kade nahī̃,A
8836,123,gu,ક્યારેય નહીં,,,,kyārey nahī̃,A
8837,123,si,කවදාවත් නොවේ,,,,kavadāvat nove,A
8838,123,km,មិនដែល,,,,mɨn dael,A
8839,123,is,aldrei,,,,,,A
8840,123,tl,hindi kailanman,,,,,,A
8841,123,ms,tidak pernah,,,,,,A
8842,123,jv,ora tau,,,,,,A
8843,123,kk,ешқашан,,,,eshqashan,A
8844,123,uz,hech qachon,,,,,,A
8845,123,mn,хэзээ ч,,,,khezee ch,A
8846,123,ga,არასოდეს,,,,arasodes,A
8847,123,hy,երբեք,,,,yerek',A
8848,123,eu,inoiz ez,,,,,,A
8849,123,ca,mai,,,,,,A
8850,123,gl,nunca,,,,,,A
8851,123,ga,riamh,,,,,,A
8852,123,cy,byth,,,,,,A
8853,123,gd,a-riamh,,,,,,A
8854,123,lb,niemols,,,,,,A
8855,123,eo,neniam,,,,,,A
8856,123,la,numquam,,,,,,A
8857,124,en,become,,,,,,A
8858,124,es,llegar a ser/convertirse en,,,,,,A
8859,124,fr,devenir,,,,,,A
8860,124,pt,tornar-se,,,,,,A
8861,124,de,werden,,,,,,A
8862,124,it,diventare,,,,,,A
8863,124,ru,становиться,,,,stanovit'sya,A
8864,124,ar,يصبح,,,,yuṣbiḥ,A
8865,124,hi,बनना,,,,bannā,A
8866,124,bn,হওয়া,,,,hoẏā,A
8867,124,ur,بننا,,,,bannā,A
8868,124,fa,شدن/تبدیل شدن,,,,shodan/tabdīl shodan,A
8869,124,tr,olmak,,,,,,A
8870,124,ja,なる,,,,naru,A
8871,124,ko,되다,,,,doeda,A
8872,124,zh-cn,成为,,,,chéngwéi,A
8873,124,zh-tw,成為,,,,chéngwéi,A
8874,124,vi,trở thành,,,,,,A
8875,124,th,กลายเป็น,,,,klāy pĕn,A
8876,124,id,menjadi,,,,,,A
8877,124,sw,kuwa,,,,,,A
8878,124,nl,worden,,,,,,A
8879,124,pl,stać się,,,,,,A
8880,124,uk,ставати,,,,stavaty,A
8881,124,el,γίνομαι,,,,gínomai,A
8882,124,sv,blir,,,,,,A
8883,124,no,blir,,,,,,A
8884,124,da,bliver,,,,,,A
8885,124,fi,tulla joksikin,,,,,,A
8886,124,cs,stát se,,,,,,A
8887,124,hu,válik,,,,,,A
8888,124,ro,a deveni,,,,,,A
8889,124,bg,ставам,,,,stavam,A
8890,124,sr,постати,,,,postati,A
8891,124,sk,stať sa,,,,,,A
8892,124,sl,postati,,,,,,A
8893,124,lt,tapti,,,,,,A
8894,124,lv,kļūt,,,,,,A
8895,124,et,saada,,,,,,A
8896,124,he,להיות,,,,lihyot,A
8897,124,ha,zama,,,,,,A
8898,124,yo,di,,,,,,A
8899,124,ig,ghọọ,,,,,,A
8900,124,am,ሆን,,,,hon,A
8901,124,ti,ክንዲ,,,,kəndi,A
8902,124,ne,बन्नु,,,,bannu,A
8903,124,ta,ஆக,,,,āka,A
8904,124,te,అవ్వండి/అగు,,,,avvaṇḍi/agu,A
8905,124,ml,ആകുക/ആയിത്തീരുക,,,,ākuka/āyittīruka,A
8906,124,mr,बनणे,,,,baṇaṇe,A
8907,124,pa,ਬਣ ਜਾਓ,,,,baṇ jāo,A
8908,124,gu,બનવું,,,,banvuṁ,A
8909,124,si,වීම,,,,vīma,A
8910,124,km,ក្លាយជា,,,,klay jea,A
8911,124,is,verða,,,,,,A
8912,124,tl,maging,,,,,,A
8913,124,ms,menjadi,,,,,,A
8914,124,jv,dadi,,,,,,A
8915,124,kk,болу,,,,bolu,A
8916,124,uz,bo'lmoq,,,,,,A
8917,124,mn,болох,,,,bolokh,A
8918,124,ga,გახდომა/გახდეს,,,,gakhdoma/gakhdes,A
8919,124,hy,դառնալ,,,,dar'nal,A
8920,124,eu,bihurtu,,,,,,A
8921,124,ca,esdevenir,,,,,,A
8922,124,gl,converterse en,,,,,,A
8923,124,ga,éirí,,,,,,A
8924,124,cy,dod,,,,,,A
8925,124,gd,fàs,,,,,,A
8926,124,lb,ginn,,,,,,A
8927,124,eo,iĝi,,,,,,A
8928,124,la,fiere,,,,,,A
8929,125,en,between,,,,,,A
8930,125,es,entre,,,,,,A
8931,125,fr,entre,,,,,,A
8932,125,pt,entre,,,,,,A
8933,125,de,zwischen,,,,,,A
8934,125,it,tra/fra,,,,,,A
8935,125,ru,между,,,,mezhdu,A
8936,125,ar,بين,,,,bayn,A
8937,125,hi,बीच,,,,bīc,A
8938,125,bn,মধ্যে,,,,maddhye,A
8939,125,ur,درمیان,,,,darmiyān,A
8940,125,fa,بین,,,,beyn,A
8941,125,tr,arasında/arasına,,,,,,A
8942,125,ja,間に,,,,aida ni,A
8943,125,ko,사이에,,,,saie,A
8944,125,zh-cn,之间,,,,zhī jiān,A
8945,125,zh-tw,之間,,,,zhī jiān,A
8946,125,vi,giữa,,,,,,A
8947,125,th,ระหว่าง,,,,rawẁāng,A
8948,125,id,antara,,,,,,A
8949,125,sw,kati ya,,,,,,A
8950,125,nl,tussen,,,,,,A
8951,125,pl,między,,,,,,A
8952,125,uk,між,,,,mizh,A
8953,125,el,ανάμεσα,,,,anámesa,A
8954,125,sv,mellan,,,,,,A
8955,125,no,mellom,,,,,,A
8956,125,da,mellem,,,,,,A
8957,125,fi,välillä,,,,,,A
8958,125,cs,mezi,,,,,,A
8959,125,hu,között,,,,,,A
8960,125,ro,între,,,,,,A
8961,125,bg,между,,,,mezhdu,A
8962,125,sr,између/међу,,,,između/među,A
8963,125,sk,medzi,,,,,,A
8964,125,sl,med,,,,,,A
8965,125,lt,tarp,,,,,,A
8966,125,lv,starp,,,,,,A
8967,125,et,vahel,,,,,,A
8968,125,he,בין,,,,bein,A
8969,125,ha,tsakanin,,,,,,A
8970,125,yo,láàrin,,,,,,A
8971,125,ig,n'etiti,,,,,,A
8972,125,am,ባለበን,,,,baläbän,A
8973,125,ti,ኣብ መንጎ,,,,ab mängo,A
8974,125,ne,बीचमा,,,,bīchamā,A
8975,125,ta,இடையே,,,,iṭaiyē,A
8976,125,te,మధ్య,,,,madhya,A
8977,125,ml,ഇടയിൽ,,,,iṭayil,A
8978,125,mr,दरम्यान,,,,daramyān,A
8979,125,pa,ਵਿਚਕਾਰ,,,,vickār,A
8980,125,gu,વચ્ચે,,,,vaccē,A
8981,125,si,අතරතුර,,,,ataratura,A
8982,125,km,រវាង,,,,rɔvĕəng,A
8983,125,is,á milli,,,,,,A
8984,125,tl,sa pagitan ng,,,,,,A
8985,125,ms,antara,,,,,,A
8986,125,jv,antarane,,,,,,A
8987,125,kk,арасында,,,,arasında,A
8988,125,uz,o'rtasida,,,,,,A
8989,125,mn,хооронд,,,khorond,A
8990,125,ga,შორის,,,,shoris,A
8991,125,hy,միջև,,,,miǰev,A
8992,125,eu,artean,,,,,,A
8993,125,ca,entre,,,,,,A
8994,125,gl,entre,,,,,,A
8995,125,ga,idir,,,,,,A
8996,125,cy,rhwng,,,,,,A
8997,125,gd,eadar,,,,,,A
8998,125,lb,tëscht,,,,,,A
8999,125,eo,inter,,,,,,A
9000,125,la,inter,,,,,,A
9001,126,en,high,,,,,,A
9002,126,es,alto/alta,,,,,,A
9003,126,fr,haut/haute,,,,,,A
9004,126,pt,alto/alta,,,,,,A
9005,126,de,hoch,,,,,,A
9006,126,it,alto/alta,,,,,,A
9007,126,ru,высокий,,,,vysokiy,A
9008,126,ar,عالي/مرتفع,,,,ʿālī/murtafiʿ,A
9009,126,hi,उच्च/ऊँचा,,,,ucc/ū̃cā,A
9010,126,bn,উচ্চ,,,,ucc,A
9011,126,ur,اونچا/بلند,,,,ūnchā/buland,A
9012,126,fa,بلند/عالی,,,,boland/ʿālī,A
9013,126,tr,yüksek,,,,,,A
9014,126,ja,高い,,,,takai,A
9015,126,ko,높은,,,,nopeun,A
9016,126,zh-cn,高,,,,gāo,A
9017,126,zh-tw,高,,,,gāo,A
9018,126,vi,cao,,,,,,A
9019,126,th,สูง,,,,s̄ūng,A
9020,126,id,tinggi,,,,,,A
9021,126,sw,kubwa/juu,,,,,,A
9022,126,nl,hoog,,,,,,A
9023,126,pl,wysoki,,,,,,A
9024,126,uk,високий,,,,vysokyy,A
9025,126,el,υψηλός,,,,ypsilós,A
9026,126,sv,hög,,,,,,A
9027,126,no,høy,,,,,,A
9028,126,da,høj,,,,,,A
9029,126,fi,korkea,,,,,,A
9030,126,cs,vysoký,,,,,,A
9031,126,hu,magas,,,,,,A
9032,126,ro,înalt/nalt,,,,,,A
9033,126,bg,висок,,,,visok,A
9034,126,sr,висок,,,,visok,A
9035,126,sk,vysoký,,,,,,A
9036,126,sl,visok,,,,,,A
9037,126,lt,aukštas,,,,,,A
9038,126,lv,augsts,,,,,,A
9039,126,et,kõrge,,,,,,A
9040,126,he,גבוה,,,,gavoah,A
9041,126,ha,tsayi,,,,,,A
9042,126,yo,ga,,,,,,A
9043,126,ig,dị elu,,,,,,A
9044,126,am,ከፍተኛ,,,,käftäñña,A
9045,126,ti,ንፁህ,,,,nəts'uh,A
9046,126,ne,उच्च,,,,ucca,A
9047,126,ta,உயர்ந்த,,,,uyarnta,A
9048,126,te,అధిక/పెద్ద,,,,adhika/pedda,A
9049,126,ml,ഉയരമുള്ള,,,,uyaramuḷḷa,A
9050,126,mr,उंच,,,,uñca,A
9051,126,pa,ਉੱਚਾ,,,,uccā,A
9052,126,gu,ઊંચું,,,,ū̃cuṁ,A
9053,126,si,ඉහළ,,,,ihala,A
9054,126,km,ខ្ពស់,,,,khpŭəh,A
9055,126,is,hár,,,,,,A
9056,126,tl,mataas,,,,,,A
9057,126,ms,tinggi,,,,,,A
9058,126,jv,dhuwur,,,,,,A
9059,126,kk,жоғары,,,,joğary,A
9060,126,uz,baland,,,,,,A
9061,126,mn,өндөр,,,,öndör,A
9062,126,ga,მაღალი,,,,maghali,A
9063,126,hy,բարձր,,,,bardzr,A
9064,126,eu,altu,,,,,,A
9065,126,ca,alt/alta,,,,,,A
9066,126,gl,alto/alta,,,,,,A
9067,126,ga,ard,,,,,,A
9068,126,cy,uchel,,,,,,A
9069,126,gd,àrd,,,,,,A
9070,126,lb,héich,,,,,,A
9071,126,eo,alta,,,,,,A
9072,126,la,altus/alta/altum,,,,,,A
9073,127,en,really,,,,,,A
9074,127,es,realmente,,,,,,A
9075,127,fr,vraiment,,,,,,A
9076,127,pt,realmente,,,,,,A
9077,127,de,wirklich,,,,,,A
9078,127,it,davvero,,,,,,A
9079,127,ru,действительно,,,,deystvitel'no,A
9080,127,ar,حقاً,,,,ḥaqqan,A
9081,127,hi,वास्तव में,,,,vāstav mẽ,A
9082,127,bn,সত্যিই,,,,sôtyi'i,A
9083,127,ur,واقعی,,,,vāqei,A
9084,127,fa,واقعاً,,,,vāqe'an,A
9085,127,tr,gerçekten,,,,,,A
9086,127,ja,本当に,,,,hontō ni,A
9087,127,ko,정말로,,,,jeongmallo,A
9088,127,zh-cn,真的,,,,zhēn de,A
9089,127,zh-tw,真的,,,,zhēn de,A
9090,127,vi,thực sự,,,,,,A
9091,127,th,จริงๆ,,,,cring cring,A
9092,127,id,sungguh/benar-benar,,,,,,A
9093,127,sw,kwa kweli,,,,,,A
9094,127,nl,echt,,,,,,A
9095,127,pl,naprawdę,,,,,,A
9096,127,uk,дійсно,,,,diysno,A
9097,127,el,πραγματικά,,,,pragmatiká,A
9098,127,sv,verkligen,,,,,,A
9099,127,no,virkelig,,,,,,A
9100,127,da,virkelig,,,,,,A
9101,127,fi,todella,,,,,,A
9102,127,cs,opravdu,,,,,,A
9103,127,hu,valóban/tényleg,,,,,,A
9104,127,ro,chiar/într-adevăr,,,,,,A
9105,127,bg,наистина,,,,naistina,A
9106,127,sr,заиста/стварно,,,,zaista/stvarno,A
9107,127,sk,naozaj,,,,,,A
9108,127,sl,resnično,,,,,,A
9109,127,lt,tikrai,,,,,,A
9110,127,lv,patiešām,,,,,,A
9111,127,et,tõesti,,,,,,A
9112,127,he,באמת,,,,be'emet,A
9113,127,ha,da gaske,,,,,,A
9114,127,yo,gangan,,,,,,A
9115,127,ig,n'ezie,,,,,,A
9116,127,am,በእውነት,,,,be'əwnät,A
9117,127,ti,ብሓቂ,,,,bəḥaḳi,A
9118,127,ne,साँच्चै,,,,sā̃ccai,A
9119,127,ta,உண்மையிலேயே,,,,uṇmaiyilēyē,A
9120,127,te,నిజంగా,,,,nijaṅgā,A
9121,127,ml,യഥാർത്ഥത്തിൽ,,,,yathārt'thattil,A
9122,127,mr,खरोखरच,,,,kharokharac,A
9123,127,pa,ਸੱਚਮੁੱਚ,,,,saccamuca,A
9124,127,gu,ખરેખર,,,,kharekhara,A
9125,127,si,ඇත්තටම,,,,ættatama,A
9126,127,km,ពិតប្រាកដ,,,,pit brakad,A
9127,127,is,raunverulega,,,,,,A
9128,127,tl,talaga,,,,,,A
9129,127,ms,sungguh,,,,,,A
9130,127,jv,tenan,,,,,,A
9131,127,kk,шынымен,,,,shynymen,A
9132,127,uz,haqiqatan,,,,,,A
9133,127,mn,үнэхээр,,,,ünekheer,A
9134,127,ga,ნამდვილად,,,,namdvilad,A
9135,127,hy,իսկապես,,,,iskapes,A
9136,127,eu,benetan,,,,,,A
9137,127,ca,realment,,,,,,A
9138,127,gl,realmente,,,,,,A
9139,127,ga,i ndáiríre,,,,,,A
9140,127,cy,yn wir,,,,,,A
9141,127,gd,gu dearbh,,,,,,A
9142,127,lb,wierklech,,,,,,A
9143,127,eo,vere,,,,,,A
9144,127,la,vere/reapse,,,,,,A
9145,128,en,something,,,,,,A
9146,128,es,algo,,,,,,A
9147,128,fr,quelque chose,,,,,,A
9148,128,pt,alguma coisa,,,,,,A
9149,128,de,etwas,,,,,,A
9150,128,it,qualcosa,,,,,,A
9151,128,ru,что-то,,,,chto-to,A
9152,128,ar,شيء ما,,,,shay' mā,A
9153,128,hi,कुछ,,,,kuch,A
9154,128,bn,কিছু,,,,kichu,A
9155,128,ur,کچھ,,,,kuch,A
9156,128,fa,چیزی,,,,chizi,A
9157,128,tr,bir şey,,,,,,A
9158,128,ja,何か,,,,nanika,A
9159,128,ko,무언가,,,,mueonga,A
9160,128,zh-cn,某物/某事,,,,mǒu wù/mǒu shì,A
9161,128,zh-tw,某物/某事,,,,mǒu wù/mǒu shì,A
9162,128,vi,cái gì đó,,,,,,A
9163,128,th,บางสิ่งบางอย่าง,,,,bāng s̄ìng bāng xỳāng,A
9164,128,id,sesuatu,,,,,,A
9165,128,sw,kitu fulani,,,,,,A
9166,128,nl,iets,,,,,,A
9167,128,pl,coś,,,,,,A
9168,128,uk,щось,,,,shchos',A
9169,128,el,κάτι,,,,káti,A
9170,128,sv,någonting,,,,,,A
9171,128,no,noe,,,,,,A
9172,128,da,noget,,,,,,A
9173,128,fi,jokin,,,,,,A
9174,128,cs,něco,,,,,,A
9175,128,hu,valami,,,,,,A
9176,128,ro,ceva,,,,,,A
9177,128,bg,нещо,,,,neshto,A
9178,128,sr,нешто,,,,nešto,A
9179,128,sk,niečo,,,,,,A
9180,128,sl,nekaj,,,,,,A
9181,128,lt,kažkas,,,,,,A
9182,128,lv,kaut kas,,,,,,A
9183,128,et,midagi,,,,,,A
9184,128,he,משהו,,,,mashehu,A
9185,128,ha,wani abu,,,,,,A
9186,128,yo,n̄kan kan,,,,,,A
9187,128,ig,ihe,,,,,,A
9188,128,am,ነገር ገር,,,,nägär gär,A
9189,128,ti,እቲ ንግስ,,,,əti nəgs,A
9190,128,ne,केहि,,,,kehi,A
9191,128,ta,ஏதோ,,,,ētō,A
9192,128,te,ఏదో,,,,ēdō,A
9193,128,ml,എന്തോ,,,,entō,A
9194,128,mr,काहीतरी,,,,kāhītarī,A
9195,128,pa,ਕੁਝ,,,,kujh,A
9196,128,gu,કંઈક,,,,kaṁīk,A
9197,128,si,මොකක්හරි,,,,mokak hari,A
9198,128,km,អ្វីមួយ,,,,avī muəy,A
9199,128,is,eitthvað,,,,,,A
9200,128,tl,isang bagay,,,,,,A
9201,128,ms,sesuatu,,,,,,A
9202,128,jv,apa wae,,,,,,A
9203,128,kk,бір нәрсе,,,,bir närse,A
9204,128,uz,biror narsa,,,,,,A
9205,128,mn,ямар нэг зүйл,,,,yamar neg züil,A
9206,128,ka,რაღაც,,,,raghats,A
9207,128,hy,ինչ-որ բան,,,,inch'-or ban,A
9208,128,eu,zerbait,,,,,,A
9209,128,ca,alguna cosa,,,,,,A
9210,128,gl,algo,,,,,,A
9211,128,ga,rud éigin,,,,,,A
9212,128,cy,rhywbeth,,,,,,A
9213,128,gd,rudeigin,,,,,,A
9214,128,lb,ett,,,,,,A
9215,128,eo,io,,,,,,A
9216,128,la,aliquid,,,,,,A
9217,129,en,most,,,,,,A
9218,129,es,la mayoría de/lo más,,,,,,A
9219,129,fr,le plus/la plupart,,,,,,A
9220,129,pt,a maioria/o mais,,,,,,A
9221,129,de,die meisten/am meisten,,,,,,A
9222,129,it,la maggior parte/il più,,,,,,A
9223,129,ru,большинство/самый,,,,bol'shinstvo/samyy,A
9224,129,ar,معظم/أكثر,,,,muʿaẓẓam/akthar,A
9225,129,hi,अधिकांश/सबसे अधिक,,,,adhikānś/sabse adhik,A
9226,129,bn,বেশিরভাগ/সর্বাধিক,,,,beśirbhāg/sarbādhik,A
9227,129,ur,سب سے زیادہ/اکثریت,,,,sab se zyādā/akthariyat,A
9228,129,fa,اکثر/بیشترین,,,,aksar/beishtarin,A
9229,129,tr,çoğu/en çok,,,,,,A
9230,129,ja,ほとんどの/最も,,,,hotondo no/mottomo,A
9231,129,ko,대부분/가장,,,,daebubun/gajang,A
9232,129,zh-cn,大多数/最,,,,dà duō shù/zuì,A
9233,129,zh-tw,大多數/最,,,,dà duō shù/zuì,A
9234,129,vi,phần lớn/nhiều nhất,,,,,,A
9235,129,th,ส่วนใหญ่/ที่สุด,,,,s̄̀wn h̄ıỵ̀/thī̀s̄ud,A
9236,129,id,sebagian besar/paling,,,,,,A
9237,129,sw,zaidi/wengi,,,,,,A
9238,129,nl,de meeste/het meest,,,,,,A
9239,129,pl,większość/najbardziej,,,,,,A
9240,129,uk,більшість/найбільше,,,,bil'shist'/naybil'she,A
9241,129,el,περισσότεροι/οι περισσότεροι,,,,perissóteroi/oi perissóteroi,A
9242,129,sv,de flesta/mest,,,,,,A
9243,129,no,de fleste/mest,,,,,,A
9244,129,da,de fleste/mest,,,,,,A
9245,129,fi,useimmat/eniten,,,,,,A
9246,129,cs,většina/nejvíce,,,,,,A
9247,129,hu,a legtöbb/legnagyobb,,,,,,A
9248,129,ro,cea mai mare parte/cel mai mult,,,,,,A
9249,129,bg,повечето/най-много,,,,povecheto/nay-mnogo,A
9250,129,sr,већина/највише,,,,većina/najviše,A
9251,129,sk,väčšina/najviac,,,,,,A
9252,129,sl,večina/največ,,,,,,A
9253,129,lt,dauguma/daugiausia,,,,,,A
9254,129,lv,vairākums/visvairāk,,,,,,A
9255,129,et,enamus/kõige rohkem,,,,,,A
9256,129,he,רוב/הכי,,,,rov/haki,A
9257,129,ha,mafi yawan,,,,,,A
9258,129,yo,pupọ julọ,,,,,,A
9259,129,ig,kacha ukwu,,,,,,A
9260,129,am,አብዛኞቹ/በጣም,,,,abzañochu/bätam,A
9261,129,ti,ዝበዝሑ/ኣዝዩ,,,,zəbəzəḥu/aziyu,A
9262,129,ne,धेरै जसो/सबैभन्दा बढी,,,,dherai jaso/sabaibhandā baḍhī,A
9263,129,ta,மிகப்பெரிய/பெரும்பாலான,,,,mikapperiya/perumpālāṉa,A
9264,129,te,చాలా/ఎక్కువగా,,,,cālā/ekkuvagā,A
9265,129,ml,അധികവും/കൂടുതലും,,,,adhikavuṁ/kūṭutalum,A
9266,129,mr,बहुतेक/सर्वात जास्त,,,,bahutek/sarvāt jāsta,A
9267,129,pa,ਜ਼ਿਆਦਾਤਰ/ਸਭ ਤੋਂ ਵੱਧ,,,,ziādātar/sabh tō̃ vadh,A
9268,129,gu,મોટા ભાગના/સૌથી વધુ,,,,moṭā bhāgnā/sauthī vadhu,A
9269,129,si,වැඩිපුරම/වඩාත්ම,,,,væḍipurama/vaḍātmā,A
9270,129,km,ភាគច្រើន/ច្រើនជាងគេ,,,,phéak chraen/chraen cheang ke,A
9271,129,is,flestir/mest,,,,,,A
9272,129,tl,karamihan/pinaka,,,,,,A
9273,129,ms,kebanyakan/paling,,,,,,A
9274,129,jv,akeh-akehe/paling,,,,,,A
9275,129,kk,көбі/ең,,,,köbi/eñ,A
9276,129,uz,ko'pchilik/eng,,,,,,A
9277,129,mn,ихэнх/хамгийн,,,,ikhenkh/khamgiin,A
9278,129,ga,უმრავლესობა/ყველაზე მეტად,,,,umravlesoba/q'velaze met'ad,A
9279,129,hy,մեծամասնություն/ամենաշատը,,,,metsamasnut'yun/amenashatə,A
9280,129,eu,gehienak/gehien,,,,,,A
9281,129,ca,la majoria/el més,,,,,,A
9282,129,gl,a maioría/o máis,,,,,,A
9283,129,ga,formhór/an chuid is mó,,,,,,A
9284,129,cy,y rhan fwyaf/mwyaf,,,,,,A
9285,129,gd,a' mhòr-chuid/às motha,,,,,,A
9286,129,lb,déi meescht/am meeschten,,,,,,A
9287,129,eo,plejmulto/plej,,,,,,A
9288,129,la,plurimus/plurimum,,,,,,A
9289,130,en,another,,,,,,A
9290,130,es,otro/otra,,,,,,A
9291,130,fr,un autre/une autre,,,,,,A
9292,130,pt,outro/outra,,,,,,A
9293,130,de,noch ein/andere,,,,,,A
9294,130,it,un altro/un'altra,,,,,,A
9295,130,ru,другой/ещё один,,,,drugoy/yeshchyo odin,A
9296,130,ar,آخر/آخر,,,,ākhar/ākhar,A
9297,130,hi,एक और,,,,ek aur,A
9298,130,bn,আরেকটি,,,,ārekaṭi,A
9299,130,ur,ایک اور,,,,ek aur,A
9300,130,fa,یکی دیگر/دیگر,,,,yeki digar/digar,A
9301,130,tr,bir başka/diğer,,,,,,A
9302,130,ja,別の/もう一つ,,,,betsu no/mō hitotsu,A
9303,130,ko,다른/또 다른,,,,dareun/tto dareun,A
9304,130,zh-cn,另一个/别的,,,,lìng yī gè/bié de,A
9305,130,zh-tw,另一個/別的,,,,lìng yī gè/bié de,A
9306,130,vi,khác,,,,,,A
9307,130,th,อีก/อื่น,,,,xīk/xxn,A
9308,130,id,yang lain/lain,,,,,,A
9309,130,sw,ingine/nyingine,,,,,,A
9310,130,nl,een andere,,,,,,A
9311,130,pl,inny,,,,,,A
9312,130,uk,інший/ще один,,,,inshyy/shche odin,A
9313,130,el,άλλος/μια άλλη,,,,álos/mia álli,A
9314,130,sv,en annan,,,,,,A
9315,130,no,en annen,,,,,,A
9316,130,da,en anden,,,,,,A
9317,130,fi,toinen,,,,,,A
9318,130,cs,jiný/další,,,,,,A
9319,130,hu,másik/egy másik,,,,,,A
9320,130,ro,altul/altă,,,,,,A
9321,130,bg,друг/още един,,,,drug/oshche edin,A
9322,130,sr,други/још један,,,,drugi/još jedan,A
9323,130,sk,iný/ďalší,,,,,,A
9324,130,sl,drug/še en,,,,,,A
9325,130,lt,kitas,,,,,,A
9326,130,lv,cits/vel viens,,,,,,A
9327,130,et,teine/veel üks,,,,,,A
9328,130,he,עוד אחד/אחר,,,,od echad/acher,A
9329,130,ha,wani/ɗayan,,,,,,A
9330,130,yo,òmíràn/elòmíràn,,,,,,A
9331,130,ig,ọzọ,,,,,,A
9332,130,am,ሌላ,,,,lela,A
9333,130,ti,ካልእ,,,,kalə',A
9334,130,ne,अर्को,,,,arko,A
9335,130,ta,மற்றொன்று/வேறொன்று,,,,maṟṟoṉṟu/vēṟoṉṟu,A
9336,130,te,మరో/ఇంకొకటి,,,,marō/iṅkokaṭi,A
9337,130,ml,മറ്റൊന്ന്/വേറൊന്ന്,,,,maṟṟonn/vēṟonn,A
9338,130,mr,दुसरा,,,,dusrā,A
9339,130,pa,ਹੋਰ,,,,hor,A
9340,130,gu,બીજું,,,,bījuṁ,A
9341,130,si,තවත්/වෙනත්,,,,tavat/venat,A
9342,130,km,ផ្សេងទៀត,,,,phsaeeng tiet,A
9343,130,is,annar,,,,,,A
9344,130,tl,isa pa/ibang,,,,,,A
9345,130,ms,lain,,,,,,A
9346,130,jv,liyane/liya,,,,,,A
9347,130,kk,бас бір/басқа,,,,bas bir/basqa,A
9348,130,uz,boshqa/yana bir,,,,,,A
9349,130,mn,өөр/нэг өөр,,,,öör/neg öör,A
9350,130,ga,სხვა/კიდევ ერთი,,,,skhva/k'idev erti,A
9351,130,hy,ուրիշ/մեկ այլ,,,,urish/mek ayl,A
9352,130,eu,beste bat,,,,,,A
9353,130,ca,un altre/una altra,,,,,,A
9354,130,gl,outro/outra,,,,,,A
9355,130,ga,ceann eile,,,,,,A
9356,130,cy,un arall,,,,,,A
9357,130,gd,neach eile/fear eile,,,,,,A
9358,130,lb,eng aneren,,,,,,A
9359,130,eo,alia,,,,,,A
9360,130,la,alius/alia/aliud,,,,,,A
9361,131,en,much,,,,,,A
9362,131,es,mucho,,,,,,A
9363,131,fr,beaucoup,,,,,,A
9364,131,pt,muito,,,,,,A
9365,131,de,viel,,,,,,A
9366,131,it,molto,,,,,,A
9367,131,ru,много,,,,mnogo,A
9368,131,ar,كثير,,,,kathīr,A
9369,131,hi,बहुत,,,,bahut,A
9370,131,bn,অনেক,,,,onek,A
9371,131,ur,بہت,,,,bahut,A
9372,131,fa,زیاد/خیلی,,,,ziyād/kheili,A
9373,131,tr,çok,,,,,,A
9374,131,ja,たくさん/多く,,,,takusan/ōku,A
9375,131,ko,많이,,,,manhi,A
9376,131,zh-cn,很多/许多,,,,hěnduō/xǔduō,A
9377,131,zh-tw,很多/許多,,,,hěnduō/xǔduō,A
9378,131,vi,nhiều,,,,,,A
9379,131,th,มาก,,,,māk,A
9380,131,id,banyak,,,,,,A
9381,131,sw,sana,,,,,,A
9382,131,nl,veel,,,,,,A
9383,131,pl,dużo,,,,,,A
9384,131,uk,багато,,,,bahato,A
9385,131,el,πολύ,,,,polý,A
9386,131,sv,mycket,,,,,,A
9387,131,no,mye,,,,,,A
9388,131,da,meget,,,,,,A
9389,131,fi,paljon,,,,,,A
9390,131,cs,hodně,,,,,,A
9391,131,hu,sok,,,,,,A
9392,131,ro,mult,,,,,,A
9393,131,bg,много,,,,mnogo,A
9394,131,sr,много/пуно,,,,mnogo/puno,A
9395,131,sk,veľa,,,,,,A
9396,131,sl,veliko,,,,,,A
9397,131,lt,daug,,,,,,A
9398,131,lv,daudz,,,,,,A
9399,131,et,palju,,,,,,A
9400,131,he,הרבה,,,,harbe,A
9401,131,ha,da yawa,,,,,,A
9402,131,yo,pupọ/púpọ̀,,,,,,A
9403,131,ig,ọtụtụ/ọtụtụ,,,,,,A
9404,131,am,ብዙ,,,,bəzu,A
9405,131,ti,ብዙ,,,,bəzu,A
9406,131,ne,धेरै,,,,dherai,A
9407,131,ta,நிறைய,,,,niṟaiya,A
9408,131,te,చాలా,,,,cālā,A
9409,131,ml,വളരെ/ധാരാളം,,,,vaḷare/dhārāḷaṁ,A
9410,131,mr,खूप,,,,khūp,A
9411,131,pa,ਬਹੁਤ,,,,bahut,A
9412,131,gu,ઘણું,,,,ghaṇuṁ,A
9413,131,si,ගොඩක්,,,,goḍak,A
9414,131,km,ច្រើន,,,,chraen,A
9415,131,is,mikið,,,,,,A
9416,131,tl,marami,,,,,,A
9417,131,ms,banyak,,,,,,A
9418,131,jv,akeh,,,,,,A
9419,131,kk,көп,,,,köp,A
9420,131,uz,ko'p,,,,,,A
9421,131,mn,их,,,,ikh,A
9422,131,ga,ბევრი,,,,bevri,A
9423,131,hy,շատ,,,,šat,A
9424,131,eu,asko,,,,,,A
9425,131,ca,molt,,,,,,A
9426,131,gl,moito,,,,,,A
9427,131,ga,a lán/an mhéad,,,,,,A
9428,131,cy,llawer,,,,,,A
9429,131,gd,mòran,,,,,,A
9430,131,lb,vill,,,,,,A
9431,131,eo,multe,,,,,,A
9432,131,la,multum,,,,,,A
9433,132,en,family,,,,,,A
9434,132,es,familia,la,f,,,,A
9435,132,fr,famille,la,f,,,,A
9436,132,pt,família,a,f,,,,A
9437,132,de,Familie,die,f,,,,A
9438,132,it,famiglia,la,f,,,,A
9439,132,ru,семья,,,,sem'ya,A
9440,132,ar,عائلة,,,,ʿā'ilah,A
9441,132,hi,परिवार,,,,parivār,A
9442,132,bn,পরিবার,,,,poribār,A
9443,132,ur,خاندان,,,,khāndān,A
9444,132,fa,خانواده,,,,khānevādeh,A
9445,132,tr,aile,,,,,,A
9446,132,ja,家族,,,,kazoku,A
9447,132,ko,가족,,,,gajok,A
9448,132,zh-cn,家庭/家人,,,,jiātíng/jiārén,A
9449,132,zh-tw,家庭/家人,,,,jiātíng/jiārén,A
9450,132,vi,gia đình,,,,,,A
9451,132,th,ครอบครัว/ครอบครัว,,,,khrxbkhraw/khrxbkhraw,A
9452,132,id,keluarga,,,,,,A
9453,132,sw,familia,,,,,,A
9454,132,nl,familie,de,f,,,,A
9455,132,pl,rodzina,,,,,,A
9456,132,uk,сім'я,,,,sim'ya,A
9457,132,el,οικογένεια,,,,oikogéneia,A
9458,132,sv,familj,en,c,,,,A
9459,132,no,familie,,,,,,A
9460,132,da,familie,,,,,,A
9461,132,fi,perhe,,,,,,A
9462,132,cs,rodina,,,,,,A
9463,132,hu,család,,,,,,A
9464,132,ro,familie,,,,,,A
9465,132,bg,семейство,,,,semeystvo,A
9466,132,sr,породица,,,,porodica,A
9467,132,sk,rodina,,,,,,A
9468,132,sl,družina,,,,,,A
9469,132,lt,šeima,,,,,,A
9470,132,lv,ģimene,,,,,,A
9471,132,et,perekond,,,,,,A
9472,132,he,משפחה,,,,mishpacha,A
9473,132,ha,iyali,,,,,,A
9474,132,yo,idile,,,,,,A
9475,132,ig,ezinụlọ,,,,,,A
9476,132,am,ቤተሰብ,,,,betäsäb,A
9477,132,ti,ስድራቤት,,,,sədrabet,A
9478,132,ne,परिवार,,,,parivār,A
9479,132,ta,குடும்பம்,,,,kuṭumpam,A
9480,132,te,కుటుంబం,,,,kuṭumbaṁ,A
9481,132,ml,കുടുംബം,,,,kuṭumbaṁ,A
9482,132,mr,कुटुंब,,,,kuṭumba,A
9483,132,pa,ਪਰਿਵਾਰ,,,,parivār,A
9484,132,gu,પરિવાર,,,,parivār,A
9485,132,si,පවුල,,,,pavula,A
9486,132,km,គ្រួសារ,,,,kruəsaa,A
9487,132,is,fjölskylda,,,,,,A
9488,132,tl,pamilya,,,,,,A
9489,132,ms,keluarga,,,,,,A
9490,132,jv,kulawarga,,,,,,A
9491,132,kk,отбасы,,,,otbasy,A
9492,132,uz,oila,,,,,,A
9493,132,mn,гэр бүл,,,,ger bül,A
9494,132,ga,ოჯახი,,,,ojakhi,A
9495,132,hy,ընտանիք,,,,yentaniq,A
9496,132,eu,familia,,,,,,A
9497,132,ca,família,la,f,,,,A
9498,132,gl,familia,a,f,,,,A
9499,132,ga,teaghlach,,,,,,A
9500,132,cy,teulu,,,,,,A
9501,132,gd,teaghlach,,,,,,A
9502,132,lb,Famill,d',f,,,,A
9503,132,eo,familio,,,,,,A
9504,132,la,familia,,,,,,A
9505,133,en,own,,,,,,A
9506,133,es,propio/propia,,,,,,A
9507,133,fr,propre,,,,,,A
9508,133,pt,próprio/própria,,,,,,A
9509,133,de,eigen,,,,,,A
9510,133,it,proprio/propria,,,,,,A
9511,133,ru,собственный,,,,sobstvennyy,A
9512,133,ar,خاص/ممتلكات,,,,khāṣṣ/mumtalakāt,A
9513,133,hi,अपना/निजी,,,,apnā/nijī,A
9514,133,bn,নিজের,,,,nijer,A
9515,133,ur,اپنا/ذاتی,,,,apnā/zātī,A
9516,133,fa,خود/شخصی,,,,khod/shakhsi,A
9517,133,tr,kendi,,,,,,A
9518,133,ja,自分自身の/所有の,,,,jibun jishin no/shoyū no,A
9519,133,ko,자신의/소유의,,,,jasin ui/soyu ui,A
9520,133,zh-cn,自己的/拥有,,,,zìjǐ de/yōngyǒu,A
9521,133,zh-tw,自己的/擁有,,,,zìjǐ de/yōngyǒu,A
9522,133,vi,riêng/sở hữu,,,,,,A
9523,133,th,ของตัวเอง/เป็นเจ้าของ,,,,k̄hxngtạwxeāng/pĕn cêāk̄hxng,A
9524,133,id,punya sendiri,,,,,,A
9525,133,sw,-enye/miliki,,,,,,A
9526,133,nl,eigen,,,,,,A
9527,133,pl,własny,,,,,,A
9528,133,uk,власний,,,,vlasnyy,A
9529,133,el,δικό μου/ιδιοκτησία,,,,dikó mou/idioktisía,A
9530,133,sv,egen,,,,,,A
9531,133,no,egen,,,,,,A
9532,133,da,egen,,,,,,A
9533,133,fi,oma,,,,,,A
9534,133,cs,vlastní,,,,,,A
9535,133,hu,saját,,,,,,A
9536,133,ro,propriu,,,,,,A
9537,133,bg,собствен/свой,,,,sobstven/svoy,A
9538,133,sr,сопствени/власни,,,,sopstveni/vlasni,A
9539,133,sk,vlastný,,,,,,A
9540,133,sl,lasten,,,,,,A
9541,133,lt,savas,,,,,,A
9542,133,lv,pašs,,,,,,A
9543,133,et,oma,,,,,,A
9544,133,he,משלו/בבעלותו,,,,mishelo/beba'aluto,A
9545,133,ha,na/na kanta,,,,,,A
9546,133,yo,ti ara ẹni,,,,,,A
9547,133,ig,nke ya,,,,,,A
9548,133,am,የራስ,,,,yäras,A
9549,133,ti,ናትካ,,,,natka,A
9550,133,ne,आफ्नै,,,,āphnai,A
9551,133,ta,சொந்த,,,,conta,A
9552,133,te,సొంత,,,,sonta,A
9553,133,ml,സ്വന്തം,,,,svantaṁ,A
9554,133,mr,स्वत: चा/मालकीचा,,,,svata: cā/mālakīcā,A
9555,133,pa,ਆਪਣਾ,,,,āpaṇā,A
9556,133,gu,પોતાનું,,,,potānuṁ,A
9557,133,si,තමන්ගේම/මලිකානුභවය,,,,tamangēme/malikānubhavaya,A
9558,133,km,របស់ខ្លួនឯង,,,,rɔbɑh khluən aeng,A
9559,133,is,eigin,,,,,,A
9560,133,tl,sariling/ari-arian,,,,,,A
9561,133,ms,sendiri/milik,,,,,,A
9562,133,jv,dhewekan/nyekel,,,,,,A
9563,133,kk,өз/меншік,,,,öz/menşik,A
9564,133,uz,o'ziga tegishli,,,,,,A
9565,133,mn,өөрийн/эзэмшил,,,,ööriin/ezemshil,A
9566,133,ga,საკუთარი/ფლობა,,,,sak'utari/ploba,A
9567,133,hy,սեփական,,,,sep'ak'an,A
9568,133,eu,propioa/jabetza,,,,,,A
9569,133,ca,propi,,,,,,A
9570,133,gl,propio/propia,,,,,,A
9571,133,ga,féin,,,,,,A
9572,133,cy,eiddo/priod,,,,,,A
9573,133,gd,fhèin/le sealbh,,,,,,A
9574,133,lb,eegene,,,,,,A
9575,133,eo,propra,,,,,,A
9576,133,la,proprius,,,,,,A
9577,134,en,out,,,,,,A
9578,134,es,fuera/afuera,,,,,,A
9579,134,fr,dehors/hors,,,,,,A
9580,134,pt,fora/para fora,,,,,,A
9581,134,de,aus/heraus,,,,,,A
9582,134,it,fuori,,,,,,A
9583,134,ru,вне/из,,,,vne/iz,A
9584,134,ar,خارج/إلى الخارج,,,,khārij/ilā al-khārij,A
9585,134,hi,बाहर,,,,bāhar,A
9586,134,bn,বাইরে,,,,bāirẏe,A
9587,134,ur,باہر,,,,bāhar,A
9588,134,fa,بیرون/خارج از,,,,birun/khārej az,A
9589,134,tr,dışarı/dışında,,,,,,A
9590,134,ja,外に/外へ,,,,soto ni/soto e,A
9591,134,ko,밖으로/밖에,,,,bakkeuro/bakke,A
9592,134,zh-cn,外/出,,,,wài/chū,A
9593,134,zh-tw,外/出,,,,wài/chū,A
9594,134,vi,ngoài/ra ngoài,,,,,,A
9595,134,th,ออก/นอก,,,,xxk/nxk,A
9596,134,di luar/keluar,,,,,,A
9597,134,sw,nje,,,,,,A
9598,134,nl,uit/buiten,,,,,,A
9599,134,pl,na zewnątrz/poza,,,,,,A
9600,134,uk,зовні/за межі,,,,zovni/za mezhi,A
9601,134,el,έξω,,,,éxo,A
9602,134,sv,ut,,,,,,A
9603,134,no,ut,,,,,,A
9604,134,da,ud,,,,,,A
9605,134,fi,ulos/ulkona,,,,,,A
9606,134,cs,venku/ven,,,,,,A
9607,134,hu,ki/kint,,,,,,A
9608,134,ro,afară/în afară,,,,,,A
9609,134,bg,навън/извън,,,,navǎn/izvǎn,A
9610,134,sr,ван/напољу,,,,van/napolju,A
9611,134,sk,vonku/von,,,,,,A
9612,134,sl,zunaj/ven,,,,,,A
9613,134,lt,lauke/iš,,,lauk,ė,A
9614,134,lv,ārā/ārpuse,,,,,,A
9615,134,et,väljas/väljaspool,,,,,,A
9616,134,he,החוצה/מחוץ,,,,hakhutza/mechuts,A
9617,134,ha,waje,,,,,,A
9618,134,yo,jade,,,,,,A
9619,134,ig,pụọ/apụ,,,,,,A
9620,134,am,ውጭ,,,,wəč̣,A
9621,134,ti,ካብ ውሽጢ,,,,kab wəshṭi,A
9622,134,ne,बाहिर,,,,bāhir,A
9623,134,ta,வெளியே,,,,veḷiyē,A
9624,134,te,బయటకు/బయట,,,,bayaṭaku/bayaṭa,A
9625,134,ml,പുറത്ത്,,,,puṟatt,A
9626,134,mr,बाहेर,,,,bāher,A
9627,134,pa,ਬਾਹਰ,,,,bāhar,A
9628,134,gu,બહાર,,,,bahār,A
9629,134,si,පිටතට,,,,piṭataṭa,A
9630,134,km,ក្រៅ/ចេញ,,,,kraoy/chəñ,A
9631,134,is,út,,,,,,A
9632,134,tl,labas,,,,,,A
9633,134,ms,keluar/di luar,,,,,,A
9634,134,jv,metu/jaba,,,,,,A
9635,134,kk,сыртқа/сыртта,,,,syrtqa/syrtta,A
9636,134,uz,tashqariga/tashqarida,,,,,,A
9637,134,mn,гадна/гадуур,,,,gadna/gaduur,A
9638,134,ga,გარეთ/გარეთ,,,,garet/garet,A
9639,134,hy,դուրս,,,,durs,A
9640,134,eu,kanpora,,,,,,A
9641,134,ca,fora/fora,,,,,,A
9642,134,gl,fóra,,,,,,A
9643,134,ga,amach,,,,,,A
9644,134,cy,allan/mas,,,,,,A
9645,134,gd,a-muigh,,,,,,A
9646,134,lb,eraus/baussen,,,,,,A
9647,134,eo,ekstere/el,,,,,,A
9648,134,la,foras/ex,,,,,,A
9649,135,en,to leave,,,,,,A
9650,135,es,salir/dejar,,,,,,A
9651,135,fr,quitter/partir,,,,,,A
9652,135,pt,sair/deixar,,,,,,A
9653,135,de,verlassen,,,,,,A
9654,135,it,lasciare/partire,,,,,,A
9655,135,ru,уходить/оставлять,,,,ukhodit'/ostavlyat',A
9656,135,ar,يغادر/يترك,,,,yughādir/yatruk,A
9657,135,hi,छोड़ना/जाना,,,,choṛnā/jānā,A
9658,135,bn,ছেড়ে যাওয়া/ত্যাগ করা,,,,cheṛe yāōẏā/tyāg karā,A
9659,135,ur,چھوڑنا/جانا,,,,choṛnā/jānā,A
9660,135,fa,ترک کردن/رفتن,,,,tark kardan/raftan,A
9661,135,tr,ayrılmak/terk etmek,,,,,,A
9662,135,ja,去る/残す,,,,saru/nokosu,A
9663,135,ko,떠나다/남기다,,,,tteonada/namgida,A
9664,135,zh-cn,离开/留下,,,,líkāi/liú xià,A
9665,135,zh-tw,離開/留下,,,,líkāi/liú xià,A
9666,135,vi,rời đi/để lại,,,,,,A
9667,135,th,ออกจาก/ทิ้ง,,,,xxk cāk/thíng,A
9668,135,id,meninggalkan/pergi,,,,,,A
9669,135,sw,kuondoka/kuacha,,,,,,A
9670,135,nl,vertrekken/achterlaten,,,,,,A
9671,135,pl,opuszczać/wyjść,,,,,,A
9672,135,uk,залишати/відходити,,,,zalyshaty/vidkhodyty,A
9673,135,el,φεύγω/αφήνω,,,,févgo/afíno,A
9674,135,sv,lämna/åka,,,,,,A
9675,135,no,forlate/dra,,,,,,A
9676,135,da,forlade,,,,,,A
9677,135,fi,jättää/poistua,,,,,,A
9678,135,cs,odejít/nechat,,,,,,A
9679,135,hu,elhagyni/elmenni,,,,,,A
9680,135,ro,a pleca/a lăsa,,,,,,A
9681,135,bg,напускам/оставям,,,,napuskam/ostavyam,A
9682,135,sr,напустити/остати,,,,napustiti/ostati,A
9683,135,sk,odišť/nechať,,,,,,A
9684,135,sl,zapustiti/oditi,,,,,,A
9685,135,lt,palikti/išeiti,,,,,,A
9686,135,lv,aizbraukt/atstāt,,,,,,A
9687,135,et,lahkuma/jätma,,,,,,A
9688,135,he,לעזוב/להשאיר,,,,la'azov/lehash'ir,A
9689,135,ha,barin/bar,,,,,,A
9690,135,yo,fi silẹ/lọ,,,,,,A
9691,135,ig,hapụ/pụọ,,,,,,A
9692,135,am,መሄድ/መተው,,,,mähed/mätäw,A
9693,135,ti,ኣብ ውሽጢ/ምቕራጽ,,,,ab wəshṭi/məḳəraṣ,A
9694,135,ne,छोड्नु/जानु,,,,chodnu/jānu,A
9695,135,ta,விட்டு செல்/விடு,,,,viṭṭu cel/viṭu,A
9696,135,te,వదిలి వెళ్ళండి/వదులు,,,,vadili veḷḷaṇḍi/vadulu,A
9697,135,ml,വിട്ടുപോകുക/വിടുക,,,,viṭṭupēākuka/viṭuka,A
9698,135,mr,सोडणे/जाणे,,,,soḍaṇe/jāṇe,A
9699,135,pa,ਛੱਡੋ/ਜਾਓ,,,,chaḍḍo/jāo,A
9700,135,gu,છોડી દો/જાઓ,,,,choḍī do/jāo,A
9701,135,si,හැර යන්න/තබන්න,,,,hæra yanna/tabanna,A
9702,135,km,ចាកចេញ/ទុកចោល,,,,chaak chəñ/tuk chaol,A
9703,135,is,fara/leyfa eftir,,,,,,A
9704,135,tl,umalis/iwan,,,,,,A
9705,135,ms,tinggalkan/keluar,,,,,,A
9706,135,jv,ninggalake/met,,,,,,A
9707,135,kk,кету/қалдыру,,,,ketu/qaldıru,A
9708,135,uz,ketmoq/qoldirmoq,,,,,,A
9709,135,mn,үлдээх/явах,,,,üldeekh/yavakh,A
9710,135,ga,დატოვება/გასვლა,,,,dat'oveba/gasvla,A
9711,135,hy,հեռանալ/թողնել,,,,herranal/t'oghnel,A
9712,135,eu,utzi/joan,,,,,,A
9713,135,ca,sortir/deixar,,,,,,A
9714,135,gl,deixar/saír,,,,,,A
9715,135,ga,fág/imigh,,,,,,A
9716,135,cy,gadael/ymadael,,,,,,A
9717,135,gd,fàg/falbh,,,,,,A
9718,135,lb,verloossen/fortgoen,,,,,,A
9719,135,eo,foriri/lasi,,,,,,A
9720,135,la,relinquere/abeo,,,,,,A
9721,136,en,to put,,,,,,A
9722,136,es,poner,,,,,,A
9723,136,fr,mettre,,,,,,A
9724,136,pt,colocar/por,,,,,,A
9725,136,de,stellen/legen/setzen,,,,,,A
9726,136,it,mettere,,,,,,A
9727,136,ru,класть/ставить,,,,klast'/stavit',A
9728,136,ar,وضع/وضع,,,,waḍaʿ/waḍaʿ,A
9729,136,hi,रखना,,,,rakhnā,A
9730,136,bn,রাখা,,,,rākhā,A
9731,136,ur,رکھنا,,,,rakhnā,A
9732,136,fa,گذاشتن/قرار دادن,,,,gozāshtan/qarār dādan,A
9733,136,tr,koymak,,,,,,A
9734,136,ja,置く/入れる,,,,oku/ireru,A
9735,136,ko,놓다/두다,,,,nota/duda,A
9736,136,zh-cn,放/放置,,,,fàng/fàngzhì,A
9737,136,zh-tw,放/放置,,,,fàng/fàngzhì,A
9738,136,vi,đặt/để,,,,,,A
9739,136,th,วาง/ใส่,,,,wāng/ s̄ị̀,A
9740,136,id,menaruh/meletakkan,,,,,,A
9741,136,sw,kuweka,,,,,,A
9742,136,nl,zetten/plaatsen,,,,,,A
9743,136,pl,kłaść/umieszczać,,,,,,A
9744,136,uk,класти/ставити,,,,klasty/stavyty,A
9745,136,el,βάζω/τοποθετώ,,,,vázo/topothetó,A
9746,136,sv,sätta/lägga,,,,,,A
9747,136,no,legge/sette,,,,,,A
9748,136,da,sætte/lægge,,,,,,A
9749,136,fi,laittaa/panna,,,,,,A
9750,136,cs,položit/umístit,,,,,,A
9751,136,hu,tenni/rakni,,,,,,A
9752,136,ro,a pune,,,,,,A
9753,136,bg,слагам/поставям,,,,slagam/postavyam,A
9754,136,sr,ставити/поставити,,,,staviti/postaviti,A
9755,136,sk,položiť/umiestniť,,,,,,A
9756,136,sl,položiti/postaviti,,,,,,A
9757,136,lt,pastiėti/padėti,,,,,,A
9758,136,lv,nolikt/ielikt,,,,,,A
9759,136,et,panema/asetama,,,,,,A
9760,136,he,לשים,,,,lasim,A
9761,136,ha,sanya,,,,,,A
9762,136,yo,fì sí,,,,,,A
9763,136,ig,tinye/debe,,,,,,A
9764,136,am,ማስቀመጥ/ማኖር,,,,mask'ämäṭ/manor,A
9765,136,ti,ምትክ,,,,mətək,A
9766,136,ne,राख्नु,,,,rākhnu,A
9767,136,ta,வை,,,,vai,A
9768,136,te,ఉంచండి/పెట్టండి,,,,uñcaṇḍi/peṭṭaṇḍi,A
9769,136,ml,വയ്ക്കുക/ഇടുക,,,,vaykkuka/iṭuka,A
9770,136,mr,ठेवणे/मांडणे,,,,ṭhevaṇe/māṇḍaṇe,A
9771,136,pa,ਰੱਖੋ/ਪਾਓ,,,,rakkho/pāo,A
9772,136,gu,મૂકો/રાખો,,,,mūko/rākho,A
9773,136,si,තබන්න/දමන්න,,,,tabanna/damanna,A
9774,136,km,ដាក់,,,,dak,A
9775,136,is,setja,,,,,,A
9776,136,tl,ilagay/ipasok,,,,,,A
9777,136,ms,letak/meletakkan,,,,,,A
9778,136,jv,nyimpen/sok,,,,,,A
9779,136,kk,қою,,,,qoyu,A
9780,136,uz,qo'ymoq/joylamoq,,,,,,A
9781,136,mn,тавих/оруулах,,,,tavikh/oruulakh,A
9782,136,ga,დადება/მოთავსება,,,,dadeba/motavseba,A
9783,136,hy,դնել,,,,dnel,A
9784,136,eu,jarri,,,,,,A
9785,136,ca,posar/col·locar,,,,,,A
9786,136,gl,poñer/colocar,,,,,,A
9787,136,ga,cuir,,,,,,A
9788,136,cy,rhoi/gosod,,,,,,A
9789,136,gd,cuir,,,,,,A
9790,136,lb,setzen/leeën,,,,,,A
9791,136,eo,meti,,,,,,A
9792,136,la,ponere/locare,,,,,,A
9793,137,en,old,,,,,,A
9794,137,es,viejo/vieja,,,,,,A
9795,137,fr,vieux/vieille,,,,,,A
9796,137,pt,velho/velha,,,,,,A
9797,137,de,alt,,,,,,A
9798,137,it,vecchio/vecchia,,,,,,A
9799,137,ru,старый,,,,staryy,A
9800,137,ar,قديم/عجوز,,,,qadīm/ʿajūz,A
9801,137,hi,पुराना/बूढ़ा,,,,purānā/būṛhā,A
9802,137,bn,পুরানো/বৃদ্ধ,,,,purānō/br̥ddha,A
9803,137,ur,پرانا/بوڑھا,,,,purānā/būṛhā,A
9804,137,fa,قدیمی/پیر,,,,qadimi/pir,A
9805,137,tr,eski/yaşlı,,,,,,A
9806,137,ja,古い/年老いた,,,,furui/toshi oita,A
9807,137,ko,낡은/늙은,,,,nalgeun/neulgeun,A
9808,137,zh-cn,老的/旧的,,,,lǎo de/jiù de,A
9809,137,zh-tw,老的/舊的,,,,lǎo de/jiù de,A
9810,137,vi,cũ/già,,,,,,A
9811,137,th,เก่า/แก่,,,,kèā/kæ̀,A
9812,137,id,tua/lama,,,,,,A
9813,137,sw,-zee,,,,,,A
9814,137,nl,oud,,,,,,A
9815,137,pl,stary,,,,,,A
9816,137,uk,старий,,,,staryy,A
9817,137,el,παλιός/γέρος,,,,paliós/géros,A
9818,137,sv,gammal,,,,,,A
9819,137,no,gammel,,,,,,A
9820,137,da,gammel,,,,,,A
9821,137,fi,vanha,,,,,,A
9822,137,cs,starý,,,,,,A
9823,137,hu,régi/öreg,,,,,,A
9824,137,ro,batrân/vechi,,,,,,A
9825,137,bg,стар/стари,,,,star/stari,A
9826,137,sr,стар/стари,,,,star/stari,A
9827,137,sk,starý,,,,,,A
9828,137,sl,star,,,,,,A
9829,137,lt,senas,,,,,,A
9830,137,lv,vecs,,,,,,A
9831,137,et,vana,,,,,,A
9832,137,he,זקן/ישן,,,,zaken/yashan,A
9833,137,ha,tsoho,,,,,,A
9834,137,yo,àgbà,,,,,,A
9835,137,ig,ochie/agadi,,,,,,A
9836,137,am,የድሮ/የአሮጌ,,,,yädəro/yä'aroge,A
9837,137,ti,ኣረጊት/ኣርኣያ,,,,arägit/ar'aya,A
9838,137,ne,पुरानो/बूढो,,,,purāno/būḍho,A
9839,137,ta,பழைய/முதிய,,,,paḻaiya/mutiya,A
9840,137,te,పాత/వృద్ధ,,,,pāta/vr̥ddha,A
9841,137,ml,പഴയ/പഴക്കം ചെന്ന,,,,paḻaya/paḻakkaṁ cenna,A
9842,137,mr,जुने/वृद्ध,,,,june/vr̥ddha,A
9843,137,pa,ਪੁਰਾਣਾ/ਬੁੱਢਾ,,,,purāṇā/buḍḍhā,A
9844,137,gu,જૂનું/જુનું,,,,jūnuṁ/junuṁ,A
9845,137,si,පැරණි/වයසක් ගත වූ,,,,pæraṇi/vayask gata vū,A
9846,137,km,ចាស់/ចំណាស់,,,,chɑh/chɑmnɑh,A
9847,137,is,gamall,,,,,,A
9848,137,tl,lumang/matanda,,,,,,A
9849,137,ms,tua/lama,,,,,,A
9850,137,jv,tuwå/tuwo,,,,,,A
9851,137,kk,ескі/қарт,,,,eski/qart,A
9852,137,uz,qari/eski,,,,,,A
9853,137,mn,хуучин/хөгшин,,,,khuuchin/khögshin,A
9854,137,ga,ძველი/მოხუცი,,,,dzveli/mokh'utsi,A
9855,137,hy,հին/ծեր,,,,hin/tser,A
9856,137,eu,zahar,,,,,,A
9857,137,ca,vell/vella,,,,,,A
9858,137,gl,vello/vella,,,,,,A
9859,137,ga,sean,,,,,,A
9860,137,cy,hen,,,,,,A
9861,137,gd,aosta/sean,,,,,,A
9862,137,lb,al,,,,,,A
9863,137,eo,maljuna/malnova,,,,,,A
9864,137,la,vetus/antiquus,,,,,,A
9865,138,en,while,,,,,,A
9866,138,es,mientras,,,,,,A
9867,138,fr,pendant que,,,,,,A
9868,138,pt,enquanto,,,,,,A
9869,138,de,während,,,,,,A
9870,138,it,mentre,,,,,,A
9871,138,ru,пока/в то время как,,,,poka/v to vremya kak,A
9872,138,ar,بينما/أثناء,,,,baynamā/athnā',A
9873,138,hi,जबकि/दौरान,,,,jabki/daurān,A
9874,138,bn,যখন,,,,jokhon,A
9875,138,ur,جبکہ/دوران,,,,jabkih/daurān,A
9876,138,fa,در حالی که/هنگامی که,,,,dar hāle ke/hangāmi ke,A
9877,138,tr,iken/iken/-iken,,,,,,A
9878,138,ja,一方で/ながら,,,,ippō de/nagara,A
9879,138,ko,동안/반면,,,,dong-an/banmyeon,A
9880,138,zh-cn,当...时/而,,,,dāng... shí/ér,A
9881,138,zh-tw,當...時/而,,,,dāng... shí/ér,A
9882,138,vi,trong khi,,,,,,A
9883,138,th,ในขณะที่,,,,nı khnạ thī̀,A
9884,138,id,sementara/ketika,,,,,,A
9885,138,sw,wakati,,,,,,A
9886,138,nl,terwijl,,,,,,A
9887,138,pl,podczas/gdy,,,,,,A
9888,138,uk,поки/в той час як,,,,poky/v toy chas yak,A
9889,138,el,ενώ,,,,enó,A
9890,138,sv,medan,,,,,,A
9891,138,no,mens,,,,,,A
9892,138,da,imens,,,,,,A
9893,138,fi,samalla kun,,,,,,A
9894,138,cs,zatímco,,,,,,A
9895,138,hu,míg/amíg,,,,,,A
9896,138,ro,în timp ce,,,,,,A
9897,138,bg,докато/за разлика от,,,,dokato/za razlika ot,A
9898,138,sr,док/током,,,,dok/tokom,A
9899,138,sk,kým/počas,,,,,,A
9900,138,sl,medtem ko,,,,,,A
9901,138,lt,kadangi/nors,,,,,,A
9902,138,lv,kamēr,,,,,,A
9903,138,et,samas kui/kuigi,,,,,,A
9904,138,he,בזמן ש/בעוד,,,,bizman she/be'od,A
9905,138,ha,yayin da,,,,,,A
9906,138,yo,nígbà tí,,,,,,A
9907,138,ig,mgbe,,,,,,A
9908,138,am,ሳለ,,,,sale,A
9909,138,ti,ኣብ መንጎ,,,,ab mängo,A
9910,138,ne,जबकि,,,,jabki,A
9911,138,ta,போது/ஆனால்,,,,pōtu/āṉāl,A
9912,138,te,సమయంలో/అయితే,,,,samayaṁlō/ayitē,A
9913,138,ml,സമയത്ത്/പക്ഷെ,,,,samayatt/pakṣe,A
9914,138,mr,तेव्हा/तर,,,,tevha/tara,A
9915,138,pa,ਜਦਕਿ/ਦੌਰਾਨ,,,,jadki/daurān,A
9916,138,gu,જ્યારે/જ્યારે,,,,jyāre/jyāre,A
9917,138,si,අතරතුර/අතරතුර,,,,ataratura/ataratura,A
9918,138,km,ខណៈពេល/ពេល,,,,khnea pel/pel,A
9919,138,is,meðan,,,,,,A
9920,138,tl,samantalang/habang,,,,,,A
9921,138,ms,sementara/ketika,,,,,,A
9922,138,jv,nanging/nalika,,,,,,A
9923,138,kk,алда/болса да,,,,alda/bolsa da,A
9924,138,uz,paytda/bo'lsa-da,,,,,,A
9925,138,mn,үед/гэвч,,,,üed/gevch,A
9926,138,ga,სანამ/მიუხედავად იმისა, რომ,,,,sanam/miukhedavad imisa, rom,A
9927,138,hy,մինչդեռ,,,,minch'der,A
9928,138,eu,bitartean,,,,,,A
9929,138,ca,mentre,,,,,,A
9930,138,gl,mentres,,,,,,A
9931,138,ga,fad is/go dtí,,,,,,A
9932,138,cy,tra,,,,,,A
9933,138,gd,fhad 's a,,,,,,A
9934,138,lb,wärend,,,,,,A
9935,138,eo,dum/kvankam,,,,,,A
9936,138,la,dum/cum,,,,,,A
9937,139,en,to mean,,,,,,A
9938,139,es,significar/querer decir,,,,,,A
9939,139,fr,signifier/vouloir dire,,,,,,A
9940,139,pt,significar/quiser dizer,,,,,,A
9941,139,de,bedeuten,,,,,,A
9942,139,it,significare,,,,,,A
9943,139,ru,значить/иметь в виду,,,,znachit'/imet' v vidu,A
9944,139,ar,يعني/يقصد,,,,yaʿnī/yaqṣid,A
9945,139,hi,मतलब होना,,,,matlab honā,A
9946,139,bn,বোঝানো/অর্থ প্রকাশ করা,,,,bojhānō/artha prakāś karā,A
9947,139,ur,مطلب ہونا/مراد ہونا,,,,matlab honā/murād honā,A
9948,139,fa,معنی دادن/منظور داشتن,,,,ma'nī dādan/manzūr dāshtan,A
9949,139,tr,demek olmak/anlamına gelmek,,,,,,A
9950,139,ja,意味する,,,,imi suru,A
9951,139,ko,의미하다/뜻하다,,,,uimihada/tteuthada,A
9952,139,zh-cn,意思是/意味着,,,,yìsi shì/yìwèi zhe,A
9953,139,zh-tw,意思是/意味著,,,,yìsi shì/yìwèi zhe,A
9954,139,vi,có nghĩa là,,,,,,A
9955,139,th,หมายถึง/มีความหมาย,,,,h̄māy t̄hụng/mī khwām h̄māy,A
9956,139,id,berarti/maksudnya,,,,,,A
9957,139,sw,maana yake/maanisha,,,,,,A
9958,139,nl,betekenen,,,,,,A
9959,139,pl,znaczyć/mieć na myśli,,,,,,A
9960,139,uk,означати/мати на увазі,,,,oznachaty/maty na uvazi,A
9961,139,el,σημαίνω/εννοώ,,,,siméno/enóo,A
9962,139,sv,betyda/mena,,,,,,A
9963,139,no,bety/mene,,,,,,A
9964,139,da,betyde,,,,,,A
9965,139,fi,tarkoittaa,,,,,,A
9966,139,cs,znamenat/myslet,,,,,,A
9967,139,hu,jelent/szándékozik,,,,,,A
9968,139,ro,a însemna/a vrea să spună,,,,,,A
9969,139,bg,означавам/имам предвид,,,,oznachavam/imam predvid,A
9970,139,sr,значити/имати на уму,,,,značiti/imati na umu,A
9971,139,sk,znamenať/mať na mysli,,,,,,A
9972,139,sl,pomeniti/misliti,,,,,,A
9973,139,lt,reikšti/turėti galvoje,,,,,,A
9974,139,lv,nozīmēt/paredzēt,,,,,,A
9975,139,et,tähendama/mõtlema,,,,,,A
9976,139,he,להתכוון/לשמוע,,,,lehatkaven/lishmoa,A
9977,139,ha,nufin/nuna,,,,,,A
9978,139,yo,tumọ si/jẹ,,,,,,A
9979,139,ig,pụtara/ịpụta,,,,,,A
9980,139,am,ማለት/ትርጉም,,,,malät/tərgum,A
9981,139,ti,ከም/ትርጉም,,,,käm/tərgum,A
9982,139,ne,मतलब हुनु/अर्थ लगाउनु,,,,matlab hunu/artha lagāunu,A
9983,139,ta,அர்த்தப்படுத்து/பொருள்,,,,artappaṭuttu/poruḷ,A
9984,139,te,అర్థం/అనుకుంటున్నాను,,,,arthaṁ/anukuṇṭunnānu,A
9985,139,ml,അർത്ഥമാക്കുന്നത്,,,,artthamākkunnat,A
9986,139,mr,अर्थ/म्हणणे,,,,artha/mhaṇaṇe,A
9987,139,pa,ਮਤਲਬ/ਮਤਲਬ ਹੈ,,,,matlab/matlab hai,A
9988,139,gu,અર્થ/નો અર્થ થાય છે,,,,artha/no artha thāya che,A
9989,139,si,අදහස් කරන්න/අදහස් කරන්න,,,,adahas karanna/adahas karanna,A
9990,139,km,មានន័យថា/សំដៅលើ,,,,mean ney thaa/sɑmdav ləə,A
9991,139,is,þýða/meina,,,,,,A
9992,139,tl,ibig sabihin,,,,,,A
9993,139,ms,bermaksud/bererti,,,,,,A
9994,139,jv,tegese/ngarepake,,,,,,A
9995,139,kk,білдіру/дегенді білдіреді,,,,bildiru/degen'di bildiredi,A
9996,139,uz,anglatmoq/degani,,,,,,A
9997,139,mn,утга учиртай/гэсэн үг,,,,utga uchirtai/gesen üg,A
9998,139,ga,ნიშნავს/გულისხმობს,,,,nishnavs/gulis'xmobs,A
9999,139,hy,նշանակել/ենթադրել,,,,nshanakel/yent'adrel,A
10000,139,eu,esan nahi izan/esandakoa izan,,,,,,A
10001,139,ca,significar/voler dir,,,,,,A
10002,139,gl,significar/quere dicir,,,,,,A
10003,139,ga,ciall a bhaint as,,,,,,A
10004,139,cy,golygu/ystyried,,,,,,A
10005,139,gd,ciallachadh/ciall,,,,,,A
10006,139,lb,bedidden/meenen,,,,,,A
10007,139,eo,signifi/voli diri,,,,,,A
10008,139,la,significare/velle dicere,,,,,,A
10009,140,en,on,,,,,,A
10010,140,es,en/sobre,,,,,,A
10011,140,fr,sur,,,,,,A
10012,140,pt,em/sobre,,,,,,A
10013,140,de,auf,,,,,,A
10014,140,it,su,,,,,,A
10015,140,ru,на,,,,na,A
10016,140,ar,على,,,,ʿalā,A
10017,140,hi,पर,,,,par,A
10018,140,bn,উপর,,,,upar,A
10019,140,ur,پر,,,,par,A
10020,140,fa,رو/بر,,,,rū/bar,A
10021,140,tr,üzerinde/-de/-da,,,,,,A
10022,140,ja,上に/で,,,,ue ni/de,A
10023,140,ko,위에/에서,,,,wie/eseo,A
10024,140,zh-cn,在...上,,,,zài... shàng,A
10025,140,zh-tw,在...上,,,,zài... shàng,A
10026,140,vi,trên,,,,,,A
10027,140,th,บน/ที่,,,,bn/thī̀,A
10028,140,id,pada/di atas,,,,,,A
10029,140,sw,juu ya/ kwenye,,,,,,A
10030,140,nl,op,,,,,,A
10031,140,pl,na,,,,,,A
10032,140,uk,на,,,,na,A
10033,140,el,πάνω/σε,,,,páno/se,A
10034,140,sv,på,,,,,,A
10035,140,no,på,,,,,,A
10036,140,da,på,,,,,,A
10037,140,fi,päällä/-lla/-llä,,,,,,A
10038,140,cs,na,,,,,,A
10039,140,hu,-n/-on/-en/-ön,,,,,,A
10040,140,ro,pe,,,,,,A
10041,140,bg,на,,,,na,A
10042,140,sr,на/на,,,,na/na,A
10043,140,sk,na,,,,,,A
10044,140,sl,na,,,,,,A
10045,140,lt,ant,,,,,,A
10046,140,lv,uz,,,,,,A
10047,140,et,peal/-l,,,,,,A
10048,140,he,על,,,,al,A
10049,140,ha,a kan/a,,,,,,A
10050,140,yo,lórí/lẹ́sẹsẹ,,,,,,A
10051,140,ig,na,,,,,,A
10052,140,am,ላይ,,,,lay,A
10053,140,ti,ላይ,,,,lay,A
10054,140,ne,मा,,,,mā,A
10055,140,ta,மீது/அன்று,,,,mītu/aṉṟu,A
10056,140,te,పైన/మీద,,,,paina/mīda,A
10057,140,ml,മേൽ/അതിൽ,,,,mēl/atil,A
10058,140,mr,वर,,,,var,A
10059,140,pa,ਤੇ/ਉੱਤੇ,,,,te/utte,A
10060,140,gu,પર,,,,par,A
10061,140,si,මත/දී,,,,mata/dī,A
10062,140,km,លើ/នៅលើ,,,,ləə/nɨw ləə,A
10063,140,is,á,,,,,,A
10064,140,tl,sa,,,,,,A
10065,140,ms,pada/di,,,,,,A
10066,140,jv,ing/ing,,,,,,A
10067,140,kk,үстінде/бойынша,,,,üstinde/boyınşa,A
10068,140,uz,ustida/da,,,,,,A
10069,140,mn,дээр/аар/ээр,,,,deer/aar/ eer,A
10070,140,ga,საფუძველზე/ზე,,,,sap'udzvelze/ze,A
10071,140,hy,վրա/ին,,,,vra/in,A
10072,140,eu,gainean,,,,,,A
10073,140,ca,a/sobre,,,,,,A
10074,140,gl,en/sobre,,,,,,A
10075,140,ga,ar,,,,,,A
10076,140,cy,ar,,,,,,A
10077,140,gd,air,,,,,,A
10078,140,lb,op,,,,,,A
10079,140,eo,sur,,,,,,A
10080,140,la,in/super,,,,,,A
10081,141,en,to keep,,,,,,A
10082,141,es,mantener/guardar,,,,,,A
10083,141,fr,garder/maintenir,,,,,,A
10084,141,pt,manter/guardar,,,,,,A
10085,141,de,behalten/aufbewahren,,,,,,A
10086,141,it,mantenere/conservare,,,,,,A
10087,141,ru,держать/сохранять,,,,derzhat'/sokhranyat',A
10088,141,ar,يحافظ/يبقي,,,,yuḥāfiẓ/yubqī,A
10089,141,hi,रखना/बनाए रखना,,,,rakhnā/banāe rakhnā,A
10090,141,bn,রাখা/বজায় রাখা,,,,rākhā/bajāẏ rākhā,A
10091,141,ur,رکھنا/برقرار رکھنا,,,,rakhnā/barqarār rakhnā,A
10092,141,fa,نگه داشتن/حفظ کردن,,,,negah dāshtan/ḥefẓ kardan,A
10093,141,tr,tutmak/korumak,,,,,,A
10094,141,ja,保つ/保持する,,,,tamotsu/hoji suru,A
10095,141,ko,유지하다/지키다,,,,yujihada/jikida,A
10096,141,zh-cn,保持/保留,,,,bǎochí/bǎoliú,A
10097,141,zh-tw,保持/保留,,,,bǎochí/bǎoliú,A
10098,141,vi,giữ/duy trì,,,,,,A
10099,141,th,รักษา/เก็บรักษา,,,,rạks̄ʹā/keb rạks̄ʹā,A
10100,141,id,menyimpan/menjaga,,,,,,A
10101,141,sw,kushika/kuweka,,,,,,A
10102,141,nl,houden/behouden,,,,,,A
10103,141,pl,zachować/trzymać,,,,,,A
10104,141,uk,тримати/зберігати,,,,trymaty/zberihaty,A
10105,141,el,κρατάω/διατηρώ,,,,kratáo/diatiró,A
10106,141,sv,behålla/hålla,,,,,,A
10107,141,no,beholde/oppbevare,,,,,,A
10108,141,da,beholde/opbevare,,,,,,A
10109,141,fi,pitää/säilyttää,,,,,,A
10110,141,cs,zachovat/držet,,,,,,A
10111,141,hu,tart/megtart,,,,,,A
10112,141,ro,a păstra/a menține,,,,,,A
10113,141,bg,пазя/задържам,,,,pazya/zadǎržam,A
10114,141,sr,задржати/чувати,,,,zadržati/čuvati,A
10115,141,sk,zachovať/udržať,,,,,,A
10116,141,sl,obdržati/hraniti,,,,,,A
10117,141,lt,laikyti/saugoti,,,,,,A
10118,141,lv,saglabāt/turēt,,,,,,A
10119,141,et,hoidma/säilitama,,,,,,A
10120,141,he,לשמור/להחזיק,,,,lishmor/lehakhzik,A
10121,141,ha,ci gaba/kula,,,,,,A
10122,141,yo,pa mọ/tọju,,,,,,A
10123,141,ig,debe/chekwaa,,,,,,A
10124,141,am,መጠበቅ/መያዝ,,,,mäṭäbäḳ/mäyaz,A
10125,141,ti,ምሕላፍ/ምሕደር,,,,məḥlaf/məḥdär,A
10126,141,ne,राख्नु/कायम राख्नु,,,,rākhnu/kāyam rākhnu,A
10127,141,ta,வைத்திரு/காத்து வை,,,,vaittiru/kāttu vai,A
10128,141,te,ఉంచండి/సంరక్షించండి,,,,uñcaṇḍi/saṁrakṣiñcaṇḍi,A
10129,141,ml,സൂക്ഷിക്കുക/നിലനിർത്തുക,,,,sūkṣikkuka/nilaniṟttuka,A
10130,141,mr,ठेवणे/संरक्षित करणे,,,,ṭhevaṇe/saṁrakṣita karaṇe,A
10131,141,pa,ਰੱਖੋ/ਸੰਭਾਲੋ,,,,rakkho/sambhālo,A
10132,141,gu,રાખો/સંભાળો,,,,rākho/sambhālo,A
10133,141,si,තබා ගන්න/රැකගන්න,,,,tabā ganna/rækaganna,A
10134,141,km,រក្សា/រក្សាទុក,,,,rŏksaa/rŏksaa tuk,A
10135,141,is,halda/geyma,,,,,,A
10136,141,tl,panatilihin/ingatan,,,,,,A
10137,141,ms,simpan/kekal,,,,,,A
10138,141,jv,tetep/njaga,,,,,,A
10139,141,kk,сақтау/ұстау,,,,saqtaw/ustaw,A
10140,141,uz,saqlamoq/uslab turmoq,,,,,,A
10141,141,mn,хадгалах/үлдээх,,,,khadgalakh/üldeekh,A
10142,141,ga,შენარჩუნება/შენახვა,,,,shenarch'uneba/shenakhva,A
10143,141,hy,պահել/պահպանել,,,,pahel/pahpanel,A
10144,141,eu,mantendu/gorde,,,,,,A
10145,141,ca,mantenir/guardar,,,,,,A
10146,141,gl,manterse/gardar,,,,,,A
10147,141,ga,coinnigh/coimeád,,,,,,A
10148,141,cy,cadw,,,,,,A
10149,141,gd,cumail/glèidheadh,,,,,,A
10150,141,lb,behalen/opbehalen,,,,,,A
10151,141,eo,teni/gardi,,,,,,A
10152,141,la,servare/tenere,,,,,,A
10153,142,en,student,,,,,,A
10154,142,es,estudiante,el/la,m/f,,,,A
10155,142,fr,étudiant/étudiante,l',m/f,,,,A
10156,142,pt,estudante,o/a,m/f,,,,A
10157,142,de,Student/Studentin,der/die,m/f,,,,A
10158,142,it,studente/studentessa,lo/la,m/f,,,,A
10159,142,ru,студент/студентка,,,,student/studentka,A
10160,142,ar,طالب/طالبة,,,,ṭālib/ṭālibah,A
10161,142,hi,छात्र/छात्रा,,,,chātra/chātrā,A
10162,142,bn,ছাত্র/ছাত্রী,,,,chātra/chātrī,A
10163,142,ur,طالب علم/طالبہ,,,,ṭālib ilm/ṭālibah,A
10164,142,fa,دانشجو/دانش آموز,,,,dāneshjū/dānesh āmūz,A
10165,142,tr,öğrenci,,,,,,A
10166,142,ja,学生,,,,gakusei,A
10167,142,ko,학생,,,,haksaeng,A
10168,142,zh-cn,学生,,,,xuésheng,A
10169,142,zh-tw,學生,,,,xuésheng,A
10170,142,vi,học sinh/sinh viên,,,,,,A
10171,142,th,นักเรียน/นักศึกษา,,,,nạk reīyn/nạk s̄ụks̄ʹā,A
10172,142,id,siswa/mahasiswa,,,,,,A
10173,142,sw,mwanafunzi,,,,,,A
10174,142,nl,student/studente,de,m/f,,,,A
10175,142,pl,student/studentka,,,,,,A
10176,142,uk,студент/студентка,,,,student/studentka,A
10177,142,el,φοιτητής/φοιτήτρια,,,,foititís/foitítria,A
10178,142,sv,student,en,c,,,,A
10179,142,no,student,,,,,,A
10180,142,da,studerende,,,,,,A
10181,142,fi,opiskelija,,,,,,A
10182,142,cs,student/studentka,,,,,,A
10183,142,hu,diák/hallgató,,,,,,A
10184,142,ro,student/studentă,,,,,,A
10185,142,bg,студент/студентка,,,,student/studentka,A
10186,142,sr,студент/студенткиња,,,,student/studentkinja,A
10187,142,sk,študent/študentka,,,,,,A
10188,142,sl,študent/študentka,,,,,,A
10189,142,lt,studentas/studentė,,,,,,A
10190,142,lv,students/studente,,,,,,A
10191,142,et,õpilane/üliõpilane,,,,,,A
10192,142,he,תלמיד/סטודנט,,,,talmid/student,A
10193,142,ha,ɗalibi,,,,,,A
10194,142,yo,akẹ́kọ̀ọ́,,,,,,A
10195,142,ig,nwa akwụkwọ,,,,,,A
10196,142,am,ተማሪ,,,,tämari,A
10197,142,ti,ተምሃራይ,,,,tämharay,A
10198,142,ne,विद्यार्थी/छात्र,,,,vidyārthī/chātra,A
10199,142,ta,மாணவர்/மாணவி,,,,māṇavar/māṇavi,A
10200,142,te,విద్యార్థి/విద్యార్థిని,,,,vidyārthi/vidyārthini,A
10201,142,ml,വിദ്യാർത്ഥി/വിദ്യാർത്ഥിനി,,,,vidyārtthi/vidyārtthini,A
10202,142,mr,विद्यार्थी/विद्यार्थिनी,,,,vidyārthī/vidyārthinī,A
10203,142,pa,ਵਿਦਿਆਰਥੀ/ਵਿਦਿਆਰਥਨੀ,,,,vidiārathī/vidiārathnī,A
10204,142,gu,વિદ્યાર્થી/વિદ્યાર્થિની,,,,vidyārthī/vidyārthinī,A
10205,142,si,ශිෂ්ය/ශිෂ්යාව,,,,śiṣya/śiṣyāva,A
10206,142,km,និស្សិត/សិស្ស,,,,nissət/səh,A
10207,142,is,nemandi,,,,,,A
10208,142,tl,mag-aaral,,,,,,A
10209,142,ms,pelajar/murid,,,,,,A
10210,142,jv,siswa,,,,,,A
10211,142,kk,студент/студентка,,,,student/studentka,A
10212,142,uz,talaba/student,,,,,,A
10213,142,mn,оюутан/студент,,,,oyuutan/student,A
10214,142,ga,სტუდენტი/სტუდენტი,,,,st'udent'i/st'udent'i,A
10215,142,hy,ուսանող,,,,usanogh,A
10216,142,eu,ikasle,,,,,,A
10217,142,ca,estudiant/estudianta,l'/la,m/f,,,,A
10218,142,gl,estudante/o/a,m/f,,,,A
10219,142,ga,scoláire,,,,,,A
10220,142,cy,myfyriwr/myfyrwraig,,,,,,A
10221,142,gd,oileanach/oileanaich,,,,,,A
10222,142,lb,Student/Studentin,de/d',m/f,,,,A
10223,142,eo,studento/studentino,,,,,,A
10224,142,la,discipulus/discipula,,,,,,A
10225,143,en,why,,,,,,A
10226,143,es,por qué,,,,,,A
10227,143,fr,pourquoi,,,,,,A
10228,143,pt,por que,,,,,,A
10229,143,de,warum,,,,,,A
10230,143,it,perché,,,,,,A
10231,143,ru,почему,,,,pochemu,A
10232,143,ar,لماذا,,,,limādhā,A
10233,143,hi,क्यों,,,,kyoṁ,A
10234,143,bn,কেন,,,,kēna,A
10235,143,ur,کیوں,,,,kyoṁ,A
10236,143,fa,چرا,,,,cherā,A
10237,143,tr,niçin/niye,,,,,,A
10238,143,ja,なぜ/どうして,,,,naze/dōshite,A
10239,143,ko,왜,,,,wae,A
10240,143,zh-cn,为什么,,,,wèishénme,A
10241,143,zh-tw,為什麼,,,,wèishénme,A
10242,143,vi,tại sao,,,,,,A
10243,143,th,ทำไม,,,,thảmị,A
10244,143,id,mengapa/kenapa,,,,,,A
10245,143,sw,kwa nini,,,,,,A
10246,143,nl,waarom,,,,,,A
10247,143,pl,dlaczego,,,,,,A
10248,143,uk,чому,,,,chomu,A
10249,143,el,γιατί,,,,giatí,A
10250,143,sv,varför,,,,,,A
10251,143,no,hvorfor,,,,,,A
10252,143,da,hvorfor,,,,,,A
10253,143,fi,miksi,,,,,,A
10254,143,cs,proč,,,,,,A
10255,143,hu,miért,,,,,,A
10256,143,ro,de ce,,,,,,A
10257,143,bg,защо,,,,zashto,A
10258,143,sr,зашто/због чега,,,,zašto/zbog čega,A
10259,143,sk,prečo,,,,,,A
10260,143,sl,zakaj,,,,,,A
10261,143,lt,kodėl,,,,,,A
10262,143,lv,kāpēc,,,,,,A
10263,143,et,miks,,,,,,A
10264,143,he,למה/מדוע,,,,lama/madu'a,A
10265,143,ha,me ya sa,,,,,,A
10266,143,yo,kí lódì,,,,,,A
10267,143,ig,kedu ihe kpatara,,,,,,A
10268,143,am,ለምን,,,,ləmin,A
10269,143,ti,ስለምንት,,,,sələminət,A
10270,143,ne,किन,,,,kina,A
10271,143,ta,ஏன்,,,,ēṉ,A
10272,143,te,ఎందుకు,,,,eṅduku,A
10273,143,ml,എന്തുകൊണ്ട്,,,,entukoṇṭ,A
10274,143,mr,का,,,,kā,A
10275,143,pa,ਕਿਉਂ,,,,kiũ,A
10276,143,gu,શા માટે,,,,śā māṭe,A
10277,143,si,ඇයි,,,,æyi,A
10278,143,km,ហេតុអ្វី/ហេតុអ្វីបានជា,,,,haet avī/haet avī ban jea,A
10279,143,is,af hverju,,,,,,A
10280,143,tl,bakit,,,,,,A
10281,143,ms,mengapa/kenapa,,,,,,A
10282,143,jv,ngapa,,,,,,A
10283,143,kk,неге,,,,nege,A
10284,143,uz,nima uchun/nega,,,,,,A
10285,143,mn,яагаад,,,,yaagaad,A
10286,143,ga,რატომ,,,,ratom,A
10287,143,hy,ինչու,,,,inch'u,A
10288,143,eu,zergatik,,,,,,A
10289,143,ca,per què,,,,,,A
10290,143,gl,por que,,,,,,A
10291,143,ga,cén fáth,,,,,,A
10292,143,cy,pam,,,,,,A
10293,143,gd,carson,,,,,,A
10294,143,lb,firwat,,,,,,A
10295,143,eo,kial,,,,,,A
10296,143,la,cur/quarē,,,,,,A
10297,144,en,to let,,,,,,A
10298,144,es,dejar/permitir,,,,,,A
10299,144,fr,laisser/permettre,,,,,,A
10300,144,pt,deixar/permitir,,,,,,A
10301,144,de,lassen/erlauben,,,,,,A
10302,144,it,lasciare/permettre,,,,,,A
10303,144,ru,позволять/разрешать,,,,pozvoliat'/razreshat',A
10304,144,ar,يسمح/يدع,,,,yasmah/yadaʿ,A
10305,144,hi,देना/अनुमति देना,,,,denā/anumati denā,A
10306,144,bn,দেওয়া/অনুমতি দেওয়া,,,,deōẏā/onumati deōẏā,A
10307,144,ur,دینا/اجازت دینا,,,,denā/ejāzat denā,A
10308,144,fa,اجازه دادن/گذاشتن,,,,ejāze dādan/gozāshtan,A
10309,144,tr,izin vermek/bırakmak,,,,,,A
10310,144,ja,させる/許可する,,,,saseru/kyoka suru,A
10311,144,ko,허락하다/놓아주다,,,,heorakhada/noajuda,A
10312,144,zh-cn,让/允许,,,,ràng/yǔnxǔ,A
10313,144,zh-tw,讓/允許,,,,ràng/yǔnxǔ,A
10314,144,vi,để/cho phép,,,,,,A
10315,144,th,อนุญาต/ปล่อย,,,,xnuỵāt/pl̀xy,A
10316,144,id,membiarkan/mengizinkan,,,,,,A
10317,144,sw,kuruhusu/kuacha,,,,,,A
10318,144,nl,laten/toestaan,,,,,,A
10319,144,pl,pozwalać/pozwolić,,,,,,A
10320,144,uk,дозволяти/пускати,,,,dozvoliaty/puskaty,A
10321,144,el,αφήνω/επιτρέπω,,,,afíno/epitrépo,A
10322,144,sv,låta/tillåta,,,,,,A
10323,144,no,la/tillate,,,,,,A
10324,144,da,lade/tillade,,,,,,A
10325,144,fi,antaa/sallia,,,,,,A
10326,144,cs,dovolit/nechat,,,,,,A
10327,144,hu,enged/hagy,,,,,,A
10328,144,ro,a lăsa/a permite,,,,,,A
10329,144,bg,позволявам/пускам,,,,pozvolyavam/puskam,A
10330,144,sr,дозволити/пустити,,,,dozvoliti/pustiti,A
10331,144,sk,dovoliť/nechať,,,,,,A
10332,144,sl,dopustiti/pustiti,,,,,,A
10333,144,lt,leisti/leisti,,,,,,A
10334,144,lv,ļaut/atļaut,,,,,,A
10335,144,et,lubama/laskma,,,,,,A
10336,144,he,להתיר/לתת,,,,lehatir/latet,A
10337,144,ha,barin/bar,,,,,,A
10338,144,yo,jẹ ki,,,,,,A
10339,144,ig,hapụ/kwe,,,,,,A
10340,144,am,መፍቀድ/መተው,,,,mäfḳäd/mätäw,A
10341,144,ti,ኣረጋግጽ/ሕጊ ምድላው,,,,aragagṣ/ḥəgi mdəlaw,A
10342,144,ne,दिनु/अनुमति दिनु,,,,dinu/anumati dinu,A
10343,144,ta,அனுமதி/விடு,,,,aṉumati/viṭu,A
10344,144,te,అనుమతించండి/వదలండి,,,,anumatiñcaṇḍi/vadalaṇḍi,A
10345,144,ml,അനുവദിക്കുക/വിടുക,,,,anuvadikkuka/viṭuka,A
10346,144,mr,देणे/परवानगी देणे,,,,deṇe/parvānagī deṇe,A
10347,144,pa,ਦਿਓ/ਇਜਾਜ਼ਤ ਦਿਓ,,,,dio/ijāzat dio,A
10348,144,gu,દો/પરવાનગી આપો,,,,do/parvānagī āpo,A
10349,144,si,ඉඩ දෙන්න/අවසර දෙන්න,,,,iḍa denna/avasara denna,A
10350,144,km,អនុញ្ញាត/ទុកឱ្យ,,,,ɑnunhnheɑt/tuk aoy,A
10351,144,is,leyfa,,,,,,A
10352,144,tl,hayaan/payagan,,,,,,A
10353,144,ms,biarkan/membenarkan,,,,,,A
10354,144,jv,ngidinake/ngijinkake,,,,,,A
10355,144,kk,рұқсат ету/қою,,,,ruqsat etu/qoyu,A
10356,144,uz,ruxsat bermoq/qo'ymoq,,,,,,A
10357,144,mn,зөвшөөрөх/орхих,,,,zövshöörökh/orkhikh,A
10358,144,ga,ნება დართოთ/გაუშვას,,,,neba dart'ot/gaushvas,A
10359,144,hy,թույլատրել/թողնել,,,,t'uylatrel/t'oghnel,A
10360,144,eu,utzi/onartu,,,,,,A
10361,144,ca,deixar/permetre,,,,,,A
10362,144,gl,deixar/permitir,,,,,,A
10363,144,ga,lig dó/cead a thabhairt,,,,,,A
10364,144,cy,gadael/caniatau,,,,,,A
10365,144,gd,leig le/cead a thoirt,,,,,,A
10366,144,lb,loossen/erlaben,,,,,,A
10367,144,eo,permesi/lasi,,,,,,A
10368,144,la,sīnere/patī,,,,,,A
10369,145,en,great,,,,,,A
10370,145,es,grande/gran,,,,,,A
10371,145,fr,grand/grande,,,,,,A
10372,145,pt,grande,,,,,,A
10373,145,de,groß,,,,,,A
10374,145,it,grande,,,,,,A
10375,145,ru,великий/большой,,,,velikiy/bol'shoy,A
10376,145,ar,عظيم/كبير,,,,ʿaẓīm/kabīr,A
10377,145,hi,महान/बड़ा,,,,mahān/baṛā,A
10378,145,bn,মহান/বড়,,,,mahān/baṛ,A
10379,145,ur,عظیم/بڑا,,,,azeem/baṛā,A
10380,145,fa,بزرگ/عالی,,,,bozorg/ʿālī,A
10381,145,tr,büyük/harika,,,,,,A
10382,145,ja,偉大な/素晴らしい,,,,idai na/subarashii,A
10383,145,ko,위대한/훌륭한,,,,widaehan/hullyunghan,A
10384,145,zh-cn,伟大的/大的,,,,wěidà de/dà de,A
10385,145,zh-tw,偉大的/大的,,,,wěidà de/dà de,A
10386,145,vi,tuyệt vời/lớn,,,,,,A
10387,145,th,เยี่ยม/ใหญ่,,,,yèīym/h̄ıỵ̀,A
10388,145,id,hebat/besar,,,,,,A
10389,145,sw,kubwa/bora,,,,,,A
10390,145,nl,groot/geweldig,,,,,,A
10391,145,pl,wielki/świetny,,,,,,A
10392,145,uk,великий/чудовий,,,,velykyy/chudovyy,A
10393,145,el,μεγάλος/θαυμάσιος,,,,megálos/thavmásios,A
10394,145,sv,stor/bra,,,,,,A
10395,145,no,stor/flott,,,,,,A
10396,145,da,stor/fantastisk,,,,,,A
10397,145,fi,suuri/mahtava,,,,,,A
10398,145,cs,velký/skvělý,,,,,,A
10399,145,hu,nagyszerű/nagy,,,,,,A
10400,145,ro,mare/grozav,,,,,,A
10401,145,bg,велик/страхотен,,,,velik/strahoten,A
10402,145,sr,велики/одличан,,,,veliki/odličan,A
10403,145,sk,veľký/skvelý,,,,,,A
10404,145,sl,velik/odličen,,,,,,A
10405,145,lt,puikus/didysis,,,,,,A
10406,145,lv,lielisks/liels,,,,,,A
10407,145,et,suurepärane/suur,,,,,,A
10408,145,he,גדול/מצוין,,,,gadol/metsuyan,A
10409,145,ha,babba/kyau,,,,,,A
10410,145,yo,ńlá/olórí,,,,,,A
10411,145,ig,nnukwu/ịma mma,,,,,,A
10412,145,am,ታላቅ/ድንቅ,,,,talak'/dənḳ,A
10413,145,ti,ዓቢ/ምስጢር,,,,'abi/məsṭir,A
10414,145,ne,ठूलो/महान,,,,ṭhūlo/mahān,A
10415,145,ta,பெரிய/சிறந்த,,,,periya/ciṟanta,A
10416,145,te,గొప్ప/పెద్ద,,,,goppa/pedda,A
10417,145,ml,മഹത്തായ/വലിയ,,,,mahattāya/valiya,A
10418,145,mr,महान/मोठा,,,,mahān/moṭhā,A
10419,145,pa,ਮਹਾਨ/ਵੱਡਾ,,,,mahān/vaddā,A
10420,145,gu,મહાન/મોટું,,,,mahān/moṭuṁ,A
10421,145,si,දීර්ඝ/මහත්,,,,dīrgha/mahat,A
10422,145,km,ដ៏ធំ/ល្អឥតខ្ចោះ,,,,dɑ thom/l'ɑɑ ət khcɑh,A
10423,145,is,ágætur/stór,,,,,,A
10424,145,tl,malaki/mahusay,,,,,,A
10425,145,ms,hebat/besar,,,,,,A
10426,145,jv,gedhé/apik,,,,,,A
10427,145,kk,ұлы/ұлы,,,,uly/uly,A
10428,145,uz,katta/a'lo,,,,,,A
10429,145,mn,агуу/том,,,,aguu/tom,A
10430,145,ga,დიდი/დიდებული,,,,didi/didebuli,A
10431,145,hy,հիանալի/մեծ,,,,hianali/mets,A
10432,145,eu,handi/ bikain,,,,,,A
10433,145,ca,gran,,,,,,A
10434,145,gl,gran,,,,,,A
10435,145,ga,mór/iontach,,,,,,A
10436,145,cy,gwych/mawr,,,,,,A
10437,145,gd,mòr/sgoinneil,,,,,,A
10438,145,lb,grouss/toll,,,,,,A
10439,145,eo,granda/bonega,,,,,,A
10440,145,la,magnus/egregius,,,,,,A
10441,146,en,same,,,,,,A
10442,146,es,mismo/misma,,,,,,A
10443,146,fr,même,,,,,,A
10444,146,pt,mesmo/mesma,,,,,,A
10445,146,de,gleich/selbe,,,,,,A
10446,146,it,stesso/stessa,,,,,,A
10447,146,ru,тот же самый/одинаковый,,,,tot zhe samyy/odinakovyy,A
10448,146,ar,نفس,,,,nafs,A
10449,146,hi,समान/वही,,,,samān/vahī,A
10450,146,bn,একই,,,,ēki,A
10451,146,ur,ایک ہی/وہی,,,,ek hī/vohī,A
10452,146,fa,همان,,,,hamān,A
10453,146,tr,aynı,,,,,,A
10454,146,ja,同じ,,,,onaji,A
10455,146,ko,같은,,,,gateun,A
10456,146,zh-cn,相同的/一样的,,,,xiāngtóng de/yīyàng de,A
10457,146,zh-tw,相同的/一樣的,,,,xiāngtóng de/yīyàng de,A
10458,146,vi,cùng/giống nhau,,,,,,A
10459,146,th,เดียวกัน/เหมือนกัน,,,,deīyw kạn/h̄emụ̄xn kạn,A
10460,146,id,sama,,,,,,A
10461,146,sw,sawa,,,,,,A
10462,146,nl,hetzelfde,,,,,,A
10463,146,pl,taki sam,,,,,,A
10464,146,uk,той же/такий самий,,,,toy zhe/takyy samyy,A
10465,146,el,ίδιος/ίδια,,,,ídios/ídia,A
10466,146,sv,samma,,,,,,A
10467,146,no,samme,,,,,,A
10468,146,da,samme,,,,,,A
10469,146,fi,sama,,,,,,A
10470,146,cs,stejný,,,,,,A
10471,146,hu,ugyanaz,,,,,,A
10472,146,ro,același/aceeași,,,,,,A
10473,146,bg,същият/еднакъв,,,,sŭshtiyat/ednakŭv,A
10474,146,sr,исти/исто,,,,isti/isto,A
10475,146,sk,rovnaký,,,,,,A
10476,146,sl,isti/enak,,,,,,A
10477,146,lt,tas pats,,,,,,A
10478,146,lv,tas pats,,,,,,A
10479,146,et,sama,,,,,,A
10480,146,he,אותו הדבר/זהה,,,,oto hadavar/zehe,A
10481,146,ha,iri ɗaya,,,,,,A
10482,146,yo,kanna/ọkan náà,,,,,,A
10483,146,ig,otu,,,,,,A
10484,146,am,ተመሳሳይ,,,,tämäsasay,A
10485,146,ti,ከምቲ ዝተፈልጠ,,,,kämti zətäfälṭä,A
10486,146,ne,उही/एउटै,,,,uhī/euṭai,A
10487,146,ta,அதே,,,,atē,A
10488,146,te,అదే/అదే విధమైన,,,,adē/adē vidhamaina,A
10489,146,ml,ഒരേ/ഒരേ തരം,,,,orē/orē taraṁ,A
10490,146,mr,समान/सारखे,,,,samān/sārakhe,A
10491,146,pa,ਉਹੀ,,,,uhī,A
10492,146,gu,સમાન/એ જ,,,,samān/ē ja,A
10493,146,si,එකම/සමාන,,,,ekama/samāna,A
10494,146,km,ដូចគ្នា,,,,doch knea,A
10495,146,is,sami,,,,,,A
10496,146,tl,kapareho/katulad,,,,,,A
10497,146,ms,sama,,,,,,A
10498,146,jv,padha,,,,,,A
10499,146,kk,бірдей,,,,birdey,A
10500,146,uz,bir xil/ayni,,,,,,A
10501,146,mn,адил/ижил,,,,adil/izhil,A
10502,146,ga,იგივე/მსგავსი,,,,igive/msgavsi,A
10503,146,hy,նույնը/նույն,,,,nuyny/nuyn,A
10504,146,eu,bera,,,,,,A
10505,146,ca,mateix/mateixa,,,,,,A
10506,146,gl,mesmo/mesma,,,,,,A
10507,146,ga,mar a chéile/ceannann céanna,,,,,,A
10508,146,cy,yr un/un fath,,,,,,A
10509,146,gd,an aon/a cheudna,,,,,,A
10510,146,lb,deeselwecht,,,,,,A
10511,146,eo,sama,,,,,,A
10512,146,la,idem,,,,,,A
10513,147,en,big,,,,,,A
10514,147,es,grande,,,,,,A
10515,147,fr,grand/grande,,,,,,A
10516,147,pt,grande,,,,,,A
10517,147,de,groß,,,,,,A
10518,147,it,grande,,,,,,A
10519,147,ru,большой,,,,bol'shoy,A
10520,147,ar,كبير,,,,kabīr,A
10521,147,hi,बड़ा,,,,baṛā,A
10522,147,bn,বড়,,,,baṛ,A
10523,147,ur,بڑا,,,,baṛā,A
10524,147,fa,بزرگ,,,,bozorg,A
10525,147,tr,büyük,,,,,,A
10526,147,ja,大きい,,,,ōkii,A
10527,147,ko,큰,,,,keun,A
10528,147,zh-cn,大,,,,dà,A
10529,147,zh-tw,大,,,,dà,A
10530,147,vi,lớn/to,,,,,,A
10531,147,th,ใหญ่,,,,h̄ıỵ̀,A
10532,147,id,besar,,,,,,A
10533,147,sw,kubwa,,,,,,A
10534,147,nl,groot,,,,,,A
10535,147,pl,duży/wielki,,,,,,A
10536,147,uk,великий/велика,,,,velykyy/velika,A
10537,147,el,μεγάλος,,,,megálos,A
10538,147,sv,stor,,,,,,A
10539,147,no,stor,,,,,,A
10540,147,da,stor,,,,,,A
10541,147,fi,suuri,,,,,,A
10542,147,cs,velký,,,,,,A
10543,147,hu,nagy,,,,,,A
10544,147,ro,mare,,,,,,A
10545,147,bg,голям,,,,golyam,A
10546,147,sr,велики,,,,veliki,A
10547,147,sk,veľký,,,,,,A
10548,147,sl,velik,,,,,,A
10549,147,lt,didelis,,,,,,A
10550,147,lv,liels,,,,,,A
10551,147,et,suur,,,,,,A
10552,147,he,גדול,,,,gadol,A
10553,147,ha,babba,,,,,,A
10554,147,yo,ńlá,,,,,,A
10555,147,ig,nnukwu,,,,,,A
10556,147,am,ትልቅ,,,,təlḳ,A
10557,147,ti,ሰፊ/ኣዝዩ,,,,säfi/aziyu,A
10558,147,ne,ठूलो,,,,ṭhūlo,A
10559,147,ta,பெரிய,,,,periya,A
10560,147,te,పెద్ద/ఎక్కువ,,,,pedda/ekkuvu,A
10561,147,ml,വലിയ/വലുതായ,,,,valiya/valutāya,A
10562,147,mr,मोठा,,,,moṭhā,A
10563,147,pa,ਵੱਡਾ,,,,vaddā,A
10564,147,gu,મોટું,,,,moṭuṁ,A
10565,147,si,විශාල/දැවැන්ත,,,,viśāla/dævænta,A
10566,147,km,ធំ/ធំធេង,,,,thom/thom theng,A
10567,147,is,stór,,,,,,A
10568,147,tl,malaki,,,,,,A
10569,147,ms,besar,,,,,,A
10570,147,jv,gedhé,,,,,,A
10571,147,kk,үлкен/ірі,,,,ülken/iri,A
10572,147,uz,katta,,,,,,A
10573,147,mn,том,,,,tom,A
10574,147,ga,დიდი,,,,didi,A
10575,147,hy,մեծ,,,,mets,A
10576,147,eu,handi,,,,,,A
10577,147,ca,gran,,,,,,A
10578,147,gl,grande,,,,,,A
10579,147,ga,mór,,,,,,A
10580,147,cy,mawr,,,,,,A
10581,147,gd,mòr,,,,,,A
10582,147,lb,grouss,,,,,,A
10583,147,eo,granda,,,,,,A
10584,147,la,magnus,,,,,,A
10585,148,en,group,,,,,,A
10586,148,es,grupo,el,m,,,,A
10587,148,fr,groupe,le,m,,,,A
10588,148,pt,grupo,o,m,,,,A
10589,148,de,Gruppe,die,f,,,,A
10590,148,it,gruppo,il,m,,,,A
10591,148,ru,группа,,,,gruppa,A
10592,148,ar,مجموعة,,,,majmūʿah,A
10593,148,hi,समूह,,,,samūh,A
10594,148,bn,গ্রুপ/দল,,,,grup/dal,A
10595,148,ur,گروہ/جماعت,,,,garoh/jamā'at,A
10596,148,fa,گروه/جمع,,,,gorūh/jam',A
10597,148,tr,grup,,,,,,A
10598,148,ja,グループ,,,,gurūpu,A
10599,148,ko,그룹/모임,,,,geurup/moim,A
10600,148,zh-cn,组/群,,,,zǔ/qún,A
10601,148,zh-tw,組/群,,,,zǔ/qún,A
10602,148,vi,nhóm,,,,,,A
10603,148,th,กลุ่ม,,,,klùm,A
10604,148,id,kelompok/grup,,,,,,A
10605,148,sw,kundi,,,,,,A
10606,148,nl,groep,de,f,,,,A
10607,148,pl,grupa,,,,,,A
10608,148,uk,група,,,,hrupa,A
10609,148,el,ομάδα,,,,omáda,A
10610,148,sv,grupp,en,c,,,,A
10611,148,no,gruppe,,,,,,A
10612,148,da,gruppe,,,,,,A
10613,148,148,ryhmä,,,,,,A
10614,148,cs,skupina,,,,,,A
10615,148,hu,csoport,,,,,,A
10616,148,ro,grup,,,,,,A
10617,148,bg,група,,,,grupa,A
10618,148,sr,група,,,,grupa,A
10619,148,sk,skupina,,,,,,A
10620,148,sl,skupina,,,,,,A
10621,148,lt,grupė,,,,,,A
10622,148,lv,grupa,,,,,,A
10623,148,et,grupp,,,,,,A
10624,148,he,קבוצה,,,,kvutza,A
10625,148,ha,ƙungiya,,,,,,A
10626,148,yo,ẹgbẹ́,,,,,,A
10627,148,ig,otu,,,,,,A
10628,148,am,ቡድን,,,,budn,A
10629,148,ti,ጉጅለ,,,,guǧlä,A
10630,148,ne,समूह,,,,samūh,A
10631,148,ta,குழு,,,,kuḻu,A
10632,148,te,సమూహం/గుంపు,,,,samūhaṁ/gumpu,A
10633,148,ml,സംഘം/ഗ്രൂപ്പ്,,,,saṅghaṁ/grūpp,A
10634,148,mr,गट/समूह,,,,gaṭ/samūh,A
10635,148,pa,ਗਰੁੱਪ/ਸਮੂਹ,,,,garupp/samūh,A
10636,148,gu,જૂથ/સમૂહ,,,,jūth/samūh,A
10637,148,si,කණ්ඩායම/සමූහය,,,,kaṇḍāyama/samūhaya,A
10638,148,km,ក្រុម/ជំនួយ,,,,krom/chumnuəy,A
10639,148,is,hópur,,,,,,A
10640,148,tl,grupo,,,,,,A
10641,148,ms,kumpulan/group,,,,,,A
10642,148,jv,klompok/grup,,,,,,A
10643,148,kk,тобы/топ,,,,tobı/top,A
10644,148,uz,guruh,,,,,,A
10645,148,mn,бүлэг/хэсэг,,,,büleg/kheseg,A
10646,148,ga,ჯგუფი,,,,jguṗi,A
10647,148,hy,խումբ,,,,khumb,A
10648,148,eu,taldea,,,,,,A
10649,148,ca,grup,el,m,,,,A
10650,148,gl,grupo,o,m,,,,A
10651,148,ga,grúpa,,,,,,A
10652,148,cy,grŵp,,,,,,A
10653,148,gd,buidheann,,,,,,A
10654,148,lb,Grupp,d',f,,,,A
10655,148,eo,grupo,,,,,,A
10656,148,la,caterva/grex,,,,,,A
10657,149,en,to begin,,,,,,A
10658,149,es,comenzar/empezar,,,,,,A
10659,149,fr,commencer,,,,,,A
10660,149,pt,começar,,,,,,A
10661,149,de,beginnen/anfangen,,,,,,A
10662,149,it,iniziare/cominciare,,,,,,A
10663,149,ru,начинать,,,,nachinat',A
10664,149,ar,يبدأ,,,,yabda',A
10665,149,hi,शुरू करना,,,,shurū karnā,A
10666,149,bn,শুরু করা,,,,śuru karā,A
10667,149,ur,شروع کرنا,,,,shurūʿ karnā,A
10668,149,fa,شروع کردن/آغاز کردن,,,,shurūʿ kardan/āghāz kardan,A
10669,149,tr,başlamak,,,,,,A
10670,149,ja,始める/開始する,,,,hajimeru/kaishi suru,A
10671,149,ko,시작하다,,,,sijakhada,A
10672,149,zh-cn,开始,,,,kāishǐ,A
10673,149,zh-tw,開始,,,,kāishǐ,A
10674,149,vi,bắt đầu,,,,,,A
10675,149,th,เริ่ม/เริ่มต้น,,,,reìm/reìm t̂n,A
10676,149,id,mulai/memulai,,,,,,A
10677,149,sw,kuanza,,,,,,A
10678,149,nl,beginnen,,,,,,A
10679,149,pl,zaczynać,,,,,,A
10680,149,uk,починати,,,,pochynaty,A
10681,149,el,ξεκινώ/αρχίζω,,,,xekinó/archízo,A
10682,149,sv,börja,,,,,,A
10683,149,no,begynne,,,,,,A
10684,149,da,begynde,,,,,,A
10685,149,fi,aloittaa,,,,,,A
10686,149,cs,začít,,,,,,A
10687,149,hu,kezdeni/elkezdeni,,,,,,A
10688,149,ro,a începe,,,,,,A
10689,149,bg,започвам,,,,zapochvam,A
10690,149,sr,започети/почети,,,,započeti/početi,A
10691,149,sk,začať,,,,,,A
10692,149,sl,začeti,,,,,,A
10693,149,lt,pradėti,,,,,,A
10694,149,lv,sākt,,,,,,A
10695,149,et,alustama,,,,,,A
10696,149,he,להתחיל,,,,lehatkhil,A
10697,149,ha,fara,,,,,,A
10698,149,yo,bẹ̀rẹ̀,,,,,,A
10699,149,ig,bido/malite,,,,,,A
10700,149,am,መጀመር,,,,mäjämär,A
10701,149,ti,መጀመር,,,,mäjämär,A
10702,149,ne,सुरु गर्नु,,,,suru garnu,A
10703,149,ta,தொடங்கு,,,,toṭaṅku,A
10704,149,te,ప్రారంభించండి,,,,prārambhiñcaṇḍi,A
10705,149,ml,ആരംഭിക്കുക,,,,ārambhikkuka,A
10706,149,mr,सुरू करा/प्रारंभ करा,,,,surū karā/prārambha karā,A
10707,149,pa,ਸ਼ੁਰੂ ਕਰੋ,,,,śurū karo,A
10708,149,gu,શરૂ કરો,,,,śarū karo,A
10709,149,si,ආරම්භ කරන්න,,,,ārambha karanna,A
10710,149,km,ចាប់ផ្តើម/ចាប់ផ្តើមធ្វើ,,,,chɑp pdaəm/chɑp pdaəm tvəə,A
10711,149,is,byrja,,,,,,A
10712,149,tl,magsimula,,,,,,A
10713,149,ms,mula,,,,,,A
10714,149,jv,miwiti,,,,,,A
10715,149,kk,бастау,,,,bastau,A
10716,149,uz,boshlash,,,,,,A
10717,149,mn,эхлэх,,,,ekhlekh,A
10718,149,ga,დაწყება/დაწყება,,,,dats'q'eba/dats'q'eba,A
10719,149,hy,սկսել,,,,sksel,A
10720,149,eu,hasi,,,,,,A
10721,149,ca,començar,,,,,,A
10722,149,gl,comezar,,,,,,A
10723,149,ga,tosaigh,,,,,,A
10724,149,cy,dechrau,,,,,,A
10725,149,gd,tòisich,,,,,,A
10726,149,lb,ufänken,,,,,,A
10727,149,eo,komenci,,,,,,A
10728,149,la,incipere,,,,,,A
10729,150,en,to seem,,,,,,A
10730,150,es,parecer,,,,,,A
10731,150,fr,sembler,,,,,,A
10732,150,pt,parecer,,,,,,A
10733,150,de,scheinen/erscheinen,,,,,,A
10734,150,it,sembrare,,,,,,A
10735,150,ru,казаться,,,,kazat'sya,A
10736,150,ar,يبدو/يظهر,,,,yabdū/yaẓhar,A
10737,150,hi,लगता है,,,,lagtā hai,A
10738,150,bn,মনে হয়,,,,mone haẏa,A
10739,150,ur,لگتا ہے,,,,lagtā hai,A
10740,150,fa,به نظر رسیدن/ظاهر شدن,,,,be nazar residan/ẓāher shodan,A
10741,150,tr,görünmek,,,,,,A
10742,150,ja,〜のように見える/思われる,,,,〜 no yō ni mieru/omowareru,A
10743,150,ko,보이다/생각되다,,,,boida/saenggakdoeda,A
10744,150,zh-cn,似乎/显得,,,,sìhū/xiǎnde,A
10745,150,zh-tw,似乎/顯得,,,,sìhū/xiǎnde,A
10746,150,vi,có vẻ như,,,,,,A
10747,150,th,ดูเหมือน/ปรากฏว่า,,,,dū h̄emụ̄xn/prākt̩ ẁā,A
10748,150,id,tampak/kelihatan,,,,,,A
10749,150,sw,kuonekana,,,,,,A
10750,150,nl,lijken/ schijnen,,,,,,A
10751,150,pl,wydawać się,,,,,,A
10752,150,uk,здаватися,,,,zdavatysya,A
10753,150,el,φαίνομαι,,,,faínomai,A
10754,150,sv,verka/synas,,,,,,A
10755,150,no,virke/synes,,,,,,A
10756,150,da,virke/synes,,,,,,A
10757,150,fi,vaikuttaa/näyttää,,,,,,A
10758,150,cs,vypadat/zdát se,,,,,,A
10759,150,hu,tűnik/látszik,,,,,,A
10760,150,ro,părea,,,,,,A
10761,150,bg,изглежда,,,,izglezhda,A
10762,150,sr,изгледати/чинити се,,,,izgledati/činiti se,A
10763,150,sk,zdať sa/vyzerať,,,,,,A
10764,150,sl,zdeti se,,,,,,A
10765,150,lt,atrodyti,,,,,,A
10766,150,lv,šķist/izskatīties,,,,,,A
10767,150,et,tunduma/paistma,,,,,,A
10768,150,he,נראה/מראה,,,,nir'eh/mar'eh,A
10769,150,ha,ji/yi,,,,,,A
10770,150,yo,ju/Ṣe a lè ro,,,,,,A
10771,150,ig,yiri ka/ dị ka,,,,,,A
10772,150,am,መመስረት/ማሳየት,,,,mämäsərät/masayät,A
10773,150,ti,ከም/መመስከር,,,,käm/mämäsəkär,A
10774,150,ne,जस्तो लाग्छ/देखिन्छ,,,,jasto lāgcha/dekhincha,A
10775,150,ta,தெரிகிறது/தோன்றுகிறது,,,,terikiṟatu/tōṉṟukiṟatu,A
10776,150,te,తెలుస్తోంది/కనిపిస్తుంది,,,,telustōndi/kanipistundi,A
10777,150,ml,തോന്നുന്നു/കാണപ്പെടുന്നു,,,,tōnnunnu/kāṇappeṭunnu,A
10778,150,mr,दिसतं/वाटतं,,,,disataṁ/vāṭataṁ,A
10779,150,pa,ਲੱਗਦਾ ਹੈ/ਜਾਪਦਾ ਹੈ,,,,lagadā hai/jāpadā hai,A
10780,150,gu,દેખાય છે/લાગે છે,,,,dekhāya che/lāge che,A
10781,150,si,පෙනෙනවා/පෙනේ,,,,penenavā/penē,A
10782,150,km,ហាក់ដូចជា/មើលទៅដូចជា,,,,hak dooch jea/məəl təv dooch jea,A
10783,150,is,virðast/sýnast,,,,,,A
10784,150,tl,mukhang/parang,,,,,,A
10785,150,ms,kelihatan/ternampak,,,,,,A
10786,150,jv,katon/kayane,,,,,,A
10787,150,kk,көріну/сияқты болу,,,,körinu/siyaqtı bolu,A
10788,150,uz,ko'rinmoq/ tuyulmoq,,,,,,A
10789,150,mn,харагдах/санагдах,,,,kharagdakh/sanagdakh,A
10790,150,ga,როგორც ჩანს/ჩანს,,,,rogoris chans/chans,A
10791,150,hy,թվալ/երևալ,,,,t'val/yereval,A
10792,150,eu,iruditu/agertu,,,,,,A
10793,150,ca,semblar,,,,,,A
10794,150,gl,parecer,,,,,,A
10795,150,ga,is cosúil,,,,,,A
10796,150,cy,ymddangos/edrych fel,,,,,,A
10797,150,gd,seadh/coltach,,,,,,A
10798,150,lb,erscheinen/ausgesinn,,,,,,A
10799,150,eo,ŝajni,,,,,,A
10800,150,la,videri/apparere,,,,,,A
10801,151,en,country,,,,,,A
10802,151,es,país,el,m,,,,A
10803,151,fr,pays,le,m,,,,A
10804,151,pt,país,o,m,,,,A
10805,151,de,Land,das,n,,,,A
10806,151,it,paese,il,m,,,,A
10807,151,ru,страна,,,,strana,A
10808,151,ar,بلد,,,,balad,A
10809,151,hi,देश,,,,deś,A
10810,151,bn,দেশ,,,,deś,A
10811,151,ur,ملک,,,,mulk,A
10812,151,fa,کشور,,,,keshvar,A
10813,151,tr,ülke,,,,,,A
10814,151,ja,国,,,,kuni,A
10815,151,ko,나라/국가,,,,nara/gukga,A
10816,151,zh-cn,国家,,,,guójiā,A
10817,151,zh-tw,國家,,,,guójiā,A
10818,151,vi,quốc gia/đất nước,,,,,,A
10819,151,th,ประเทศ,,,,pratheṣ̄,A
10820,151,id,negara,,,,,,A
10821,151,sw,nchi,,,,,,A
10822,151,nl,land,het,n,,,,A
10823,151,pl,kraj,,,,,,A
10824,151,uk,країна,,,,krayina,A
10825,151,el,χώρα,,,,chóra,A
10826,151,sv,land,ett,n,,,,A
10827,151,no,land,,,,,,A
10828,151,da,land,,,,,,A
10829,151,fi,maa,,,,,,A
10830,151,cs,stát/země,,,,,,A
10831,151,hu,ország,,,,,,A
10832,151,ro,țară,,,,,,A
10833,151,bg,страна,,,,strana,A
10834,151,sr,земља,,,,zemlja,A
10835,151,sk,krajina/štát,,,,,,A
10836,151,sl,država,,,,,,A
10837,151,lt,šalis,,,,,,A
10838,151,lv,valsts,,,,,,A
10839,151,et,riik,,,,,,A
10840,151,he,מדינה,,,,medina,A
10841,151,ha,ƙasa,,,,,,A
10842,151,yo,orílẹ̀-èdè,,,,,,A
10843,151,ig,obodo/mba,,,,,,A
10844,151,am,ሀገር,,,,hagär,A
10845,151,ti,ሃገር,,,,hagär,A
10846,151,ne,देश,,,,deś,A
10847,151,ta,நாடு,,,,nāṭu,A
10848,151,te,దేశం/దేశము,,,,dēśaṁ/dēśamu,A
10849,151,ml,രാജ്യം,,,,rājyaṁ,A
10850,151,mr,देश,,,,deś,A
10851,151,pa,ਦੇਸ਼,,,,deś,A
10852,151,gu,દેશ,,,,deś,A
10853,151,si,රට,,,,raṭa,A
10854,151,km,ប្រទេស,,,,brɑteih,A
10855,151,is,land,,,,,,A
10856,151,tl,bansa,,,,,,A
10857,151,ms,negara,,,,,,A
10858,151,jv,negara,,,,,,A
10859,151,kk,ел,,,,el,A
10860,151,uz,davlat/mamlakat,,,,,,A
10861,151,mn,улс орон,,,,uls oron,A
10862,151,ga,ქვეყანა,,,,kveq'ana,A
10863,151,hy,երկիր,,,,yerkir,A
10864,151,eu,herrialde,,,,,,A
10865,151,ca,país,el,m,,,,A
10866,151,gl,país,o,m,,,,A
10867,151,ga,tír,,,,,,A
10868,151,cy,gwlad,,,,,,A
10869,151,gd,dùthaich,,,,,,A
10870,151,lb,Land,d',n,,,,A
10871,151,eo,lando,,,,,,A
10872,151,la,patria/terra,,,,,,A
10873,152,en,to help,,,,,,A
10874,152,es,ayudar,,,,,,A
10875,152,fr,aider,,,,,,A
10876,152,pt,ajudar,,,,,,A
10877,152,de,helfen,,,,,,A
10878,152,it,aiutare,,,,,,A
10879,152,ru,помогать,,,,pomogat',A
10880,152,ar,يساعد/يساعد,,,,yusāʿid/yusāʿid,A
10881,152,hi,मदद करना,,,,madad karnā,A
10882,152,bn,সাহায্য করা,,,,sāhāyya karā,A
10883,152,ur,مدد کرنا,,,,madad karnā,A
10884,152,fa,کمک کردن,,,,komak kardan,A
10885,152,tr,yardım etmek,,,,,,A
10886,152,ja,助ける/手伝う,,,,tasukeru/tetsudau,A
10887,152,ko,돕다/도와주다,,,,dopda/dowajuda,A
10888,152,zh-cn,帮助,,,,bāngzhù,A
10889,152,zh-tw,幫助,,,,bāngzhù,A
10890,152,vi,giúp đỡ,,,,,,A
10891,152,th,ช่วย,,,,ch̀wy,A
10892,152,id,membantu,,,,,,A
10893,152,sw,kusaidia,,,,,,A
10894,152,nl,helpen,,,,,,A
10895,152,pl,pomagać,,,,,,A
10896,152,uk,допомагати,,,,dopomahaty,A
10897,152,el,βοηθώ,,,,voïthó,A
10898,152,sv,hjälpa,,,,,,A
10899,152,no,hjelpe,,,,,,A
10900,152,da,hjælpe,,,,,,A
10901,152,fi,auttaa,,,,,,A
10902,152,cs,pomáhat,,,,,,A
10903,152,hu,segíteni,,,,,,A
10904,152,ro,a ajuta,,,,,,A
10905,152,bg,помагам,,,,pomagam,A
10906,152,sr,помогати/помагати,,,,pomogati/pomagati,A
10907,152,sk,pomáhať,,,,,,A
10908,152,sl,pomoči,,,,,,A
10909,152,lt,padėti,,,,,,A
10910,152,lv,palīdzēt,,,,,,A
10911,152,et,aitama,,,,,,A
10912,152,he,לעזור,,,,la'azor,A
10913,152,ha,taimakawa,,,,,,A
10914,152,yo,rànwọ́,,,,,,A
10915,152,ig,nyere aka/enyemaka,,,,,,A
10916,152,am,ማገዝ,,,,mägäz,A
10917,152,ti,ሓገዝ,,,,ḥagäz,A
10918,152,ne,मद्दत गर्नु,,,,maddat garnu,A
10919,152,ta,உதவி,,,,utavi,A
10920,152,te,సహాయం చేయండి/సహాయం చేయడానికి,,,,sahāyaṁ cēyaṇḍi/sahāyaṁ cēyaḍānik,A
10921,152,ml,സഹായിക്കുക,,,,sahāyikkuka,A
10922,152,mr,मदत करणे,,,,madata karaṇe,A
10923,152,pa,ਮਦਦ ਕਰੋ,,,,madad karo,A
10924,152,gu,મદદ કરો,,,,madad karo,A
10925,152,si,උදව් කරන්න,,,,udav karanna,A
10926,152,km,ជួយ,,,,chuəy,A
10927,152,is,hjálpa,,,,,,A
10928,152,tl,tumulong,,,,,,A
10929,152,ms,membantu,,,,,,A
10930,152,jv,nulungi,,,,,,A
10931,152,kk,көмектесу,,,,kömektesu,A
10932,152,uz,yordam bermoq,,,,,,A
10933,152,mn,туслах,,,,tuslakh,A
10934,152,ga,დახმარება/დახმარება,,,,dakhmareba/dakhmareba,A
10935,152,hy,օգնել,,,,ognel,A
10936,152,eu,lagundu,,,,,,A
10937,152,ca,ajudar,,,,,,A
10938,152,gl,axudar,,,,,,A
10939,152,ga,cabhraigh,,,,,,A
10940,152,cy,helpu,,,,,,A
10941,152,gd,cuidich,,,,,,A
10942,152,lb,hëllefen,,,,,,A
10943,152,eo,helpi,,,,,,A
10944,152,la,adiuvare,,,,,,A
10945,153,en,to talk,,,,,,A
10946,153,es,hablar,,,,,,A
10947,153,fr,parler,,,,,,A
10948,153,pt,falar,,,,,,A
10949,153,de,sprechen/reden,,,,,,A
10950,153,it,parlare,,,,,,A
10951,153,ru,говорить/разговаривать,,,,govorit'/razgovarivat',A
10952,153,ar,يتحدث/يتكلم,,,,yataḥaddaṯ/yatakallam,A
10953,153,hi,बात करना,,,,bāt karnā,A
10954,153,bn,কথা বলা,,,,kathā balā,A
10955,153,ur,بات کرنا/بولنا,,,,bāt karnā/bolnā,A
10956,153,fa,صحبت کردن/حرف زدن,,,,sohbat kardan/harf zadan,A
10957,153,tr,konuşmak,,,,,,A
10958,153,ja,話す,,,,hanasu,A
10959,153,ko,말하다/이야기하다,,,,malhada/iyagihada,A
10960,153,zh-cn,说话/谈话,,,,shuōhuà/tánhuà,A
10961,153,zh-tw,說話/談話,,,,shuōhuà/tánhuà,A
10962,153,vi,nói chuyện/trò chuyện,,,,,,A
10963,153,th,พูด,,,,phūd,A
10964,153,id,berbicara/bercakap,,,,,,A
10965,153,sw,kuzungumza,,,,,,A
10966,153,nl,praten,,,,,,A
10967,153,pl,mówić/rozmawiać,,,,,,A
10968,153,uk,говорити/розмовляти,,,,hovoryty/rozmovlyaty,A
10969,153,el,μιλώ/μιλάω,,,,miló/miláo,A
10970,153,sv,tala/ prata,,,,,,A
10971,153,no,snakke,,,,,,A
10972,153,da,tale,,,,,,A
10973,153,fi,puhua,,,,,,A
10974,153,cs,mluvit/ hovořit,,,,,,A
10975,153,hu,beszélni,,,,,,A
10976,153,ro,a vorbi,,,,,,A
10977,153,bg,говоря/разговарям,,,,govorya/razgovaryam,A
10978,153,sr,причати/говорити,,,,pričati/govoriti,A
10979,153,sk,hovoriť/rozprávať,,,,,,A
10980,153,sl,govoriti,,,,,,A
10981,153,lt,kalbėti,,,,,,A
10982,153,lv,runāt,,,,,,A
10983,153,et,rääkima,,,,,,A
10984,153,he,לדבר,,,,ledaber,A
10985,153,ha,yi magana,,,,,,A
10986,153,yo,sọrọ,,,,,,A
10987,153,ig,kwuo okwu/kparịta ụka,,,,,,A
10988,153,am,ማውራት,,,,mawrat,A
10989,153,ti,ምዝራብ,,,,məzrab,A
10990,153,ne,कुरा गर्नु,,,,kurā garnu,A
10991,153,ta,பேசு,,,,pēcu,A
10992,153,te,మాట్లాడండి/సంభాషించండి,,,,māṭlāḍaṇḍi/sambhāṣiñcaṇḍi,A
10993,153,ml,സംസാരിക്കുക,,,,saṁsārikkuka,A
10994,153,mr,बोलणे/चर्चा करणे,,,,bolaṇe/carcā karaṇe,A
10995,153,pa,ਗੱਲ ਕਰੋ,,,,gall karo,A
10996,153,gu,વાત કરો,,,,vāt karo,A
10997,153,si,කතා කරන්න,,,,katā karanna,A
10998,153,km,និយាយ/សន្ទនា,,,,niyiey/sɑntɑɑ nea,A
10999,153,is,tala,,,,,,A
11000,153,tl,makipag-usap/mag-usap,,,,,,A
11001,153,ms,bercakap/berbicara,,,,,,A
11002,153,jv,ngomong/micara,,,,,,A
11003,153,kk,сөйлесу/әңгімелесу,,,,söylesu/äñgimelesu,A
11004,153,uz,gaplashmoq/suhbatlashmoq,,,,,,A
11005,153,mn,ярилцах/үг хэлэлцэх,,,,yariltsakh/üg kheleltsakh,A
11006,153,ga,საუბარი/ილაპარაკე,,,,saubari/ilap'arak'e,A
11007,153,hy,խոսել,,,,khosel,A
11008,153,eu,hitz egin,,,,,,A
11009,153,ca,parlar,,,,,,A
11010,153,gl,falar/charlar,,,,,,A
11011,153,ga,labhair,,,,,,A
11012,153,cy,siarad,,,,,,A
11013,153,gd,bruidhinn,,,,,,A
11014,153,lb,schwätzen/reden,,,,,,A
11015,153,eo,paroli,,,,,,A
11016,153,la,loqui,,,,,,A
11017,154,en,where,,,,,,A
11018,154,es,dónde,,,,,,A
11019,154,fr,où,,,,,,A
11020,154,pt,onde,,,,,,A
11021,154,de,wo,,,,,,A
11022,154,it,dove,,,,,,A
11023,154,ru,где,,,,gde,A
11024,154,ar,أين,,,,ayn,A
11025,154,hi,कहाँ,,,,kahā̃,A
11026,154,bn,কোথায়,,,,kothāẏ,A
11027,154,ur,کہاں,,,,kahā̃,A
11028,154,fa,کجا,,,,kojā,A
11029,154,tr,nerede,,,,,,A
11030,154,ja,どこ,,,,doko,A
11031,154,ko,어디에/어디에서,,,,eodie/eodieseo,A
11032,154,zh-cn,哪里/哪儿,,,,nǎlǐ/nǎr,A
11033,154,zh-tw,哪裡/哪兒,,,,nǎlǐ/nǎr,A
11034,154,vi,ở đâu,,,,,,A
11035,154,th,ที่ไหน/ตรงไหน,,,,thī̀h̄ịn/trng h̄ịn,A
11036,154,id,di mana,,,,,,A
11037,154,sw,wapi,,,,,,A
11038,154,nl,waar,,,,,,A
11039,154,pl,gdzie,,,,,,A
11040,154,uk,де/куди,,,,de/kudy,A
11041,154,el,πού,,,,poú,A
11042,154,sv,var,,,,,,A
11043,154,no,hvor,,,,,,A
11044,154,da,hvor,,,,,,A
11045,154,fi,missä,,,,,,A
11046,154,cs,kde,,,,,,A
11047,154,hu,hol,,,,,,A
11048,154,ro,unde,,,,,,A
11049,154,bg,къде,,,,kŭde,A
11050,154,sr,где/где,,,,gde/gde,A
11051,154,sk,kde,,,,,,A
11052,154,sl,kje,,,,,,A
11053,154,lt,kur,,,,,,A
11054,154,lv,kur,,,,,,A
11055,154,et,kus,,,,,,A
11056,154,he,איפה,,,,eifo,A
11057,154,ha,ina,,,,,,A
11058,154,yo,ibiwo,,,,,,A
11059,154,ig,ebe,,,,,,A
11060,154,am,የት,,,,yät,A
11061,154,ti,ኣበይ,,,,abäy,A
11062,154,ne,कहाँ,,,,kahā̃,A
11063,154,ta,எங்கே,,,,eṅkē,A
11064,154,te,ఎక్కడ,,,,ekkaḍa,A
11065,154,ml,എവിടെ,,,,eviṭe,A
11066,154,mr,कोठे,,,,koṭhe,A
11067,154,pa,ਕਿੱਥੇ,,,,kithē,A
11068,154,gu,ક્યાં,,,,kyā̃,A
11069,154,si,කොහේද,,,,kohēda,A
11070,154,km,ទីណា/ឯណា,,,,tii naa/ae naa,A
11071,154,is,hvar,,,,,,A
11072,154,tl,saan,,,,,,A
11073,154,ms,di mana,,,,,,A
11074,154,jv,ing ngendi/endi,,,,,,A
11075,154,kk,қайда,,,,qayda,A
11076,154,uz,qayerda,,,,,,A
11077,154,mn,хаана,,,,khaana,A
11078,154,ga,სად/სადაც,,,,sad/sadats,A
11079,154,hy,որտեղ,,,,vortegh,A
11080,154,eu,non,,,,,,A
11081,154,ca,on,,,,,,A
11082,154,gl,onde,,,,,,A
11083,154,ga,cá háit,,,,,,A
11084,154,cy,lle,,,,,,A
11085,154,gd,càite,,,,,,A
11086,154,lb,wou,,,,,,A
11087,154,eo,kie,,,,,,A
11088,154,la,ubi,,,,,,A
11089,155,en,to turn,,,,,,A
11090,155,es,girar/voltear,,,,,,A
11091,155,fr,tourner,,,,,,A
11092,155,pt,virar/voltar,,,,,,A
11093,155,de,drehen/wenden,,,,,,A
11094,155,it,girare/voltare,,,,,,A
11095,155,ru,поворачивать/переворачивать,,,,povorachivat'/perevorachivat',A
11096,155,ar,يدور/يستدير,,,,yadūr/yastadīr,A
11097,155,hi,मोड़ना,,,,moṛnā,A
11098,155,bn,ঘোরান/ফেরান,,,,ghōrān/pherān,A
11099,155,ur,موڑنا/بدلنا,,,,moṛnā/badlanā,A
11100,155,fa,چرخاندن/گرداندن,,,,charkhāndan/gardāndan,A
11101,155,tr,dönmek/çevirmek,,,,,,A
11102,155,ja,回す/曲がる,,,,mawasu/magaru,A
11103,155,ko,돌리다/회전하다,,,,dollida/hoejeonhada,A
11104,155,zh-cn,转动/转弯,,,,zhuǎndòng/zhuǎnwān,A
11105,155,zh-tw,轉動/轉彎,,,,zhuǎndòng/zhuǎnwān,A
11106,155,vi,quay/rẽ,,,,,,A
11107,155,th,เลี้ยว/เปลี่ยน,,,,lêīyw/pelī̀yn,A
11108,155,id,berbelok/memutar,,,,,,A
11109,155,sw,kugeuza,,,,,,A
11110,155,nl,draaien/keren,,,,,,A
11111,155,pl,obracać/skręcać,,,,,,A
11112,155,uk,повертати/обертати,,,,povertaty/obertaty,A
11113,155,el,γυρίζω/στρίβω,,,,gyrízo/strívo,A
11114,155,sv,svänga/vända,,,,,,A
11115,155,no,snu/vende,,,,,,A
11116,155,da,vende/dreje,,,,,,A
11117,155,fi,kääntyä/käännellä,,,,,,A
11118,155,cs,otočit/zahnout,,,,,,A
11119,155,hu,fordulni/forgatni,,,,,,A
11120,155,ro,a se întoarce/a roti,,,,,,A
11121,155,bg,завъртам/обръщам,,,,zavǎrtam/obrǎshtam,A
11122,155,sr,окренути/окретати,,,,okrenuti/okretati,A
11123,155,sk,otočiť/zahnúť,,,,,,A
11124,155,sl,obrniti/zaviti,,,,,,A
11125,155,lt,pasukti/apsisukti,,,,,,A
11126,155,lv,griezt/pagriezt,,,,,,A
11127,155,et,pöörama/keerama,,,,,,A
11128,155,he,לסובב/להסתובב,,,,lesovev/lehistovev,A
11129,155,ha,juyawa,,,,,,A
11130,155,yo,yí pada,,,,,,A
11131,155,ig,tụgharịa/gbanwee,,,,,,A
11132,155,am,ማዞር/ማሽከርከር,,,,mazor/mashkärkär,A
11133,155,ti,ከልክል/ምሽከርከር,,,,kälkəl/məshkärkär,A
11134,155,ne,घुमाउनु/पल्टाउनु,,,,ghumāunu/palṭāunu,A
11135,155,ta,திரும்பு/மாற்று,,,,tirumpu/māṟṟu,A
11136,155,te,తిరుగు/మార్చు,,,,tirugu/mārcu,A
11137,155,ml,തിരിയുക/മാറ്റുക,,,,tiriyuka/māṯṯuka,A
11138,155,mr,वळणे/फिरवणे,,,,vaḷaṇe/phiravaṇe,A
11139,155,pa,ਮੋੜੋ/ਬਦਲੋ,,,,moṛo/badlo,A
11140,155,gu,ફેરવો/બદલો,,,,phervo/badlo,A
11141,155,si,හැරෙන්න/හරවන්න,,,,hærenna/haravanna,A
11142,155,km,បង្វិល/បត់,,,,bɑngvil/bɑt,A
11143,155,is,snúa,,,,,,A
11144,155,tl,umikot/lumiko,,,,,,A
11145,155,ms,berpusing/memusing,,,,,,A
11146,155,jv,mingkur/muter,,,,,,A
11147,155,kk,айналдыру/бұру,,,,aınaldyru/būru,A
11148,155,uz,burmoq/o'girmoq,,,,,,A
11149,155,mn,эргэх/эргүүлэх,,,,ergekh/ergüülekh,A
11150,155,ga,მობრუნება/გადაქცევა,,,,mobruneba/gadak'tseva,A
11151,155,hy,շրջվել/պտտվել,,,,shrǰvel/pttvel,A
11152,155,eu,biratu/ itzuli,,,,,,A
11153,155,ca,girar/voltar,,,,,,A
11154,155,gl,xirar/virar,,,,,,A
11155,155,ga,cas,,,,,,A
11156,155,cy,troi/cylchu,,,,,,A
11157,155,gd,tionndaidh/cuir thairis,,,,,,A
11158,155,lb,dréinen/ëmdréinen,,,,,,A
11159,155,eo,turni,,,,,,A
11160,155,la,vertere/convertere,,,,,,A
11161,156,en,problem,,,,,,A
11162,156,es,problema,el,m,,,,A
11163,156,fr,problème,le,m,,,,A
11164,156,pt,problema,o,m,,,,A
11165,156,de,Problem,das,n,,,,A
11166,156,it,problema,il,m,,,,A
11167,156,ru,проблема,,,,problema,A
11168,156,ar,مشكلة,,,,mushkilah,A
11169,156,hi,समस्या/मसला,,,,samasya/masalā,A
11170,156,bn,সমস্যা,,,,sômasyā,A
11171,156,ur,مسئلہ/پریشانی,,,,mas'alah/pareshānī,A
11172,156,fa,مشکل/مسئله,,,,moshkel/mas'ale,A
11173,156,tr,sorun/problem,,,,,,A
11174,156,ja,問題,,,,mondai,A
11175,156,ko,문제,,,,munje,A
11176,156,zh-cn,问题,,,,wèntí,A
11177,156,zh-tw,問題,,,,wèntí,A
11178,156,vi,vấn đề,,,,,,A
11179,156,th,ปัญหา,,,,pạỵh̄ā,A
11180,156,id,masalah,,,,,,A
11181,156,sw,shida,,,,,,A
11182,156,nl,probleem,het,n,,,,A
11183,156,pl,problem,,,,,,A
11184,156,uk,проблема,,,,problema,A
11185,156,el,πρόβλημα,,,,próvlima,A
11186,156,sv,problem,ett,n,,,,A
11187,156,no,problem,,,,,,A
11188,156,da,problem,,,,,,A
11189,156,fi,ongelma,,,,,,A
11190,156,cs,problém,,,,,,A
11191,156,hu,probléma,,,,,,A
11192,156,ro,problemă,,,,,,A
11193,156,bg,проблем,,,,problem,A
11194,156,sr,проблем,,,,problem,A
11195,156,sk,problém,,,,,,A
11196,156,sl,problem,,,,,,A
11197,156,lt,problema,,,,,,A
11198,156,lv,problema,,,,,,A
11199,156,et,probleem,,,,,,A
11200,156,he,בעיה,,,,be'ayah,A
11201,156,ha,matsala,,,,,,A
11202,156,yo,ìṣòro,,,,,,A
11203,156,ig,nsogbu,,,,,,A
11204,156,am,ችግር,,,,chəgər,A
11205,156,ti,ጸገም,,,,ṣägäm,A
11206,156,ne,समस्या,,,,samasya,A
11207,156,ta,பிரச்சனை/சிக்கல்,,,,piraccaṉai/cikkal,A
11208,156,te,సమస్య,,,,samasya,A
11209,156,ml,പ്രശ്നം,,,,praśnaṁ,A
11210,156,mr,समस्या/प्रश्न,,,,samasya/praśna,A
11211,156,pa,ਸਮੱਸਿਆ,,,,samas'iā,A
11212,156,gu,સમસ્યા,,,,samasya,A
11213,156,si,ගැටලුව,,,,gæṭaluva,A
11214,156,km,បញ្ហា,,,,bɑñhɑɑ,A
11215,156,is,vandamál,,,,,,A
11216,156,tl,suliranin/problema,,,,,,A
11217,156,ms,masalah,,,,,,A
11218,156,jv,masalah,,,,,,A
11219,156,kk,проблема,,,,problema,A
11220,156,uz,muammo,,,,,,A
11221,156,mn,асуудал,,,,asuudal,A
11222,156,ga,პრობლემა,,,,p'roblema,A
11223,156,hy,խնդիր,,,,khndir,A
11224,156,eu,arazo,,,,,,A
11225,156,ca,problema,el,m,,,,A
11226,156,gl,problema,o,m,,,,A
11227,156,ga,fadhb,,,,,,A
11228,156,cy,problem,,,,,,A
11229,156,gd,duilgheadas,,,,,,A
11230,156,lb,Problem,d',n,,,,A
11231,156,eo,problemo,,,,,,A
11232,156,la,problema/quaestio,,,,,,A
11233,157,en,every,,,,,,A
11234,157,es,cada,,,,,,A
11235,157,fr,chaque,,,,,,A
11236,157,pt,cada,,,,,,A
11237,157,de,jeder/jede/jedes,,,,,,A
11238,157,157,ogni,,,,,,A
11239,157,ru,каждый/каждая/каждое,,,,kazhdyy/kazhdaya/kazhdoe,A
11240,157,ar,كل,,,,kull,A
11241,157,hi,हर/प्रत्येक,,,,har/pratyek,A
11242,157,bn,প্রত্যেক,,,,pratyek,A
11243,157,ur,ہر,,,,har,A
11244,157,fa,هر,,,,har,A
11245,157,tr,her,,,,,,A
11246,157,ja,すべての/各,,,,subete no/kaku,A
11247,157,ko,모든/각각,,,,modeun/gakgak,A
11248,157,zh-cn,每/每个,,,,měi/měi gè,A
11249,157,zh-tw,每/每個,,,,měi/měi gè,A
11250,157,vi,mỗi/tất cả,,,,,,A
11251,157,th,ทุก/ทุบ,,,,thuk/thub,A
11252,157,157,setiap,,,,,,A
11253,157,sw,kila,,,,,,A
11254,157,nl,ieder/elk,,,,,,A
11255,157,pl,każdy,,,,,,A
11256,157,uk,кожний,,,,kozhnyy,A
11257,157,el,κάθε,,,,káthe,A
11258,157,sv,varje,,,,,,A
11259,157,no,hver,,,,,,A
11260,157,da,hver,,,,,,A
11261,157,fi,jokainen,,,,,,A
11262,157,cs,každý,,,,,,A
11263,157,hu,minden,,,,,,A
11264,157,ro,fiecare,,,,,,A
11265,157,bg,всеки,,,,vseki,A
11266,157,sr,сваки,,,,svaki,A
11267,157,sk,každý,,,,,,A
11268,157,sl,vsak,,,,,,A
11269,157,lt,kiekvienas,,,,,,A
11270,157,lv,katrs,,,,,,A
11271,157,et,iga,,,,,,A
11272,157,he,כל,,,,kol,A
11273,157,ha,kowane,,,,,,A
11274,157,yo,gbo gbo,,,,,,A
11275,157,ig,ọ bụla,,,,,,A
11276,157,am,እያንዳንዱ,,,,əyandandu,A
11277,157,ti,ኵሉ,,,,kulu,A
11278,157,ne,हरेक/प्रत्येक,,,,harek/pratyek,A
11279,157,ta,ஒவ்வொன்றும்/எல்லா,,,,ovvoṉṟum/ellā,A
11280,157,te,ప్రతి/అన్ని,,,,prati/anni,A
11281,157,ml,എല്ലാ/ഓരോന്നും,,,,ellā/ōrōnnuṁ,A
11282,157,mr,प्रत्येक/सर्व,,,,pratyek/sarva,A
11283,157,pa,ਹਰ,,,,har,A
11284,157,gu,દરેક/દરેક,,,,darek/darek,A
11285,157,si,සෑම/සෑම එකක්ම,,,,sǣma/sǣma ekakma,A
11286,157,km,រាល់/គ្រប់,,,roal/krɑp,A
11287,157,is,hver/hvert/hvaða,,,,,,A
11288,157,tl,bawat,,,,,,A
11289,157,ms,setiap,,,,,,A
11290,157,jv,saben,,,,,,A
11291,157,kk,әр/әрбір,,,,är/ärbir,A
11292,157,uz,har/qay bir,,,,,,A
11293,157,mn,бүр/бүх,,,,bür/bükh,A
11294,157,ga,ყოველი/თითოეული,,,,q'oveli/tit'oeuli,A
11295,157,hy,ամեն,,,,amen,A
11296,157,eu,guztiak/bakoitza,,,,,,A
11297,157,ca,cada,,,,,,A
11298,157,gl,cada,,,,,,A
11299,157,ga,gach,,,,,,A
11300,157,cy,pob,,,,,,A
11301,157,gd,a h-uile,,,,,,A
11302,157,lb,jiddereen/jiddereen,,,,,,A
11303,157,eo,ĉiu,,,,,,A
11304,157,la,omnis/quique,,,,,,A
11305,158,en,to start,,,,,,A
11306,158,es,empezar/comenzar,,,,,,A
11307,158,fr,commencer/démarrer,,,,,,A
11308,158,pt,iniciar/começar,,,,,,A
11309,158,de,starten/beginnen,,,,,,A
11310,158,it,iniziare/avviare,,,,,,A
11311,158,ru,начинать/запускать,,,,nachinat'/zapuskat',A
11312,158,ar,يبدأ/يشن,,,,yabda'/yushin,A
11313,158,hi,शुरू करना/आरंभ करना,,,,shurū karnā/ārambh karnā,A
11314,158,bn,শুরু করা/আরম্ভ করা,,,,śuru karā/ārambha karā,A
11315,158,ur,شروع کرنا/آغاز کرنا,,,,shurūʿ karnā/āghāz karnā,A
11316,158,fa,شروع کردن/آغاز کردن,,,,shurūʿ kardan/āghāz kardan,A
11317,158,tr,başlatmak/başlamak,,,,,,A
11318,158,ja,始める/開始する,,,,hajimeru/kaishi suru,A
11319,158,ko,시작하다/개시하다,,,,sijakhada/gaesihada,A
11320,158,zh-cn,开始/启动,,,,kāishǐ/qǐdòng,A
11321,158,zh-tw,開始/啟動,,,,kāishǐ/qǐdòng,A
11322,158,vi,bắt đầu/khởi động,,,,,,A
11323,158,th,เริ่ม/เริ่มต้น,,,,reìm/reìm t̂n,A
11324,158,id,memulai/menyalakan,,,,,,A
11325,158,sw,kuanza/kuanzisha,,,,,,A
11326,158,nl,starten/beginnen,,,,,,A
11327,158,pl,zaczynać/uruchamiać,,,,,,A
11328,158,uk,починати/запускати,,,,pochynaty/zapuskaty,A
11329,158,el,ξεκινώ/αρχίζω,,,,xekinó/archízo,A
11330,158,sv,börja/starta,,,,,,A
11331,158,no,starte/begynne,,,,,,A
11332,158,da,starte/begynde,,,,,,A
11333,158,fi,aloittaa/käynnistää,,,,,,A
11334,158,cs,začít/spustit,,,,,,A
11335,158,hu,elindítani/kezdeni,,,,,,A
11336,158,ro,a începe/a porni,,,,,,A
11337,158,bg,започвам/стартирам,,,,zapochvam/startiram,A
11338,158,sr,почети/покренути,,,,početi/pokrenuti,A
11339,158,sk,začať/spustiť,,,,,,A
11340,158,sl,začeti/zagnati,,,,,,A
11341,158,lt,pradėti/paleisti,,,,,,A
11342,158,lv,sākt/palaist,,,,,,A
11343,158,et,alustama/käivitama,,,,,,A
11344,158,he,להתחיל/להפעיל,,,,lehatkhil/lehaf'il,A
11345,158,ha,fara/kaddamar,,,,,,A
11346,158,yo,bẹ̀rẹ̀/bẹrẹ,,,,,,A
11347,158,ig,bido/malite,,,,,,A
11348,158,am,መጀመር/መቃወም,,,,mäjämär/mäḳawäm,A
11349,158,ti,መጀመር/ምስራቅ,,,,mäjämär/məsraḳ,A
11350,158,ne,सुरु गर्नु/सुरुवात गर्नु,,,,suru garnu/suruvāt garnu,A
11351,158,ta,தொடங்கு/தொடங்கவும்,,,,toṭaṅku/toṭaṅkavum,A
11352,158,te,ప్రారంభించండి/ఆరంభించండి,,,,prārambhiñcaṇḍi/ārambhiñcaṇḍi,A
11353,158,ml,ആരംഭിക്കുക/തുടങ്ങുക,,,,ārambhikkuka/tuṭaṅṅuka,A
11354,158,mr,सुरू करा/प्रारंभ करा,,,,surū karā/prārambha karā,A
11355,158,pa,ਸ਼ੁਰੂ ਕਰੋ/ਸ਼ੁਰੂਆਤ ਕਰੋ,,,,śurū karo/śurū'āt karo,A
11356,158,gu,શરૂ કરો/શરૂઆત કરો,,,,śarū karo/śarū'āt karo,A
11357,158,si,ආරම්භ කරන්න/ඇරඹුම් කරන්න,,,,ārambha karanna/æraḃum karanna,A
11358,158,km,ចាប់ផ្តើម/ចាប់ផ្តើមធ្វើ,,,,chɑp pdaəm/chɑp pdaəm tvəə,A
11359,158,is,byrja/ræsa,,,,,,A
11360,158,tl,magsimula/umpisahan,,,,,,A
11361,158,ms,mula/memulakan,,,,,,A
11362,158,jv,miwiti/ngawiti,,,,,,A
11363,158,kk,бастау/іске қосу,,,,bastau/iske qosu,A
11364,158,uz,boshlash/ishga tushurish,,,,,,A
11365,158,mn,эхлэх/ажиллуулах,,,,ekhlekh/ajilluulakh,A
11366,158,ga,დაწყება/დაწყება,,,,dats'q'eba/dats'q'eba,A
11367,158,hy,սկսել/սկսել,,,,sksel/sksel,A
11368,158,eu,hasi/abiarazi,,,,,,A
11369,158,ca,començar/iniciar,,,,,,A
11370,158,gl,comezar/iniciar,,,,,,A
11371,158,ga,tosaigh/cuir tús le,,,,,,A
11372,158,cy,cychwyn/dechrau,,,,,,A
11373,158,gd,tòisich/tòisich,,,,,,A
11374,158,lb,ufänken/starten,,,,,,A
11375,158,eo,ekigi/komenci,,,,,,A
11376,158,la,incipere/initiare,,,,,,A
11377,159,en,hand,,,,,,A
11378,159,es,mano,la,f,,,,A
11379,159,fr,main,la,f,,,,A
11380,159,pt,mão,a,f,,,,A
11381,159,de,Hand,die,f,,,,A
11382,159,it,mano,la,f,,,,A
11383,159,ru,рука,,,,ruka,A
11384,159,ar,يد,,,,yad,A
11385,159,hi,हाथ,,,,hāth,A
11386,159,bn,হাত,,,,hāt,A
11387,159,ur,ہاتھ,,,,hāth,A
11388,159,fa,دست,,,,dast,A
11389,159,tr,el,,,,,,A
11390,159,ja,手,,,,te,A
11391,159,ko,손,,,,son,A
11392,159,zh-cn,手,,,,shǒu,A
11393,159,zh-tw,手,,,,shǒu,A
11394,159,vi,tay,,,,,,A
11395,159,th,มือ/มืด,,,,mụ̄x/mụ̄d,A
11396,159,id,tangan,,,,,,A
11397,159,sw,mkono,,,,,,A
11398,159,nl,hand,de,f,,,,A
11399,159,pl,ręka,,,,,,A
11400,159,uk,рука,,,,ruka,A
11401,159,el,χέρι,,,,chéri,A
11402,159,sv,hand,en,c,,,,A
11403,159,no,hånd,,,,,,A
11404,159,da,hånd,,,,,,A
11405,159,fi,käsi,,,,,,A
11406,159,cs,ruka,,,,,,A
11407,159,hu,kéz,,,,,,A
11408,159,ro,mână,,,,,,A
11409,159,bg,ръка,,,,rǎka,A
11410,159,sr,рука,,,,ruka,A
11411,159,sk,ruka,,,,,,A
11412,159,sl,roka,,,,,,A
11413,159,lt,rankà,,,,,,A
11414,159,lv,roka,,,,,,A
11415,159,es,käsi,,,,,,A
11416,159,he,יד,,,,yad,A
11417,159,ha,hannu,,,,,,A
11418,159,yo,owó,,,,,,A
11419,159,ig,aka,,,,,,A
11420,159,am,እጅ,,,,əj,A
11421,159,ti,ኢድ,,,,id,A
11422,159,ne,हात,,,,hāt,A
11423,159,ta,கை,,,,kai,A
11424,159,te,చేయి/హస్తం,,,,cēyi/hastaṁ,A
11425,159,ml,കൈ,,,,kai,A
11426,159,mr,हात,,,,hāt,A
11427,159,pa,ਹੱਥ,,,,hatth,A
11428,159,gu,હાથ,,,,hāth,A
11429,159,si,අත,,,,ata,A
11430,159,km,ដៃ,,,,day,A
11431,159,is,hönd,,,,,,A
11432,159,tl,kamay,,,,,,A
11433,159,ms,tangan,,,,,,A
11434,159,jv,tangan,,,,,,A
11435,159,kk,қол,,,,qol,A
11436,159,uz,qo'l,,,,,,A
11437,159,mn,гар,,,,gar,A
11438,159,ga,ხელის/ხელი,,,,khelis/kheli,A
11439,159,hy,ձեռք,,,,dzerq,A
11440,159,eu,esku,,,,,,A
11441,159,ca,ma,la,f,,,,A
11442,159,gl,man,a,f,,,,A
11443,159,ga,lámh,,,,,,A
11444,159,cy,llaw,,,,,,A
11445,159,gd,làmh,,,,,,A
11446,159,lb,Hand,d',f,,,,A
11447,159,eo,mano,,,,,,A
11448,159,la,manus,,,,,,A
11449,160,en,might,,,,,,A
11450,160,es,poder (modal)/quizás,,,,,,A
11451,160,fr,pouvoir (modal)/peut-être,,,,,,A
11452,160,pt,poder (modal)/talvez,,,,,,A
11453,160,de,können/mögen (Modalverb),,,,,,A
11454,160,it,potere (modale)/forse,,,,,,A
11455,160,ru,может/возможно,,,,mozhet/vozmozhno,A
11456,160,ar,قد/ربما,,,,qad/rubbamā,A
11457,160,hi,सकता है/शायद,,,,saktā hai/śāyad,A
11458,160,bn,পারতে পারে/সম্ভবত,,,,pārte pāre/sambhabat,A
11459,160,ur,ہو سکتا ہے/شاید,,,,ho saktā hai/śāyad,A
11460,160,fa,ممکن است/شاید,,,,momken ast/śāyad,A
11461,160,tr,ebilir/olabilir (kip),,,,,,A
11462,160,ja,かもしれない/するかもしれない,,,,kamoshirenai/suru kamoshirenai,A
11463,160,ko,할 수도 있다/아마도,,,,hal sudo itda/amado,A
11464,160,zh-cn,可能/也许,,,,kěnéng/yěxǔ,A
11465,160,zh-tw,可能/也許,,,,kěnéng/yěxǔ,A
11466,160,160,có thể/có lẽ,,,,,,A
11467,160,th,อาจ/บางที,,,,xāc/bāngthī,A
11468,160,id,mungkin/bisa jadi,,,,,,A
11469,160,sw,yawezekana/ huenda,,,,,,A
11470,160,nl,mogelijk/misschien,,,,,,A
11471,160,pl,móc/może,,,,,,A
11472,160,uk,може/можливо,,,,mozhe/mozhlyvo,A
11473,160,el,μπορεί/ίσως,,,,boreí/ísos,A
11474,160,sv,kanske/kan,,,,,,A
11475,160,no,kan/kanskje,,,,,,A
11476,160,da,kan/måske,,,,,,A
11477,160,fi,voi/saattaa,,,,,,A
11478,160,cs,moci/možná,,,,,,A
11479,160,hu,lehet/talán,,,,,,A
11480,160,ro,poate/ar putea,,,,,,A
11481,160,bg,може/вероятно,,,,mozhe/veroyatno,A
11482,160,sr,могао/можда,,,,mogao/možda,A
11483,160,sk,môcť/azda,,,,,,A
11484,160,sl,lahko/morda,,,,,,A
11485,160,lt,gali/gali būti,,,,,,A
11486,160,lv,var/var būt,,,,,,A
11487,160,et,võib/võib-olla,,,,,,A
11488,160,he,עשוי/אולי,,,,asuy/ulai,A
11489,160,ha,yiwu/yiwu,,,,,,A
11490,160,yo,lè/ṣe,,,,,,A
11491,160,ig,nwere ike/ikekwe,,,,,,A
11492,160,am,በቃ/ምናልባት,,,,bäḳa/mənalbat,A
11493,160,ti,ከም/ምናልባት,,,,käm/mənalbat,A
11494,160,ne,सक्छ/हुनसक्छ,,,,sakcha/hunasakcha,A
11495,160,ta,இருக்கலாம்/சாத்தியம்,,,,irukkalām/cāttiyam,A
11496,160,te,ఉండవచ్చు/బహుశా,,,,uṇḍavaccu/bahuśā,A
11497,160,ml,ഉണ്ടായേക്കാം/സാധ്യതയുണ്ട്,,,,uṇṭāyēkkāṁ/sādhyatayuṇṭ,A
11498,160,mr,असेल/कदाचित,,,,asel/kadācit,A
11499,160,pa,ਹੋ ਸਕਦਾ ਹੈ/ਸ਼ਾਇਦ,,,,ho sakdā hai/śāyad,A
11500,160,gu,હોઈ શકે છે/કદાચ,,,,hoī śake che/kadāc,A
11501,160,si,එයාට පුළුවන්/සමහර විට,,,,eyāṭa puḷuvan/samahara viṭa,A
11502,160,km,អាចជា/ប្រហែលជា,,,,aach jea/brɑhael jea,A
11503,160,is,gæti/kannski,,,,,,A
11504,160,tl,maaari/marahan,,,,,,A
11505,160,ms,mungkin/barangkali,,,,,,A
11506,160,jv,bisa/mbok menawa,,,,,,A
11507,160,kk,мүмкін/бәлкім,,,,mümkin/bälkim,A
11508,160,uz,mumkin/ ehtimol,,,,,,A
11509,160,mn,байж болох/магадгүй,,,,baij bolokh/magadgüi,A
11510,160,ga,შეიძლება/ალბათ,,,,sheidzleba/albat,A
11511,160,hy,կարող է/հավանաբար,,,,karogh e/havanabar,A
11512,160,eu,ahal izango luke/agian,,,,,,A
11513,160,ca,poder (modal)/potser,,,,,,A
11514,160,gl,poder (modal)/quizais,,,,,,A
11515,160,ga,d'fhéadfadh/b'fhéidir,,,,,,A
11516,160,cy,gallai/efallai,,,,,,A
11517,160,gd,is dòcha/dh'fhaoidte,,,,,,A
11518,160,lb,kéint/vläicht,,,,,,A
11519,160,eo,povus/eble,,,,,,A
11520,160,la,forte/possit,,,,,,A
11521,161,en,to show,,,,,,A
11522,161,es,mostrar,,,,,,A
11523,161,fr,montrer,,,,,,A
11524,161,pt,mostrar,,,,,,A
11525,161,de,zeigen,,,,,,A
11526,161,it,mostrare,,,,,,A
11527,161,ru,показывать,,,,pokazyvat',A
11528,161,ar,عرض/أظهر,,,,ʿarḍ/aẓhar,A
11529,161,hi,दिखाना,,,,dikhānā,A
11530,161,bn,দেখানো,,,,dekhānō,A
11531,161,ur,دکھانا,,,,dikhānā,A
11532,161,fa,نشان دادن/نمایش دادن,,,,neshān dādan/namāyesh dādan,A
11533,161,tr,göstermek,,,,,,A
11534,161,ja,見せる/表示する,,,,miseru/hyōji suru,A
11535,161,ko,보여주다/표시하다,,,,boyeojuda/pyosihada,A
11536,161,zh-cn,展示/显示,,,,zhǎnshì/xiǎnshì,A
11537,161,zh-tw,展示/顯示,,,,zhǎnshì/xiǎnshì,A
11538,161,vi,cho thấy/trình diễn,,,,,,A
11539,161,th,แสดง/แสดงให้เห็น,,,,s̄æng/s̄æng h̄ı̂ h̄ĕn,A
11540,161,id,menunjukkan/memperlihatkan,,,,,,A
11541,161,sw,kuonyesha,,,,,,A
11542,161,nl,tonen/laten zien,,,,,,A
11543,161,pl,pokazać,,,,,,A
11544,161,uk,показувати,,,,pokazuvaty,A
11545,161,el,δείχνω,,,,deíchno,A
11546,161,sv,visa,,,,,,A
11547,161,no,vise,,,,,,A
11548,161,da,vise,,,,,,A
11549,161,fi,näyttää,,,,,,A
11550,161,cs,ukázat,,,,,,A
11551,161,hu,mutat,,,,,,A
11552,161,ro,a arăta,,,,,,A
11553,161,bg,показвам,,,,pokazvam,A
11554,161,sr,показати,,,,pokazati,A
11555,161,sk,ukázať,,,,,,A
11556,161,sl,pokazati,,,,,,A
11557,161,lt,rodyti,,,,,,A
11558,161,lv,rādīt,,,,,,A
11559,161,et,näitama,,,,,,A
11560,161,he,להראות,,,,lehar'ot,A
11561,161,ha,nuna,,,,,,A
11562,161,yo,fi hàn,,,,,,A
11563,161,ig,gosi,,,,,,A
11564,161,am,ማሳየት,,,,masayät,A
11565,161,ti,ኣርእይ/ኣርእይ,,,,ar'əy/ar'əy,A
11566,161,ne,देखाउनु,,,,dekhāunu,A
11567,161,ta,காட்டு/காண்பி,,,,kāṭṭu/kāṇpi,A
11568,161,te,చూపించు/చూపు,,,,cūpiñcu/cūpu,A
11569,161,ml,കാണിക്കുക/പ്രദർശിപ്പിക്കുക,,,,kāṇikkuka/pradaṟśippikkuka,A
11570,161,mr,दाखवणे/दाखवा,,,,dākhavaṇe/dākhavā,A
11571,161,pa,ਦਿਖਾਓ,,,,dikhāo,A
11572,161,gu,બતાવો/દર્શાવો,,,,batāvo/darśāvo,A
11573,161,si,පෙන්වන්න,,,,penvanna,A
11574,161,km,បង្ហាញ/បង្ហាញពី,,,,bɑnghɑñ/bɑnghɑñ pii,A
11575,161,is,sýna,,,,,,A
11576,161,tl,ipakita,,,,,,A
11577,161,ms,tunjukkan,,,,,,A
11578,161,jv,nduduhake,,,,,,A
11579,161,kk,көрсету,,,,körsetu,A
11580,161,uz,ko'rsatmoq,,,,,,A
11581,161,mn,харуулах/үзүүлэх,,,,kharuulakh/üzüülekh,A
11582,161,ga,ჩვენება/ნახვა,,,,chveneba/nakhva,A
11583,161,hy,ցույց տալ,,,,c'uyc' tal,A
11584,161,eu,erakutsi,,,,,,A
11585,161,ca,mostrar,,,,,,A
11586,161,gl,mostrar,,,,,,A
11587,161,ga,taispeáin,,,,,,A
11588,161,cy,dangos,,,,,,A
11589,161,gd,seall,,,,,,A
11590,161,lb,weisen/weisen,,,,,,A
11591,161,eo,montri,,,,,,A
11592,161,la,monstrare,,,,,,A
11593,162,en,against,,,,,,A
11594,162,es,contra,,,,,,A
11595,162,fr,contre,,,,,,A
11596,162,pt,contra,,,,,,A
11597,162,de,gegen,,,,,,A
11598,162,it,contro,,,,,,A
11599,162,ru,против,,,,protiv,A
11600,162,ar,ضد,,,,ḍidd,A
11601,162,hi,के खिलाफ/विरुद्ध,,,,ke khilāf/viruddh,A
11602,162,bn,বিরুদ্ধে,,,,biruddhe,A
11603,162,ur,کے خلاف,,,,ke khilāf,A
11604,162,fa,علیه/مخالف,,,,aleyh/mokhālef,A
11605,162,tr,karşı/aleyhine,,,,,,A
11606,162,ja,に対して,,,,ni tai shite,A
11607,162,ko,에 대항하여/반대하여,,,,e daehanghayeo/bandaehayeo,A
11608,162,zh-cn,反对/对着,,,,fǎnduì/duì zhe,A
11609,162,zh-tw,反對/對著,,,,fǎnduì/duì zhe,A
11610,162,vi,chống lại/đối với,,,,,,A
11611,162,th,ต่อต้าน/กับ,,,,t̀x t̂ān/kạb,A
11612,162,id,melawan/terhadap,,,,,,A
11613,162,sw,dhidi ya,,,,,,A
11614,162,nl,tegen,,,,,,A
11615,162,pl,przeciw,,,,,,A
11616,162,uk,проти,,,,proty,A
11617,162,el,κατά,,,,katá,A
11618,162,sv,emot,,,,,,A
11619,162,no,mot,,,,,,A
11620,162,da,mod,,,,,,A
11621,162,fi,vastaan,,,,,,A
11622,162,cs,proti,,,,,,A
11623,162,hu,ellen,,,,,,A
11624,162,ro,împotriva,,,,,,A
11625,162,bg,срещу/против,,,,sreshchu/protiv,A
11626,162,sr,против/насупрот,,,,protiv/nasuprot,A
11627,162,sk,proti,,,,,,A
11628,162,sl,proti,,,,,,A
11629,162,lt,prieš,,,,,,A
11630,162,lv,pret,,,,,,A
11631,162,et,vastu,,,,,,A
11632,162,he,נגד,,,,neged,A
11633,162,ha,da gaba,,,,,,A
11634,162,yo,lọ́tà,,,,,,A
11635,162,ig,megide/imegide,,,,,,A
11636,162,am,አንጻር/ተቃርኖ,,,,anṣar/täḳarno,A
11637,162,ti,ኣንጻር/ተቃውሞ,,,,anṣar/täḳawmo,A
11638,162,ne,विरुद्ध,,,,viruddha,A
11639,162,ta,எதிராக,,,,etirāka,A
11640,162,te,వ్యతిరేకంగా/ఎదురుగా,,,,vyatirēkaṁgā/edurugā,A
11641,162,ml,എതിരായി/നേരെ,,,,etirāyi/nēre,A
11642,162,mr,विरुद्ध,,,,viruddha,A
11643,162,pa,ਵਿਰੁੱਧ,,,,viruddh,A
11644,162,gu,વિરુદ્ધ,,,,viruddh,A
11645,162,si,විරුද්ධව,,,,viruddhava,A
11646,162,km,ប្រឆាំង/ទល់នឹង,,,,brɑchɑmng/tʊl nɨng,A
11647,162,is,gegn,,,,,,A
11648,162,tl,laban sa,,,,,,A
11649,162,ms,menentang/terhadap,,,,,,A
11650,162,jv,nentang/marahi,,,,,,A
11651,162,kk,қарсы/қарсылық,,,,qarsy/qarsylyq,A
11652,162,uz,qarshi/qarshi turish,,,,,,A
11653,162,mn,эсрэг/тулгарч,,,,esreg/tulgarach,A
11654,162,ga,ერთობის/საწინააღმდეგოდ,,,,ert'obis/sats'inaaghmdegod,A
11655,162,hy,դեմ/հակառակ,,,,dem/hakarak,A
11656,162,eu,aurka,,,,,,A
11657,162,ca,contra,,,,,,A
11658,162,gl,contra,,,,,,A
11659,162,ga,in aghaidh,,,,,,A
11660,162,cy,yn erbyn,,,,,,A
11661,162,gd,an aghaidh,,,,,,A
11662,162,lb,geint,,,,,,A
11663,162,eo,kontraŭ,,,,,,A
11664,162,la,contra/adversus,,,,,,A
11665,163,en,place,,,,,,A
11666,163,es,lugar,el,m,,,,A
11667,163,fr,lieu/endroit,le,m,,,,A
11668,163,pt,lugar,o,m,,,,A
11669,163,de,Ort/Platz,der,m,,,,A
11670,163,it,luogo/ posto,il,m,,,,A
11671,163,ru,место,,,,mesto,A
11672,163,ar,مكان,,,,makān,A
11673,163,hi,जगह/स्थान,,,,jagah/sthān,A
11674,163,bn,জায়গা/স্থান,,,,jāẏgā/sthān,A
11675,163,ur,جگہ/مقام,,,,jagah/maqām,A
11676,163,fa,مکان/جا,,,,makān/jā,A
11677,163,tr,yer/mekan,,,,,,A
11678,163,ja,場所,,,,basho,A
11679,163,ko,장소/곳,,,,jangso/got,A
11680,163,zh-cn,地方/地点,,,,dìfāng/dìdiǎn,A
11681,163,zh-tw,地方/地點,,,,dìfāng/dìdiǎn,A
11682,163,vi,nơi/chỗ,,,,,,A
11683,163,th,สถานที่/ที่,,,,s̄t̄hāna thī̀/thī̀,A
11684,163,id,tempat,,,,,,A
11685,163,sw,mahali,,,,,,A
11686,163,nl,plaats,de,f,,,,A
11687,163,pl,miejsce,,,,,,A
11688,163,uk,місце,,,,misce,A
11689,163,el,τόπος,,,,tópos,A
11690,163,sv,plats,en,c,,,,A
11691,163,no,sted,,,,,,A
11692,163,da,sted,,,,,,A
11693,163,fi,paikka,,,,,,A
11694,163,cs,místo,,,,,,A
11695,163,hu,hely,,,,,,A
11696,163,ro,loc,,,,,,A
11697,163,bg,място,,,,myasto,A
11698,163,sr,место/место,,,,mesto/mesto,A
11699,163,sk,miesto,,,,,,A
11700,163,sl,kraj/mesto,,,,,,A
11701,163,lt,vieta,,,,,,A
11702,163,lv,vieta,,,,,,A
11703,163,et,koht,,,,,,A
11704,163,he,מקום,,,,makom,A
11705,163,ha,wuri,,,,,,A
11706,163,yo,ibi/ibi kan,,,,,,A
11707,163,ig,ebe/ọnọdụ,,,,,,A
11708,163,am,ቦታ,,,,bota,A
11709,163,ti,ቦታ,,,,bota,A
11710,163,ne,ठाउँ/स्थान,,,,ṭhāũ/sthān,A
11711,163,ta,இடம்/இடத்தில்,,,,iṭam/iṭattil,A
11712,163,te,స్థలం/స్థానం,,,,sthalaṁ/sthānaṁ,A
11713,163,ml,സ്ഥലം/സ്ഥാനം,,,,sthalaṁ/sthānaṁ,A
11714,163,mr,ठिकाण/स्थान,,,,ṭhikāṇ/sthān,A
11715,163,pa,ਜਗ੍ਹਾ/ਸਥਾਨ,,,,jaghā/sthān,A
11716,163,gu,સ્થળ/સ્થાન,,,,sthaḷ/sthān,A
11717,163,si,ස්ථානය/තැන,,,,sthānaya/thæna,A
11718,163,km,កន្លែង/ទីកន្លែង,,,,kɑnlaeŋ/tii kɑnlaeŋ,A
11719,163,is,staður,,,,,,A
11720,163,tl,lugar,,,,,,A
11721,163,ms,tempat,,,,,,A
11722,163,jv,papan,,,,,,A
11723,163,kk,орын/жер,,,,oryn/jer,A
11724,163,uz,joy/o'rin,,,,,,A
11725,163,mn,газар/байр,,,,gazar/bair,A
11726,163,ga,ადგილი/სახლი,,,,adgili/sakhli,A
11727,163,hy,տեղ/վայր,,,,tegh/vayr,A
11728,163,eu,leku,,,,,,A
11729,163,ca,lloc,el,m,,,,A
11730,163,gl,lugar,o,m,,,,A
11731,163,ga,áit,,,,,,A
11732,163,cy,lle,,,,,,A
11733,163,gd,àite,,,,,,A
11734,163,lb,Plaz/Ort,de,m,,,,A
11735,163,eo,loko,,,,,,A
11736,163,la,locus,,,,,,A
11737,164,en,such,,,,,,A
11738,164,es,tal,,,,,,A
11739,164,fr,tel,,,,,,A
11740,164,pt,tal,,,,,,A
11741,164,de,solche,,,,,,A
11742,164,it,tale,,,,,,A
11743,164,ru,такой,,,,takoy,A
11744,164,ar,مثل,,,,mithl,A
11745,164,hi,ऐसा/ऐसे,,,,aisā/aisē,A
11746,164,bn,এরকম/এমন,,,,ērakam/ēmana,A
11747,164,ur,ایسا/ایسے,,,,aisā/aisē,A
11748,164,fa,چنین/اینچنین,,,,chenin/inchemin,A
11749,164,tr,böyle/öyle,,,,,,A
11750,164,ja,そのような,,,,sono yō na,A
11751,164,ko,그런/이러한,,,,geureon/ireohan,A
11752,164,zh-cn,这样的/如此,,,,zhèyàng de/rúcǐ,A
11753,164,zh-tw,這樣的/如此,,,,zhèyàng de/rúcǐ,A
11754,164,vi,như vậy/như thế,,,,,,A
11755,164,th,เช่น/อย่างเช่น,,,,chèn/xỳāng chèn,A
11756,164,id,seperti/demikian,,,,,,A
11757,164,sw,kama/vile,,,,,,A
11758,164,nl,zulke,,,,,,A
11759,164,pl,taki,,,,,,A
11760,164,uk,такий,,,,takyy,A
11761,164,el,τέτοιος,,,,tétoios,A
11762,164,sv,sådan,,,,,,A
11763,164,no,slik,,,,,,A
11764,164,da,sådan,,,,,,A
11765,164,164,sellainen,,,,,,A
11766,164,cs,takový,,,,,,A
11767,164,hu,ilyen/olyan,,,,,,A
11768,164,ro,astfel/asemenea,,,,,,A
11769,164,bg,такъв,,,,takǎv,A
11770,164,sr,такав/такав,,,,takav/takav,A
11771,164,sk,taký,,,,,,A
11772,164,sl,takšen,,,,,,A
11773,164,lt,toks,,,,,,A
11774,164,lv,tāds,,,,,,A
11775,164,et,selline,,,,,,A
11776,164,he,כזה/כאלה,,,,kaze/kale,A
11777,164,ha,irin/iri,,,,,,A
11778,164,yo,irú,,,,,,A
11779,164,ig,ụdị/ dị otu a,,,,,,A
11780,164,am,እንደዚህ ያለ,,,,əndəzih yalä,A
11781,164,ti,ከምዚ ዝበለ,,,,kämzi zəbälä,A
11782,164,ne,यस्तो,,,,yasto,A
11783,164,ta,அத்தகைய/அப்படி,,,,attakaiya/appaṭi,A
11784,164,te,అటువంటి/ఇటువంటి,,,,aṭuvaṇṭi/iṭuvaṇṭi,A
11785,164,ml,ഇത്തരത്തിലുള്ള/ഇങ്ങനെയുള്ള,,,,ittarat'tiluḷḷa/iṅṅaneyuḷḷa,A
11786,164,mr,असे/अशा,,,,ase/aśā,A
11787,164,pa,ਇਸ ਤਰ੍ਹਾਂ ਦਾ,,,,is tar'hā̃ dā,A
11788,164,gu,આવા/આવું,,,,āvā/āvuṁ,A
11789,164,si,එවැනි/ඒ වගේ,,,,evæni/ē vagē,A
11790,164,km,បែបនេះ/បែបនោះ,,,,baep nih/baep nuh,A
11791,164,is,slíkur,,,,,,A
11792,164,tl,ganoon/katulad,,,,,,A
11793,164,ms,seperti/sedemikian,,,,,,A
11794,164,jv,kayadéné/kayadéné,,,,,,A
11795,164,kk,осындай/мындай,,,,osynday/mynday,A
11796,164,uz,bunday/shunday,,,,,,A
11797,164,mn,ийм/тийм,,,,iim/tiim,A
11798,164,ga,ასეთი/მსგავსი,,,,aseti/msgavsi,A
11799,164,hy,այդպիսի/նման,,,,aydpisi/nman,A
11800,164,eu,horrelako,,,,,,A
11801,164,ca,aquest/tal,,,,,,A
11802,164,gl,tal,,,,,,A
11803,164,ga,den sórt,,,,,,A
11804,164,cy,cyfryw,,,,,,A
11805,164,gd,a leithid,,,,,,A
11806,164,lb,esou,,,,,,A
11807,164,eo,tia,,,,,,A
11808,164,la,talis,,,,,,A
11809,165,en,again,,,,,,A
11810,165,es,otra vez,,,,,,A
11811,165,fr,encore,,,,,,A
11812,165,pt,novamente,,,,,,A
11813,165,de,wieder,,,,,,A
11814,165,it,ancora,,,,,,A
11815,165,ru,снова,,,,snova,A
11816,165,ar,مرة أخرى,,,,marrah ukhra,A
11817,165,hi,फिर से,,,,phir se,A
11818,165,bn,আবার,,,,ābār,A
11819,165,ur,دوبارہ,,,,dobārah,A
11820,165,fa,دوباره,,,,dobāreh,A
11821,165,tr,yine/tekrar,,,,,,A
11822,165,ja,再び/もう一度,,,,futatabi/mō ichido,A
11823,165,ko,다시,,,,dasi,A
11824,165,zh-cn,再次/又,,,,zàicì/yòu,A
11825,165,zh-tw,再次/又,,,,zàicì/yòu,A
11826,165,vi,lại/lần nữa,,,,,,A
11827,165,th,อีกครั้ง/อีกทีหนึ่ง,,,,xīk khrậng/xīk thī h̄nụ̀ng,A
11828,165,id,lagi/kembali,,,,,,A
11829,165,sw,tena,,,,,,A
11830,165,nl,opnieuw,,,,,,A
11831,165,pl,znów/jeszcze raz,,,,,,A
11832,165,uk,знову,,,,znovu,A
11833,165,el,ξανά/πάλι,,,,xaná/páli,A
11834,165,sv,igen,,,,,,A
11835,165,no,igjen,,,,,,A
11836,165,da,igen,,,,,,A
11837,165,fi,uudelleen/taas,,,,,,A
11838,165,cs,znovu,,,,,,A
11839,165,hu,újra/megint,,,,,,A
11840,165,ro,din nou,,,,,,A
11841,165,bg,отново,,,,otnovo,A
11842,165,sr,поново/опет,,,,ponovo/opet,A
11843,165,sk,znovu,,,,,,A
11844,165,sl,spet/ponovno,,,,,,A
11845,165,lt, vėl,,,,,,A
11846,165,lv,atkal,,,,,,A
11847,165,et,uuesti/jälle,,,,,,A
11848,165,he,שוב,,,,shuv,A
11849,165,ha,sake,,,,,,A
11850,165,yo,lẹ́ẹ̀kansì,,,,,,A
11851,165,ig,ọzọ,,,,,,A
11852,165,am,እንደገና,,,,əndägäna,A
11853,165,ti,ኣብ ካልኣይ ግዜ,,,,ab kal'ay gize,A
11854,165,ne,फेरि,,,,pheri,A
11855,165,ta,மீண்டும்/மறுபடியும்,,,,mīṇṭum/maṟupaṭiyum,A
11856,165,te,మళ్లీ/మళ్ళీ,,,,maḷlī/maḷḷī,A
11857,165,ml,വീണ്ടും,,,,vīṇṭuṁ,A
11858,165,mr,पुन्हा/दुसर्यांदा,,,,punhā/dusaryāndā,A
11859,165,pa,ਫਿਰ,,,,phir,A
11860,165,gu,ફરી,,,,pharī,A
11861,165,si,නැවත,,,,nævata,A
11862,165,km,ម្តងទៀត/ទៀត,,,,mdɑɑng tiet/tiet,A
11863,165,is,aftur,,,,,,A
11864,165,tl,muli/ulit,,,,,,A
11865,165,ms,lagi/kembali,,,,,,A
11866,165,jv,maneh/bali,,,,,,A
11867,165,kk,тағы да,,,,tağı da,A
11868,165,uz,yana/qaytadan,,,,,,A
11869,165,mn,дахин,,,,dakhin,A
11870,165,ga,ისევ/კვლავ,,,,isev/k'vlav,A
11871,165,hy,կրկին,,,,krkin,A
11872,165,eu,berriro,,,,,,A
11873,165,ca,una altra vegada,,,,,,A
11874,165,gl,outra vez,,,,,,A
11875,165,ga,arís,,,,,,A
11876,165,cy,etoo,,,,,,A
11877,165,gd,a-rithist,,,,,,A
11878,165,lb,erëm,,,,,,A
11879,165,eo,denove,,,,,,A
11880,165,la,iterum,,,,,,A
11881,166,en,few,,,,,,A
11882,166,es,pocos/pocas,,,,,,A
11883,166,fr,peu/quelques,,,,,,A
11884,166,pt,poucos/poucas,,,,,,A
11885,166,de,wenige,,,,,,A
11886,166,it,pochi/poche,,,,,,A
11887,166,ru,немногие/несколько,,,,nemnogiye/neskol'ko,A
11888,166,ar,قليل,,,,qalīl,A
11889,166,hi,कुछ/थोड़े,,,,kuch/ thoṛe,A
11890,166,bn,কয়েক/অল্প,,,,kaẏek/ôlpô,A
11891,166,ur,کچھ/تھوڑے,,,,kuch/ thoṛe,A
11892,166,fa,چند/کم,,,,chand/kam,A
11893,166,tr,birkaç/az,,,,,,A
11894,166,ja,少し/少数,,,,sukoshi/shōsū,A
11895,166,ko,몇/적은 몇,,,,myeoch/jeogeun myeoch,A
11896,166,zh-cn,几个/少数,,,,jǐ gè/shǎo shù,A
11897,166,zh-tw,幾個/少數,,,,jǐ gè/shǎo shù,A
11898,166,vi,một vài/ít,,,,,,A
11899,166,th,ไม่กี่/น้อย,,,,mị̀ kī̀/n̂xy,A
11900,166,id,beberapa/sedikit,,,,,,A
11901,166,sw,wachache,,,,,,A
11902,166,nl,weinig/een paar,,,,,,A
11903,166,pl,kilka,,,,,,A
11904,166,uk,кілька/декілька,,,,kil'ka/dekil'ka,A
11905,166,el,λίγοι,,,,lígoi,A
11906,166,sv,få,,,,,,A
11907,166,no,få,,,,,,A
11908,166,da,få,,,,,,A
11909,166,fi,muutama/harva,,,,,,A
11910,166,cs,málo/několik,,,,,,A
11911,166,hu,kevés/néhány,,,,,,A
11912,166,ro,câțiva/câteva,,,,,,A
11913,166,bg,малко/няколко,,,,malko/nyakolko,A
11914,166,sr,неколико/мало,,,,nekoliko/malo,A
11915,166,sk,málo/niekoľko,,,,,,A
11916,166,sl,nekaj/malo,,,,,,A
11917,166,lt,keletas/ nedaug,,,,,,A
11918,166,lv,maz/daži,,,,,,A
11919,166,et,mõni/ vähe,,,,,,A
11920,166,he,מעטים,,,,m'atim,A
11921,166,ha,kaɗan,,,,,,A
11922,166,yo,díẹ̀,,,,,,A
11923,166,ig,ole na ole/ụfọdụ,,,,,,A
11924,166,am,ጥቂት,,,,ṭəḳit,A
11925,166,ti,ቁጠራ/ኣስታት,,,,ḳuṭära/astat,A
11926,166,ne,केही/थोरै,,,,kehī/thorai,A
11927,166,ta,சில/கொஞ்சம்,,,,cila/koñcam,A
11928,166,te,కొన్ని/కొద్ది,,,,konni/koddi,A
11929,166,ml,കുറച്ച്/ചില,,,,kuṟacc/cila,A
11930,166,mr,काही/थोडे,,,,kāhī/thoḍe,A
11931,166,pa,ਕੁਝ/ਥੋੜੇ,,,,kujh/thoṛe,A
11932,166,gu,થોડા/કેટલાક,,,,thoḍā/keṭalāk,A
11933,166,si,කිහිපයක්/ස්වල්පයක්,,,,kihipak/ svalpayak,A
11934,166,km,បីបួន/តិចតួច,,,,bəy buən/təch tuəch,A
11935,166,is,fáir,,,,,,A
11936,166,tl,kakaunti/ilan,,,,,,A
11937,166,ms,beberapa/sedikit,,,,,,A
11938,166,jv,sapérangan/sedhela,,,,,,A
11939,166,kk,аз/бірнеше,,,,az/birneshe,A
11940,166,uz,bir necha/oz,,,,,,A
11941,166,mn,цөөн/хэдэн,,,,tsöön/kheden,A
11942,166,ga,რამდენიმე/ოდნავი,,,,ramdenime/odnavi,A
11943,166,hy,մի քանի/սակավ,,,,mi k'ani/sakav,A
11944,166,eu,bat batzuk/gutxi,,,,,,A
11945,166,ca,pocs/pogues,,,,,,A
11946,166,gl,poucos/poucas,,,,,,A
11947,166,ga,beagán/cúpla,,,,,,A
11948,166,cy,ychydig,,,,,,A
11949,166,gd,beagan/ beagan,,,,,,A
11950,166,lb,e puer,,,,,,A
11951,166,eo,malmultaj/kelkaj,,,,,,A
11952,166,la,paucus/paucis,,,,,,A
11953,167,en,case,,,,,,A
11954,167,es,caso,el,m,,,,A
11955,167,fr,cas,le,m,,,,A
11956,167,pt,caso,o,m,,,,A
11957,167,de,Fall,der,m,,,,A
11958,167,it,caso,il,m,,,,A
11959,167,ru,случай/дело,,,,sluchay/delo,A
11960,167,ar,حالة,,,,ḥālah,A
11961,167,hi,मामला/केस,,,,māmlā/kes,A
11962,167,bn,মামলা/কেস,,,,māmlā/kes,A
11963,167,ur,کیس/معاملہ,,,,kes/mu'āmilah,A
11964,167,fa,پرونده/مورد,,,,porvandeh/mowred,A
11965,167,tr,dava/vaka,,,,,,A
11966,167,ja,事件/場合,,,,jiken/baai,A
11967,167,ko,사건/경우,,,,sageon/gyeong'u,A
11968,167,zh-cn,案件/情况,,,,ànjiàn/qíngkuàng,A
11969,167,zh-tw,案件/情況,,,,ànjiàn/qíngkuàng,A
11970,167,vi,trường hợp/vụ án,,,,,,A
11971,167,th,กรณี/คดี,,,,k rṇī/kh dī,A
11972,167,id,kasus/perkara,,,,,,A
11973,167,sw,kesi,,,,,,A
11974,167,nl,geval/zaak,het,n,,,,A
11975,167,pl,przypadek/sprawa,,,,,,A
11976,167,uk,справа/випадок,,,,sprava/vypadok,A
11977,167,el,περίπτωση/υπόθεση,,,,períptosi/ypóthesi,A
11978,167,sv,fall,ett,n,,,,A
11979,167,no,sak/tilfelle,,,,,,A
11980,167,da,sag/tilfælde,,,,,,A
11981,167,fi,tapaus/juttu,,,,,,A
11982,167,cs,případ/kauza,,,,,,A
11983,167,hu,eset/ügy,,,,,,A
11984,167,ro,caz,,,,,,A
11985,167,bg,случай/дело,,,,sluchay/delo,A
11986,167,sr,случај/предмет,,,,slučaj/predmet,A
11987,167,sk,prípad/veci,,,,,,A
11988,167,sl,primer/zadeva,,,,,,A
11989,167,lt,atvejis/byla,,,,,,A
11990,167,lv,gadījums/lieta,,,,,,A
11991,167,et,juhtum/asi,,,,,,A
11992,167,he,מקרה/תיק,,,,mikre/tik,A
11993,167,ha,shari'ar,,,,,,A
11994,167,yo,ẹ̀jọ́/àkókò,,,,,,A
11995,167,ig,ikpe/okwu,,,,,,A
11996,167,am,ጉዳይ/ጉዳይ,,,,guday/guday,A
11997,167,ti,ጉዳይ/ጉዳይ,,,,guday/guday,A
11998,167,ne,मुद्दा/मामला,,,,muddā/māmlā,A
11999,167,ta,வழக்கு/நிகழ்வு,,,,vaḻakku/nikaḻvu,A
12000,167,te,కేసు/సందర్భం,,,,kēsu/sandarbhaṁ,A
12001,167,ml,കേസ്/വിഷയം,,,,kēs/viṣayaṁ,A
12002,167,mr,खटला/प्रकरण,,,,khaṭalā/prakaraṇ,A
12003,167,pa,ਮਾਮਲਾ/ਕੇਸ,,,,māmlā/kes,A
12004,167,gu,કેસ/મામલો,,,,kes/māmalo,A
12005,167,si,නඩුව/අවස්ථාව,,,,naḍuva/avasthāva,A
12006,167,km,ករណី/សំណុំរឿង,,,,kɑɑɑ nii/sɑmnom rɨəng,A
12007,167,is,mál/tilfelli,,,,,,A
12008,167,tl,kaso/usapan,,,,,,A
12009,167,ms,kes/kes,,,,,,A
12010,167,jv,kasus/perkara,,,,,,A
12011,167,kk,іс/жағдай,,,,is/jagday,A
12012,167,uz,ish/hol,,,,,,A
12013,167,mn,хэрэг/тохиолдол,,,,khereg/tokhioldol,A
12014,167,ga,საქმე/შემთხვევა,,,,sak'me/shemtkhveva,A
12015,167,hy,դեպք/գործ,,,,depk'/gorts,A
12016,167,eu,kasu/gauza,,,,,,A
12017,167,ca,cas,el,m,,,,A
12018,167,gl,caso,o,m,,,,A
12019,167,ga,cás,,,,,,A
12020,167,cy,achos,,,,,,A
12021,167,gd,cùis/tachartas,,,,,,A
12022,167,lb,Fall,de,m,,,,A
12023,167,eo,kazo/ afero,,,,,,A
12024,167,la,casus/res,,,,,,A
12025,168,en,week,,,,,,A
12026,168,es,semana,la,f,,,,A
12027,168,fr,semaine,la,f,,,,A
12028,168,pt,semana,a,f,,,,A
12029,168,de,Woche,die,f,,,,A
12030,168,it,settimana,la,f,,,,A
12031,168,ru,неделя,,,,nedelya,A
12032,168,ar,أسبوع,,,,usbūʿ,A
12033,168,hi,सप्ताह/हफ्ता,,,,saptāh/haftā,A
12034,168,bn,সপ্তাহ,,,,saptāh,A
12035,168,ur,ہفتہ,,,,hafta,A
12036,168,fa,هفته,,,,hafteh,A
12037,168,tr,hafta,,,,,,A
12038,168,ja,週,,,,shū,A
12039,168,ko,주/일주일,,,,ju/iljuil,A
12040,168,zh-cn,星期/周,,,,xīngqī/zhōu,A
12041,168,zh-tw,星期/週,,,,xīngqī/zhōu,A
12042,168,vi,tuần,,,,,,A
12043,168,th,สัปดาห์/อาทิตย์,,,,s̄pdaḥ̒/xāthity̒,A
12044,168,id,minggu,,,,,,A
12045,168,sw,juma,,,,,,A
12046,168,nl,week,de,f,,,,A
12047,168,pl,tydzień,,,,,,A
12048,168,uk,тиждень,,,,tyzhden',A
12049,168,el,εβδομάδα,,,,evdomáda,A
12050,168,sv,vecka,en,c,,,,A
12051,168,no,uke,,,,,,A
12052,168,da,uge,,,,,,A
12053,168,fi,viikko,,,,,,A
12054,168,cs,týden,,,,,,A
12055,168,hu,hét,,,,,,A
12056,168,ro,săptămână,,,,,,A
12057,168,bg,седмица,,,,sedmitsa,A
12058,168,sr,седмица/недеља,,,,sedmica/nedelja,A
12059,168,sk,týždeň,,,,,,A
12060,168,sl,teden,,,,,,A
12061,168,lt,savaitė,,,,,,A
12062,168,lv,nedēļa,,,,,,A
12063,168,et,nädal,,,,,,A
12064,168,he,שבוע,,,,shavua,A
12065,168,ha,mako,,,,,,A
12066,168,yo,ọ̀sẹ̀,,,,,,A
12067,168,ig,izu,,,,,,A
12068,168,am,ሳምንት,,,,samənt,A
12069,168,ti,ሰሙን,,,,sämun,A
12070,168,ne,हप्ता,,,,haptā,A
12071,168,ta,வாரம்/வாரம்,,,,vāram/vāram,A
12072,168,te,వారం/వారము,,,,vāraṁ/vāramu,A
12073,168,ml,വാരം/വാരം,,,,vāraṁ/vāraṁ,A
12074,168,mr,आठवडा,,,,āṭhavaḍā,A
12075,168,pa,ਹਫ਼ਤਾ,,,,hafatā,A
12076,168,gu,અઠવાડિયું,,,,aṭhavāḍiyuṁ,A
12077,168,si,සතිය/සතිය,,,,satiya/satiya,A
12078,168,km,សប្តាហ៍,,,,sɑbɑdaa,A
12079,168,is,vika,,,,,,A
12080,168,tl,linggo,,,,,,A
12081,168,ms,minggu,,,,,,A
12082,168,jv,pekan/minggu,,,,,,A
12083,168,kk,апта,,,,apta,A
12084,168,uz,hafta,,,,,,A
12085,168,mn,долоо хоног,,,,doloo khonog,A
12086,168,ga,კვირა/კვირა,,,,k'vira/k'vira,A
12087,168,hy,շաբաթ,,,,shabat,A
12088,168,eu,aste,,,,,,A
12089,168,ca,setmana,la,f,,,,A
12090,168,gl,semana,a,f,,,,A
12091,168,ga,seachtain,,,,,,A
12092,168,cy,wythnos,,,,,,A
12093,168,gd,seachdain,,,,,,A
12094,168,lb,Woch,d',f,,,,A
12095,168,eo,semajno,,,,,,A
12096,168,la,hebdomas,,,,,,A
12097,169,en,company,,,,,,A
12098,169,es,empresa/compañía,la,f,,,,A
12099,169,fr,entreprise/compagnie,l',f,,,,A
12100,169,pt,empresa/companhia,a,f,,,,A
12101,169,de,Firma/Gesellschaft,die,f,,,,A
12102,169,it,azienda/compagnia,la,f,,,,A
12103,169,ru,компания/общество,,,,kompaniya/obshchestvo,A
12104,169,ar,شركة,,,,sharika,A
12105,169,hi,कंपनी/संगठन,,,,kampanī/saṅgaṭhan,A
12106,169,bn,কোম্পানি/প্রতিষ্ঠান,,,,kōmpāni/pratiṣṭhān,A
12107,169,ur,کمپنی/شرکت,,,,kampanī/shirkat,A
12108,169,fa,شرکت/کمپانی,,,,sherkat/kampānī,A
12109,169,tr,şirket/firma,,,,,,A
12110,169,ja,会社/企業,,,,kaisha/kigyō,A
12111,169,ko,회사/기업,,,,hoesa/gieop,A
12112,169,zh-cn,公司/企业,,,,gōngsī/qǐyè,A
12113,169,zh-tw,公司/企業,,,,gōngsī/qǐyè,A
12114,169,vi,công ty/doanh nghiệp,,,,,,A
12115,169,th,บริษัท/ห้าง,,,,bris̄ʹāth/h̄̂xng,A
12116,169,id,perusahaan,,,,,,A
12117,169,sw,kampuni/shirika,,,,,,A
12118,169,nl,bedrijf/maatschappij,het,n,,,,A
12119,169,pl,firma/przedsiębiorstwo,,,,,,A
12120,169,uk,компанія/підприємство,,,,kompaniya/pidpryyemstvo,A
12121,169,el,εταιρεία/εταιρία,,,,etaireía/etairía,A
12122,169,sv,företag/bolag,ett,n,,,,A
12123,169,no,selskap/bedrift,,,,,,A
12124,169,da,firma/virksomhed,,,,,,A
12125,169,fi,yhtiö/ yritys,,,,,,A
12126,169,cs,společnost/firma,,,,,,A
12127,169,hu,cég/vállalat,,,,,,A
12128,169,ro,companie/firmă,,,,,,A
12129,169,bg,компания/фирма,,,,kompaniya/firma,A
12130,169,sr,компанија/фирма,,,,kompanija/firma,A
12131,169,sk,spoločnosť/firma,,,,,,A
12132,169,sl,družba/podjetje,,,,,,A
12133,169,lt,įmonė/kompanija,,,,,,A
12134,169,lv,uzņēmums/kompānija,,,,,,A
12135,169,et,ettevõte/firma,,,,,,A
12136,169,he,חברה,,,,hevra,A
12137,169,ha,kamfani,,,,,,A
12138,169,yo,ilé-iṣẹ́/ọlá,,,,,,A
12139,169,ig,ụlọ ọrụ/ ụlọ ahịa,,,,,,A
12140,169,am,ኩባንያ/ድርጅት,,,,kubanya/dərǧət,A
12141,169,ti,ኩባንያ/ትእግስቲ,,,,kubanya/tə'əgsti,A
12142,169,ne,कम्पनी/सँगठन,,,,kampanī/sam̐gaṭhan,A
12143,169,ta,நிறுவனம்/கம்பனி,,,,niṟuvaṉam/kampaṉi,A
12144,169,te,కంపెనీ/కంపెనీ,,,,kampaṇī/kampaṇī,A
12145,169,ml,കമ്പനി/സ്ഥാപനം,,,,kampani/sthāpanaṁ,A
12146,169,mr,कंपनी/मंडळी,,,,kampanī/maṇḍaḷī,A
12147,169,pa,ਕੰਪਨੀ/ਕੰਪਨੀ,,,,kampanī/kampanī,A
12148,169,gu,કંપની/કંપની,,,,kampanī/kampanī,A
12149,169,si,කම්පනිය/සමාගම,,,,kampaniya/samāgama,A
12150,169,km,ក្រុមហ៊ុន/ក្រុមហ៊ុន,,,,krom hun/krom hun,A
12151,169,is,fyrirtæki,,,,,,A
12152,169,tl,kumpanya/kompanya,,,,,,A
12153,169,ms,syarikat/ perusahaan,,,,,,A
12154,169,jv,perusahaan,,,,,,A
12155,169,kk,компания,,,,kompaniya,A
12156,169,uz,kompaniya/firma,,,,,,A
12157,169,mn,компани/аж ахуй нэгж,,,,kompani/aj akhui negj,A
12158,169,ga,კომპანია/საწარმო,,,,k'omp'ania/sats'armo,A
12159,169,hy,ընկերություն/կազմակերպություն,,,,ynkerut'yun/kazmakerput'yun,A
12160,169,eu,enpresa/konpainia,,,,,,A
12161,169,ca,empresa/companyia,la,f,,,,A
12162,169,gl,empresa/companía,a,f,,,,A
12163,169,ga,cuideachta,,,,,,A
12164,169,cy,cwmni,,,,,,A
12165,169,gd,companaidh,,,,,,A
12166,169,lb,Firma/ Gesellschaft,d',f,,,,A
12167,169,eo,kompanio/firmao,,,,,,A
12168,169,la,societas/contubernium,,,,,,A
12169,170,en,where,,,,,,A
12170,170,es,dónde,,,,,,A
12171,170,fr,où,,,,,,A
12172,170,pt,onde,,,,,,A
12173,170,de,wo,,,,,,A
12174,170,it,dove,,,,,,A
12175,170,ru,где,,,,gde,A
12176,170,ar,أين,,,,ayn,A
12177,170,hi,कहाँ,,,,kahā̃,A
12178,170,bn,কোথায়,,,,kothāẏ,A
12179,170,ur,کہاں,,,,kahā̃,A
12180,170,fa,کجا,,,,kojā,A
12181,170,tr,nerede,,,,,,A
12182,170,ja,どこ,,,,doko,A
12183,170,ko,어디에/어디에서,,,,eodie/eodieseo,A
12184,170,zh-cn,哪里/哪儿,,,,nǎlǐ/nǎr,A
12185,170,zh-tw,哪裡/哪兒,,,,nǎlǐ/nǎr,A
12186,170,vi,ở đâu,,,,,,A
12187,170,th,ที่ไหน/ตรงไหน,,,,thī̀h̄ịn/trng h̄ịn,A
12188,170,id,di mana,,,,,,A
12189,170,sw,wapi,,,,,,A
12190,170,nl,waar,,,,,,A
12191,170,pl,gdzie,,,,,,A
12192,170,uk,де/куди,,,,de/kudy,A
12193,170,el,πού,,,,poú,A
12194,170,sv,var,,,,,,A
12195,170,no,hvor,,,,,,A
12196,170,da,hvor,,,,,,A
12197,170,fi,missä,,,,,,A
12198,170,cs,kde,,,,,,A
12199,170,hu,hol,,,,,,A
12200,170,ro,unde,,,,,,A
12201,170,bg,къде,,,,kŭde,A
12202,170,sr,где/где,,,,gde/gde,A
12203,170,sk,kde,,,,,,A
12204,170,sl,kje,,,,,,A
12205,170,lt,kur,,,,,,A
12206,170,lv,kur,,,,,,A
12207,170,et,kus,,,,,,A
12208,170,he,איפה,,,,eifo,A
12209,170,ha,ina,,,,,,A
12210,170,yo,ibiwo,,,,,,A
12211,170,ig,ebe,,,,,,A
12212,170,am,የት,,,,yät,A
12213,170,ti,ኣበይ,,,,abäy,A
12214,170,ne,कहाँ,,,,kahā̃,A
12215,170,ta,எங்கே,,,,eṅkē,A
12216,170,te,ఎక్కడ,,,,ekkaḍa,A
12217,170,ml,എവിടെ,,,,eviṭe,A
12218,170,mr,कोठे,,,,koṭhe,A
12219,170,pa,ਕਿੱਥੇ,,,,kithē,A
12220,170,gu,ક્યાં,,,,kyā̃,A
12221,170,si,කොහේද,,,,kohēda,A
12222,170,km,ទីណា/ឯណា,,,,tii naa/ae naa,A
12223,170,is,hvar,,,,,,A
12224,170,tl,saan,,,,,,A
12225,170,ms,di mana,,,,,,A
12226,170,jv,ing ngendi/endi,,,,,,A
12227,170,kk,қайда,,,,qayda,A
12228,170,uz,qayerda,,,,,,A
12229,170,mn,хаана,,,,khaana,A
12230,170,ga,სად/სადაც,,,,sad/sadats,A
12231,170,hy,որտեղ,,,,vortegh,A
12232,170,eu,non,,,,,,A
12233,170,ca,on,,,,,,A
12234,170,gl,onde,,,,,,A
12235,170,ga,cá háit,,,,,,A
12236,170,cy,lle,,,,,,A
12237,170,gd,càite,,,,,,A
12238,170,lb,wou,,,,,,A
12239,170,eo,kie,,,,,,A
12240,170,la,ubi,,,,,,A
12241,171,en,system,,,,,,A
12242,171,es,sistema,el,m,,,,A
12243,171,fr,système,le,m,,,,A
12244,171,pt,sistema,o,m,,,,A
12245,171,de,System,das,n,,,,A
12246,171,it,sistema,il,m,,,,A
12247,171,ru,система,,,,sistema,A
12248,171,ar,نظام,,,,niẓām,A
12249,171,hi,प्रणाली/सिस्टम,,,,praṇālī/sisṭam,A
12250,171,bn,সিস্টেম/পদ্ধতি,,,,sisṭēm/paddhati,A
12251,171,ur,نظام/سسٹم,,,,niẓām/sisṭam,A
12252,171,fa,سیستم/نظام,,,,system/neẓām,A
12253,171,tr,sistem,,,,,,A
12254,171,ja,システム/制度,,,,shisutemu/seido,A
12255,171,ko,시스템/체계,,,,siseutem/chegye,A
12256,171,zh-cn,系统/制度,,,,xìtǒng/zhìdù,A
12257,171,zh-tw,系統/制度,,,,xìtǒng/zhìdù,A
12258,171,vi,hệ thống,,,,,,A
12259,171,th,ระบบ,,,,rạb,A
12260,171,id,sistem,,,,,,A
12261,171,sw,mfumo,,,,,,A
12262,171,nl,systeem,het,n,,,,A
12263,171,pl,system,,,,,,A
12264,171,uk,система,,,,systema,A
12265,171,el,σύστημα,,,,sýstima,A
12266,171,sv,system,ett,n,,,,A
12267,171,no,system,,,,,,A
12268,171,da,system,,,,,,A
12269,171,fi,järjestelmä,,,,,,A
12270,171,cs,systém,,,,,,A
12271,171,hu,rendszer,,,,,,A
12272,171,ro,sistem,,,,,,A
12273,171,bg,система,,,,sistema,A
12274,171,sr,систем,,,,sistem,A
12275,171,sk,systém,,,,,,A
12276,171,sl,sistem,,,,,,A
12277,171,lt,sistema,,,,,,A
12278,171,lv,sistēma,,,,,,A
12279,171,et,süsteem,,,,,,A
12280,171,he,מערכת,,,,ma'rekhet,A
12281,171,ha,tsarin,,,,,,A
12282,171,yo,ètò,,,,,,A
12283,171,ig,usoro,,,,,,A
12284,171,am,ስርዓት,,,,sərə'at,A
12285,171,ti,ስርዓት,,,,sərə'at,A
12286,171,ne,प्रणाली/सिस्टम,,,,praṇālī/sisṭama,A
12287,171,ta,அமைப்பு/சிஸ்டம்,,,,amaippu/cisṭam,A
12288,171,te,వ్యవస్థ/సిస్టమ్,,,,vyavastha/sisṭam,A
12289,171,ml,സിസ്റ്റം/വ്യവസ്ഥ,,,,sisṟṟaṁ/vyavastha,A
12290,171,mr,प्रणाली/सिस्टम,,,,praṇālī/sisṭam,A
12291,171,pa,ਸਿਸਟਮ/ਪ੍ਰਣਾਲੀ,,,,sisaṭam/praṇālī,A
12292,171,gu,સિસ્ટમ/પ્રણાલી,,,,sisaṭam/praṇālī,A
12293,171,si,පද්ධතිය/පද්ධතිය,,,,paddhatiya/paddhatiya,A
12294,171,km,ប្រព័ន្ធ/ប្រព័ន្ធ,,,,brɑpŏən/brɑpŏən,A
12295,171,is,kerfi,,,,,,A
12296,171,tl,sistema,,,,,,A
12297,171,ms,sistem,,,,,,A
12298,171,jv,sistem,,,,,,A
12299,171,kk,жүйе,,,,jüye,A
12300,171,uz,tizim,,,,,,A
12301,171,mn,систем,,,,sistem,A
12302,171,ga,სისტემა,,,,sist'ema,A
12303,171,hy,համակարգ,,,,hamakarg,A
12304,171,eu,sistema,,,,,,A
12305,171,ca,sistema,el,m,,,,A
12306,171,gl,sistema,o,m,,,,A
12307,171,ga,córas,,,,,,A
12308,171,cy,system,,,,,,A
12309,171,gd,siostam,,,,,,A
12310,171,lb,System,d',n,,,,A
12311,171,eo,sistemo,,,,,,A
12312,171,la,systema/ratio,,,,,,A
12313,172,en,each,,,,,,A
12314,172,es,cada,,,,,,A
12315,172,fr,chaque,,,,,,A
12316,172,pt,cada,,,,,,A
12317,172,de,jeder/jede/jedes,,,,,,A
12318,172,it,ogni,,,,,,A
12319,172,ru,каждый,,,,kazhdyy,A
12320,172,ar,كل/كل واحد,,,,kull/kull wāḥid,A
12321,172,hi,प्रत्येक,,,,pratyek,A
12322,172,bn,প্রতিটি/প্রত্যেকটি,,,,pratiṭi/pratyekaṭi,A
12323,172,ur,ہر ایک,,,,har ek,A
12324,172,fa,هر/هر یک,,,,har/har yek,A
12325,172,tr,her bir/ her biri,,,,,,A
12326,172,ja,各/それぞれ,,,,kaku/sorezore,A
12327,172,ko,각각/각자,,,,gakgak/gakja,A
12328,172,zh-cn,每个/各自,,,,měi gè/gè zì,A
12329,172,zh-tw,每個/各自,,,,měi gè/gè zì,A
12330,172,vi,mỗi/từng,,,,,,A
12331,172,th,แต่ละ/ทุก,,,,tæ̀la/thuk,A
12332,172,id,setiap/masing-masing,,,,,,A
12333,172,sw,kila,,,,,,A
12334,172,nl,elk,,,,,,A
12335,172,pl,każdy,,,,,,A
12336,172,uk,кожен/кожний,,,,kozhen/kozhnyy,A
12337,172,el,κάθε,,,,káthe,A
12338,172,sv,varje,,,,,,A
12339,172,no,hver,,,,,,A
12340,172,da,hver,,,,,,A
12341,172,fi,jokainen,,,,,,A
12342,172,cs,každý,,,,,,A
12343,172,hu,mindegyik/minden,,,,,,A
12344,172,ro,fiecare,,,,,,A
12345,172,bg,всеки,,,,vseki,A
12346,172,sr,сваки,,,,svaki,A
12347,172,sk,každý,,,,,,A
12348,172,sl,vsak,,,,,,A
12349,172,lt,kiekvienas,,,,,,A
12350,172,lv,katrs,,,,,,A
12351,172,et,iga,,,,,,A
12352,172,he,כל אחד,,,,kol echad,A
12353,172,ha,kowane,,,,,,A
12354,172,yo,ọ̀kọ̀ọ̀kan,,,,,,A
12355,172,ig,ọ bụla,,,,,,A
12356,172,am,እያንዳንዱ,,,,əyandandu,A
12357,172,ti,ኵሉ/ነፍሲ ወከፍ,,,,kulu/näfsi wäkäf,A
12358,172,ne,प्रत्येक,,,,pratyek,A
12359,172,ta,ஒவ்வொன்றும்/ஒவ்வொருவரும்,,,,ovvoṉṟum/ovvoruvarum,A
12360,172,te,ప్రతి/ప్రతి ఒక్కటి,,,,prati/prati okkaṭi,A
12361,172,ml,ഓരോന്നും/ഓരോരുത്തരും,,,,ōrōnnuṁ/ōrōruttaruṁ,A
12362,172,mr,प्रत्येक/एकएक,,,,pratyek/ekek,A
12363,172,pa,ਹਰ ਇੱਕ,,,,har ikk,A
12364,172,gu,દરેક/બધા,,,,darek/badhā,A
12365,172,si,සෑම එකක්ම/සෑම කෙනෙකුම,,,,sǣma ekakma/sǣma kenekuma,A
12366,172,km,គ្នា/គ្នាក្នុងចំណោមគ្នា,,,,knie/knie knong chɑmnaom knie,A
12367,172,is,hver,,,,,,A
12368,172,tl,bawat isa,,,,,,A
12369,172,ms,setiap,,,,,,A
12370,172,jv,saben,,,,,,A
12371,172,kk,әр/әрбір,,,,är/ärbir,A
12372,172,uz,har bir/har biri,,,,,,A
12373,172,mn,бүр/тус бүр,,,,bür/tus bür,A
12374,172,ga,თითოეული/ყოველი,,,,tit'oeuli/q'oveli,A
12375,172,hy,յուրաքանչյուր,,,,yurak’anch’yur,A
12376,172,eu,bakoitz,,,,,,A
12377,172,ca,cada,,,,,,A
12378,172,gl,cada,,,,,,A
12379,172,ga,gach,,,,,,A
12380,172,cy,pob,,,,,,A
12381,172,gd,gach,,,,,,A
12382,172,lb,jiddereen,,,,,,A
12383,172,eo,ĉiu,,,,,,A
12384,172,la,quisque/uterque,,,,,,A
12385,173,en,right,,,,,,A
12386,173,es,derecho/derecha,,,,,,A
12387,173,fr,droit/droite,,,,,,A
12388,173,pt,direito/direita,,,,,,A
12389,173,de,rechts/Recht,,,,,,A
12390,173,it,destro/destra,,,,,,A
12391,173,ru,правый/правильно,,,,pravyy/pravil'no,A
12392,173,ar,يمين/صحيح,,,,yamīn/ṣaḥīḥ,A
12393,173,hi,सही/दाएं,,,,sahī/dāẽ,A
12394,173,bn,ডান/ঠিক,,,,ḍān/ṭhik,A
12395,173,ur,دائیں/صحیح,,,,dāẽ/ṣaḥīḥ,A
12396,173,fa,راست/درست,,,,rāst/dorost,A
12397,173,tr,sağ/doğru,,,,,,A
12398,173,ja,右/正しい,,,,migi/tadashii,A
12399,173,ko,오른쪽/옳은,,,,oreunjjok/oreun,A
12400,173,zh-cn,右/正确,,,,yòu/zhèngquè,A
12401,173,zh-tw,右/正確,,,,yòu/zhèngquè,A
12402,173,vi,phải/đúng,,,,,,A
12403,173,th,ขวา/ถูกต้อง,,,,k̄hwā/t̄hūk t̂xng,A
12404,173,id,kanan/benar,,,,,,A
12405,173,sw,kulia/sawa,,,,,,A
12406,173,nl,rechts/juist,,,,,,A
12407,173,pl,prawy/prawidłowy,,,,,,A
12408,173,uk,правий/правильно,,,,pravyy/pravyl'no,A
12409,173,el,δεξιά/σωστός,,,,dexiá/sostós,A
12410,173,sv,höger/rätt,,,,,,A
12411,173,no,høyre/riktig,,,,,,A
12412,173,da,højre/rigtig,,,,,,A
12413,173,fi,oikea/oikein,,,,,,A
12414,173,cs,pravý/správný,,,,,,A
12415,173,hu,jobb/igaz,,,,,,A
12416,173,ro,dreapta/corect,,,,,,A
12417,173,bg,десен/правилен,,,,desen/pravilen,A
12418,173,sr,десно/тачно,,,,desno/tačno,A
12419,173,sk,pravý/správny,,,,,,A
12420,173,sl,desen/pravilen,,,,,,A
12421,173,lt,dešinysis/teisingas,,,,,,A
12422,173,lv,labais/pareizs,,,,,,A
12423,173,et,parem/õige,,,,,,A
12424,173,he,ימין/נכון,,,,yamin/nakhon,A
12425,173,ha,dama/daidai,,,,,,A
12426,173,yo,ọtún/òtító,,,,,,A
12427,173,ig,aka nri/ezigbo,,,,,,A
12428,173,am,ቀኝ/ትክክል,,,,ḳäññ/təkəkəl,A
12429,173,ti,የግራ/ሕጋዊ,,,,yägəra/ḥəgawi,A
12430,173,ne,दायाँ/सही,,,,dāyā̃/sahī,A
12431,173,ta,வலது/சரியானது,,,,valatu/cariyāṉatu,A
12432,173,te,కుడి/సరైనది,,,,kuḍi/sarainadi,A
12433,173,ml,വലത്/ശരിയായ,,,valat/śariyāya,A
12434,173,mr,उजवा/बरोबर,,,,ujavā/barobar,A
12435,173,pa,ਸੱਜਾ/ਸਹੀ,,,,sajjā/sahī,A
12436,173,gu,જમણું/યોગ્ય,,,,jamaṇuṁ/yogya,A
12437,173,si,දකුණ/හරි,,,,dakuṇa/hari,A
12438,173,km,ស្ដាំ/ត្រូវ,,,,sdam/trəv,A
12439,173,is,hægri/réttur,,,,,,A
12440,173,tl,kanan/tama,,,,,,A
12441,173,ms,kanan/betul,,,,,,A
12442,173,jv,tengen/bener,,,,,,A
12443,173,kk,оң/дұрыс,,,,oñ/dūrys,A
12444,173,uz,o'ng/to'g'ri,,,,,,A
12445,173,mn,баруун/зөв,,,,baruun/zöv,A
12446,173,ga,მარჯვენა/სწორი,,,,marjvena/sts'ori,A
12447,173,hy,աջ/ճիշտ,,,,aj/chisht,A
12448,173,eu,eskuin/zuzen,,,,,,A
12449,173,ca,dreta/correcte,,,,,,A
12450,173,gl,dereita/correcto,,,,,,A
12451,173,ga,ceart/deas,,,,,,A
12452,173,cy,dde/iawn,,,,,,A
12453,173,gd,ceart/deas,,,,,,A
12454,173,lb,riets/richteg,,,,,,A
12455,173,eo,dekstra/ĝusta,,,,,,A
12456,173,la,dexter/rectus,,,,,,A
12457,174,en,program,,,,,,A
12458,174,es,programa,el,m,,,,A
12459,174,fr,programme,le,m,,,,A
12460,174,pt,programa,o,m,,,,A
12461,174,de,Programm,das,n,,,,A
12462,174,it,programma,il,m,,,,A
12463,174,ru,программа,,,,programma,A
12464,174,ar,برنامج,,,,barnāmaj,A
12465,174,hi,कार्यक्रम/प्रोग्राम,,,,kāryakram/progrām,A
12466,174,bn,প্রোগ্রাম/কার্যক্রম,,,,prōgrām/kāryakrma,A
12467,174,ur,پروگرام/پروگرام,,,,program/program,A
12468,174,fa,برنامه/پروگرام,,,,barnāmeh/porogrām,A
12469,174,tr,program,,,,,,A
12470,174,ja,プログラム,,,,puroguramu,A
12471,174,ko,프로그램,,,,peurogeuraem,A
12472,174,zh-cn,程序/节目,,,,chéngxù/jiémù,A
12473,174,zh-tw,程式/節目,,,,chéngshì/jiémù,A
12474,174,vi,chương trình,,,,,,A
12475,174,th,โปรแกรม/รายการ,,,,porokræm/rāykār,A
12476,174,id,program,,,,,,A
12477,174,sw,programu,,,,,,A
12478,174,nl,programma,het,n,,,,A
12479,174,pl,program,,,,,,A
12480,174,uk,программа,,,,prohrama,A
12481,174,el,πρόγραμμα,,,,prógramma,A
12482,174,sv,program,ett,n,,,,A
12483,174,no,program,,,,,,A
12484,174,da,program,,,,,,A
12485,174,174,ohjelma,,,,,,A
12486,174,cs,program,,,,,,A
12487,174,hu,program,,,,,,A
12488,174,ro,program,,,,,,A
12489,174,bg,програма,,,,programa,A
12490,174,sr,програм,,,,program,A
12491,174,sk,program,,,,,,A
12492,174,sl,program,,,,,,A
12493,174,lt,programa,,,,,,A
12494,174,lv,programma,,,,,,A
12495,174,et,programm,,,,,,A
12496,174,he,תוכנית,,,,tokhenit,A
12497,174,ha,shirin,,,,,,A
12498,174,yo,ètò,,,,,,A
12499,174,ig,mmemme/ ihe omume,,,,,,A
12500,174,am,ፕሮግራም,,,,pərogram,A
12501,174,ti,ፕሮግራም,,,,pərogram,A
12502,174,ne,कार्यक्रम/प्रोग्राम,,,,kāryakram/progrām,A
12503,174,ta,திட்டம்/நிகழ்ச்சி,,,,tiṭṭam/nikaḻcci,A
12504,174,te,కార్యక్రమం/ప్రోగ్రామ్,,,,kāryakramaṁ/prōgrām,A
12505,174,ml,പ്രോഗ്രാം/പരിപാടി,,,,prōgrāṁ/paripāṭi,A
12506,174,mr,कार्यक्रम/प्रोग्राम,,,,kāryakram/progrām,A
12507,174,pa,ਪ੍ਰੋਗਰਾਮ/ਕਾਰਜਕ੍ਰਮ,,,,progrām/kārajkarama,A
12508,174,gu,કાર્યક્રમ/પ્રોગ્રામ,,,,kāryakram/progrām,A
12509,174,si,ක්රමලේඛනය/වැඩසටහන,,,,kramalēkhanaya/væḍasaṭahana,A
12510,174,km,កម្មវិធី/កម្មវិធី,,,,kɑmməvithii/kɑmməvithii,A
12511,174,is,forrit,,,,,,A
12512,174,tl,programa,,,,,,A
12513,174,ms,program,,,,,,A
12514,174,jv,program,,,,,,A
12515,174,kk,бағдарлама,,,,bağdarlama,A
12516,174,uz,dastur,,,,,,A
12517,174,mn,програм,,,,program,A
12518,174,ga,პროგრამა,,,,p'rograma,A
12519,174,hy,ծրագիր,,,,tsragir,A
12520,174,eu,programa,,,,,,A
12521,174,ca,programa,el,m,,,,A
12522,174,gl,programa,o,m,,,,A
12523,174,ga,clár,,,,,,A
12524,174,cy,rhaglen,,,,,,A
12525,174,gd,prògram,,,,,,A
12526,174,lb,Programm,d',n,,,,A
12527,174,eo,programo,,,,,,A
12528,174,la,programma,,,,,,A
12529,175,en,to hear,,,,,,A
12530,175,es,oír,,,,,,A
12531,175,fr,entendre,,,,,,A
12532,175,pt,ouvir,,,,,,A
12533,175,de,hören,,,,,,A
12534,175,it,sentire,,,,,,A
12535,175,ru,слышать,,,,slyshat',A
12536,175,ar,يسمع,,,,yasmaʿ,A
12537,175,hi,सुनना,,,,sunnā,A
12538,175,bn,শোনা,,,,śōnā,A
12539,175,ur,سننا,,,,sunnā,A
12540,175,fa,شنیدن,,,,shenīdan,A
12541,175,tr,duymak/işitmek,,,,,,A
12542,175,ja,聞く,,,,kiku,A
12543,175,ko,듣다,,,,deutda,A
12544,175,zh-cn,听到/听见,,,,tīng dào/tīng jiàn,A
12545,175,zh-tw,聽到/聽見,,,,tīng dào/tīng jiàn,A
12546,175,vi,nghe,,,,,,A
12547,175,th,ได้ยิน/ฟัง,,,,dị̂ yin/fạng,A
12548,175,id,mendengar,,,,,,A
12549,175,sw,kusikia,,,,,,A
12550,175,nl,horen,,,,,,A
12551,175,pl,słyszeć,,,,,,A
12552,175,uk,чути,,,,chuty,A
12553,175,el,ακούω,,,,akoúo,A
12554,175,sv,höra,,,,,,A
12555,175,no,høre,,,,,,A
12556,175,da,høre,,,,,,A
12557,175,fi,kuulla,,,,,,A
12558,175,cs,slyšet,,,,,,A
12559,175,hu,hall,,,,,,A
12560,175,ro,a auzi,,,,,,A
12561,175,bg,чувам,,,,chuvam,A
12562,175,sr,чути,,,,čuti,A
12563,175,sk,počuť,,,,,,A
12564,175,sl,slíšati,,,,,,A
12565,175,lt,girdėti,,,,,,A
12566,175,lv,dzirdēt,,,,,,A
12567,175,et,kuulma,,,,,,A
12568,175,he,לשמוע,,,,lishmoa,A
12569,175,ha,ji,,,,,,A
12570,175,yo,gbo,,,,,,A
12571,175,ig,nụ/nụrụ,,,,,,A
12572,175,am,ማዳመጥ,,,,madamäṭ,A
12573,175,ti,ምስማር,,,,məsmar,A
12574,175,ne,सुन्नु,,,,sunnu,A
12575,175,ta,கேள்,,,,kēḷ,A
12576,175,te,వినండి,,,,vinaṇḍi,A
12577,175,ml,കേൾക്കുക,,,,kēḷkkuka,A
12578,175,mr,ऐकणे/ऐकणे,,,,aikaṇe/aikaṇe,A
12579,175,pa,ਸੁਣੋ,,,,suṇo,A
12580,175,gu,સાંભળો,,,,sāmbhaḷo,A
12581,175,si,ඇසෙනවා/ඇසීම,,,,æsenavā/æsīma,A
12582,175,km,ឮ/ស្ដាប់,,,,lɨɨ/sdap,A
12583,175,is,heyra,,,,,,A
12584,175,tl,makinig,,,,,,A
12585,175,ms,mendengar,,,,,,A
12586,175,jv,krungu,,,,,,A
12587,175,kk,есту,,,,estu,A
12588,175,uz,eshitmoq,,,,,,A
12589,175,mn,сонсох,,,,sonsokh,A
12590,175,ga,მოსმენა/სმენა,,,,mosmena/smena,A
12591,175,hy,լսել,,,,lsel,A
12592,175,eu,entzun,,,,,,A
12593,175,ca,sentir,,,,,,A
12594,175,gl,escoitar,,,,,,A
12595,175,ga,clois,,,,,,A
12596,175,cy,clywed,,,,,,A
12597,175,gd,cluinn,,,,,,A
12598,175,lb,heieren,,,,,,A
12599,175,eo,aŭdi,,,,,,A
12600,175,la,audire,,,,,,A
12601,176,en,question,,,,,,A
12602,176,es,pregunta,la,f,,,,A
12603,176,fr,question,la,f,,,,A
12604,176,pt,pergunta,a,f,,,,A
12605,176,de,Frage,die,f,,,,A
12606,176,it,domanda,la,f,,,,A
12607,176,ru,вопрос,,,,vopros,A
12608,176,ar,سؤال,,,,su'āl,A
12609,176,hi,प्रश्न/सवाल,,,,praśna/savāl,A
12610,176,bn,প্রশ্ন,,,,praśna,A
12611,176,ur,سوال,,,,savāl,A
12612,176,fa,سوال/پرسش,,,,so'āl/porsesh,A
12613,176,tr,soru,,,,,,A
12614,176,ja,質問,,,,shitsumon,A
12615,176,ko,질문,,,,jilmun,A
12616,176,zh-cn,问题/疑问,,,,wèntí/yíwèn,A
12617,176,zh-tw,問題/疑問,,,,wèntí/yíwèn,A
12618,176,vi,câu hỏi,,,,,,A
12619,176,th,คำถาม/ปัญหาที่ถาม,,,,kĥảt̄hām/pạỵh̄ā thī̀ t̄hām,A
12620,176,id,pertanyaan,,,,,,A
12621,176,sw,swali,,,,,,A
12622,176,nl,vraag,de,f,,,,A
12623,176,pl,pytanie,,,,,,A
12624,176,uk,питання,,,,pytannya,A
12625,176,el,ερώτηση,,,,erótisi,A
12626,176,sv,fråga,en,c,,,,A
12627,176,no,spørsmål,,,,,,A
12628,176,da,spørgsmål,,,,,,A
12629,176,fi,kysymys,,,,,,A
12630,176,cs,otázka,,,,,,A
12631,176,hu,kérdés,,,,,,A
12632,176,ro,întrebare,,,,,,A
12633,176,bg,въпрос,,,,vǎpros,A
12634,176,sr,питање,,,,pitanje,A
12635,176,sk,otázka,,,,,,A
12636,176,sl,vprašanje,,,,,,A
12637,176,lt,klausimas,,,,,,A
12638,176,lv,jautājums,,,,,,A
12639,176,et,küsimus,,,,,,A
12640,176,he,שאלה,,,,she'ela,A
12641,176,ha,tambaya,,,,,,A
12642,176,yo,ìbéèrè,,,,,,A
12643,176,ig,ajụjụ,,,,,,A
12644,176,am,ጥያቄ,,,,ṭəyaḳe,A
12645,176,ti,ሕቶ,,,,ḥəto,A
12646,176,ne,प्रश्न,,,,praśna,A
12647,176,ta,கேள்வி,,,,kēḷvi,A
12648,176,te,ప్రశ్న/ప్రశ్న,,,,praśna/praśna,A
12649,176,ml,ചോദ്യം,,,,cōdyaṁ,A
12650,176,mr,प्रश्न,,,,praśna,A
12651,176,pa,ਸਵਾਲ,,,,savāl,A
12652,176,gu,પ્રશ્ન,,,,praśna,A
12653,176,si,ප්රශ්නය,,,,praśnaya,A
12654,176,km,សំណួរ,,,,sɑmnuə,A
12655,176,is,spurning,,,,,,A
12656,176,tl,tanong,,,,,,A
12657,176,ms,soalan,,,,,,A
12658,176,jv,patakonan,,,,,,A
12659,176,kk,сұрақ/сұрау,,,,suraq/suraý,A
12660,176,uz,savol,,,,,,A
12661,176,mn,асуулт,,,,asuult,A
12662,176,ga,კითხვა/შეკითხვა,,,,kit'qva/shekit'qva,A
12663,176,hy,հարց,,,,harts',A
12664,176,eu,galdera,,,,,,A
12665,176,ca,pregunta,la,f,,,,A
12666,176,gl,pregunta,a,f,,,,A
12667,176,ga,ceist,,,,,,A
12668,176,cy,cwestiwn,,,,,,A
12669,176,gd,ceist,,,,,,A
12670,176,lb,Fro,d',f,,,,A
12671,176,eo,demando,,,,,,A
12672,176,la,quaestio,,,,,,A
12673,177,en,during,,,,,,A
12674,177,es,durante,,,,,,A
12675,177,fr,pendant,,,,,,A
12676,177,pt,durante,,,,,,A
12677,177,de,während,,,,,,A
12678,177,it,durante,,,,,,A
12679,177,ru,во время/в течение,,,,vo vremya/v techeniye,A
12680,177,ar,خلال/أثناء,,,,khilāl/athnā',A
12681,177,hi,दौरान,,,,daurān,A
12682,177,bn,সময়ে/সারাদেশে,,,,sômaẏe/sāradeśe,A
12683,177,ur,دوران,,,,daurān,A
12684,177,fa,در طی/در طول,,,,dar tay/dar tul,A
12685,177,tr,sırasında/boyunca,,,,,,A
12686,177,ja,の間/の間に,,,,no aida/no aida ni,A
12687,177,ko,동안/중에,,,,dong-an/jung-e,A
12688,177,zh-cn,在...期间,,,,zài... qījiān,A
12689,177,zh-tw,在...期間,,,,zài... qījiān,A
12690,177,vi,trong suốt/trong thời gian,,,,,,A
12691,177,th,ระหว่าง/ในระหว่าง,,,,rawẁāng/nı rawẁāng,A
12692,177,id,selama,,,,,,A
12693,177,sw,wakati wa,,,,,,A
12694,177,nl,tijdens/gedurende,,,,,,A
12695,177,pl,podczas/w trakcie,,,,,,A
12696,177,uk,під час/протягом,,,,pid chas/protyahom,A
12697,177,el,κατά τη διάρκεια/κατά την περίοδο,,,,katá ti diárkeia/katá tin período,A
12698,177,sv,under,,,,,,A
12699,177,no,i løpet av,,,,,,A
12700,177,da,i løbet af,,,,,,A
12701,177,fi,aikana/ajan,,,,,,A
12702,177,cs,během,,,,,,A
12703,177,hu,alatt/közben,,,,,,A
12704,177,ro,în timpul,,,,,,A
12705,177,bg,по време на/през,,,,po vreme na/prez,A
12706,177,sr,током/за време,,,,tokom/za vreme,A
12707,177,sk,počas/behom,,,,,,A
12708,177,sl,med/tekom,,,,,,A
12709,177,lt,metu/laikotarpiu,,,,,,A
12710,177,lv,laikā/līdz,,,,,,A
12711,177,et,jooksul/ajal,,,,,,A
12712,177,he,במהלך/בזמן,,,,bemahalakh/bizman,A
12713,177,ha,lokacin,,,,,,A
12714,177,yo,láàrin/lẹ́sẹsẹ,,,,,,A
12715,177,ig,mgbe/oge,,,,,,A
12716,177,am,በቅጽበት/በጊዜው,,,,beḳ'ṣbät/begizew,A
12717,177,ti,ኣብ መንጎ,,,,ab mängo,A
12718,177,ne,देखि/को समयमा,,,,dekhi/ko samayamā,A
12719,177,ta,போது/காலத்தில்,,,,pōtu/kālattil,A
12720,177,te,సమయంలో/లో,,,,samayaṁlō/lō,A
12721,177,ml,സമയത്ത്/കാലത്ത്,,,,samayatt/kālatt,A
12722,177,mr,दरम्यान/अंतराळात,,,,daramyān/antarāḷāt,A
12723,177,pa,ਦੌਰਾਨ/ਸਮੇਂ ਦੇ ਦੌਰਾਨ,,,,daurān/samē̃ de daurān,A
12724,177,gu,દરમિયાન/સમય દરમ્યાન,,,,darmiyān/samay darmyān,A
12725,177,si,සමයේ/දී,,,,samayē/dī,A
12726,177,km,ក្នុងអំឡុងពេល/ក្នុងអំឡុងពេលដែល,,,,knong ɑmlong pel/knong ɑmlong pel del,A
12727,177,is,á meðan,,,,,,A
12728,177,tl,sa panahon ng,,,,,,A
12729,177,ms,semasa/dalam tempoh,,,,,,A
12730,177,jv,sajroné,,,,,,A
12731,177,kk,барысында/кезінде,,,,barısında/kezinde,A
12732,177,uz,davomida/paytida,,,,,,A
12733,177,mn,үед/ явцад,,,,üed/ yavtsad,A
12734,177,ga,განმავლობაში/პერიოდში,,,,ganmavlobashi/p'eriodshi,A
12735,177,hy,ընթացքում/ժամանակ,,,,ynt'ats'k'um/zhamanak,A
12736,177,eu,bitartean/zehar,,,,,,A
12737,177,ca,durant,,,,,,A
12738,177,gl,durante,,,,,,A
12739,177,ga,le linn/ar feadh,,,,,,A
12740,177,cy,yn ystod,,,,,,A
12741,177,gd,ri linn/ ann an ùine,,,,,,A
12742,177,lb,wärend,,,,,,A
12743,177,eo,dum,,,,,,A
12744,177,la,durante,,,,,,A
12745,178,en,work,,,,,,A
12746,178,es,trabajo,el,m,,,,A
12747,178,fr,travail,le,m,,,,A
12748,178,pt,trabalho,o,m,,,,A
12749,178,de,Arbeit,die,f,,,,A
12750,178,it,lavoro,il,m,,,,A
12751,178,ru,работа,,,,rabota,A
12752,178,ar,عمل,,,,ʿamal,A
12753,178,hi,काम,,,,kām,A
12754,178,bn,কাজ,,,,kāj,A
12755,178,ur,کام,,,,kām,A
12756,178,fa,کار,,,,kār,A
12757,178,tr,iş/çalışma,,,,,,A
12758,178,ja,仕事,,,,shigoto,A
12759,178,ko,일/작업,,,,il/jageop,A
12760,178,zh-cn,工作,,,,gōngzuò,A
12761,178,zh-tw,工作,,,,gōngzuò,A
12762,178,vi,công việc,,,,,,A
12763,178,th,งาน,,,,ngān,A
12764,178,id,pekerjaan,,,,,,A
12765,178,sw,kazi,,,,,,A
12766,178,nl,werk,het,n,,,,A
12767,178,pl,praca,,,,,,A
12768,178,uk,робота,,,,robota,A
12769,178,el,δουλειά/έργο,,,,douleiá/érgo,A
12770,178,sv,arbete,ett,n,,,,A
12771,178,no,arbeid,,,,,,A
12772,178,da,arbejde,,,,,,A
12773,178,fi,työ,,,,,,A
12774,178,cs,práce,,,,,,A
12775,178,hu,munka,,,,,,A
12776,178,ro,lucru/muncă,,,,,,A
12777,178,bg,работа,,,,rabota,A
12778,178,sr,рад/посао,,,,rad/posao,A
12779,178,sk,práca,,,,,,A
12780,178,sl,delo,,,,,,A
12781,178,lt,darbas,,,,,,A
12782,178,lv,darbs,,,,,,A
12783,178,et,töö,,,,,,A
12784,178,he,עבודה,,,,avoda,A
12785,178,ha,aiki,,,,,,A
12786,178,yo,iṣẹ́,,,,,,A
12787,178,ig,ọrụ,,,,,,A
12788,178,am,ስራ,,,,səra,A
12789,178,ti,ስራ,,,,səra,A
12790,178,ne,काम,,,,kām,A
12791,178,ta,வேலை,,,,vēlai,A
12792,178,te,పని/పని,,,,pani/pani,A
12793,178,ml,ജോലി/വേല,,,,jōli/vēla,A
12794,178,mr,काम,,,,kām,A
12795,178,pa,ਕੰਮ,,,,kamm,A
12796,178,gu,કામ,,,,kām,A
12797,178,si,වැඩ/රැකියාව,,,,væḍa/rækiyāva,A
12798,178,km,ការងារ/ការងារ,,,,kaa ngie/kaa ngie,A
12799,178,is,vinna,,,,,,A
12800,178,tl,trabaho,,,,,,A
12801,178,ms,kerja,,,,,,A
12802,178,jv,gawe/pegaweyan,,,,,,A
12803,178,kk,жұмыс,,,,jumys,A
12804,178,uz,ish/mehnat,,,,,,A
12805,178,mn,ажил/ажиллах,,,,ajil/ajillakh,A
12806,178,ga,მუშაობა/სამუშაო,,,,mushaoba/samusha,A
12807,178,hy,աշխատանք,,,,ashkhatank',A
12808,178,eu,lana,,,,,,A
12809,178,ca,feina/treball,el,m,,,,A
12810,178,gl,traballo,o,m,,,,A
12811,178,ga,obair,,,,,,A
12812,178,cy,gwaith,,,,,,A
12813,178,gd,obair,,,,,,A
12814,178,lb,Aarbecht,d',f,,,,A
12815,178,eo,laboro,,,,,,A
12816,178,la,labor/opus,,,,,,A
12817,179,en,to play,,,,,,A
12818,179,es,jugar,,,,,,A
12819,179,fr,jouer,,,,,,A
12820,179,pt,jogar/brincar,,,,,,A
12821,179,de,spielen,,,,,,A
12822,179,it,giocare,,,,,,A
12823,179,ru,играть,,,,igrat',A
12824,179,ar,يلعب,,,,yalʿab,A
12825,179,hi,खेलना,,,,khelnā,A
12826,179,bn,খেলা,,,,khelā,A
12827,179,ur,کھیلنا,,,,khelnā,A
12828,179,fa,بازی کردن,,,,bāzī kardan,A
12829,179,tr,oynamak,,,,,,A
12830,179,ja,遊ぶ/演奏する,,,,asobu/ensō suru,A
12831,179,ko,놀다/연주하다,,,,nolda/yeonjuhada,A
12832,179,zh-cn,玩/演奏,,,,wán/yǎnzòu,A
12833,179,zh-tw,玩/演奏,,,,wán/yǎnzòu,A
12834,179,vi,chơi,,,,,,A
12835,179,th,เล่น,,,,lèn,A
12836,179,id,bermain,,,,,,A
12837,179,sw,kucheza,,,,,,A
12838,179,nl,spelen,,,,,,A
12839,179,pl,grać/bawić się,,,,,,A
12840,179,uk,гратися/грати,,,,gratysya/graty,A
12841,179,el,παίζω,,,,paízo,A
12842,179,sv,spela/leka,,,,,,A
12843,179,no,spille/leke,,,,,,A
12844,179,da,spille/lege,,,,,,A
12845,179,fi,leikkiä/soittaa,,,,,,A
12846,179,cs,hrát,,,,,,A
12847,179,hu,játszani,,,,,,A
12848,179,ro,a juca,,,,,,A
12849,179,bg,играя,,,,igraya,A
12850,179,sr,играти,,,,igrati,A
12851,179,sk,hrať,,,,,,A
12852,179,sl,igrati,,,,,,A
12853,179,lt,žaisti,,,,,,A
12854,179,lv,spēlēt,,,,,,A
12855,179,et,mängima,,,,,,A
12856,179,he,לשחק,,,,lesachek,A
12857,179,ha,yi wasa,,,,,,A
12858,179,yo,ṣeré,,,,,,A
12859,179,ig,gwuo/egwuregwu,,,,,,A
12860,179,am,መጫወት,,,,mäč̣awät,A
12861,179,ti,ምጫወት,,,,məč̣awät,A
12862,179,ne,खेल्नु,,,,khelnu,A
12863,179,ta,விளையாடு/விளையாடு,,,,viḷaiyāṭu/viḷaiyāṭu,A
12864,179,te,ఆడండి/ప్లే చేయండి,,,,āḍaṇḍi/plē cēyaṇḍi,A
12865,179,ml,കളിക്കുക/വായിക്കുക,,,,kaḷikkuka/vāyikkuka,A
12866,179,mr,खेळणे,,,,kheḷaṇe,A
12867,179,pa,ਖੇਡੋ,,,,kheḍo,A
12868,179,gu,રમો/એક રમત રમો,,,,ramo/ek ramat ramo,A
12869,179,si,සෙල්ලම් කරන්න/වාදනය කරන්න,,,,sellam karanna/vādanaya karanna,A
12870,179,km,លេង/លេង,,,,leing/leing,A
12871,179,is,spila/leika,,,,,,A
12872,179,tl,maglaro,,,,,,A
12873,179,ms,bermain,,,,,,A
12874,179,jv,main,,,,,,A
12875,179,kk,ойнау,,,,oınaý,A
12876,179,uz,o'ynamoq,,,,,,A
12877,179,mn,тоглох,,,,toglokh,A
12878,179,ga,თამაში/მოთამაშე,,,,t'amashi/mot'amash'e,A
12879,179,hy,խաղալ,,,,khaghal,A
12880,179,eu,jolastu,,,,,,A
12881,179,ca,jugar,,,,,,A
12882,179,gl,xogar,,,,,,A
12883,179,ga,imir,,,,,,A
12884,179,cy,chwarae,,,,,,A
12885,179,gd,cluich,,,,,,A
12886,179,lb,spillen,,,,,,A
12887,179,eo,ludi,,,,,,A
12888,179,la,ludere,,,,,,A
12889,180,en,government,,,,,,A
12890,180,es,gobierno,el,m,,,,A
12891,180,fr,gouvernement,le,m,,,,A
12892,180,pt,governo,o,m,,,,A
12893,180,de,Regierung,die,f,,,,A
12894,180,it,governo,il,m,,,,A
12895,180,ru,правительство,,,,pravitel'stvo,A
12896,180,ar,حكومة,,,,ḥukūmah,A
12897,180,hi,सरकार,,,,sarkār,A
12898,180,bn,সরকার,,,,sôrkār,A
12899,180,ur,حکومت,,,,hukūmat,A
12900,180,fa,دولت/حکومت,,,,dowlat/hokumat,A
12901,180,tr,hükûmet/ yönetim,,,,,,A
12902,180,ja,政府,,,,seifu,A
12903,180,ko,정부,,,,jeongbu,A
12904,180,zh-cn,政府,,,,zhèngfǔ,A
12905,180,zh-tw,政府,,,,zhèngfǔ,A
12906,180,vi,chính phủ,,,,,,A
12907,180,th,รัฐบาล/รัฐบาล,,,,rạṭ̄hbāl/rạṭ̄hbāl,A
12908,180,id,pemerintah,,,,,,A
12909,180,sw,serikali,,,,,,A
12910,180,nl,overheid/regering,de,f,,,,A
12911,180,pl,rząd,,,,,,A
12912,180,uk,уряд,,,,uryad,A
12913,180,el,κυβέρνηση,,,,kyvérnisi,A
12914,180,sv,regering,en,c,,,,A
12915,180,no,regjering,,,,,,A
12916,180,da,regering,,,,,,A
12917,180,fi,hallitus,,,,,,A
12918,180,cs,vláda,,,,,,A
12919,180,hu,kormány,,,,,,A
12920,180,ro,guvern,,,,,,A
12921,180,bg,правителство,,,,pravitelstvo,A
12922,180,sr,влада/влади,,,,vlada/vladi,A
12923,180,sk,vláda,,,,,,A
12924,180,sl,vlada,,,,,,A
12925,180,lt,vyriausybė,,,,,,A
12926,180,lv,valdība,,,,,,A
12927,180,et,valitsus,,,,,,A
12928,180,he,ממשלה,,,,memshala,A
12929,180,ha,gwamnati,,,,,,A
12930,180,yo,ìjọba,,,,,,A
12931,180,ig,gọọmenti,,,,,,A
12932,180,am,መንግስት,,,,mängəst,A
12933,180,ti,መንግስቲ,,,,mängəsti,A
12934,180,ne,सरकार,,,,sarkār,A
12935,180,ta,அரசு,,,,aracu,A
12936,180,te,ప్రభుత్వం,,,,prabhutvaṁ,A
12937,180,ml,സർക്കാർ,,,,sarkkāṟ,A
12938,180,mr,सरकार,,,,sarkār,A
12939,180,pa,ਸਰਕਾਰ,,,,sarkār,A
12940,180,gu,સરકાર,,,,sarkār,A
12941,180,si,රජය,,,,rajaya,A
12942,180,km,រដ្ឋាភិបាល/រដ្ឋាភិបាល,,,,rŏdthɑɑphipɑɑl/rŏdthɑɑphipɑɑl,A
12943,180,is,stjórn,,,,,,A
12944,180,tl,pamahalaan,,,,,,A
12945,180,ms,kerajaan/pemerintah,,,,,,A
12946,180,jv,pamaréntah,,,,,,A
12947,180,kk,үкімет,,,,ükimet,A
12948,180,uz,hukumat,,,,,,A
12949,180,mn,засгийн газар,,,,zasgiin gazar,A
12950,180,ga,მთავრობა/სახელმწიფო,,,,mtavroba/sakhelmts'ipo,A
12951,180,hy,կառավարություն,,,,karravarut'yun,A
12952,180,eu,gobernua,,,,,,A
12953,180,ca,govern,el,m,,,,A
12954,180,gl,goberno,o,m,,,,A
12955,180,ga,rialtas,,,,,,A
12956,180,cy,llywodraeth,,,,,,A
12957,180,gd,riaghaltas,,,,,,A
12958,180,lb,Regierung,d',f,,,,A
12959,180,eo,registaro,,,,,,A
12960,180,la,gubernatio/imperium,,,,,,A
12961,181,en,to run,,,,,,A
12962,181,es,correr,,,,,,A
12963,181,fr,courir,,,,,,A
12964,181,pt,correr,,,,,,A
12965,181,de,rennen/laufen,,,,,,A
12966,181,it,correre,,,,,,A
12967,181,ru,бежать/запускать,,,,bezhat'/zapuskat',A
12968,181,ar,يجري,,,,yajrī,A
12969,181,hi,दौड़ना,,,,dauṛnā,A
12970,181,bn,চলা/দৌড়ানো,,,,chôlā/dauṛānō,A
12971,181,ur,بھاگنا/چلانا,,,,bhāgnā/chalānā,A
12972,181,fa,دویدن/اجرا کردن,,,,davidan/ejrā kardan,A
12973,181,tr,koşmak/çalıştırmak,,,,,,A
12974,181,ja,走る/実行する,,,,hashiru/jikkō suru,A
12975,181,ko,달리다/실행하다,,,,dallida/silhaenghada,A
12976,181,zh-cn,跑/运行,,,,pǎo/yùnxíng,A
12977,181,zh-tw,跑/運行,,,,pǎo/yùnxíng,A
12978,181,vi,chạy/vận hành,,,,,,A
12979,181,th,วิ่ง/ทำงาน,,,,wìng/ thảngān,A
12980,181,id,berlari/menjalankan,,,,,,A
12981,181,sw,kukimbia/endesha,,,,,,A
12982,181,nl,rennen/ hardlopen,,,,,,A
12983,181,pl,biegać/uruchamiać,,,,,,A
12984,181,uk,бігти/запускати,,,,bihty/zapuskaty,A
12985,181,el,τρέχω/εκτελώ,,,,trécho/ekteló,A
12986,181,sv,springa/köra,,,,,,A
12987,181,no,løpe/kjøre,,,,,,A
12988,181,da,løbe/køre,,,,,,A
12989,181,fi,juosta/ajaa,,,,,,A
12990,181,cs,běhat/spustit,,,,,,A
12991,181,hu,futni/vezetni,,,,,,A
12992,181,ro,a alerga/a rula,,,,,,A
12993,181,bg,бягам/стартирам,,,,byagam/startiram,A
12994,181,sr,трчати/покренути,,,,trčati/pokrenuti,A
12995,181,sk,bežať/spustiť,,,,,,A
12996,181,sl,teči/zagnati,,,,,,A
12997,181,lt,bėgti/paleisti,,,,,,A
12998,181,lv,skriet/palaist,,,,,,A
12999,181,et,jooksma/käivitama,,,,,,A
13000,181,he,לרוץ/להריץ,,,,larutz/leharitz,A
13001,181,ha,gudu,,,,,,A
13002,181,yo,sáre,,,,,,A
13003,181,ig,gba ọsọ/rụọ ọrụ,,,,,,A
13004,181,am,መሮጥ/ማስኬድ,,,,märoṭ/masəked,A
13005,181,ti,ምዝዋር/ምስራቅ,,,,məzwar/məsraḳ,A
13006,181,ne,दौड्नु/चलाउनु,,,,daudnu/chalāunu,A
13007,181,ta,ஓடு/இயக்கு,,,,ōṭu/iyakku,A
13008,181,te,పరుగు/నడపండి,,,,parugu/naḍapaṇḍi,A
13009,181,ml,ഓടുക/പ്രവർത്തിപ്പിക്കുക,,,,ōṭuka/pravaṟttippikkuka,A
13010,181,mr,धावणे/चालवणे,,,,dhāvaṇe/cālavaṇe,A
13011,181,pa,ਦੌੜੋ/ਚਲਾਓ,,,,dauṛo/chalāo,A
13012,181,gu,દોડવું/ચલાવવું,,,,doḍavuṁ/chalāvavuṁ,A
13013,181,si,දුවන්න/පවත්වන්න,,,,duvanna/pavatvanna,A
13014,181,km,រត់/ដំណើរការ,,,,rɔt/dɑmnaə kaa,A
13015,181,is,hlaupa/keyra,,,,,,A
13016,181,tl,tumakbo/patakbuhin,,,,,,A
13017,181,ms,lari/jalankan,,,,,,A
13018,181,jv,mlaku/nglakokake,,,,,,A
13019,181,kk,жүгіру/іске қосу,,,,jügiru/iske qosu,A
13020,181,uz,yugurmoq/ishga tushurmoq,,,,,,A
13021,181,mn,гүйх/ажиллуулах,,,,güikh/ajilluulakh,A
13022,181,ga,გაშვება/სირბილი,,,,gashveba/sirbili,A
13023,181,hy,վազել/աշխատեցնել,,,,vazel/ashkhatets'nel,A
13024,181,eu,korrika egin/ibili,,,,,,A
13025,181,ca,correr/executar,,,,,,A
13026,181,gl,correr/executar,,,,,,A
13027,181,ga,rith,,,,,,A
13028,181,cy,rhedeg/gweithredu,,,,,,A
13029,181,gd,ruith,,,,,,A
13030,181,lb,lafen/operéieren,,,,,,A
13031,181,eo,kuri/ ruli,,,,,,A
13032,181,la,currere/agitare,,,,,,A
